[2025-12-22T15:26:40.866+0000][0.011s][info][gc,heap] Heap region size: 1M
[2025-12-22T15:26:40.875+0000][0.021s][info][gc     ] Using G1
[2025-12-22T15:26:40.875+0000][0.021s][info][gc,heap,coops] Heap address: 0x0000000084200000, size: 1982 MB, Compressed Oops mode: 32-bit
[2025-12-22T15:26:40.876+0000][0.021s][info][gc,cds       ] Mark closed archive regions in map: [0x00000000ffc00000, 0x00000000ffc6bff8]
[2025-12-22T15:26:40.876+0000][0.021s][info][gc,cds       ] Mark open archive regions in map: [0x00000000ff800000, 0x00000000ff847ff8]
[2025-12-22T15:26:41.086+0000][0.232s][debug][safepoint    ] Safepoint synchronization initiated. (9 threads)
[2025-12-22T15:26:41.086+0000][0.232s][info ][safepoint    ] Application time: 0.1273989 seconds
[2025-12-22T15:26:41.086+0000][0.232s][info ][safepoint    ] Entering safepoint region: Deoptimize
[2025-12-22T15:26:41.087+0000][0.232s][info ][safepoint    ] Leaving safepoint region
[2025-12-22T15:26:41.087+0000][0.232s][info ][safepoint    ] Total time for which application threads were stopped: 0.0002748 seconds, Stopping threads took: 0.0000165 seconds
[2025-12-22T15:26:42.087+0000][1.232s][debug][safepoint    ] Safepoint synchronization initiated. (9 threads)
[2025-12-22T15:26:42.087+0000][1.232s][info ][safepoint    ] Application time: 1.0003570 seconds
[2025-12-22T15:26:42.087+0000][1.232s][info ][safepoint    ] Entering safepoint region: Cleanup
[2025-12-22T15:26:42.087+0000][1.233s][info ][safepoint    ] Leaving safepoint region
[2025-12-22T15:26:42.087+0000][1.233s][info ][safepoint    ] Total time for which application threads were stopped: 0.0003035 seconds, Stopping threads took: 0.0000487 seconds
[2025-12-22T15:26:43.087+0000][2.233s][debug][safepoint    ] Safepoint synchronization initiated. (9 threads)
[2025-12-22T15:26:43.088+0000][2.233s][info ][safepoint    ] Application time: 1.0002556 seconds
[2025-12-22T15:26:43.088+0000][2.233s][info ][safepoint    ] Entering safepoint region: Cleanup
[2025-12-22T15:26:43.088+0000][2.233s][info ][safepoint    ] Leaving safepoint region
[2025-12-22T15:26:43.088+0000][2.233s][info ][safepoint    ] Total time for which application threads were stopped: 0.0002443 seconds, Stopping threads took: 0.0000245 seconds
[2025-12-22T15:26:43.740+0000][2.886s][debug][safepoint    ] Safepoint synchronization initiated. (9 threads)
[2025-12-22T15:26:43.740+0000][2.886s][info ][safepoint    ] Application time: 0.6525251 seconds
[2025-12-22T15:26:43.740+0000][2.886s][info ][safepoint    ] Entering safepoint region: G1CollectForAllocation
[2025-12-22T15:26:43.741+0000][2.886s][info ][gc,start     ] GC(0) Pause Young (Normal) (G1 Evacuation Pause)
[2025-12-22T15:26:43.741+0000][2.887s][info ][gc,task      ] GC(0) Using 3 workers of 4 for evacuation
[2025-12-22T15:26:43.756+0000][2.901s][info ][gc,phases    ] GC(0)   Pre Evacuate Collection Set: 0.0ms
[2025-12-22T15:26:43.756+0000][2.901s][info ][gc,phases    ] GC(0)   Evacuate Collection Set: 13.0ms
[2025-12-22T15:26:43.756+0000][2.901s][info ][gc,phases    ] GC(0)   Post Evacuate Collection Set: 1.3ms
[2025-12-22T15:26:43.756+0000][2.901s][info ][gc,phases    ] GC(0)   Other: 1.0ms
[2025-12-22T15:26:43.756+0000][2.901s][info ][gc,heap      ] GC(0) Eden regions: 38->0(69)
[2025-12-22T15:26:43.756+0000][2.901s][info ][gc,heap      ] GC(0) Survivor regions: 0->5(5)
[2025-12-22T15:26:43.756+0000][2.901s][info ][gc,heap      ] GC(0) Old regions: 2->5
[2025-12-22T15:26:43.756+0000][2.901s][info ][gc,heap      ] GC(0) Humongous regions: 2->0
[2025-12-22T15:26:43.756+0000][2.901s][info ][gc,metaspace ] GC(0) Metaspace: 1903K(5376K)->1903K(5376K) NonClass: 1750K(4864K)->1750K(4864K) Class: 153K(512K)->153K(512K)
[2025-12-22T15:26:43.756+0000][2.902s][info ][gc           ] GC(0) Pause Young (Normal) (G1 Evacuation Pause) 40M->8M(126M) 15.512ms
[2025-12-22T15:26:43.756+0000][2.902s][info ][gc,cpu       ] GC(0) User=0.04s Sys=0.01s Real=0.02s
[2025-12-22T15:26:43.756+0000][2.902s][info ][safepoint    ] Leaving safepoint region
[2025-12-22T15:26:43.756+0000][2.902s][info ][safepoint    ] Total time for which application threads were stopped: 0.0157980 seconds, Stopping threads took: 0.0000230 seconds
[2025-12-22T15:26:43.756+0000][2.902s][info ][gc,stringdedup] Concurrent String Deduplication (2.902s)
[2025-12-22T15:26:43.758+0000][2.904s][info ][gc,stringdedup] Concurrent String Deduplication 483.7K->454.3K(30024.0B) avg 3.9% (2.902s, 2.904s) 2.165ms
[2025-12-22T15:26:44.113+0000][3.258s][debug][safepoint     ] Safepoint synchronization initiated. (9 threads)
[2025-12-22T15:26:44.113+0000][3.258s][info ][safepoint     ] Application time: 0.3563763 seconds
[2025-12-22T15:26:44.113+0000][3.258s][info ][safepoint     ] Entering safepoint region: G1CollectForAllocation
[2025-12-22T15:26:44.113+0000][3.258s][info ][gc,start      ] GC(1) Pause Young (Normal) (G1 Evacuation Pause)
[2025-12-22T15:26:44.113+0000][3.258s][info ][gc,task       ] GC(1) Using 3 workers of 4 for evacuation
[2025-12-22T15:26:44.123+0000][3.269s][info ][gc,phases     ] GC(1)   Pre Evacuate Collection Set: 0.0ms
[2025-12-22T15:26:44.124+0000][3.269s][info ][gc,phases     ] GC(1)   Evacuate Collection Set: 9.5ms
[2025-12-22T15:26:44.124+0000][3.269s][info ][gc,phases     ] GC(1)   Post Evacuate Collection Set: 1.1ms
[2025-12-22T15:26:44.124+0000][3.269s][info ][gc,phases     ] GC(1)   Other: 0.2ms
[2025-12-22T15:26:44.124+0000][3.269s][info ][gc,heap       ] GC(1) Eden regions: 29->0(53)
[2025-12-22T15:26:44.124+0000][3.269s][info ][gc,heap       ] GC(1) Survivor regions: 5->1(5)
[2025-12-22T15:26:44.124+0000][3.269s][info ][gc,heap       ] GC(1) Old regions: 5->10
[2025-12-22T15:26:44.124+0000][3.269s][info ][gc,heap       ] GC(1) Humongous regions: 0->0
[2025-12-22T15:26:44.124+0000][3.269s][info ][gc,metaspace  ] GC(1) Metaspace: 2959K(6016K)->2959K(6016K) NonClass: 2702K(5376K)->2702K(5376K) Class: 257K(640K)->257K(640K)
[2025-12-22T15:26:44.124+0000][3.269s][info ][gc            ] GC(1) Pause Young (Normal) (G1 Evacuation Pause) 37M->9M(126M) 10.876ms
[2025-12-22T15:26:44.124+0000][3.269s][info ][gc,cpu        ] GC(1) User=0.03s Sys=0.00s Real=0.02s
[2025-12-22T15:26:44.124+0000][3.269s][info ][safepoint     ] Leaving safepoint region
[2025-12-22T15:26:44.124+0000][3.269s][info ][safepoint     ] Total time for which application threads were stopped: 0.0111126 seconds, Stopping threads took: 0.0000154 seconds
[2025-12-22T15:26:44.124+0000][3.269s][info ][gc,stringdedup] Concurrent String Deduplication (3.269s)
[2025-12-22T15:26:44.130+0000][3.276s][info ][gc,stringdedup] Concurrent String Deduplication 1430.6K->1351.3K(81248.0B) avg 5.0% (3.269s, 3.276s) 6.613ms
[2025-12-22T15:26:44.212+0000][3.357s][debug][safepoint     ] Safepoint synchronization initiated. (9 threads)
[2025-12-22T15:26:44.212+0000][3.357s][info ][safepoint     ] Application time: 0.0881588 seconds
[2025-12-22T15:26:44.212+0000][3.357s][info ][safepoint     ] Entering safepoint region: Deoptimize
[2025-12-22T15:26:44.212+0000][3.358s][info ][safepoint     ] Leaving safepoint region
[2025-12-22T15:26:44.212+0000][3.358s][info ][safepoint     ] Total time for which application threads were stopped: 0.0002338 seconds, Stopping threads took: 0.0000147 seconds
[2025-12-22T15:26:44.226+0000][3.371s][debug][safepoint     ] Safepoint synchronization initiated. (9 threads)
[2025-12-22T15:26:44.226+0000][3.371s][info ][safepoint     ] Application time: 0.0137624 seconds
[2025-12-22T15:26:44.226+0000][3.371s][info ][safepoint     ] Entering safepoint region: Deoptimize
[2025-12-22T15:26:44.226+0000][3.371s][info ][safepoint     ] Leaving safepoint region
[2025-12-22T15:26:44.226+0000][3.372s][info ][safepoint     ] Total time for which application threads were stopped: 0.0001931 seconds, Stopping threads took: 0.0000127 seconds
[2025-12-22T15:26:44.398+0000][3.543s][debug][safepoint     ] Safepoint synchronization initiated. (9 threads)
[2025-12-22T15:26:44.398+0000][3.543s][info ][safepoint     ] Application time: 0.1715389 seconds
[2025-12-22T15:26:44.398+0000][3.543s][info ][safepoint     ] Entering safepoint region: Deoptimize
[2025-12-22T15:26:44.398+0000][3.543s][info ][safepoint     ] Leaving safepoint region
[2025-12-22T15:26:44.398+0000][3.543s][info ][safepoint     ] Total time for which application threads were stopped: 0.0003137 seconds, Stopping threads took: 0.0000150 seconds
[2025-12-22T15:26:44.413+0000][3.559s][debug][safepoint     ] Safepoint synchronization initiated. (9 threads)
[2025-12-22T15:26:44.413+0000][3.559s][info ][safepoint     ] Application time: 0.0152996 seconds
[2025-12-22T15:26:44.413+0000][3.559s][info ][safepoint     ] Entering safepoint region: Deoptimize
[2025-12-22T15:26:44.413+0000][3.559s][info ][safepoint     ] Leaving safepoint region
[2025-12-22T15:26:44.413+0000][3.559s][info ][safepoint     ] Total time for which application threads were stopped: 0.0001672 seconds, Stopping threads took: 0.0000124 seconds
[2025-12-22T15:26:44.659+0000][3.804s][debug][safepoint     ] Safepoint synchronization initiated. (10 threads)
[2025-12-22T15:26:44.659+0000][3.804s][info ][safepoint     ] Application time: 0.2455020 seconds
[2025-12-22T15:26:44.659+0000][3.804s][info ][safepoint     ] Entering safepoint region: G1CollectForAllocation
[2025-12-22T15:26:44.659+0000][3.805s][info ][gc,start      ] GC(2) Pause Young (Normal) (G1 Evacuation Pause)
[2025-12-22T15:26:44.659+0000][3.805s][info ][gc,task       ] GC(2) Using 3 workers of 4 for evacuation
[2025-12-22T15:26:44.664+0000][3.810s][info ][gc,phases     ] GC(2)   Pre Evacuate Collection Set: 0.0ms
[2025-12-22T15:26:44.664+0000][3.810s][info ][gc,phases     ] GC(2)   Evacuate Collection Set: 3.0ms
[2025-12-22T15:26:44.664+0000][3.810s][info ][gc,phases     ] GC(2)   Post Evacuate Collection Set: 1.9ms
[2025-12-22T15:26:44.664+0000][3.810s][info ][gc,phases     ] GC(2)   Other: 0.2ms
[2025-12-22T15:26:44.664+0000][3.810s][info ][gc,heap       ] GC(2) Eden regions: 53->0(60)
[2025-12-22T15:26:44.664+0000][3.810s][info ][gc,heap       ] GC(2) Survivor regions: 1->2(7)
[2025-12-22T15:26:44.664+0000][3.810s][info ][gc,heap       ] GC(2) Old regions: 10->10
[2025-12-22T15:26:44.664+0000][3.810s][info ][gc,heap       ] GC(2) Humongous regions: 0->0
[2025-12-22T15:26:44.664+0000][3.810s][info ][gc,metaspace  ] GC(2) Metaspace: 5121K(7424K)->5121K(7424K) NonClass: 4580K(6656K)->4580K(6656K) Class: 541K(768K)->541K(768K)
[2025-12-22T15:26:44.664+0000][3.810s][info ][gc            ] GC(2) Pause Young (Normal) (G1 Evacuation Pause) 62M->9M(126M) 5.179ms
[2025-12-22T15:26:44.664+0000][3.810s][info ][gc,cpu        ] GC(2) User=0.02s Sys=0.00s Real=0.01s
[2025-12-22T15:26:44.664+0000][3.810s][info ][safepoint     ] Leaving safepoint region
[2025-12-22T15:26:44.664+0000][3.810s][info ][safepoint     ] Total time for which application threads were stopped: 0.0053945 seconds, Stopping threads took: 0.0000148 seconds
[2025-12-22T15:26:45.187+0000][4.333s][debug][safepoint     ] Safepoint synchronization initiated. (10 threads)
[2025-12-22T15:26:45.187+0000][4.333s][info ][safepoint     ] Application time: 0.5228810 seconds
[2025-12-22T15:26:45.187+0000][4.333s][info ][safepoint     ] Entering safepoint region: G1CollectForAllocation
[2025-12-22T15:26:45.188+0000][4.333s][info ][gc,start      ] GC(3) Pause Young (Normal) (G1 Evacuation Pause)
[2025-12-22T15:26:45.188+0000][4.333s][info ][gc,task       ] GC(3) Using 3 workers of 4 for evacuation
[2025-12-22T15:26:45.194+0000][4.340s][info ][gc,phases     ] GC(3)   Pre Evacuate Collection Set: 0.0ms
[2025-12-22T15:26:45.194+0000][4.340s][info ][gc,phases     ] GC(3)   Evacuate Collection Set: 5.0ms
[2025-12-22T15:26:45.194+0000][4.340s][info ][gc,phases     ] GC(3)   Post Evacuate Collection Set: 1.5ms
[2025-12-22T15:26:45.194+0000][4.340s][info ][gc,phases     ] GC(3)   Other: 0.1ms
[2025-12-22T15:26:45.194+0000][4.340s][info ][gc,heap       ] GC(3) Eden regions: 60->0(68)
[2025-12-22T15:26:45.194+0000][4.340s][info ][gc,heap       ] GC(3) Survivor regions: 2->3(8)
[2025-12-22T15:26:45.194+0000][4.340s][info ][gc,heap       ] GC(3) Old regions: 10->10
[2025-12-22T15:26:45.194+0000][4.340s][info ][gc,heap       ] GC(3) Humongous regions: 0->0
[2025-12-22T15:26:45.194+0000][4.340s][info ][gc,metaspace  ] GC(3) Metaspace: 7266K(9344K)->7266K(9344K) NonClass: 6432K(8192K)->6432K(8192K) Class: 834K(1152K)->834K(1152K)
[2025-12-22T15:26:45.194+0000][4.340s][info ][gc            ] GC(3) Pause Young (Normal) (G1 Evacuation Pause) 69M->10M(126M) 6.765ms
[2025-12-22T15:26:45.194+0000][4.340s][info ][gc,cpu        ] GC(3) User=0.02s Sys=0.01s Real=0.00s
[2025-12-22T15:26:45.194+0000][4.340s][info ][safepoint     ] Leaving safepoint region
[2025-12-22T15:26:45.194+0000][4.340s][info ][safepoint     ] Total time for which application threads were stopped: 0.0071639 seconds, Stopping threads took: 0.0000154 seconds
[2025-12-22T15:26:45.195+0000][4.340s][info ][gc,stringdedup] Concurrent String Deduplication (4.340s)
[2025-12-22T15:26:45.196+0000][4.341s][info ][gc,stringdedup] Concurrent String Deduplication 308.9K->230.3K(80408.0B) avg 7.5% (4.340s, 4.341s) 1.283ms
[2025-12-22T15:26:45.872+0000][5.018s][debug][safepoint     ] Safepoint synchronization initiated. (10 threads)
[2025-12-22T15:26:45.872+0000][5.018s][info ][safepoint     ] Application time: 0.6779525 seconds
[2025-12-22T15:26:45.872+0000][5.018s][info ][safepoint     ] Entering safepoint region: G1CollectForAllocation
[2025-12-22T15:26:45.873+0000][5.018s][info ][gc,start      ] GC(4) Pause Young (Normal) (G1 Evacuation Pause)
[2025-12-22T15:26:45.873+0000][5.018s][info ][gc,task       ] GC(4) Using 3 workers of 4 for evacuation
[2025-12-22T15:26:45.881+0000][5.027s][info ][gc,phases     ] GC(4)   Pre Evacuate Collection Set: 0.0ms
[2025-12-22T15:26:45.881+0000][5.027s][info ][gc,phases     ] GC(4)   Evacuate Collection Set: 6.4ms
[2025-12-22T15:26:45.881+0000][5.027s][info ][gc,phases     ] GC(4)   Post Evacuate Collection Set: 2.2ms
[2025-12-22T15:26:45.881+0000][5.027s][info ][gc,phases     ] GC(4)   Other: 0.1ms
[2025-12-22T15:26:45.881+0000][5.027s][info ][gc,heap       ] GC(4) Eden regions: 68->0(70)
[2025-12-22T15:26:45.881+0000][5.027s][info ][gc,heap       ] GC(4) Survivor regions: 3->4(9)
[2025-12-22T15:26:45.881+0000][5.027s][info ][gc,heap       ] GC(4) Old regions: 10->10
[2025-12-22T15:26:45.881+0000][5.027s][info ][gc,heap       ] GC(4) Humongous regions: 0->0
[2025-12-22T15:26:45.882+0000][5.027s][info ][gc,metaspace  ] GC(4) Metaspace: 10412K(11776K)->10412K(11776K) NonClass: 9134K(10240K)->9134K(10240K) Class: 1278K(1536K)->1278K(1536K)
[2025-12-22T15:26:45.882+0000][5.027s][info ][gc            ] GC(4) Pause Young (Normal) (G1 Evacuation Pause) 78M->11M(126M) 8.851ms
[2025-12-22T15:26:45.882+0000][5.027s][info ][gc,cpu        ] GC(4) User=0.02s Sys=0.01s Real=0.01s
[2025-12-22T15:26:45.882+0000][5.027s][info ][safepoint     ] Leaving safepoint region
[2025-12-22T15:26:45.882+0000][5.027s][info ][safepoint     ] Total time for which application threads were stopped: 0.0091358 seconds, Stopping threads took: 0.0000163 seconds
[2025-12-22T15:26:45.882+0000][5.027s][info ][gc,stringdedup] Concurrent String Deduplication (5.027s)
[2025-12-22T15:26:45.882+0000][5.027s][info ][gc,stringdedup] Concurrent String Deduplication 39168.0B->13744.0B(25424.0B) avg 8.4% (5.027s, 5.027s) 0.311ms
[2025-12-22T15:26:46.179+0000][5.325s][debug][safepoint     ] Safepoint synchronization initiated. (10 threads)
[2025-12-22T15:26:46.179+0000][5.325s][info ][safepoint     ] Application time: 0.2976275 seconds
[2025-12-22T15:26:46.179+0000][5.325s][info ][safepoint     ] Entering safepoint region: Deoptimize
[2025-12-22T15:26:46.180+0000][5.325s][info ][safepoint     ] Leaving safepoint region
[2025-12-22T15:26:46.180+0000][5.325s][info ][safepoint     ] Total time for which application threads were stopped: 0.0004296 seconds, Stopping threads took: 0.0000150 seconds
[2025-12-22T15:26:46.353+0000][5.498s][debug][safepoint     ] Safepoint synchronization initiated. (10 threads)
[2025-12-22T15:26:46.353+0000][5.498s][info ][safepoint     ] Application time: 0.1729423 seconds
[2025-12-22T15:26:46.353+0000][5.498s][debug][safepoint     ] Waiting for 2 thread(s) to block
[2025-12-22T15:26:46.353+0000][5.498s][info ][safepoint     ] Entering safepoint region: G1CollectForAllocation
[2025-12-22T15:26:46.353+0000][5.498s][info ][gc,start      ] GC(5) Pause Young (Normal) (G1 Evacuation Pause)
[2025-12-22T15:26:46.353+0000][5.498s][info ][gc,task       ] GC(5) Using 3 workers of 4 for evacuation
[2025-12-22T15:26:46.362+0000][5.507s][info ][gc,phases     ] GC(5)   Pre Evacuate Collection Set: 0.0ms
[2025-12-22T15:26:46.362+0000][5.507s][info ][gc,phases     ] GC(5)   Evacuate Collection Set: 7.4ms
[2025-12-22T15:26:46.362+0000][5.507s][info ][gc,phases     ] GC(5)   Post Evacuate Collection Set: 1.5ms
[2025-12-22T15:26:46.362+0000][5.507s][info ][gc,phases     ] GC(5)   Other: 0.1ms
[2025-12-22T15:26:46.362+0000][5.507s][info ][gc,heap       ] GC(5) Eden regions: 70->0(68)
[2025-12-22T15:26:46.362+0000][5.507s][info ][gc,heap       ] GC(5) Survivor regions: 4->6(10)
[2025-12-22T15:26:46.362+0000][5.507s][info ][gc,heap       ] GC(5) Old regions: 10->10
[2025-12-22T15:26:46.362+0000][5.507s][info ][gc,heap       ] GC(5) Humongous regions: 0->0
[2025-12-22T15:26:46.362+0000][5.507s][info ][gc,metaspace  ] GC(5) Metaspace: 12143K(12800K)->12143K(12800K) NonClass: 10646K(11008K)->10646K(11008K) Class: 1496K(1792K)->1496K(1792K)
[2025-12-22T15:26:46.362+0000][5.508s][info ][gc            ] GC(5) Pause Young (Normal) (G1 Evacuation Pause) 81M->13M(126M) 9.183ms
[2025-12-22T15:26:46.362+0000][5.508s][info ][gc,cpu        ] GC(5) User=0.03s Sys=0.00s Real=0.01s
[2025-12-22T15:26:46.362+0000][5.508s][info ][safepoint     ] Leaving safepoint region
[2025-12-22T15:26:46.362+0000][5.508s][info ][safepoint     ] Total time for which application threads were stopped: 0.0095174 seconds, Stopping threads took: 0.0001026 seconds
[2025-12-22T15:26:46.362+0000][5.508s][info ][gc,stringdedup] Concurrent String Deduplication (5.508s)
[2025-12-22T15:26:46.363+0000][5.508s][info ][gc,stringdedup] Concurrent String Deduplication 119.3K->37168.0B(84952.0B) avg 11.1% (5.508s, 5.508s) 0.837ms
[2025-12-22T15:26:46.672+0000][5.818s][debug][safepoint     ] Safepoint synchronization initiated. (12 threads)
[2025-12-22T15:26:46.672+0000][5.818s][info ][safepoint     ] Application time: 0.3100000 seconds
[2025-12-22T15:26:46.672+0000][5.818s][debug][safepoint     ] Waiting for 2 thread(s) to block
[2025-12-22T15:26:46.672+0000][5.818s][info ][safepoint     ] Entering safepoint region: G1CollectForAllocation
[2025-12-22T15:26:46.672+0000][5.818s][info ][gc,start      ] GC(6) Pause Young (Normal) (G1 Evacuation Pause)
[2025-12-22T15:26:46.673+0000][5.818s][info ][gc,task       ] GC(6) Using 4 workers of 4 for evacuation
[2025-12-22T15:26:46.679+0000][5.825s][info ][gc,phases     ] GC(6)   Pre Evacuate Collection Set: 0.0ms
[2025-12-22T15:26:46.679+0000][5.825s][info ][gc,phases     ] GC(6)   Evacuate Collection Set: 5.2ms
[2025-12-22T15:26:46.679+0000][5.825s][info ][gc,phases     ] GC(6)   Post Evacuate Collection Set: 1.1ms
[2025-12-22T15:26:46.679+0000][5.825s][info ][gc,phases     ] GC(6)   Other: 0.4ms
[2025-12-22T15:26:46.679+0000][5.825s][info ][gc,heap       ] GC(6) Eden regions: 68->0(68)
[2025-12-22T15:26:46.679+0000][5.825s][info ][gc,heap       ] GC(6) Survivor regions: 6->6(10)
[2025-12-22T15:26:46.679+0000][5.825s][info ][gc,heap       ] GC(6) Old regions: 10->11
[2025-12-22T15:26:46.679+0000][5.825s][info ][gc,heap       ] GC(6) Humongous regions: 0->0
[2025-12-22T15:26:46.679+0000][5.825s][info ][gc,metaspace  ] GC(6) Metaspace: 14456K(15360K)->14456K(15360K) NonClass: 12655K(13312K)->12655K(13312K) Class: 1801K(2048K)->1801K(2048K)
[2025-12-22T15:26:46.679+0000][5.825s][info ][gc            ] GC(6) Pause Young (Normal) (G1 Evacuation Pause) 81M->14M(126M) 6.867ms
[2025-12-22T15:26:46.679+0000][5.825s][info ][gc,cpu        ] GC(6) User=0.03s Sys=0.00s Real=0.01s
[2025-12-22T15:26:46.679+0000][5.825s][info ][safepoint     ] Leaving safepoint region
[2025-12-22T15:26:46.679+0000][5.825s][info ][safepoint     ] Total time for which application threads were stopped: 0.0072485 seconds, Stopping threads took: 0.0000932 seconds
[2025-12-22T15:26:46.679+0000][5.825s][info ][gc,stringdedup] Concurrent String Deduplication (5.825s)
[2025-12-22T15:26:46.680+0000][5.825s][info ][gc,stringdedup] Concurrent String Deduplication 96104.0B->32672.0B(63432.0B) avg 13.0% (5.825s, 5.825s) 0.510ms
[2025-12-22T15:26:46.908+0000][6.053s][debug][safepoint     ] Safepoint synchronization initiated. (12 threads)
[2025-12-22T15:26:46.908+0000][6.053s][info ][safepoint     ] Application time: 0.2282192 seconds
[2025-12-22T15:26:46.908+0000][6.053s][debug][safepoint     ] Waiting for 1 thread(s) to block
[2025-12-22T15:26:46.908+0000][6.053s][info ][safepoint     ] Entering safepoint region: G1CollectForAllocation
[2025-12-22T15:26:46.908+0000][6.053s][info ][gc,start      ] GC(7) Pause Young (Normal) (G1 Evacuation Pause)
[2025-12-22T15:26:46.908+0000][6.053s][info ][gc,task       ] GC(7) Using 4 workers of 4 for evacuation
[2025-12-22T15:26:46.914+0000][6.060s][info ][gc,phases     ] GC(7)   Pre Evacuate Collection Set: 0.0ms
[2025-12-22T15:26:46.914+0000][6.060s][info ][gc,phases     ] GC(7)   Evacuate Collection Set: 5.2ms
[2025-12-22T15:26:46.915+0000][6.060s][info ][gc,phases     ] GC(7)   Post Evacuate Collection Set: 1.2ms
[2025-12-22T15:26:46.915+0000][6.060s][info ][gc,phases     ] GC(7)   Other: 0.1ms
[2025-12-22T15:26:46.915+0000][6.060s][info ][gc,heap       ] GC(7) Eden regions: 68->0(68)
[2025-12-22T15:26:46.915+0000][6.060s][info ][gc,heap       ] GC(7) Survivor regions: 6->6(10)
[2025-12-22T15:26:46.915+0000][6.060s][info ][gc,heap       ] GC(7) Old regions: 11->11
[2025-12-22T15:26:46.915+0000][6.060s][info ][gc,heap       ] GC(7) Humongous regions: 0->0
[2025-12-22T15:26:46.915+0000][6.060s][info ][gc,metaspace  ] GC(7) Metaspace: 16309K(17280K)->16309K(17280K) NonClass: 14219K(14848K)->14219K(14848K) Class: 2089K(2432K)->2089K(2432K)
[2025-12-22T15:26:46.915+0000][6.060s][info ][gc            ] GC(7) Pause Young (Normal) (G1 Evacuation Pause) 82M->14M(126M) 6.674ms
[2025-12-22T15:26:46.915+0000][6.060s][info ][gc,cpu        ] GC(7) User=0.02s Sys=0.00s Real=0.00s
[2025-12-22T15:26:46.915+0000][6.060s][info ][safepoint     ] Leaving safepoint region
[2025-12-22T15:26:46.915+0000][6.060s][info ][safepoint     ] Total time for which application threads were stopped: 0.0069797 seconds, Stopping threads took: 0.0000834 seconds
[2025-12-22T15:26:46.915+0000][6.060s][info ][gc,stringdedup] Concurrent String Deduplication (6.060s)
[2025-12-22T15:26:46.915+0000][6.061s][info ][gc,stringdedup] Concurrent String Deduplication 110.9K->94416.0B(19120.0B) avg 13.1% (6.060s, 6.061s) 0.677ms
[2025-12-22T15:26:47.009+0000][6.154s][debug][safepoint     ] Safepoint synchronization initiated. (12 threads)
[2025-12-22T15:26:47.009+0000][6.154s][info ][safepoint     ] Application time: 0.0938905 seconds
[2025-12-22T15:26:47.009+0000][6.154s][info ][safepoint     ] Entering safepoint region: Deoptimize
[2025-12-22T15:26:47.009+0000][6.155s][info ][safepoint     ] Leaving safepoint region
[2025-12-22T15:26:47.009+0000][6.155s][info ][safepoint     ] Total time for which application threads were stopped: 0.0005349 seconds, Stopping threads took: 0.0000175 seconds
[2025-12-22T15:26:47.035+0000][6.181s][debug][safepoint     ] Safepoint synchronization initiated. (12 threads)
[2025-12-22T15:26:47.035+0000][6.181s][info ][safepoint     ] Application time: 0.0260475 seconds
[2025-12-22T15:26:47.035+0000][6.181s][info ][safepoint     ] Entering safepoint region: Deoptimize
[2025-12-22T15:26:47.036+0000][6.181s][info ][safepoint     ] Leaving safepoint region
[2025-12-22T15:26:47.036+0000][6.181s][info ][safepoint     ] Total time for which application threads were stopped: 0.0004754 seconds, Stopping threads took: 0.0000165 seconds
[2025-12-22T15:26:47.151+0000][6.297s][debug][safepoint     ] Safepoint synchronization initiated. (12 threads)
[2025-12-22T15:26:47.151+0000][6.297s][info ][safepoint     ] Application time: 0.1155042 seconds
[2025-12-22T15:26:47.151+0000][6.297s][debug][safepoint     ] ... found polling page return exception at pc = 0x00007fb9d438f7d0, stub =0x00007fb9cc824b00
[2025-12-22T15:26:47.151+0000][6.297s][debug][safepoint     ] Waiting for 2 thread(s) to block
[2025-12-22T15:26:47.151+0000][6.297s][info ][safepoint     ] Entering safepoint region: G1CollectForAllocation
[2025-12-22T15:26:47.152+0000][6.297s][info ][gc,start      ] GC(8) Pause Young (Normal) (G1 Evacuation Pause)
[2025-12-22T15:26:47.152+0000][6.297s][info ][gc,task       ] GC(8) Using 4 workers of 4 for evacuation
[2025-12-22T15:26:47.159+0000][6.304s][info ][gc,phases     ] GC(8)   Pre Evacuate Collection Set: 0.0ms
[2025-12-22T15:26:47.159+0000][6.304s][info ][gc,phases     ] GC(8)   Evacuate Collection Set: 5.9ms
[2025-12-22T15:26:47.159+0000][6.304s][info ][gc,phases     ] GC(8)   Post Evacuate Collection Set: 1.2ms
[2025-12-22T15:26:47.159+0000][6.304s][info ][gc,phases     ] GC(8)   Other: 0.1ms
[2025-12-22T15:26:47.159+0000][6.304s][info ][gc,heap       ] GC(8) Eden regions: 68->0(67)
[2025-12-22T15:26:47.159+0000][6.304s][info ][gc,heap       ] GC(8) Survivor regions: 6->7(10)
[2025-12-22T15:26:47.159+0000][6.304s][info ][gc,heap       ] GC(8) Old regions: 11->11
[2025-12-22T15:26:47.159+0000][6.304s][info ][gc,heap       ] GC(8) Humongous regions: 0->0
[2025-12-22T15:26:47.159+0000][6.304s][info ][gc,metaspace  ] GC(8) Metaspace: 17646K(18432K)->17646K(18432K) NonClass: 15342K(15872K)->15342K(15872K) Class: 2304K(2560K)->2304K(2560K)
[2025-12-22T15:26:47.159+0000][6.304s][info ][gc            ] GC(8) Pause Young (Normal) (G1 Evacuation Pause) 82M->15M(126M) 7.349ms
[2025-12-22T15:26:47.159+0000][6.304s][info ][gc,cpu        ] GC(8) User=0.03s Sys=0.00s Real=0.01s
[2025-12-22T15:26:47.159+0000][6.304s][info ][safepoint     ] Leaving safepoint region
[2025-12-22T15:26:47.159+0000][6.304s][info ][safepoint     ] Total time for which application threads were stopped: 0.0078324 seconds, Stopping threads took: 0.0002780 seconds
[2025-12-22T15:26:47.159+0000][6.304s][info ][gc,stringdedup] Concurrent String Deduplication (6.304s)
[2025-12-22T15:26:47.160+0000][6.305s][info ][gc,stringdedup] Concurrent String Deduplication 62968.0B->21608.0B(41360.0B) avg 14.2% (6.304s, 6.305s) 0.488ms
[2025-12-22T15:26:47.255+0000][6.400s][debug][safepoint     ] Safepoint synchronization initiated. (12 threads)
[2025-12-22T15:26:47.255+0000][6.400s][info ][safepoint     ] Application time: 0.0955966 seconds
[2025-12-22T15:26:47.255+0000][6.400s][debug][safepoint     ] ... found polling page return exception at pc = 0x00007fb9d42f5a06, stub =0x00007fb9cc824b00
[2025-12-22T15:26:47.255+0000][6.400s][debug][safepoint     ] Waiting for 2 thread(s) to block
[2025-12-22T15:26:47.255+0000][6.400s][info ][safepoint     ] Entering safepoint region: Deoptimize
[2025-12-22T15:26:47.255+0000][6.401s][info ][safepoint     ] Leaving safepoint region
[2025-12-22T15:26:47.255+0000][6.401s][info ][safepoint     ] Total time for which application threads were stopped: 0.0008318 seconds, Stopping threads took: 0.0001517 seconds
[2025-12-22T15:26:47.597+0000][6.742s][debug][safepoint     ] Safepoint synchronization initiated. (12 threads)
[2025-12-22T15:26:47.597+0000][6.742s][info ][safepoint     ] Application time: 0.3411227 seconds
[2025-12-22T15:26:47.597+0000][6.742s][debug][safepoint     ] Waiting for 2 thread(s) to block
[2025-12-22T15:26:47.597+0000][6.742s][info ][safepoint     ] Entering safepoint region: G1CollectForAllocation
[2025-12-22T15:26:47.597+0000][6.742s][info ][gc,start      ] GC(9) Pause Young (Normal) (G1 Evacuation Pause)
[2025-12-22T15:26:47.597+0000][6.742s][info ][gc,task       ] GC(9) Using 4 workers of 4 for evacuation
[2025-12-22T15:26:47.606+0000][6.752s][info ][gc,phases     ] GC(9)   Pre Evacuate Collection Set: 0.0ms
[2025-12-22T15:26:47.606+0000][6.752s][info ][gc,phases     ] GC(9)   Evacuate Collection Set: 7.1ms
[2025-12-22T15:26:47.606+0000][6.752s][info ][gc,phases     ] GC(9)   Post Evacuate Collection Set: 2.1ms
[2025-12-22T15:26:47.606+0000][6.752s][info ][gc,phases     ] GC(9)   Other: 0.2ms
[2025-12-22T15:26:47.606+0000][6.752s][info ][gc,heap       ] GC(9) Eden regions: 67->0(84)
[2025-12-22T15:26:47.606+0000][6.752s][info ][gc,heap       ] GC(9) Survivor regions: 7->7(10)
[2025-12-22T15:26:47.606+0000][6.752s][info ][gc,heap       ] GC(9) Old regions: 11->12
[2025-12-22T15:26:47.606+0000][6.752s][info ][gc,heap       ] GC(9) Humongous regions: 0->0
[2025-12-22T15:26:47.606+0000][6.752s][info ][gc,metaspace  ] GC(9) Metaspace: 20450K(21248K)->20450K(21248K) NonClass: 17875K(18432K)->17875K(18432K) Class: 2575K(2816K)->2575K(2816K)
[2025-12-22T15:26:47.606+0000][6.752s][info ][gc            ] GC(9) Pause Young (Normal) (G1 Evacuation Pause) 82M->16M(152M) 9.445ms
[2025-12-22T15:26:47.606+0000][6.752s][info ][gc,cpu        ] GC(9) User=0.03s Sys=0.00s Real=0.01s
[2025-12-22T15:26:47.606+0000][6.752s][info ][safepoint     ] Leaving safepoint region
[2025-12-22T15:26:47.606+0000][6.752s][info ][safepoint     ] Total time for which application threads were stopped: 0.0097314 seconds, Stopping threads took: 0.0000772 seconds
[2025-12-22T15:26:47.607+0000][6.752s][info ][gc,stringdedup] Concurrent String Deduplication (6.752s)
[2025-12-22T15:26:47.607+0000][6.752s][info ][gc,stringdedup] Concurrent String Deduplication 70192.0B->9832.0B(60360.0B) avg 15.9% (6.752s, 6.752s) 0.461ms
[2025-12-22T15:26:47.614+0000][6.760s][debug][safepoint     ] Safepoint synchronization initiated. (12 threads)
[2025-12-22T15:26:47.614+0000][6.760s][info ][safepoint     ] Application time: 0.0080930 seconds
[2025-12-22T15:26:47.615+0000][6.760s][debug][safepoint     ] ... found polling page return exception at pc = 0x00007fb9d43dc09b, stub =0x00007fb9cc824b00
[2025-12-22T15:26:47.615+0000][6.760s][debug][safepoint     ] Waiting for 1 thread(s) to block
[2025-12-22T15:26:47.615+0000][6.760s][info ][safepoint     ] Entering safepoint region: CollectForMetadataAllocation
[2025-12-22T15:26:47.615+0000][6.760s][info ][gc,start      ] GC(10) Pause Young (Concurrent Start) (Metadata GC Threshold)
[2025-12-22T15:26:47.615+0000][6.760s][info ][gc,task       ] GC(10) Using 4 workers of 4 for evacuation
[2025-12-22T15:26:47.626+0000][6.772s][info ][gc,phases     ] GC(10)   Pre Evacuate Collection Set: 0.1ms
[2025-12-22T15:26:47.626+0000][6.772s][info ][gc,phases     ] GC(10)   Evacuate Collection Set: 10.2ms
[2025-12-22T15:26:47.626+0000][6.772s][info ][gc,phases     ] GC(10)   Post Evacuate Collection Set: 1.0ms
[2025-12-22T15:26:47.626+0000][6.772s][info ][gc,phases     ] GC(10)   Other: 0.2ms
[2025-12-22T15:26:47.626+0000][6.772s][info ][gc,heap       ] GC(10) Eden regions: 2->0(84)
[2025-12-22T15:26:47.626+0000][6.772s][info ][gc,heap       ] GC(10) Survivor regions: 7->7(12)
[2025-12-22T15:26:47.626+0000][6.772s][info ][gc,heap       ] GC(10) Old regions: 12->12
[2025-12-22T15:26:47.626+0000][6.772s][info ][gc,heap       ] GC(10) Humongous regions: 0->0
[2025-12-22T15:26:47.626+0000][6.772s][info ][gc,metaspace  ] GC(10) Metaspace: 20500K(21248K)->20500K(21248K) NonClass: 17920K(18432K)->17920K(18432K) Class: 2580K(2816K)->2580K(2816K)
[2025-12-22T15:26:47.626+0000][6.772s][info ][gc            ] GC(10) Pause Young (Concurrent Start) (Metadata GC Threshold) 18M->16M(152M) 11.652ms
[2025-12-22T15:26:47.626+0000][6.772s][info ][gc,cpu        ] GC(10) User=0.03s Sys=0.00s Real=0.02s
[2025-12-22T15:26:47.626+0000][6.772s][info ][safepoint     ] Leaving safepoint region
[2025-12-22T15:26:47.626+0000][6.772s][info ][gc            ] GC(11) Concurrent Cycle
[2025-12-22T15:26:47.627+0000][6.772s][info ][gc,marking    ] GC(11) Concurrent Clear Claimed Marks
[2025-12-22T15:26:47.627+0000][6.772s][info ][safepoint     ] Total time for which application threads were stopped: 0.0120228 seconds, Stopping threads took: 0.0001291 seconds
[2025-12-22T15:26:47.627+0000][6.772s][info ][gc,marking    ] GC(11) Concurrent Clear Claimed Marks 0.045ms
[2025-12-22T15:26:47.627+0000][6.772s][info ][gc,marking    ] GC(11) Concurrent Scan Root Regions
[2025-12-22T15:26:47.627+0000][6.772s][info ][gc,stringdedup] Concurrent String Deduplication (6.772s)
[2025-12-22T15:26:47.628+0000][6.773s][info ][gc,stringdedup] Concurrent String Deduplication 251.7K->197.3K(55704.0B) avg 16.3% (6.772s, 6.773s) 1.168ms
[2025-12-22T15:26:47.631+0000][6.777s][info ][gc,marking    ] GC(11) Concurrent Scan Root Regions 4.513ms
[2025-12-22T15:26:47.631+0000][6.777s][info ][gc,marking    ] GC(11) Concurrent Mark (6.777s)
[2025-12-22T15:26:47.631+0000][6.777s][info ][gc,marking    ] GC(11) Concurrent Mark From Roots
[2025-12-22T15:26:47.631+0000][6.777s][info ][gc,task       ] GC(11) Using 1 workers of 1 for marking
[2025-12-22T15:26:47.652+0000][6.798s][debug][safepoint     ] Safepoint synchronization initiated. (12 threads)
[2025-12-22T15:26:47.652+0000][6.798s][info ][safepoint     ] Application time: 0.0255664 seconds
[2025-12-22T15:26:47.652+0000][6.798s][debug][safepoint     ] Waiting for 1 thread(s) to block
[2025-12-22T15:26:47.652+0000][6.798s][info ][safepoint     ] Entering safepoint region: CollectForMetadataAllocation
[2025-12-22T15:26:47.652+0000][6.798s][info ][safepoint     ] Leaving safepoint region
[2025-12-22T15:26:47.652+0000][6.798s][info ][safepoint     ] Total time for which application threads were stopped: 0.0002223 seconds, Stopping threads took: 0.0000635 seconds
[2025-12-22T15:26:47.653+0000][6.798s][info ][gc,marking    ] GC(11) Concurrent Mark From Roots 21.876ms
[2025-12-22T15:26:47.653+0000][6.799s][info ][gc,marking    ] GC(11) Concurrent Preclean
[2025-12-22T15:26:47.653+0000][6.799s][info ][gc,marking    ] GC(11) Concurrent Preclean 0.132ms
[2025-12-22T15:26:47.653+0000][6.799s][info ][gc,marking    ] GC(11) Concurrent Mark (6.777s, 6.799s) 22.093ms
[2025-12-22T15:26:47.655+0000][6.800s][debug][safepoint     ] Safepoint synchronization initiated. (12 threads)
[2025-12-22T15:26:47.655+0000][6.800s][info ][safepoint     ] Application time: 0.0024821 seconds
[2025-12-22T15:26:47.655+0000][6.800s][debug][safepoint     ] ... found polling page loop exception at pc = 0x00007fb9d43f1654, stub =0x00007fb9cc826680
[2025-12-22T15:26:47.655+0000][6.800s][debug][safepoint     ] Waiting for 2 thread(s) to block
[2025-12-22T15:26:47.655+0000][6.801s][info ][safepoint     ] Entering safepoint region: CGC_Operation
[2025-12-22T15:26:47.656+0000][6.801s][info ][gc,start      ] GC(11) Pause Remark
[2025-12-22T15:26:47.659+0000][6.804s][info ][gc,stringtable] GC(11) Cleaned string and symbol table, strings: 7591 processed, 10 removed, symbols: 55160 processed, 113 removed
[2025-12-22T15:26:47.659+0000][6.804s][info ][gc            ] GC(11) Pause Remark 21M->21M(152M) 3.267ms
[2025-12-22T15:26:47.659+0000][6.804s][info ][gc,cpu        ] GC(11) User=0.00s Sys=0.00s Real=0.00s
[2025-12-22T15:26:47.659+0000][6.804s][info ][safepoint     ] Leaving safepoint region
[2025-12-22T15:26:47.659+0000][6.804s][info ][safepoint     ] Total time for which application threads were stopped: 0.0039358 seconds, Stopping threads took: 0.0005437 seconds
[2025-12-22T15:26:47.659+0000][6.804s][info ][gc,marking    ] GC(11) Concurrent Rebuild Remembered Sets
[2025-12-22T15:26:47.667+0000][6.812s][info ][gc,marking    ] GC(11) Concurrent Rebuild Remembered Sets 7.915ms
[2025-12-22T15:26:47.667+0000][6.812s][debug][safepoint     ] Safepoint synchronization initiated. (12 threads)
[2025-12-22T15:26:47.667+0000][6.812s][info ][safepoint     ] Application time: 0.0080518 seconds
[2025-12-22T15:26:47.667+0000][6.812s][info ][safepoint     ] Entering safepoint region: CGC_Operation
[2025-12-22T15:26:47.667+0000][6.812s][info ][gc,start      ] GC(11) Pause Cleanup
[2025-12-22T15:26:47.667+0000][6.813s][info ][gc            ] GC(11) Pause Cleanup 22M->22M(152M) 0.137ms
[2025-12-22T15:26:47.667+0000][6.813s][info ][gc,cpu        ] GC(11) User=0.00s Sys=0.00s Real=0.00s
[2025-12-22T15:26:47.667+0000][6.813s][info ][safepoint     ] Leaving safepoint region
[2025-12-22T15:26:47.667+0000][6.813s][info ][safepoint     ] Total time for which application threads were stopped: 0.0002830 seconds, Stopping threads took: 0.0000146 seconds
[2025-12-22T15:26:47.667+0000][6.813s][info ][gc,marking    ] GC(11) Concurrent Cleanup for Next Mark
[2025-12-22T15:26:47.669+0000][6.815s][info ][gc,marking    ] GC(11) Concurrent Cleanup for Next Mark 2.175ms
[2025-12-22T15:26:47.669+0000][6.815s][info ][gc            ] GC(11) Concurrent Cycle 42.989ms
[2025-12-22T15:26:47.974+0000][7.120s][debug][safepoint     ] Safepoint synchronization initiated. (12 threads)
[2025-12-22T15:26:47.974+0000][7.120s][info ][safepoint     ] Application time: 0.3072945 seconds
[2025-12-22T15:26:47.975+0000][7.120s][debug][safepoint     ] ... found polling page return exception at pc = 0x00007fb9d42c9276, stub =0x00007fb9cc824b00
[2025-12-22T15:26:47.975+0000][7.120s][debug][safepoint     ] Waiting for 1 thread(s) to block
[2025-12-22T15:26:47.975+0000][7.120s][info ][safepoint     ] Entering safepoint region: Deoptimize
[2025-12-22T15:26:47.975+0000][7.121s][info ][safepoint     ] Leaving safepoint region
[2025-12-22T15:26:47.975+0000][7.121s][info ][safepoint     ] Total time for which application threads were stopped: 0.0009587 seconds, Stopping threads took: 0.0001779 seconds
[2025-12-22T15:26:48.059+0000][7.204s][debug][safepoint     ] Safepoint synchronization initiated. (12 threads)
[2025-12-22T15:26:48.059+0000][7.204s][info ][safepoint     ] Application time: 0.0831332 seconds
[2025-12-22T15:26:48.059+0000][7.204s][debug][safepoint     ] ... found polling page return exception at pc = 0x00007fb9d43c8932, stub =0x00007fb9cc824b00
[2025-12-22T15:26:48.059+0000][7.204s][debug][safepoint     ] Waiting for 2 thread(s) to block
[2025-12-22T15:26:48.059+0000][7.204s][info ][safepoint     ] Entering safepoint region: G1CollectForAllocation
[2025-12-22T15:26:48.059+0000][7.204s][info ][gc,start      ] GC(12) Pause Young (Concurrent Start) (G1 Evacuation Pause)
[2025-12-22T15:26:48.059+0000][7.204s][info ][gc,task       ] GC(12) Using 4 workers of 4 for evacuation
[2025-12-22T15:26:48.076+0000][7.221s][info ][gc,phases     ] GC(12)   Pre Evacuate Collection Set: 0.1ms
[2025-12-22T15:26:48.076+0000][7.221s][info ][gc,phases     ] GC(12)   Evacuate Collection Set: 14.8ms
[2025-12-22T15:26:48.076+0000][7.221s][info ][gc,phases     ] GC(12)   Post Evacuate Collection Set: 1.6ms
[2025-12-22T15:26:48.076+0000][7.221s][info ][gc,phases     ] GC(12)   Other: 0.2ms
[2025-12-22T15:26:48.076+0000][7.221s][info ][gc,heap       ] GC(12) Eden regions: 84->0(82)
[2025-12-22T15:26:48.076+0000][7.221s][info ][gc,heap       ] GC(12) Survivor regions: 7->9(12)
[2025-12-22T15:26:48.076+0000][7.221s][info ][gc,heap       ] GC(12) Old regions: 12->12
[2025-12-22T15:26:48.076+0000][7.221s][info ][gc,heap       ] GC(12) Humongous regions: 0->0
[2025-12-22T15:26:48.076+0000][7.221s][info ][gc,metaspace  ] GC(12) Metaspace: 23935K(24828K)->23935K(24828K) NonClass: 20919K(21500K)->20919K(21500K) Class: 3016K(3328K)->3016K(3328K)
[2025-12-22T15:26:48.076+0000][7.221s][info ][gc            ] GC(12) Pause Young (Concurrent Start) (G1 Evacuation Pause) 100M->18M(152M) 16.829ms
[2025-12-22T15:26:48.076+0000][7.221s][info ][gc,cpu        ] GC(12) User=0.04s Sys=0.00s Real=0.02s
[2025-12-22T15:26:48.076+0000][7.221s][info ][safepoint     ] Leaving safepoint region
[2025-12-22T15:26:48.076+0000][7.221s][info ][safepoint     ] Total time for which application threads were stopped: 0.0172411 seconds, Stopping threads took: 0.0001822 seconds
[2025-12-22T15:26:48.076+0000][7.221s][info ][gc            ] GC(13) Concurrent Cycle
[2025-12-22T15:26:48.076+0000][7.221s][info ][gc,marking    ] GC(13) Concurrent Clear Claimed Marks
[2025-12-22T15:26:48.076+0000][7.221s][info ][gc,marking    ] GC(13) Concurrent Clear Claimed Marks 0.048ms
[2025-12-22T15:26:48.076+0000][7.221s][info ][gc,marking    ] GC(13) Concurrent Scan Root Regions
[2025-12-22T15:26:48.076+0000][7.221s][info ][gc,stringdedup] Concurrent String Deduplication (7.221s)
[2025-12-22T15:26:48.079+0000][7.224s][info ][gc,stringdedup] Concurrent String Deduplication 623.3K->590.8K(33272.0B) avg 14.5% (7.221s, 7.224s) 2.809ms
[2025-12-22T15:26:48.082+0000][7.227s][info ][gc,marking    ] GC(13) Concurrent Scan Root Regions 5.584ms
[2025-12-22T15:26:48.082+0000][7.227s][info ][gc,marking    ] GC(13) Concurrent Mark (7.227s)
[2025-12-22T15:26:48.082+0000][7.227s][info ][gc,marking    ] GC(13) Concurrent Mark From Roots
[2025-12-22T15:26:48.082+0000][7.227s][info ][gc,task       ] GC(13) Using 1 workers of 1 for marking
[2025-12-22T15:26:48.100+0000][7.245s][info ][gc,marking    ] GC(13) Concurrent Mark From Roots 18.338ms
[2025-12-22T15:26:48.100+0000][7.245s][info ][gc,marking    ] GC(13) Concurrent Preclean
[2025-12-22T15:26:48.100+0000][7.246s][info ][gc,marking    ] GC(13) Concurrent Preclean 0.103ms
[2025-12-22T15:26:48.100+0000][7.246s][info ][gc,marking    ] GC(13) Concurrent Mark (7.227s, 7.246s) 18.498ms
[2025-12-22T15:26:48.100+0000][7.246s][debug][safepoint     ] Safepoint synchronization initiated. (12 threads)
[2025-12-22T15:26:48.100+0000][7.246s][info ][safepoint     ] Application time: 0.0242865 seconds
[2025-12-22T15:26:48.100+0000][7.246s][info ][safepoint     ] Entering safepoint region: CGC_Operation
[2025-12-22T15:26:48.100+0000][7.246s][info ][gc,start      ] GC(13) Pause Remark
[2025-12-22T15:26:48.104+0000][7.249s][info ][gc,stringtable] GC(13) Cleaned string and symbol table, strings: 8759 processed, 1 removed, symbols: 61549 processed, 9 removed
[2025-12-22T15:26:48.104+0000][7.249s][info ][gc            ] GC(13) Pause Remark 20M->20M(152M) 3.514ms
[2025-12-22T15:26:48.104+0000][7.249s][info ][gc,cpu        ] GC(13) User=0.01s Sys=0.00s Real=0.01s
[2025-12-22T15:26:48.104+0000][7.249s][info ][safepoint     ] Leaving safepoint region
[2025-12-22T15:26:48.104+0000][7.249s][info ][safepoint     ] Total time for which application threads were stopped: 0.0037051 seconds, Stopping threads took: 0.0000179 seconds
[2025-12-22T15:26:48.104+0000][7.249s][info ][gc,marking    ] GC(13) Concurrent Rebuild Remembered Sets
[2025-12-22T15:26:48.114+0000][7.259s][info ][gc,marking    ] GC(13) Concurrent Rebuild Remembered Sets 9.844ms
[2025-12-22T15:26:48.114+0000][7.259s][debug][safepoint     ] Safepoint synchronization initiated. (11 threads)
[2025-12-22T15:26:48.114+0000][7.259s][info ][safepoint     ] Application time: 0.0099651 seconds
[2025-12-22T15:26:48.114+0000][7.259s][debug][safepoint     ] Waiting for 1 thread(s) to block
[2025-12-22T15:26:48.114+0000][7.259s][info ][safepoint     ] Entering safepoint region: CGC_Operation
[2025-12-22T15:26:48.114+0000][7.259s][info ][gc,start      ] GC(13) Pause Cleanup
[2025-12-22T15:26:48.114+0000][7.260s][info ][gc            ] GC(13) Pause Cleanup 21M->21M(152M) 0.102ms
[2025-12-22T15:26:48.114+0000][7.260s][info ][gc,cpu        ] GC(13) User=0.00s Sys=0.00s Real=0.00s
[2025-12-22T15:26:48.114+0000][7.260s][info ][safepoint     ] Leaving safepoint region
[2025-12-22T15:26:48.114+0000][7.260s][info ][safepoint     ] Total time for which application threads were stopped: 0.0003503 seconds, Stopping threads took: 0.0001248 seconds
[2025-12-22T15:26:48.114+0000][7.260s][info ][gc,marking    ] GC(13) Concurrent Cleanup for Next Mark
[2025-12-22T15:26:48.117+0000][7.262s][info ][gc,marking    ] GC(13) Concurrent Cleanup for Next Mark 2.624ms
[2025-12-22T15:26:48.117+0000][7.262s][info ][gc            ] GC(13) Concurrent Cycle 41.004ms
[2025-12-22T15:26:48.522+0000][7.668s][debug][safepoint     ] Safepoint synchronization initiated. (11 threads)
[2025-12-22T15:26:48.522+0000][7.668s][info ][safepoint     ] Application time: 0.4080128 seconds
[2025-12-22T15:26:48.522+0000][7.668s][info ][safepoint     ] Entering safepoint region: G1CollectForAllocation
[2025-12-22T15:26:48.522+0000][7.668s][info ][gc,start      ] GC(14) Pause Young (Normal) (G1 Evacuation Pause)
[2025-12-22T15:26:48.523+0000][7.668s][info ][gc,task       ] GC(14) Using 3 workers of 4 for evacuation
[2025-12-22T15:26:48.536+0000][7.681s][info ][gc,phases     ] GC(14)   Pre Evacuate Collection Set: 0.0ms
[2025-12-22T15:26:48.536+0000][7.681s][info ][gc,phases     ] GC(14)   Evacuate Collection Set: 11.4ms
[2025-12-22T15:26:48.536+0000][7.681s][info ][gc,phases     ] GC(14)   Post Evacuate Collection Set: 1.7ms
[2025-12-22T15:26:48.536+0000][7.681s][info ][gc,phases     ] GC(14)   Other: 0.2ms
[2025-12-22T15:26:48.536+0000][7.681s][info ][gc,heap       ] GC(14) Eden regions: 82->0(83)
[2025-12-22T15:26:48.536+0000][7.681s][info ][gc,heap       ] GC(14) Survivor regions: 9->8(12)
[2025-12-22T15:26:48.536+0000][7.681s][info ][gc,heap       ] GC(14) Old regions: 12->15
[2025-12-22T15:26:48.536+0000][7.681s][info ][gc,heap       ] GC(14) Humongous regions: 0->0
[2025-12-22T15:26:48.536+0000][7.681s][info ][gc,metaspace  ] GC(14) Metaspace: 24130K(25212K)->24130K(25212K) NonClass: 21093K(21756K)->21093K(21756K) Class: 3037K(3456K)->3037K(3456K)
[2025-12-22T15:26:48.536+0000][7.681s][info ][gc            ] GC(14) Pause Young (Normal) (G1 Evacuation Pause) 100M->21M(152M) 13.510ms
[2025-12-22T15:26:48.536+0000][7.681s][info ][gc,cpu        ] GC(14) User=0.03s Sys=0.00s Real=0.02s
[2025-12-22T15:26:48.536+0000][7.681s][info ][safepoint     ] Leaving safepoint region
[2025-12-22T15:26:48.536+0000][7.681s][info ][safepoint     ] Total time for which application threads were stopped: 0.0137980 seconds, Stopping threads took: 0.0000171 seconds
[2025-12-22T15:26:48.536+0000][7.682s][info ][gc,stringdedup] Concurrent String Deduplication (7.682s)
[2025-12-22T15:26:48.536+0000][7.682s][info ][gc,stringdedup] Concurrent String Deduplication 1936.0B->1392.0B(544.0B) avg 14.5% (7.682s, 7.682s) 0.086ms
[2025-12-22T15:26:48.968+0000][8.113s][debug][safepoint     ] Safepoint synchronization initiated. (11 threads)
[2025-12-22T15:26:48.968+0000][8.114s][info ][safepoint     ] Application time: 0.4320654 seconds
[2025-12-22T15:26:48.968+0000][8.114s][info ][safepoint     ] Entering safepoint region: G1CollectForAllocation
[2025-12-22T15:26:48.968+0000][8.114s][info ][gc,start      ] GC(15) Pause Young (Normal) (G1 Evacuation Pause)
[2025-12-22T15:26:48.968+0000][8.114s][info ][gc,task       ] GC(15) Using 3 workers of 4 for evacuation
[2025-12-22T15:26:48.981+0000][8.126s][info ][gc,phases     ] GC(15)   Pre Evacuate Collection Set: 0.0ms
[2025-12-22T15:26:48.981+0000][8.126s][info ][gc,phases     ] GC(15)   Evacuate Collection Set: 9.6ms
[2025-12-22T15:26:48.981+0000][8.126s][info ][gc,phases     ] GC(15)   Post Evacuate Collection Set: 2.8ms
[2025-12-22T15:26:48.981+0000][8.126s][info ][gc,phases     ] GC(15)   Other: 0.2ms
[2025-12-22T15:26:48.981+0000][8.126s][info ][gc,heap       ] GC(15) Eden regions: 83->0(103)
[2025-12-22T15:26:48.981+0000][8.126s][info ][gc,heap       ] GC(15) Survivor regions: 8->9(12)
[2025-12-22T15:26:48.981+0000][8.126s][info ][gc,heap       ] GC(15) Old regions: 15->16
[2025-12-22T15:26:48.981+0000][8.126s][info ][gc,heap       ] GC(15) Humongous regions: 0->0
[2025-12-22T15:26:48.981+0000][8.126s][info ][gc,metaspace  ] GC(15) Metaspace: 24436K(25468K)->24436K(25468K) NonClass: 21355K(22012K)->21355K(22012K) Class: 3080K(3456K)->3080K(3456K)
[2025-12-22T15:26:48.981+0000][8.126s][info ][gc            ] GC(15) Pause Young (Normal) (G1 Evacuation Pause) 104M->23M(188M) 12.639ms
[2025-12-22T15:26:48.981+0000][8.126s][info ][gc,cpu        ] GC(15) User=0.04s Sys=0.00s Real=0.01s
[2025-12-22T15:26:48.981+0000][8.126s][info ][safepoint     ] Leaving safepoint region
[2025-12-22T15:26:48.981+0000][8.126s][info ][safepoint     ] Total time for which application threads were stopped: 0.0129228 seconds, Stopping threads took: 0.0000189 seconds
[2025-12-22T15:26:48.981+0000][8.127s][info ][gc,stringdedup] Concurrent String Deduplication (8.127s)
[2025-12-22T15:26:48.984+0000][8.130s][info ][gc,stringdedup] Concurrent String Deduplication 547.2K->397.6K(149.6K) avg 16.1% (8.127s, 8.130s) 2.992ms
[2025-12-22T15:26:49.838+0000][8.984s][debug][safepoint     ] Safepoint synchronization initiated. (11 threads)
[2025-12-22T15:26:49.838+0000][8.984s][info ][safepoint     ] Application time: 0.8573493 seconds
[2025-12-22T15:26:49.838+0000][8.984s][info ][safepoint     ] Entering safepoint region: G1CollectForAllocation
[2025-12-22T15:26:49.839+0000][8.984s][info ][gc,start      ] GC(16) Pause Young (Normal) (G1 Evacuation Pause)
[2025-12-22T15:26:49.839+0000][8.984s][info ][gc,task       ] GC(16) Using 4 workers of 4 for evacuation
[2025-12-22T15:26:49.852+0000][8.997s][info ][gc,phases     ] GC(16)   Pre Evacuate Collection Set: 0.0ms
[2025-12-22T15:26:49.852+0000][8.997s][info ][gc,phases     ] GC(16)   Evacuate Collection Set: 11.4ms
[2025-12-22T15:26:49.852+0000][8.997s][info ][gc,phases     ] GC(16)   Post Evacuate Collection Set: 1.5ms
[2025-12-22T15:26:49.852+0000][8.997s][info ][gc,phases     ] GC(16)   Other: 0.2ms
[2025-12-22T15:26:49.852+0000][8.997s][info ][gc,heap       ] GC(16) Eden regions: 103->0(102)
[2025-12-22T15:26:49.852+0000][8.998s][info ][gc,heap       ] GC(16) Survivor regions: 9->10(14)
[2025-12-22T15:26:49.852+0000][8.998s][info ][gc,heap       ] GC(16) Old regions: 16->18
[2025-12-22T15:26:49.852+0000][8.998s][info ][gc,heap       ] GC(16) Humongous regions: 0->0
[2025-12-22T15:26:49.852+0000][8.998s][info ][gc,metaspace  ] GC(16) Metaspace: 24801K(25724K)->24801K(25724K) NonClass: 21698K(22268K)->21698K(22268K) Class: 3102K(3456K)->3102K(3456K)
[2025-12-22T15:26:49.852+0000][8.998s][info ][gc            ] GC(16) Pause Young (Normal) (G1 Evacuation Pause) 126M->25M(188M) 13.614ms
[2025-12-22T15:26:49.852+0000][8.998s][info ][gc,cpu        ] GC(16) User=0.04s Sys=0.00s Real=0.01s
[2025-12-22T15:26:49.852+0000][8.998s][info ][safepoint     ] Leaving safepoint region
[2025-12-22T15:26:49.852+0000][8.998s][info ][safepoint     ] Total time for which application threads were stopped: 0.0139344 seconds, Stopping threads took: 0.0000171 seconds
[2025-12-22T15:26:49.852+0000][8.998s][info ][gc,stringdedup] Concurrent String Deduplication (8.998s)
[2025-12-22T15:26:49.855+0000][9.001s][info ][gc,stringdedup] Concurrent String Deduplication 755.2K->296.5K(458.7K) avg 22.7% (8.998s, 9.001s) 2.892ms
[2025-12-22T15:26:50.297+0000][9.442s][debug][safepoint     ] Safepoint synchronization initiated. (11 threads)
[2025-12-22T15:26:50.297+0000][9.443s][info ][safepoint     ] Application time: 0.4447439 seconds
[2025-12-22T15:26:50.297+0000][9.443s][info ][safepoint     ] Entering safepoint region: G1CollectForAllocation
[2025-12-22T15:26:50.297+0000][9.443s][info ][gc,start      ] GC(17) Pause Young (Normal) (G1 Evacuation Pause)
[2025-12-22T15:26:50.297+0000][9.443s][info ][gc,task       ] GC(17) Using 4 workers of 4 for evacuation
[2025-12-22T15:26:50.310+0000][9.455s][info ][gc,phases     ] GC(17)   Pre Evacuate Collection Set: 0.0ms
[2025-12-22T15:26:50.310+0000][9.455s][info ][gc,phases     ] GC(17)   Evacuate Collection Set: 10.8ms
[2025-12-22T15:26:50.310+0000][9.455s][info ][gc,phases     ] GC(17)   Post Evacuate Collection Set: 1.4ms
[2025-12-22T15:26:50.310+0000][9.455s][info ][gc,phases     ] GC(17)   Other: 0.2ms
[2025-12-22T15:26:50.310+0000][9.455s][info ][gc,heap       ] GC(17) Eden regions: 102->0(103)
[2025-12-22T15:26:50.310+0000][9.455s][info ][gc,heap       ] GC(17) Survivor regions: 10->9(14)
[2025-12-22T15:26:50.310+0000][9.455s][info ][gc,heap       ] GC(17) Old regions: 18->20
[2025-12-22T15:26:50.310+0000][9.455s][info ][gc,heap       ] GC(17) Humongous regions: 0->0
[2025-12-22T15:26:50.310+0000][9.455s][info ][gc,metaspace  ] GC(17) Metaspace: 24903K(25980K)->24903K(25980K) NonClass: 21785K(22524K)->21785K(22524K) Class: 3118K(3456K)->3118K(3456K)
[2025-12-22T15:26:50.310+0000][9.455s][info ][gc            ] GC(17) Pause Young (Normal) (G1 Evacuation Pause) 127M->27M(188M) 12.604ms
[2025-12-22T15:26:50.310+0000][9.455s][info ][gc,cpu        ] GC(17) User=0.05s Sys=0.00s Real=0.01s
[2025-12-22T15:26:50.310+0000][9.455s][info ][safepoint     ] Leaving safepoint region
[2025-12-22T15:26:50.310+0000][9.455s][info ][safepoint     ] Total time for which application threads were stopped: 0.0129043 seconds, Stopping threads took: 0.0000183 seconds
[2025-12-22T15:26:50.310+0000][9.456s][info ][gc,stringdedup] Concurrent String Deduplication (9.456s)
[2025-12-22T15:26:50.313+0000][9.458s][info ][gc,stringdedup] Concurrent String Deduplication 692.4K->347.9K(344.5K) avg 25.9% (9.456s, 9.458s) 2.857ms
[2025-12-22T15:26:51.023+0000][10.168s][debug][safepoint     ] Safepoint synchronization initiated. (12 threads)
[2025-12-22T15:26:51.023+0000][10.168s][info ][safepoint     ] Application time: 0.7128523 seconds
[2025-12-22T15:26:51.023+0000][10.168s][info ][safepoint     ] Entering safepoint region: G1CollectForAllocation
[2025-12-22T15:26:51.023+0000][10.169s][info ][gc,start      ] GC(18) Pause Young (Normal) (G1 Evacuation Pause)
[2025-12-22T15:26:51.023+0000][10.169s][info ][gc,task       ] GC(18) Using 4 workers of 4 for evacuation
[2025-12-22T15:26:51.033+0000][10.178s][info ][gc,phases     ] GC(18)   Pre Evacuate Collection Set: 0.0ms
[2025-12-22T15:26:51.033+0000][10.178s][info ][gc,phases     ] GC(18)   Evacuate Collection Set: 7.6ms
[2025-12-22T15:26:51.033+0000][10.178s][info ][gc,phases     ] GC(18)   Post Evacuate Collection Set: 1.7ms
[2025-12-22T15:26:51.033+0000][10.178s][info ][gc,phases     ] GC(18)   Other: 0.3ms
[2025-12-22T15:26:51.033+0000][10.178s][info ][gc,heap       ] GC(18) Eden regions: 103->0(104)
[2025-12-22T15:26:51.033+0000][10.178s][info ][gc,heap       ] GC(18) Survivor regions: 9->8(14)
[2025-12-22T15:26:51.033+0000][10.178s][info ][gc,heap       ] GC(18) Old regions: 20->22
[2025-12-22T15:26:51.033+0000][10.178s][info ][gc,heap       ] GC(18) Humongous regions: 0->0
[2025-12-22T15:26:51.033+0000][10.178s][info ][gc,metaspace  ] GC(18) Metaspace: 26223K(27388K)->26223K(27388K) NonClass: 23014K(23804K)->23014K(23804K) Class: 3208K(3584K)->3208K(3584K)
[2025-12-22T15:26:51.033+0000][10.178s][info ][gc            ] GC(18) Pause Young (Normal) (G1 Evacuation Pause) 130M->27M(188M) 9.716ms
[2025-12-22T15:26:51.033+0000][10.178s][info ][gc,cpu        ] GC(18) User=0.03s Sys=0.00s Real=0.00s
[2025-12-22T15:26:51.033+0000][10.178s][info ][safepoint     ] Leaving safepoint region
[2025-12-22T15:26:51.033+0000][10.178s][info ][safepoint     ] Total time for which application threads were stopped: 0.0101273 seconds, Stopping threads took: 0.0000854 seconds
[2025-12-22T15:26:51.034+0000][10.180s][info ][gc,stringdedup] Concurrent String Deduplication (10.180s)
[2025-12-22T15:26:51.038+0000][10.184s][info ][gc,stringdedup] Concurrent String Deduplication 673.5K->104.6K(569.0K) avg 31.9% (10.180s, 10.184s) 4.108ms
[2025-12-22T15:26:51.283+0000][10.428s][debug][safepoint     ] Safepoint synchronization initiated. (12 threads)
[2025-12-22T15:26:51.283+0000][10.429s][info ][safepoint     ] Application time: 0.2500659 seconds
[2025-12-22T15:26:51.283+0000][10.429s][debug][safepoint     ] Waiting for 1 thread(s) to block
[2025-12-22T15:26:51.283+0000][10.429s][info ][safepoint     ] Entering safepoint region: G1CollectForAllocation
[2025-12-22T15:26:51.283+0000][10.429s][info ][gc,start      ] GC(19) Pause Young (Normal) (G1 Evacuation Pause)
[2025-12-22T15:26:51.283+0000][10.429s][info ][gc,task       ] GC(19) Using 4 workers of 4 for evacuation
[2025-12-22T15:26:51.292+0000][10.437s][info ][gc,phases     ] GC(19)   Pre Evacuate Collection Set: 0.0ms
[2025-12-22T15:26:51.292+0000][10.437s][info ][gc,phases     ] GC(19)   Evacuate Collection Set: 5.9ms
[2025-12-22T15:26:51.292+0000][10.437s][info ][gc,phases     ] GC(19)   Post Evacuate Collection Set: 2.6ms
[2025-12-22T15:26:51.292+0000][10.437s][info ][gc,phases     ] GC(19)   Other: 0.2ms
[2025-12-22T15:26:51.292+0000][10.438s][info ][gc,heap       ] GC(19) Eden regions: 104->0(128)
[2025-12-22T15:26:51.292+0000][10.438s][info ][gc,heap       ] GC(19) Survivor regions: 8->7(14)
[2025-12-22T15:26:51.292+0000][10.438s][info ][gc,heap       ] GC(19) Old regions: 22->22
[2025-12-22T15:26:51.292+0000][10.438s][info ][gc,heap       ] GC(19) Humongous regions: 0->0
[2025-12-22T15:26:51.292+0000][10.438s][info ][gc,metaspace  ] GC(19) Metaspace: 26436K(27388K)->26436K(27388K) NonClass: 23202K(23804K)->23202K(23804K) Class: 3234K(3584K)->3234K(3584K)
[2025-12-22T15:26:51.292+0000][10.438s][info ][gc            ] GC(19) Pause Young (Normal) (G1 Evacuation Pause) 131M->26M(226M) 8.798ms
[2025-12-22T15:26:51.292+0000][10.438s][info ][gc,cpu        ] GC(19) User=0.03s Sys=0.00s Real=0.00s
[2025-12-22T15:26:51.292+0000][10.438s][info ][safepoint     ] Leaving safepoint region
[2025-12-22T15:26:51.292+0000][10.438s][info ][safepoint     ] Total time for which application threads were stopped: 0.0090792 seconds, Stopping threads took: 0.0000958 seconds
[2025-12-22T15:26:51.292+0000][10.438s][info ][gc,stringdedup] Concurrent String Deduplication (10.438s)
[2025-12-22T15:26:51.295+0000][10.440s][info ][gc,stringdedup] Concurrent String Deduplication 957.2K->251.8K(705.4K) avg 37.2% (10.438s, 10.440s) 2.442ms
[2025-12-22T15:26:51.850+0000][10.995s][debug][safepoint     ] Safepoint synchronization initiated. (11 threads)
[2025-12-22T15:26:51.850+0000][10.995s][info ][safepoint     ] Application time: 0.5575442 seconds
[2025-12-22T15:26:51.850+0000][10.995s][info ][safepoint     ] Entering safepoint region: G1CollectForAllocation
[2025-12-22T15:26:51.850+0000][10.996s][info ][gc,start      ] GC(20) Pause Young (Normal) (G1 Evacuation Pause)
[2025-12-22T15:26:51.850+0000][10.996s][info ][gc,task       ] GC(20) Using 4 workers of 4 for evacuation
[2025-12-22T15:26:51.858+0000][11.003s][info ][gc,phases     ] GC(20)   Pre Evacuate Collection Set: 0.0ms
[2025-12-22T15:26:51.858+0000][11.003s][info ][gc,phases     ] GC(20)   Evacuate Collection Set: 5.7ms
[2025-12-22T15:26:51.858+0000][11.003s][info ][gc,phases     ] GC(20)   Post Evacuate Collection Set: 1.8ms
[2025-12-22T15:26:51.858+0000][11.003s][info ][gc,phases     ] GC(20)   Other: 0.2ms
[2025-12-22T15:26:51.858+0000][11.003s][info ][gc,heap       ] GC(20) Eden regions: 128->0(128)
[2025-12-22T15:26:51.858+0000][11.003s][info ][gc,heap       ] GC(20) Survivor regions: 7->7(17)
[2025-12-22T15:26:51.858+0000][11.003s][info ][gc,heap       ] GC(20) Old regions: 22->22
[2025-12-22T15:26:51.858+0000][11.003s][info ][gc,heap       ] GC(20) Humongous regions: 0->0
[2025-12-22T15:26:51.858+0000][11.003s][info ][gc,metaspace  ] GC(20) Metaspace: 30041K(31100K)->30041K(31100K) NonClass: 26402K(27132K)->26402K(27132K) Class: 3638K(3968K)->3638K(3968K)
[2025-12-22T15:26:51.858+0000][11.003s][info ][gc            ] GC(20) Pause Young (Normal) (G1 Evacuation Pause) 154M->27M(226M) 7.935ms
[2025-12-22T15:26:51.858+0000][11.003s][info ][gc,cpu        ] GC(20) User=0.02s Sys=0.00s Real=0.01s
[2025-12-22T15:26:51.858+0000][11.003s][info ][safepoint     ] Leaving safepoint region
[2025-12-22T15:26:51.858+0000][11.004s][info ][safepoint     ] Total time for which application threads were stopped: 0.0082898 seconds, Stopping threads took: 0.0000182 seconds
[2025-12-22T15:26:51.858+0000][11.004s][info ][gc,stringdedup] Concurrent String Deduplication (11.004s)
[2025-12-22T15:26:51.859+0000][11.004s][info ][gc,stringdedup] Concurrent String Deduplication 81640.0B->25752.0B(55888.0B) avg 37.6% (11.004s, 11.004s) 0.413ms
[2025-12-22T15:26:52.293+0000][11.439s][debug][safepoint     ] Safepoint synchronization initiated. (11 threads)
[2025-12-22T15:26:52.302+0000][11.447s][info ][safepoint     ] Application time: 0.4438672 seconds
[2025-12-22T15:26:52.302+0000][11.447s][info ][safepoint     ] Entering safepoint region: Deoptimize
[2025-12-22T15:26:52.303+0000][11.448s][info ][safepoint     ] Leaving safepoint region
[2025-12-22T15:26:52.303+0000][11.449s][info ][safepoint     ] Total time for which application threads were stopped: 0.0011299 seconds, Stopping threads took: 0.0000197 seconds
[2025-12-22T15:26:52.496+0000][11.642s][debug][safepoint     ] Safepoint synchronization initiated. (11 threads)
[2025-12-22T15:26:52.496+0000][11.642s][info ][safepoint     ] Application time: 0.1931700 seconds
[2025-12-22T15:26:52.496+0000][11.642s][info ][safepoint     ] Entering safepoint region: G1CollectForAllocation
[2025-12-22T15:26:52.497+0000][11.642s][info ][gc,start      ] GC(21) Pause Young (Normal) (G1 Evacuation Pause)
[2025-12-22T15:26:52.497+0000][11.642s][info ][gc,task       ] GC(21) Using 4 workers of 4 for evacuation
[2025-12-22T15:26:52.505+0000][11.650s][info ][gc,phases     ] GC(21)   Pre Evacuate Collection Set: 0.0ms
[2025-12-22T15:26:52.505+0000][11.651s][info ][gc,phases     ] GC(21)   Evacuate Collection Set: 6.2ms
[2025-12-22T15:26:52.505+0000][11.651s][info ][gc,phases     ] GC(21)   Post Evacuate Collection Set: 2.1ms
[2025-12-22T15:26:52.505+0000][11.651s][info ][gc,phases     ] GC(21)   Other: 0.1ms
[2025-12-22T15:26:52.505+0000][11.651s][info ][gc,heap       ] GC(21) Eden regions: 128->0(127)
[2025-12-22T15:26:52.505+0000][11.651s][info ][gc,heap       ] GC(21) Survivor regions: 7->8(17)
[2025-12-22T15:26:52.505+0000][11.651s][info ][gc,heap       ] GC(21) Old regions: 22->22
[2025-12-22T15:26:52.505+0000][11.651s][info ][gc,heap       ] GC(21) Humongous regions: 0->0
[2025-12-22T15:26:52.505+0000][11.651s][info ][gc,metaspace  ] GC(21) Metaspace: 33050K(34300K)->33050K(34300K) NonClass: 29069K(29948K)->29069K(29948K) Class: 3980K(4352K)->3980K(4352K)
[2025-12-22T15:26:52.505+0000][11.651s][info ][gc            ] GC(21) Pause Young (Normal) (G1 Evacuation Pause) 155M->28M(226M) 8.762ms
[2025-12-22T15:26:52.505+0000][11.651s][info ][gc,cpu        ] GC(21) User=0.03s Sys=0.00s Real=0.01s
[2025-12-22T15:26:52.505+0000][11.651s][info ][safepoint     ] Leaving safepoint region
[2025-12-22T15:26:52.506+0000][11.651s][info ][safepoint     ] Total time for which application threads were stopped: 0.0091438 seconds, Stopping threads took: 0.0000353 seconds
[2025-12-22T15:26:52.506+0000][11.651s][info ][gc,stringdedup] Concurrent String Deduplication (11.651s)
[2025-12-22T15:26:52.506+0000][11.651s][info ][gc,stringdedup] Concurrent String Deduplication 33912.0B->5056.0B(28856.0B) avg 37.8% (11.651s, 11.651s) 0.123ms
[2025-12-22T15:26:52.771+0000][11.917s][debug][safepoint     ] Safepoint synchronization initiated. (11 threads)
[2025-12-22T15:26:52.771+0000][11.917s][info ][safepoint     ] Application time: 0.2658108 seconds
[2025-12-22T15:26:52.771+0000][11.917s][info ][safepoint     ] Entering safepoint region: Deoptimize
[2025-12-22T15:26:52.772+0000][11.918s][info ][safepoint     ] Leaving safepoint region
[2025-12-22T15:26:52.772+0000][11.918s][info ][safepoint     ] Total time for which application threads were stopped: 0.0009182 seconds, Stopping threads took: 0.0000172 seconds
[2025-12-22T15:26:53.087+0000][12.232s][debug][safepoint     ] Safepoint synchronization initiated. (11 threads)
[2025-12-22T15:26:53.087+0000][12.232s][info ][safepoint     ] Application time: 0.3145289 seconds
[2025-12-22T15:26:53.087+0000][12.232s][info ][safepoint     ] Entering safepoint region: G1CollectForAllocation
[2025-12-22T15:26:53.087+0000][12.232s][info ][gc,start      ] GC(22) Pause Young (Normal) (G1 Evacuation Pause)
[2025-12-22T15:26:53.087+0000][12.232s][info ][gc,task       ] GC(22) Using 4 workers of 4 for evacuation
[2025-12-22T15:26:53.100+0000][12.246s][info ][gc,phases     ] GC(22)   Pre Evacuate Collection Set: 0.0ms
[2025-12-22T15:26:53.100+0000][12.246s][info ][gc,phases     ] GC(22)   Evacuate Collection Set: 8.5ms
[2025-12-22T15:26:53.100+0000][12.246s][info ][gc,phases     ] GC(22)   Post Evacuate Collection Set: 4.6ms
[2025-12-22T15:26:53.100+0000][12.246s][info ][gc,phases     ] GC(22)   Other: 0.1ms
[2025-12-22T15:26:53.100+0000][12.246s][info ][gc,heap       ] GC(22) Eden regions: 127->0(125)
[2025-12-22T15:26:53.100+0000][12.246s][info ][gc,heap       ] GC(22) Survivor regions: 8->10(17)
[2025-12-22T15:26:53.100+0000][12.246s][info ][gc,heap       ] GC(22) Old regions: 22->22
[2025-12-22T15:26:53.100+0000][12.246s][info ][gc,heap       ] GC(22) Humongous regions: 0->0
[2025-12-22T15:26:53.100+0000][12.246s][info ][gc,metaspace  ] GC(22) Metaspace: 33514K(34684K)->33514K(34684K) NonClass: 29466K(30204K)->29466K(30204K) Class: 4048K(4480K)->4048K(4480K)
[2025-12-22T15:26:53.100+0000][12.246s][info ][gc            ] GC(22) Pause Young (Normal) (G1 Evacuation Pause) 155M->29M(226M) 13.470ms
[2025-12-22T15:26:53.101+0000][12.246s][info ][gc,cpu        ] GC(22) User=0.04s Sys=0.00s Real=0.01s
[2025-12-22T15:26:53.101+0000][12.246s][info ][safepoint     ] Leaving safepoint region
[2025-12-22T15:26:53.101+0000][12.246s][info ][safepoint     ] Total time for which application threads were stopped: 0.0137390 seconds, Stopping threads took: 0.0000175 seconds
[2025-12-22T15:26:53.101+0000][12.246s][info ][gc,stringdedup] Concurrent String Deduplication (12.246s)
[2025-12-22T15:26:53.102+0000][12.247s][info ][gc,stringdedup] Concurrent String Deduplication 348.5K->16632.0B(332.2K) avg 40.3% (12.246s, 12.247s) 1.021ms
[2025-12-22T15:26:53.374+0000][12.519s][debug][safepoint     ] Safepoint synchronization initiated. (11 threads)
[2025-12-22T15:26:53.374+0000][12.519s][info ][safepoint     ] Application time: 0.2734916 seconds
[2025-12-22T15:26:53.374+0000][12.519s][info ][safepoint     ] Entering safepoint region: Deoptimize
[2025-12-22T15:26:53.375+0000][12.520s][info ][safepoint     ] Leaving safepoint region
[2025-12-22T15:26:53.375+0000][12.520s][info ][safepoint     ] Total time for which application threads were stopped: 0.0007476 seconds, Stopping threads took: 0.0000169 seconds
[2025-12-22T15:26:53.550+0000][12.696s][debug][safepoint     ] Safepoint synchronization initiated. (11 threads)
[2025-12-22T15:26:53.550+0000][12.696s][info ][safepoint     ] Application time: 0.1755424 seconds
[2025-12-22T15:26:53.550+0000][12.696s][info ][safepoint     ] Entering safepoint region: G1CollectForAllocation
[2025-12-22T15:26:53.551+0000][12.696s][info ][gc,start      ] GC(23) Pause Young (Normal) (G1 Evacuation Pause)
[2025-12-22T15:26:53.551+0000][12.696s][info ][gc,task       ] GC(23) Using 4 workers of 4 for evacuation
[2025-12-22T15:26:53.560+0000][12.705s][info ][gc,phases     ] GC(23)   Pre Evacuate Collection Set: 0.0ms
[2025-12-22T15:26:53.560+0000][12.705s][info ][gc,phases     ] GC(23)   Evacuate Collection Set: 7.4ms
[2025-12-22T15:26:53.560+0000][12.706s][info ][gc,phases     ] GC(23)   Post Evacuate Collection Set: 1.8ms
[2025-12-22T15:26:53.560+0000][12.706s][info ][gc,phases     ] GC(23)   Other: 0.2ms
[2025-12-22T15:26:53.560+0000][12.706s][info ][gc,heap       ] GC(23) Eden regions: 125->0(125)
[2025-12-22T15:26:53.560+0000][12.706s][info ][gc,heap       ] GC(23) Survivor regions: 10->10(17)
[2025-12-22T15:26:53.560+0000][12.706s][info ][gc,heap       ] GC(23) Old regions: 22->22
[2025-12-22T15:26:53.560+0000][12.706s][info ][gc,heap       ] GC(23) Humongous regions: 0->0
[2025-12-22T15:26:53.560+0000][12.706s][info ][gc,metaspace  ] GC(23) Metaspace: 34220K(35452K)->34220K(35452K) NonClass: 30092K(30972K)->30092K(30972K) Class: 4128K(4480K)->4128K(4480K)
[2025-12-22T15:26:53.560+0000][12.706s][info ][gc            ] GC(23) Pause Young (Normal) (G1 Evacuation Pause) 154M->29M(226M) 9.548ms
[2025-12-22T15:26:53.560+0000][12.706s][info ][gc,cpu        ] GC(23) User=0.04s Sys=0.00s Real=0.01s
[2025-12-22T15:26:53.560+0000][12.706s][info ][safepoint     ] Leaving safepoint region
[2025-12-22T15:26:53.560+0000][12.706s][info ][safepoint     ] Total time for which application threads were stopped: 0.0098691 seconds, Stopping threads took: 0.0000723 seconds
[2025-12-22T15:26:53.560+0000][12.706s][info ][gc,stringdedup] Concurrent String Deduplication (12.706s)
[2025-12-22T15:26:53.561+0000][12.707s][info ][gc,stringdedup] Concurrent String Deduplication 170.3K->59176.0B(112.5K) avg 40.8% (12.706s, 12.707s) 0.909ms
[2025-12-22T15:26:53.822+0000][12.967s][debug][safepoint     ] Safepoint synchronization initiated. (11 threads)
[2025-12-22T15:26:53.822+0000][12.967s][info ][safepoint     ] Application time: 0.2614530 seconds
[2025-12-22T15:26:53.822+0000][12.967s][debug][safepoint     ] Waiting for 1 thread(s) to block
[2025-12-22T15:26:53.822+0000][12.967s][info ][safepoint     ] Entering safepoint region: Deoptimize
[2025-12-22T15:26:53.823+0000][12.968s][info ][safepoint     ] Leaving safepoint region
[2025-12-22T15:26:53.823+0000][12.968s][info ][safepoint     ] Total time for which application threads were stopped: 0.0008235 seconds, Stopping threads took: 0.0000506 seconds
[2025-12-22T15:26:53.837+0000][12.982s][debug][safepoint     ] Safepoint synchronization initiated. (11 threads)
[2025-12-22T15:26:53.837+0000][12.982s][info ][safepoint     ] Application time: 0.0142318 seconds
[2025-12-22T15:26:53.837+0000][12.982s][info ][safepoint     ] Entering safepoint region: Deoptimize
[2025-12-22T15:26:53.837+0000][12.983s][info ][safepoint     ] Leaving safepoint region
[2025-12-22T15:26:53.837+0000][12.983s][info ][safepoint     ] Total time for which application threads were stopped: 0.0003578 seconds, Stopping threads took: 0.0000138 seconds
[2025-12-22T15:26:53.871+0000][13.016s][debug][safepoint     ] Safepoint synchronization initiated. (11 threads)
[2025-12-22T15:26:53.871+0000][13.016s][info ][safepoint     ] Application time: 0.0338218 seconds
[2025-12-22T15:26:53.871+0000][13.017s][info ][safepoint     ] Entering safepoint region: Deoptimize
[2025-12-22T15:26:53.872+0000][13.017s][info ][safepoint     ] Leaving safepoint region
[2025-12-22T15:26:53.872+0000][13.017s][info ][safepoint     ] Total time for which application threads were stopped: 0.0005976 seconds, Stopping threads took: 0.0000180 seconds
[2025-12-22T15:26:53.916+0000][13.061s][debug][safepoint     ] Safepoint synchronization initiated. (11 threads)
[2025-12-22T15:26:53.916+0000][13.061s][info ][safepoint     ] Application time: 0.0439838 seconds
[2025-12-22T15:26:53.916+0000][13.061s][info ][safepoint     ] Entering safepoint region: Deoptimize
[2025-12-22T15:26:53.916+0000][13.062s][info ][safepoint     ] Leaving safepoint region
[2025-12-22T15:26:53.916+0000][13.062s][info ][safepoint     ] Total time for which application threads were stopped: 0.0006748 seconds, Stopping threads took: 0.0000150 seconds
[2025-12-22T15:26:54.333+0000][13.479s][debug][safepoint     ] Safepoint synchronization initiated. (11 threads)
[2025-12-22T15:26:54.334+0000][13.479s][info ][safepoint     ] Application time: 0.4171643 seconds
[2025-12-22T15:26:54.334+0000][13.479s][info ][safepoint     ] Entering safepoint region: Deoptimize
[2025-12-22T15:26:54.335+0000][13.480s][info ][safepoint     ] Leaving safepoint region
[2025-12-22T15:26:54.335+0000][13.480s][info ][safepoint     ] Total time for which application threads were stopped: 0.0010278 seconds, Stopping threads took: 0.0000356 seconds
[2025-12-22T15:26:54.371+0000][13.517s][debug][safepoint     ] Safepoint synchronization initiated. (11 threads)
[2025-12-22T15:26:54.372+0000][13.517s][info ][safepoint     ] Application time: 0.0368473 seconds
[2025-12-22T15:26:54.372+0000][13.517s][info ][safepoint     ] Entering safepoint region: G1CollectForAllocation
[2025-12-22T15:26:54.372+0000][13.517s][info ][gc,start      ] GC(24) Pause Young (Normal) (G1 Evacuation Pause)
[2025-12-22T15:26:54.372+0000][13.517s][info ][gc,task       ] GC(24) Using 4 workers of 4 for evacuation
[2025-12-22T15:26:54.384+0000][13.529s][info ][gc,phases     ] GC(24)   Pre Evacuate Collection Set: 0.0ms
[2025-12-22T15:26:54.384+0000][13.529s][info ][gc,phases     ] GC(24)   Evacuate Collection Set: 10.2ms
[2025-12-22T15:26:54.384+0000][13.529s][info ][gc,phases     ] GC(24)   Post Evacuate Collection Set: 1.9ms
[2025-12-22T15:26:54.384+0000][13.529s][info ][gc,phases     ] GC(24)   Other: 0.1ms
[2025-12-22T15:26:54.384+0000][13.529s][info ][gc,heap       ] GC(24) Eden regions: 125->0(126)
[2025-12-22T15:26:54.384+0000][13.529s][info ][gc,heap       ] GC(24) Survivor regions: 10->9(17)
[2025-12-22T15:26:54.384+0000][13.529s][info ][gc,heap       ] GC(24) Old regions: 22->24
[2025-12-22T15:26:54.384+0000][13.529s][info ][gc,heap       ] GC(24) Humongous regions: 0->0
[2025-12-22T15:26:54.384+0000][13.529s][info ][gc,metaspace  ] GC(24) Metaspace: 36850K(38012K)->36850K(38012K) NonClass: 32285K(33020K)->32285K(33020K) Class: 4564K(4992K)->4564K(4992K)
[2025-12-22T15:26:54.384+0000][13.530s][info ][gc            ] GC(24) Pause Young (Normal) (G1 Evacuation Pause) 154M->30M(226M) 12.466ms
[2025-12-22T15:26:54.384+0000][13.530s][info ][gc,cpu        ] GC(24) User=0.05s Sys=0.00s Real=0.02s
[2025-12-22T15:26:54.384+0000][13.530s][info ][safepoint     ] Leaving safepoint region
[2025-12-22T15:26:54.384+0000][13.530s][info ][safepoint     ] Total time for which application threads were stopped: 0.0126709 seconds, Stopping threads took: 0.0000148 seconds
[2025-12-22T15:26:54.384+0000][13.530s][info ][gc,stringdedup] Concurrent String Deduplication (13.530s)
[2025-12-22T15:26:54.386+0000][13.531s][info ][gc,stringdedup] Concurrent String Deduplication 294.9K->139.3K(155.6K) avg 41.3% (13.530s, 13.531s) 1.265ms
[2025-12-22T15:26:54.387+0000][13.533s][debug][safepoint     ] Safepoint synchronization initiated. (11 threads)
[2025-12-22T15:26:54.387+0000][13.533s][info ][safepoint     ] Application time: 0.0030313 seconds
[2025-12-22T15:26:54.387+0000][13.533s][info ][safepoint     ] Entering safepoint region: Deoptimize
[2025-12-22T15:26:54.388+0000][13.534s][info ][safepoint     ] Leaving safepoint region
[2025-12-22T15:26:54.388+0000][13.534s][info ][safepoint     ] Total time for which application threads were stopped: 0.0009536 seconds, Stopping threads took: 0.0000146 seconds
[2025-12-22T15:26:54.815+0000][13.960s][debug][safepoint     ] Safepoint synchronization initiated. (11 threads)
[2025-12-22T15:26:54.815+0000][13.960s][info ][safepoint     ] Application time: 0.4266981 seconds
[2025-12-22T15:26:54.815+0000][13.960s][info ][safepoint     ] Entering safepoint region: G1CollectForAllocation
[2025-12-22T15:26:54.815+0000][13.961s][info ][gc,start      ] GC(25) Pause Young (Normal) (G1 Evacuation Pause)
[2025-12-22T15:26:54.815+0000][13.961s][info ][gc,task       ] GC(25) Using 4 workers of 4 for evacuation
[2025-12-22T15:26:54.825+0000][13.970s][info ][gc,phases     ] GC(25)   Pre Evacuate Collection Set: 0.0ms
[2025-12-22T15:26:54.825+0000][13.970s][info ][gc,phases     ] GC(25)   Evacuate Collection Set: 7.7ms
[2025-12-22T15:26:54.825+0000][13.970s][info ][gc,phases     ] GC(25)   Post Evacuate Collection Set: 1.8ms
[2025-12-22T15:26:54.825+0000][13.970s][info ][gc,phases     ] GC(25)   Other: 0.1ms
[2025-12-22T15:26:54.825+0000][13.970s][info ][gc,heap       ] GC(25) Eden regions: 126->0(126)
[2025-12-22T15:26:54.825+0000][13.970s][info ][gc,heap       ] GC(25) Survivor regions: 9->9(17)
[2025-12-22T15:26:54.825+0000][13.970s][info ][gc,heap       ] GC(25) Old regions: 24->24
[2025-12-22T15:26:54.825+0000][13.970s][info ][gc,heap       ] GC(25) Humongous regions: 0->0
[2025-12-22T15:26:54.825+0000][13.970s][info ][gc,metaspace  ] GC(25) Metaspace: 38241K(39420K)->38241K(39420K) NonClass: 33535K(34300K)->33535K(34300K) Class: 4706K(5120K)->4706K(5120K)
[2025-12-22T15:26:54.825+0000][13.970s][info ][gc            ] GC(25) Pause Young (Normal) (G1 Evacuation Pause) 156M->30M(226M) 9.778ms
[2025-12-22T15:26:54.825+0000][13.970s][info ][gc,cpu        ] GC(25) User=0.03s Sys=0.00s Real=0.01s
[2025-12-22T15:26:54.825+0000][13.970s][info ][safepoint     ] Leaving safepoint region
[2025-12-22T15:26:54.825+0000][13.970s][info ][safepoint     ] Total time for which application threads were stopped: 0.0100406 seconds, Stopping threads took: 0.0000171 seconds
[2025-12-22T15:26:54.825+0000][13.970s][info ][gc,stringdedup] Concurrent String Deduplication (13.970s)
[2025-12-22T15:26:54.826+0000][13.971s][info ][gc,stringdedup] Concurrent String Deduplication 176.7K->79984.0B(100992.0B) avg 41.6% (13.970s, 13.971s) 0.771ms
[2025-12-22T15:26:55.460+0000][14.605s][debug][safepoint     ] Safepoint synchronization initiated. (11 threads)
[2025-12-22T15:26:55.460+0000][14.605s][info ][safepoint     ] Application time: 0.6348802 seconds
[2025-12-22T15:26:55.460+0000][14.605s][info ][safepoint     ] Entering safepoint region: CollectForMetadataAllocation
[2025-12-22T15:26:55.460+0000][14.606s][info ][gc,start      ] GC(26) Pause Young (Concurrent Start) (Metadata GC Threshold)
[2025-12-22T15:26:55.460+0000][14.606s][info ][gc,task       ] GC(26) Using 4 workers of 4 for evacuation
[2025-12-22T15:26:55.476+0000][14.622s][info ][gc,phases     ] GC(26)   Pre Evacuate Collection Set: 0.2ms
[2025-12-22T15:26:55.476+0000][14.622s][info ][gc,phases     ] GC(26)   Evacuate Collection Set: 12.0ms
[2025-12-22T15:26:55.476+0000][14.622s][info ][gc,phases     ] GC(26)   Post Evacuate Collection Set: 3.5ms
[2025-12-22T15:26:55.476+0000][14.622s][info ][gc,phases     ] GC(26)   Other: 0.2ms
[2025-12-22T15:26:55.476+0000][14.622s][info ][gc,heap       ] GC(26) Eden regions: 114->0(126)
[2025-12-22T15:26:55.476+0000][14.622s][info ][gc,heap       ] GC(26) Survivor regions: 9->9(17)
[2025-12-22T15:26:55.476+0000][14.622s][info ][gc,heap       ] GC(26) Old regions: 24->25
[2025-12-22T15:26:55.476+0000][14.622s][info ][gc,heap       ] GC(26) Humongous regions: 0->0
[2025-12-22T15:26:55.476+0000][14.622s][info ][gc,metaspace  ] GC(26) Metaspace: 40154K(41340K)->40154K(41340K) NonClass: 35253K(36092K)->35253K(36092K) Class: 4900K(5248K)->4900K(5248K)
[2025-12-22T15:26:55.476+0000][14.622s][info ][gc            ] GC(26) Pause Young (Concurrent Start) (Metadata GC Threshold) 144M->32M(226M) 16.227ms
[2025-12-22T15:26:55.476+0000][14.622s][info ][gc,cpu        ] GC(26) User=0.05s Sys=0.00s Real=0.02s
[2025-12-22T15:26:55.477+0000][14.622s][info ][gc            ] GC(27) Concurrent Cycle
[2025-12-22T15:26:55.477+0000][14.622s][info ][gc,marking    ] GC(27) Concurrent Clear Claimed Marks
[2025-12-22T15:26:55.477+0000][14.622s][info ][safepoint     ] Leaving safepoint region
[2025-12-22T15:26:55.477+0000][14.622s][info ][safepoint     ] Total time for which application threads were stopped: 0.0167666 seconds, Stopping threads took: 0.0000171 seconds
[2025-12-22T15:26:55.477+0000][14.622s][info ][gc,marking    ] GC(27) Concurrent Clear Claimed Marks 0.111ms
[2025-12-22T15:26:55.477+0000][14.622s][info ][gc,stringdedup] Concurrent String Deduplication (14.622s)
[2025-12-22T15:26:55.477+0000][14.622s][info ][gc,marking    ] GC(27) Concurrent Scan Root Regions
[2025-12-22T15:26:55.478+0000][14.623s][info ][gc,stringdedup] Concurrent String Deduplication 93024.0B->38496.0B(54528.0B) avg 41.7% (14.622s, 14.623s) 0.791ms
[2025-12-22T15:26:55.484+0000][14.630s][info ][gc,marking    ] GC(27) Concurrent Scan Root Regions 7.738ms
[2025-12-22T15:26:55.484+0000][14.630s][info ][gc,marking    ] GC(27) Concurrent Mark (14.630s)
[2025-12-22T15:26:55.485+0000][14.630s][info ][gc,marking    ] GC(27) Concurrent Mark From Roots
[2025-12-22T15:26:55.485+0000][14.630s][info ][gc,task       ] GC(27) Using 1 workers of 1 for marking
[2025-12-22T15:26:55.526+0000][14.672s][info ][gc,marking    ] GC(27) Concurrent Mark From Roots 41.801ms
[2025-12-22T15:26:55.526+0000][14.672s][info ][gc,marking    ] GC(27) Concurrent Preclean
[2025-12-22T15:26:55.526+0000][14.672s][info ][gc,marking    ] GC(27) Concurrent Preclean 0.108ms
[2025-12-22T15:26:55.526+0000][14.672s][info ][gc,marking    ] GC(27) Concurrent Mark (14.630s, 14.672s) 42.000ms
[2025-12-22T15:26:55.527+0000][14.672s][debug][safepoint     ] Safepoint synchronization initiated. (11 threads)
[2025-12-22T15:26:55.527+0000][14.672s][info ][safepoint     ] Application time: 0.0499214 seconds
[2025-12-22T15:26:55.529+0000][14.674s][debug][safepoint     ] ... found polling page return exception at pc = 0x00007fb9d459fff6, stub =0x00007fb9cc824b00
[2025-12-22T15:26:55.529+0000][14.674s][debug][safepoint     ] Waiting for 1 thread(s) to block
[2025-12-22T15:26:55.529+0000][14.675s][info ][safepoint     ] Entering safepoint region: CGC_Operation
[2025-12-22T15:26:55.529+0000][14.675s][info ][gc,start      ] GC(27) Pause Remark
[2025-12-22T15:26:55.540+0000][14.686s][info ][gc,stringtable] GC(27) Cleaned string and symbol table, strings: 13907 processed, 27 removed, symbols: 138506 processed, 332 removed
[2025-12-22T15:26:55.541+0000][14.686s][info ][gc            ] GC(27) Pause Remark 39M->39M(226M) 11.371ms
[2025-12-22T15:26:55.541+0000][14.686s][info ][gc,cpu        ] GC(27) User=0.04s Sys=0.00s Real=0.01s
[2025-12-22T15:26:55.541+0000][14.686s][info ][safepoint     ] Leaving safepoint region
[2025-12-22T15:26:55.541+0000][14.686s][info ][safepoint     ] Total time for which application threads were stopped: 0.0140945 seconds, Stopping threads took: 0.0025425 seconds
[2025-12-22T15:26:55.541+0000][14.686s][info ][gc,marking    ] GC(27) Concurrent Rebuild Remembered Sets
[2025-12-22T15:26:55.566+0000][14.711s][info ][gc,marking    ] GC(27) Concurrent Rebuild Remembered Sets 24.858ms
[2025-12-22T15:26:55.566+0000][14.711s][debug][safepoint     ] Safepoint synchronization initiated. (11 threads)
[2025-12-22T15:26:55.566+0000][14.711s][info ][safepoint     ] Application time: 0.0250013 seconds
[2025-12-22T15:26:55.566+0000][14.711s][debug][safepoint     ] Waiting for 1 thread(s) to block
[2025-12-22T15:26:55.566+0000][14.711s][info ][safepoint     ] Entering safepoint region: CGC_Operation
[2025-12-22T15:26:55.566+0000][14.711s][info ][gc,start      ] GC(27) Pause Cleanup
[2025-12-22T15:26:55.566+0000][14.712s][info ][gc            ] GC(27) Pause Cleanup 43M->43M(226M) 0.161ms
[2025-12-22T15:26:55.566+0000][14.712s][info ][gc,cpu        ] GC(27) User=0.00s Sys=0.00s Real=0.00s
[2025-12-22T15:26:55.566+0000][14.712s][info ][safepoint     ] Leaving safepoint region
[2025-12-22T15:26:55.566+0000][14.712s][info ][safepoint     ] Total time for which application threads were stopped: 0.0004962 seconds, Stopping threads took: 0.0001718 seconds
[2025-12-22T15:26:55.566+0000][14.712s][info ][gc,marking    ] GC(27) Concurrent Cleanup for Next Mark
[2025-12-22T15:26:55.568+0000][14.713s][info ][gc,marking    ] GC(27) Concurrent Cleanup for Next Mark 1.624ms
[2025-12-22T15:26:55.568+0000][14.713s][info ][gc            ] GC(27) Concurrent Cycle 91.376ms
[2025-12-22T15:26:56.566+0000][15.712s][debug][safepoint     ] Safepoint synchronization initiated. (12 threads)
[2025-12-22T15:26:56.566+0000][15.712s][info ][safepoint     ] Application time: 1.0002239 seconds
[2025-12-22T15:26:56.566+0000][15.712s][debug][safepoint     ] ... found polling page return exception at pc = 0x00007fb9d432a77c, stub =0x00007fb9cc824b00
[2025-12-22T15:26:56.567+0000][15.712s][debug][safepoint     ] Waiting for 1 thread(s) to block
[2025-12-22T15:26:56.567+0000][15.712s][info ][safepoint     ] Entering safepoint region: Cleanup
[2025-12-22T15:26:56.567+0000][15.712s][info ][safepoint     ] Leaving safepoint region
[2025-12-22T15:26:56.567+0000][15.712s][info ][safepoint     ] Total time for which application threads were stopped: 0.0003325 seconds, Stopping threads took: 0.0001502 seconds
[2025-12-22T15:26:56.567+0000][15.713s][debug][safepoint     ] Safepoint synchronization initiated. (12 threads)
[2025-12-22T15:26:56.567+0000][15.713s][info ][safepoint     ] Application time: 0.0004976 seconds
[2025-12-22T15:26:56.567+0000][15.713s][info ][safepoint     ] Entering safepoint region: G1CollectForAllocation
[2025-12-22T15:26:56.567+0000][15.713s][info ][gc,start      ] GC(28) Pause Young (Normal) (G1 Evacuation Pause)
[2025-12-22T15:26:56.567+0000][15.713s][info ][gc,task       ] GC(28) Using 4 workers of 4 for evacuation
[2025-12-22T15:26:56.581+0000][15.727s][info ][gc,phases     ] GC(28)   Pre Evacuate Collection Set: 0.0ms
[2025-12-22T15:26:56.581+0000][15.727s][info ][gc,phases     ] GC(28)   Evacuate Collection Set: 10.2ms
[2025-12-22T15:26:56.581+0000][15.727s][info ][gc,phases     ] GC(28)   Post Evacuate Collection Set: 3.4ms
[2025-12-22T15:26:56.581+0000][15.727s][info ][gc,phases     ] GC(28)   Other: 0.2ms
[2025-12-22T15:26:56.581+0000][15.727s][info ][gc,heap       ] GC(28) Eden regions: 126->0(154)
[2025-12-22T15:26:56.581+0000][15.727s][info ][gc,heap       ] GC(28) Survivor regions: 9->9(17)
[2025-12-22T15:26:56.581+0000][15.727s][info ][gc,heap       ] GC(28) Old regions: 25->26
[2025-12-22T15:26:56.581+0000][15.727s][info ][gc,heap       ] GC(28) Humongous regions: 0->0
[2025-12-22T15:26:56.581+0000][15.727s][info ][gc,metaspace  ] GC(28) Metaspace: 41484K(42620K)->41484K(42620K) NonClass: 36359K(37116K)->36359K(37116K) Class: 5124K(5504K)->5124K(5504K)
[2025-12-22T15:26:56.581+0000][15.727s][info ][gc            ] GC(28) Pause Young (Normal) (G1 Evacuation Pause) 158M->32M(272M) 14.024ms
[2025-12-22T15:26:56.581+0000][15.727s][info ][gc,cpu        ] GC(28) User=0.04s Sys=0.00s Real=0.01s
[2025-12-22T15:26:56.582+0000][15.727s][info ][safepoint     ] Leaving safepoint region
[2025-12-22T15:26:56.582+0000][15.727s][info ][safepoint     ] Total time for which application threads were stopped: 0.0142141 seconds, Stopping threads took: 0.0000313 seconds
[2025-12-22T15:26:56.582+0000][15.727s][info ][gc,stringdedup] Concurrent String Deduplication (15.727s)
[2025-12-22T15:26:56.582+0000][15.727s][info ][gc,stringdedup] Concurrent String Deduplication 94656.0B->27304.0B(67352.0B) avg 42.0% (15.727s, 15.727s) 0.416ms
[2025-12-22T15:26:56.922+0000][16.068s][debug][safepoint     ] Safepoint synchronization initiated. (12 threads)
[2025-12-22T15:26:56.922+0000][16.068s][info ][safepoint     ] Application time: 0.3407564 seconds
[2025-12-22T15:26:56.922+0000][16.068s][info ][safepoint     ] Entering safepoint region: Deoptimize
[2025-12-22T15:26:56.923+0000][16.069s][info ][safepoint     ] Leaving safepoint region
[2025-12-22T15:26:56.923+0000][16.069s][info ][safepoint     ] Total time for which application threads were stopped: 0.0009166 seconds, Stopping threads took: 0.0000176 seconds
[2025-12-22T15:26:56.942+0000][16.088s][debug][safepoint     ] Safepoint synchronization initiated. (12 threads)
[2025-12-22T15:26:56.942+0000][16.088s][info ][safepoint     ] Application time: 0.0192444 seconds
[2025-12-22T15:26:56.943+0000][16.088s][info ][safepoint     ] Entering safepoint region: Deoptimize
[2025-12-22T15:26:56.943+0000][16.089s][info ][safepoint     ] Leaving safepoint region
[2025-12-22T15:26:56.943+0000][16.089s][info ][safepoint     ] Total time for which application threads were stopped: 0.0006328 seconds, Stopping threads took: 0.0000257 seconds
[2025-12-22T15:26:56.977+0000][16.122s][debug][safepoint     ] Safepoint synchronization initiated. (12 threads)
[2025-12-22T15:26:56.977+0000][16.122s][info ][safepoint     ] Application time: 0.0338315 seconds
[2025-12-22T15:26:56.977+0000][16.122s][info ][safepoint     ] Entering safepoint region: Deoptimize
[2025-12-22T15:26:56.978+0000][16.123s][info ][safepoint     ] Leaving safepoint region
[2025-12-22T15:26:56.978+0000][16.123s][info ][safepoint     ] Total time for which application threads were stopped: 0.0005580 seconds, Stopping threads took: 0.0000142 seconds
[2025-12-22T15:26:57.359+0000][16.505s][debug][safepoint     ] Safepoint synchronization initiated. (12 threads)
[2025-12-22T15:26:57.360+0000][16.505s][info ][safepoint     ] Application time: 0.3819687 seconds
[2025-12-22T15:26:57.360+0000][16.505s][debug][safepoint     ] Waiting for 1 thread(s) to block
[2025-12-22T15:26:57.360+0000][16.505s][info ][safepoint     ] Entering safepoint region: Deoptimize
[2025-12-22T15:26:57.361+0000][16.506s][info ][safepoint     ] Leaving safepoint region
[2025-12-22T15:26:57.361+0000][16.506s][info ][safepoint     ] Total time for which application threads were stopped: 0.0011735 seconds, Stopping threads took: 0.0000976 seconds
[2025-12-22T15:26:57.362+0000][16.508s][debug][safepoint     ] Safepoint synchronization initiated. (12 threads)
[2025-12-22T15:26:57.362+0000][16.508s][info ][safepoint     ] Application time: 0.0015189 seconds
[2025-12-22T15:26:57.362+0000][16.508s][info ][safepoint     ] Entering safepoint region: Deoptimize
[2025-12-22T15:26:57.363+0000][16.508s][info ][safepoint     ] Leaving safepoint region
[2025-12-22T15:26:57.363+0000][16.508s][info ][safepoint     ] Total time for which application threads were stopped: 0.0003841 seconds, Stopping threads took: 0.0000174 seconds
[2025-12-22T15:26:57.467+0000][16.612s][debug][safepoint     ] Safepoint synchronization initiated. (12 threads)
[2025-12-22T15:26:57.467+0000][16.612s][info ][safepoint     ] Application time: 0.1042503 seconds
[2025-12-22T15:26:57.467+0000][16.612s][info ][safepoint     ] Entering safepoint region: Deoptimize
[2025-12-22T15:26:57.468+0000][16.613s][info ][safepoint     ] Leaving safepoint region
[2025-12-22T15:26:57.468+0000][16.613s][info ][safepoint     ] Total time for which application threads were stopped: 0.0009886 seconds, Stopping threads took: 0.0000176 seconds
[2025-12-22T15:26:57.771+0000][16.916s][debug][safepoint     ] Safepoint synchronization initiated. (12 threads)
[2025-12-22T15:26:57.771+0000][16.916s][info ][safepoint     ] Application time: 0.3026688 seconds
[2025-12-22T15:26:57.771+0000][16.916s][info ][safepoint     ] Entering safepoint region: G1CollectForAllocation
[2025-12-22T15:26:57.771+0000][16.916s][info ][gc,start      ] GC(29) Pause Young (Normal) (G1 Evacuation Pause)
[2025-12-22T15:26:57.771+0000][16.916s][info ][gc,task       ] GC(29) Using 4 workers of 4 for evacuation
[2025-12-22T15:26:57.784+0000][16.929s][info ][gc,phases     ] GC(29)   Pre Evacuate Collection Set: 0.0ms
[2025-12-22T15:26:57.784+0000][16.929s][info ][gc,phases     ] GC(29)   Evacuate Collection Set: 10.8ms
[2025-12-22T15:26:57.784+0000][16.929s][info ][gc,phases     ] GC(29)   Post Evacuate Collection Set: 2.1ms
[2025-12-22T15:26:57.784+0000][16.930s][info ][gc,phases     ] GC(29)   Other: 0.2ms
[2025-12-22T15:26:57.784+0000][16.930s][info ][gc,heap       ] GC(29) Eden regions: 154->0(152)
[2025-12-22T15:26:57.784+0000][16.930s][info ][gc,heap       ] GC(29) Survivor regions: 9->11(21)
[2025-12-22T15:26:57.784+0000][16.930s][info ][gc,heap       ] GC(29) Old regions: 26->27
[2025-12-22T15:26:57.784+0000][16.930s][info ][gc,heap       ] GC(29) Humongous regions: 0->0
[2025-12-22T15:26:57.784+0000][16.930s][info ][gc,metaspace  ] GC(29) Metaspace: 45693K(47100K)->45693K(47100K) NonClass: 40002K(40956K)->40002K(40956K) Class: 5690K(6144K)->5690K(6144K)
[2025-12-22T15:26:57.784+0000][16.930s][info ][gc            ] GC(29) Pause Young (Normal) (G1 Evacuation Pause) 186M->35M(272M) 13.265ms
[2025-12-22T15:26:57.784+0000][16.930s][info ][gc,cpu        ] GC(29) User=0.04s Sys=0.00s Real=0.02s
[2025-12-22T15:26:57.784+0000][16.930s][info ][safepoint     ] Leaving safepoint region
[2025-12-22T15:26:57.784+0000][16.930s][info ][safepoint     ] Total time for which application threads were stopped: 0.0135778 seconds, Stopping threads took: 0.0000339 seconds
[2025-12-22T15:26:57.784+0000][16.930s][info ][gc,stringdedup] Concurrent String Deduplication (16.930s)
[2025-12-22T15:26:57.785+0000][16.931s][info ][gc,stringdedup] Concurrent String Deduplication 253.5K->57584.0B(197.2K) avg 43.0% (16.930s, 16.931s) 1.056ms
[2025-12-22T15:26:57.983+0000][17.128s][debug][safepoint     ] Safepoint synchronization initiated. (12 threads)
[2025-12-22T15:26:57.983+0000][17.128s][info ][safepoint     ] Application time: 0.1984549 seconds
[2025-12-22T15:26:57.983+0000][17.128s][info ][safepoint     ] Entering safepoint region: Deoptimize
[2025-12-22T15:26:57.984+0000][17.129s][info ][safepoint     ] Leaving safepoint region
[2025-12-22T15:26:57.984+0000][17.129s][info ][safepoint     ] Total time for which application threads were stopped: 0.0009644 seconds, Stopping threads took: 0.0000249 seconds
[2025-12-22T15:26:57.985+0000][17.130s][debug][safepoint     ] Safepoint synchronization initiated. (12 threads)
[2025-12-22T15:26:57.985+0000][17.130s][info ][safepoint     ] Application time: 0.0012362 seconds
[2025-12-22T15:26:57.985+0000][17.130s][info ][safepoint     ] Entering safepoint region: Deoptimize
[2025-12-22T15:26:57.985+0000][17.131s][info ][safepoint     ] Leaving safepoint region
[2025-12-22T15:26:57.985+0000][17.131s][info ][safepoint     ] Total time for which application threads were stopped: 0.0003169 seconds, Stopping threads took: 0.0000136 seconds
[2025-12-22T15:26:58.224+0000][17.370s][debug][safepoint     ] Safepoint synchronization initiated. (12 threads)
[2025-12-22T15:26:58.224+0000][17.370s][info ][safepoint     ] Application time: 0.2390689 seconds
[2025-12-22T15:26:58.224+0000][17.370s][info ][safepoint     ] Entering safepoint region: Deoptimize
[2025-12-22T15:26:58.225+0000][17.371s][info ][safepoint     ] Leaving safepoint region
[2025-12-22T15:26:58.225+0000][17.371s][info ][safepoint     ] Total time for which application threads were stopped: 0.0008661 seconds, Stopping threads took: 0.0000321 seconds
[2025-12-22T15:26:58.404+0000][17.549s][debug][safepoint     ] Safepoint synchronization initiated. (12 threads)
[2025-12-22T15:26:58.404+0000][17.549s][info ][safepoint     ] Application time: 0.1784546 seconds
[2025-12-22T15:26:58.404+0000][17.549s][info ][safepoint     ] Entering safepoint region: Deoptimize
[2025-12-22T15:26:58.405+0000][17.550s][info ][safepoint     ] Leaving safepoint region
[2025-12-22T15:26:58.405+0000][17.550s][info ][safepoint     ] Total time for which application threads were stopped: 0.0008820 seconds, Stopping threads took: 0.0000180 seconds
[2025-12-22T15:26:59.000+0000][18.146s][debug][safepoint     ] Safepoint synchronization initiated. (12 threads)
[2025-12-22T15:26:59.000+0000][18.146s][info ][safepoint     ] Application time: 0.5956295 seconds
[2025-12-22T15:26:59.000+0000][18.146s][info ][safepoint     ] Entering safepoint region: Deoptimize
[2025-12-22T15:26:59.002+0000][18.147s][info ][safepoint     ] Leaving safepoint region
[2025-12-22T15:26:59.002+0000][18.147s][info ][safepoint     ] Total time for which application threads were stopped: 0.0012499 seconds, Stopping threads took: 0.0000173 seconds
[2025-12-22T15:26:59.062+0000][18.207s][debug][safepoint     ] Safepoint synchronization initiated. (14 threads)
[2025-12-22T15:26:59.062+0000][18.207s][info ][safepoint     ] Application time: 0.0603784 seconds
[2025-12-22T15:26:59.062+0000][18.207s][info ][safepoint     ] Entering safepoint region: G1CollectForAllocation
[2025-12-22T15:26:59.062+0000][18.208s][info ][gc,start      ] GC(30) Pause Young (Normal) (G1 Evacuation Pause)
[2025-12-22T15:26:59.062+0000][18.208s][info ][gc,task       ] GC(30) Using 4 workers of 4 for evacuation
[2025-12-22T15:26:59.076+0000][18.221s][info ][gc,phases     ] GC(30)   Pre Evacuate Collection Set: 0.0ms
[2025-12-22T15:26:59.076+0000][18.221s][info ][gc,phases     ] GC(30)   Evacuate Collection Set: 11.2ms
[2025-12-22T15:26:59.076+0000][18.221s][info ][gc,phases     ] GC(30)   Post Evacuate Collection Set: 2.2ms
[2025-12-22T15:26:59.076+0000][18.221s][info ][gc,phases     ] GC(30)   Other: 0.2ms
[2025-12-22T15:26:59.076+0000][18.221s][info ][gc,heap       ] GC(30) Eden regions: 152->0(150)
[2025-12-22T15:26:59.076+0000][18.221s][info ][gc,heap       ] GC(30) Survivor regions: 11->13(21)
[2025-12-22T15:26:59.076+0000][18.221s][info ][gc,heap       ] GC(30) Old regions: 27->27
[2025-12-22T15:26:59.076+0000][18.221s][info ][gc,heap       ] GC(30) Humongous regions: 0->0
[2025-12-22T15:26:59.076+0000][18.221s][info ][gc,metaspace  ] GC(30) Metaspace: 51845K(53244K)->51845K(53244K) NonClass: 45438K(46332K)->45438K(46332K) Class: 6407K(6912K)->6407K(6912K)
[2025-12-22T15:26:59.076+0000][18.221s][info ][gc            ] GC(30) Pause Young (Normal) (G1 Evacuation Pause) 187M->37M(272M) 13.825ms
[2025-12-22T15:26:59.076+0000][18.221s][info ][gc,cpu        ] GC(30) User=0.05s Sys=0.00s Real=0.02s
[2025-12-22T15:26:59.076+0000][18.221s][info ][safepoint     ] Leaving safepoint region
[2025-12-22T15:26:59.076+0000][18.221s][info ][safepoint     ] Total time for which application threads were stopped: 0.0140262 seconds, Stopping threads took: 0.0000194 seconds
[2025-12-22T15:26:59.076+0000][18.221s][info ][gc,stringdedup] Concurrent String Deduplication (18.221s)
[2025-12-22T15:26:59.077+0000][18.222s][info ][gc,stringdedup] Concurrent String Deduplication 132.8K->65568.0B(70392.0B) avg 43.2% (18.221s, 18.222s) 0.701ms
[2025-12-22T15:27:00.076+0000][19.222s][debug][safepoint     ] Safepoint synchronization initiated. (14 threads)
[2025-12-22T15:27:00.076+0000][19.222s][info ][safepoint     ] Application time: 1.0003541 seconds
[2025-12-22T15:27:00.076+0000][19.222s][info ][safepoint     ] Entering safepoint region: Cleanup
[2025-12-22T15:27:00.077+0000][19.222s][info ][safepoint     ] Leaving safepoint region
[2025-12-22T15:27:00.077+0000][19.222s][info ][safepoint     ] Total time for which application threads were stopped: 0.0002416 seconds, Stopping threads took: 0.0000754 seconds
[2025-12-22T15:27:00.132+0000][19.277s][debug][safepoint     ] Safepoint synchronization initiated. (14 threads)
[2025-12-22T15:27:00.132+0000][19.278s][info ][safepoint     ] Application time: 0.0554972 seconds
[2025-12-22T15:27:00.132+0000][19.278s][info ][safepoint     ] Entering safepoint region: Deoptimize
[2025-12-22T15:27:00.133+0000][19.279s][info ][safepoint     ] Leaving safepoint region
[2025-12-22T15:27:00.133+0000][19.279s][info ][safepoint     ] Total time for which application threads were stopped: 0.0010740 seconds, Stopping threads took: 0.0000176 seconds
[2025-12-22T15:27:00.218+0000][19.364s][debug][safepoint     ] Safepoint synchronization initiated. (14 threads)
[2025-12-22T15:27:00.218+0000][19.364s][info ][safepoint     ] Application time: 0.0851182 seconds
[2025-12-22T15:27:00.218+0000][19.364s][debug][safepoint     ] Waiting for 2 thread(s) to block
[2025-12-22T15:27:00.218+0000][19.364s][info ][safepoint     ] Entering safepoint region: ICBufferFull
[2025-12-22T15:27:00.219+0000][19.364s][info ][safepoint     ] Leaving safepoint region
[2025-12-22T15:27:00.219+0000][19.364s][info ][safepoint     ] Total time for which application threads were stopped: 0.0004225 seconds, Stopping threads took: 0.0000835 seconds
[2025-12-22T15:27:00.221+0000][19.366s][debug][safepoint     ] Safepoint synchronization initiated. (14 threads)
[2025-12-22T15:27:00.221+0000][19.366s][info ][safepoint     ] Application time: 0.0021582 seconds
[2025-12-22T15:27:00.221+0000][19.366s][info ][safepoint     ] Entering safepoint region: Deoptimize
[2025-12-22T15:27:00.221+0000][19.367s][info ][safepoint     ] Leaving safepoint region
[2025-12-22T15:27:00.221+0000][19.367s][info ][safepoint     ] Total time for which application threads were stopped: 0.0003963 seconds, Stopping threads took: 0.0000142 seconds
[2025-12-22T15:27:00.912+0000][20.057s][debug][safepoint     ] Safepoint synchronization initiated. (14 threads)
[2025-12-22T15:27:00.912+0000][20.057s][info ][safepoint     ] Application time: 0.6904279 seconds
[2025-12-22T15:27:00.912+0000][20.057s][info ][safepoint     ] Entering safepoint region: ICBufferFull
[2025-12-22T15:27:00.912+0000][20.057s][info ][safepoint     ] Leaving safepoint region
[2025-12-22T15:27:00.912+0000][20.058s][info ][safepoint     ] Total time for which application threads were stopped: 0.0002766 seconds, Stopping threads took: 0.0000188 seconds
[2025-12-22T15:27:01.358+0000][20.503s][debug][safepoint     ] Safepoint synchronization initiated. (14 threads)
[2025-12-22T15:27:01.358+0000][20.503s][info ][safepoint     ] Application time: 0.4456956 seconds
[2025-12-22T15:27:01.358+0000][20.503s][info ][safepoint     ] Entering safepoint region: G1CollectForAllocation
[2025-12-22T15:27:01.358+0000][20.503s][info ][gc,start      ] GC(31) Pause Young (Normal) (G1 Evacuation Pause)
[2025-12-22T15:27:01.358+0000][20.503s][info ][gc,task       ] GC(31) Using 4 workers of 4 for evacuation
[2025-12-22T15:27:01.375+0000][20.520s][info ][gc,phases     ] GC(31)   Pre Evacuate Collection Set: 0.0ms
[2025-12-22T15:27:01.375+0000][20.521s][info ][gc,phases     ] GC(31)   Evacuate Collection Set: 14.1ms
[2025-12-22T15:27:01.375+0000][20.521s][info ][gc,phases     ] GC(31)   Post Evacuate Collection Set: 2.8ms
[2025-12-22T15:27:01.375+0000][20.521s][info ][gc,phases     ] GC(31)   Other: 0.2ms
[2025-12-22T15:27:01.375+0000][20.521s][info ][gc,heap       ] GC(31) Eden regions: 150->0(150)
[2025-12-22T15:27:01.375+0000][20.521s][info ][gc,heap       ] GC(31) Survivor regions: 13->13(21)
[2025-12-22T15:27:01.375+0000][20.521s][info ][gc,heap       ] GC(31) Old regions: 27->29
[2025-12-22T15:27:01.375+0000][20.521s][info ][gc,heap       ] GC(31) Humongous regions: 0->0
[2025-12-22T15:27:01.375+0000][20.521s][info ][gc,metaspace  ] GC(31) Metaspace: 55304K(56828K)->55304K(56828K) NonClass: 48485K(49404K)->48485K(49404K) Class: 6819K(7424K)->6819K(7424K)
[2025-12-22T15:27:01.375+0000][20.521s][info ][gc            ] GC(31) Pause Young (Normal) (G1 Evacuation Pause) 187M->40M(272M) 17.251ms
[2025-12-22T15:27:01.375+0000][20.521s][info ][gc,cpu        ] GC(31) User=0.05s Sys=0.01s Real=0.02s
[2025-12-22T15:27:01.375+0000][20.521s][info ][safepoint     ] Leaving safepoint region
[2025-12-22T15:27:01.375+0000][20.521s][info ][safepoint     ] Total time for which application threads were stopped: 0.0175480 seconds, Stopping threads took: 0.0000185 seconds
[2025-12-22T15:27:01.375+0000][20.521s][info ][gc,stringdedup] Concurrent String Deduplication (20.521s)
[2025-12-22T15:27:01.377+0000][20.522s][info ][gc,stringdedup] Concurrent String Deduplication 184.1K->78200.0B(107.8K) avg 43.5% (20.521s, 20.522s) 1.408ms
[2025-12-22T15:27:02.161+0000][21.306s][debug][safepoint     ] Safepoint synchronization initiated. (14 threads)
[2025-12-22T15:27:02.161+0000][21.307s][info ][safepoint     ] Application time: 0.7857641 seconds
[2025-12-22T15:27:02.161+0000][21.307s][debug][safepoint     ] Waiting for 1 thread(s) to block
[2025-12-22T15:27:02.161+0000][21.307s][info ][safepoint     ] Entering safepoint region: G1CollectForAllocation
[2025-12-22T15:27:02.162+0000][21.307s][info ][gc,start      ] GC(32) Pause Young (Normal) (G1 Evacuation Pause)
[2025-12-22T15:27:02.162+0000][21.307s][info ][gc,task       ] GC(32) Using 4 workers of 4 for evacuation
[2025-12-22T15:27:02.178+0000][21.323s][info ][gc,phases     ] GC(32)   Pre Evacuate Collection Set: 0.0ms
[2025-12-22T15:27:02.178+0000][21.323s][info ][gc,phases     ] GC(32)   Evacuate Collection Set: 13.3ms
[2025-12-22T15:27:02.178+0000][21.323s][info ][gc,phases     ] GC(32)   Post Evacuate Collection Set: 2.6ms
[2025-12-22T15:27:02.178+0000][21.323s][info ][gc,phases     ] GC(32)   Other: 0.2ms
[2025-12-22T15:27:02.178+0000][21.323s][info ][gc,heap       ] GC(32) Eden regions: 150->0(151)
[2025-12-22T15:27:02.178+0000][21.323s][info ][gc,heap       ] GC(32) Survivor regions: 13->12(21)
[2025-12-22T15:27:02.178+0000][21.323s][info ][gc,heap       ] GC(32) Old regions: 29->31
[2025-12-22T15:27:02.178+0000][21.323s][info ][gc,heap       ] GC(32) Humongous regions: 0->0
[2025-12-22T15:27:02.178+0000][21.323s][info ][gc,metaspace  ] GC(32) Metaspace: 57660K(59260K)->57660K(59260K) NonClass: 50434K(51452K)->50434K(51452K) Class: 7226K(7808K)->7226K(7808K)
[2025-12-22T15:27:02.178+0000][21.323s][info ][gc            ] GC(32) Pause Young (Normal) (G1 Evacuation Pause) 190M->40M(272M) 16.245ms
[2025-12-22T15:27:02.178+0000][21.323s][info ][gc,cpu        ] GC(32) User=0.06s Sys=0.01s Real=0.02s
[2025-12-22T15:27:02.178+0000][21.323s][info ][safepoint     ] Leaving safepoint region
[2025-12-22T15:27:02.178+0000][21.323s][info ][safepoint     ] Total time for which application threads were stopped: 0.0166471 seconds, Stopping threads took: 0.0001399 seconds
[2025-12-22T15:27:02.178+0000][21.323s][info ][gc,stringdedup] Concurrent String Deduplication (21.323s)
[2025-12-22T15:27:02.180+0000][21.325s][info ][gc,stringdedup] Concurrent String Deduplication 209.6K->104.6K(105.0K) avg 43.6% (21.323s, 21.325s) 1.748ms
[2025-12-22T15:27:03.178+0000][22.323s][debug][safepoint     ] Safepoint synchronization initiated. (17 threads)
[2025-12-22T15:27:03.178+0000][22.323s][info ][safepoint     ] Application time: 1.0002217 seconds
[2025-12-22T15:27:03.178+0000][22.324s][debug][safepoint     ] ... found polling page loop exception at pc = 0x00007fb9d4629004, stub =0x00007fb9cc826680
[2025-12-22T15:27:03.178+0000][22.324s][debug][safepoint     ] Waiting for 1 thread(s) to block
[2025-12-22T15:27:03.178+0000][22.324s][info ][safepoint     ] Entering safepoint region: Cleanup
[2025-12-22T15:27:03.178+0000][22.324s][info ][safepoint     ] Leaving safepoint region
[2025-12-22T15:27:03.178+0000][22.324s][info ][safepoint     ] Total time for which application threads were stopped: 0.0003264 seconds, Stopping threads took: 0.0001394 seconds
[2025-12-22T15:27:03.411+0000][22.556s][debug][safepoint     ] Safepoint synchronization initiated. (17 threads)
[2025-12-22T15:27:03.411+0000][22.556s][info ][safepoint     ] Application time: 0.2323960 seconds
[2025-12-22T15:27:03.411+0000][22.556s][info ][safepoint     ] Entering safepoint region: G1CollectForAllocation
[2025-12-22T15:27:03.413+0000][22.558s][info ][gc,start      ] GC(33) Pause Young (Normal) (G1 Evacuation Pause)
[2025-12-22T15:27:03.413+0000][22.558s][info ][gc,task       ] GC(33) Using 4 workers of 4 for evacuation
[2025-12-22T15:27:03.428+0000][22.573s][info ][gc,phases     ] GC(33)   Pre Evacuate Collection Set: 0.0ms
[2025-12-22T15:27:03.428+0000][22.573s][info ][gc,phases     ] GC(33)   Evacuate Collection Set: 12.2ms
[2025-12-22T15:27:03.428+0000][22.573s][info ][gc,phases     ] GC(33)   Post Evacuate Collection Set: 2.7ms
[2025-12-22T15:27:03.428+0000][22.573s][info ][gc,phases     ] GC(33)   Other: 0.2ms
[2025-12-22T15:27:03.428+0000][22.573s][info ][gc,heap       ] GC(33) Eden regions: 151->0(149)
[2025-12-22T15:27:03.428+0000][22.573s][info ][gc,heap       ] GC(33) Survivor regions: 12->14(21)
[2025-12-22T15:27:03.428+0000][22.573s][info ][gc,heap       ] GC(33) Old regions: 31->31
[2025-12-22T15:27:03.428+0000][22.573s][info ][gc,heap       ] GC(33) Humongous regions: 0->0
[2025-12-22T15:27:03.428+0000][22.573s][info ][gc,metaspace  ] GC(33) Metaspace: 63276K(65020K)->63276K(65020K) NonClass: 55237K(56316K)->55237K(56316K) Class: 8039K(8704K)->8039K(8704K)
[2025-12-22T15:27:03.428+0000][22.573s][info ][gc            ] GC(33) Pause Young (Normal) (G1 Evacuation Pause) 191M->42M(272M) 15.246ms
[2025-12-22T15:27:03.428+0000][22.573s][info ][gc,cpu        ] GC(33) User=0.05s Sys=0.00s Real=0.02s
[2025-12-22T15:27:03.428+0000][22.574s][info ][safepoint     ] Leaving safepoint region
[2025-12-22T15:27:03.428+0000][22.574s][info ][safepoint     ] Total time for which application threads were stopped: 0.0172933 seconds, Stopping threads took: 0.0000192 seconds
[2025-12-22T15:27:03.428+0000][22.574s][info ][gc,stringdedup] Concurrent String Deduplication (22.574s)
[2025-12-22T15:27:03.430+0000][22.575s][info ][gc,stringdedup] Concurrent String Deduplication 228.6K->80920.0B(149.6K) avg 44.1% (22.574s, 22.575s) 1.337ms
[2025-12-22T15:27:03.900+0000][23.046s][debug][safepoint     ] Safepoint synchronization initiated. (17 threads)
[2025-12-22T15:27:03.900+0000][23.046s][info ][safepoint     ] Application time: 0.4722103 seconds
[2025-12-22T15:27:03.900+0000][23.046s][info ][safepoint     ] Entering safepoint region: Deoptimize
[2025-12-22T15:27:03.902+0000][23.047s][info ][safepoint     ] Leaving safepoint region
[2025-12-22T15:27:03.902+0000][23.047s][info ][safepoint     ] Total time for which application threads were stopped: 0.0014775 seconds, Stopping threads took: 0.0000222 seconds
[2025-12-22T15:27:04.312+0000][23.457s][debug][safepoint     ] Safepoint synchronization initiated. (17 threads)
[2025-12-22T15:27:04.312+0000][23.457s][info ][safepoint     ] Application time: 0.4099300 seconds
[2025-12-22T15:27:04.312+0000][23.457s][debug][safepoint     ] Waiting for 1 thread(s) to block
[2025-12-22T15:27:04.312+0000][23.457s][info ][safepoint     ] Entering safepoint region: ICBufferFull
[2025-12-22T15:27:04.312+0000][23.457s][info ][safepoint     ] Leaving safepoint region
[2025-12-22T15:27:04.312+0000][23.458s][info ][safepoint     ] Total time for which application threads were stopped: 0.0003106 seconds, Stopping threads took: 0.0000543 seconds
[2025-12-22T15:27:04.489+0000][23.634s][debug][safepoint     ] Safepoint synchronization initiated. (17 threads)
[2025-12-22T15:27:04.489+0000][23.634s][info ][safepoint     ] Application time: 0.1768256 seconds
[2025-12-22T15:27:04.489+0000][23.634s][info ][safepoint     ] Entering safepoint region: G1CollectForAllocation
[2025-12-22T15:27:04.489+0000][23.635s][info ][gc,start      ] GC(34) Pause Young (Normal) (G1 Evacuation Pause)
[2025-12-22T15:27:04.489+0000][23.635s][info ][gc,task       ] GC(34) Using 4 workers of 4 for evacuation
[2025-12-22T15:27:04.509+0000][23.655s][info ][gc,phases     ] GC(34)   Pre Evacuate Collection Set: 0.0ms
[2025-12-22T15:27:04.509+0000][23.655s][info ][gc,phases     ] GC(34)   Evacuate Collection Set: 17.2ms
[2025-12-22T15:27:04.509+0000][23.655s][info ][gc,phases     ] GC(34)   Post Evacuate Collection Set: 2.7ms
[2025-12-22T15:27:04.509+0000][23.655s][info ][gc,phases     ] GC(34)   Other: 0.2ms
[2025-12-22T15:27:04.509+0000][23.655s][info ][gc,heap       ] GC(34) Eden regions: 149->0(148)
[2025-12-22T15:27:04.509+0000][23.655s][info ][gc,heap       ] GC(34) Survivor regions: 14->15(21)
[2025-12-22T15:27:04.510+0000][23.655s][info ][gc,heap       ] GC(34) Old regions: 31->33
[2025-12-22T15:27:04.510+0000][23.655s][info ][gc,heap       ] GC(34) Humongous regions: 0->0
[2025-12-22T15:27:04.510+0000][23.655s][info ][gc,metaspace  ] GC(34) Metaspace: 66967K(68732K)->66967K(68732K) NonClass: 58481K(59644K)->58481K(59644K) Class: 8485K(9088K)->8485K(9088K)
[2025-12-22T15:27:04.510+0000][23.655s][info ][gc            ] GC(34) Pause Young (Normal) (G1 Evacuation Pause) 191M->46M(272M) 20.415ms
[2025-12-22T15:27:04.510+0000][23.655s][info ][gc,cpu        ] GC(34) User=0.07s Sys=0.00s Real=0.02s
[2025-12-22T15:27:04.510+0000][23.655s][info ][safepoint     ] Leaving safepoint region
[2025-12-22T15:27:04.510+0000][23.655s][info ][safepoint     ] Total time for which application threads were stopped: 0.0207397 seconds, Stopping threads took: 0.0000200 seconds
[2025-12-22T15:27:04.510+0000][23.655s][info ][gc,stringdedup] Concurrent String Deduplication (23.655s)
[2025-12-22T15:27:04.510+0000][23.656s][info ][gc,stringdedup] Concurrent String Deduplication 52656.0B->6264.0B(46392.0B) avg 44.4% (23.655s, 23.656s) 0.528ms
[2025-12-22T15:27:04.580+0000][23.726s][debug][safepoint     ] Safepoint synchronization initiated. (17 threads)
[2025-12-22T15:27:04.580+0000][23.726s][info ][safepoint     ] Application time: 0.0707405 seconds
[2025-12-22T15:27:04.580+0000][23.726s][info ][safepoint     ] Entering safepoint region: CollectForMetadataAllocation
[2025-12-22T15:27:04.581+0000][23.726s][info ][gc,start      ] GC(35) Pause Young (Concurrent Start) (Metadata GC Threshold)
[2025-12-22T15:27:04.581+0000][23.726s][info ][gc,task       ] GC(35) Using 4 workers of 4 for evacuation
[2025-12-22T15:27:04.605+0000][23.750s][info ][gc,phases     ] GC(35)   Pre Evacuate Collection Set: 0.2ms
[2025-12-22T15:27:04.605+0000][23.750s][info ][gc,phases     ] GC(35)   Evacuate Collection Set: 21.4ms
[2025-12-22T15:27:04.605+0000][23.750s][info ][gc,phases     ] GC(35)   Post Evacuate Collection Set: 2.4ms
[2025-12-22T15:27:04.605+0000][23.750s][info ][gc,phases     ] GC(35)   Other: 0.3ms
[2025-12-22T15:27:04.605+0000][23.750s][info ][gc,heap       ] GC(35) Eden regions: 13->0(124)
[2025-12-22T15:27:04.605+0000][23.750s][info ][gc,heap       ] GC(35) Survivor regions: 15->12(21)
[2025-12-22T15:27:04.605+0000][23.750s][info ][gc,heap       ] GC(35) Old regions: 33->37
[2025-12-22T15:27:04.605+0000][23.750s][info ][gc,heap       ] GC(35) Humongous regions: 0->0
[2025-12-22T15:27:04.605+0000][23.750s][info ][gc,metaspace  ] GC(35) Metaspace: 67520K(69116K)->67520K(69116K) NonClass: 59001K(60028K)->59001K(60028K) Class: 8519K(9088K)->8519K(9088K)
[2025-12-22T15:27:04.605+0000][23.750s][info ][gc            ] GC(35) Pause Young (Concurrent Start) (Metadata GC Threshold) 58M->46M(272M) 24.384ms
[2025-12-22T15:27:04.605+0000][23.750s][info ][gc,cpu        ] GC(35) User=0.07s Sys=0.00s Real=0.03s
[2025-12-22T15:27:04.605+0000][23.751s][info ][safepoint     ] Leaving safepoint region
[2025-12-22T15:27:04.605+0000][23.751s][info ][safepoint     ] Total time for which application threads were stopped: 0.0246927 seconds, Stopping threads took: 0.0000193 seconds
[2025-12-22T15:27:04.605+0000][23.751s][info ][gc            ] GC(36) Concurrent Cycle
[2025-12-22T15:27:04.605+0000][23.751s][info ][gc,marking    ] GC(36) Concurrent Clear Claimed Marks
[2025-12-22T15:27:04.605+0000][23.751s][info ][gc,marking    ] GC(36) Concurrent Clear Claimed Marks 0.096ms
[2025-12-22T15:27:04.605+0000][23.751s][info ][gc,marking    ] GC(36) Concurrent Scan Root Regions
[2025-12-22T15:27:04.605+0000][23.751s][info ][gc,stringdedup] Concurrent String Deduplication (23.751s)
[2025-12-22T15:27:04.608+0000][23.753s][info ][gc,stringdedup] Concurrent String Deduplication 164.3K->62016.0B(103.7K) avg 44.7% (23.751s, 23.753s) 2.457ms
[2025-12-22T15:27:04.614+0000][23.759s][info ][gc,marking    ] GC(36) Concurrent Scan Root Regions 8.623ms
[2025-12-22T15:27:04.614+0000][23.759s][info ][gc,marking    ] GC(36) Concurrent Mark (23.759s)
[2025-12-22T15:27:04.614+0000][23.759s][info ][gc,marking    ] GC(36) Concurrent Mark From Roots
[2025-12-22T15:27:04.614+0000][23.759s][info ][gc,task       ] GC(36) Using 1 workers of 1 for marking
[2025-12-22T15:27:04.623+0000][23.768s][debug][safepoint     ] Safepoint synchronization initiated. (17 threads)
[2025-12-22T15:27:04.623+0000][23.768s][info ][safepoint     ] Application time: 0.0175350 seconds
[2025-12-22T15:27:04.623+0000][23.768s][info ][safepoint     ] Entering safepoint region: CollectForMetadataAllocation
[2025-12-22T15:27:04.623+0000][23.768s][info ][safepoint     ] Leaving safepoint region
[2025-12-22T15:27:04.623+0000][23.768s][info ][safepoint     ] Total time for which application threads were stopped: 0.0002318 seconds, Stopping threads took: 0.0000413 seconds
[2025-12-22T15:27:04.681+0000][23.826s][info ][gc,marking    ] GC(36) Concurrent Mark From Roots 66.883ms
[2025-12-22T15:27:04.681+0000][23.826s][info ][gc,marking    ] GC(36) Concurrent Preclean
[2025-12-22T15:27:04.681+0000][23.827s][info ][gc,marking    ] GC(36) Concurrent Preclean 0.141ms
[2025-12-22T15:27:04.681+0000][23.827s][info ][gc,marking    ] GC(36) Concurrent Mark (23.759s, 23.827s) 67.113ms
[2025-12-22T15:27:04.681+0000][23.827s][debug][safepoint     ] Safepoint synchronization initiated. (17 threads)
[2025-12-22T15:27:04.681+0000][23.827s][info ][safepoint     ] Application time: 0.0582585 seconds
[2025-12-22T15:27:04.681+0000][23.827s][debug][safepoint     ] ... found polling page loop exception at pc = 0x00007fb9d43f15f1, stub =0x00007fb9cc826680
[2025-12-22T15:27:04.681+0000][23.827s][debug][safepoint     ] Waiting for 1 thread(s) to block
[2025-12-22T15:27:04.681+0000][23.827s][info ][safepoint     ] Entering safepoint region: CGC_Operation
[2025-12-22T15:27:04.682+0000][23.827s][info ][gc,start      ] GC(36) Pause Remark
[2025-12-22T15:27:04.698+0000][23.843s][info ][gc,stringtable] GC(36) Cleaned string and symbol table, strings: 27825 processed, 3 removed, symbols: 215947 processed, 142 removed
[2025-12-22T15:27:04.698+0000][23.844s][info ][gc            ] GC(36) Pause Remark 61M->61M(272M) 16.537ms
[2025-12-22T15:27:04.698+0000][23.844s][info ][gc,cpu        ] GC(36) User=0.06s Sys=0.00s Real=0.02s
[2025-12-22T15:27:04.698+0000][23.844s][info ][safepoint     ] Leaving safepoint region
[2025-12-22T15:27:04.698+0000][23.844s][info ][safepoint     ] Total time for which application threads were stopped: 0.0169468 seconds, Stopping threads took: 0.0001581 seconds
[2025-12-22T15:27:04.698+0000][23.844s][info ][gc,marking    ] GC(36) Concurrent Rebuild Remembered Sets
[2025-12-22T15:27:04.738+0000][23.883s][info ][gc,marking    ] GC(36) Concurrent Rebuild Remembered Sets 39.295ms
[2025-12-22T15:27:04.738+0000][23.883s][debug][safepoint     ] Safepoint synchronization initiated. (17 threads)
[2025-12-22T15:27:04.738+0000][23.883s][info ][safepoint     ] Application time: 0.0395458 seconds
[2025-12-22T15:27:04.738+0000][23.883s][info ][safepoint     ] Entering safepoint region: CGC_Operation
[2025-12-22T15:27:04.738+0000][23.883s][info ][gc,start      ] GC(36) Pause Cleanup
[2025-12-22T15:27:04.738+0000][23.884s][info ][gc            ] GC(36) Pause Cleanup 71M->71M(272M) 0.212ms
[2025-12-22T15:27:04.738+0000][23.884s][info ][gc,cpu        ] GC(36) User=0.00s Sys=0.00s Real=0.00s
[2025-12-22T15:27:04.738+0000][23.884s][info ][safepoint     ] Leaving safepoint region
[2025-12-22T15:27:04.738+0000][23.884s][info ][safepoint     ] Total time for which application threads were stopped: 0.0004444 seconds, Stopping threads took: 0.0000213 seconds
[2025-12-22T15:27:04.738+0000][23.884s][info ][gc,marking    ] GC(36) Concurrent Cleanup for Next Mark
[2025-12-22T15:27:04.740+0000][23.886s][info ][gc,marking    ] GC(36) Concurrent Cleanup for Next Mark 1.998ms
[2025-12-22T15:27:04.740+0000][23.886s][info ][gc            ] GC(36) Concurrent Cycle 135.136ms
[2025-12-22T15:27:05.114+0000][24.259s][debug][safepoint     ] Safepoint synchronization initiated. (17 threads)
[2025-12-22T15:27:05.114+0000][24.259s][info ][safepoint     ] Application time: 0.3756603 seconds
[2025-12-22T15:27:05.114+0000][24.259s][info ][safepoint     ] Entering safepoint region: G1CollectForAllocation
[2025-12-22T15:27:05.114+0000][24.260s][info ][gc,start      ] GC(37) Pause Young (Concurrent Start) (G1 Evacuation Pause)
[2025-12-22T15:27:05.114+0000][24.260s][info ][gc,task       ] GC(37) Using 4 workers of 4 for evacuation
[2025-12-22T15:27:05.138+0000][24.284s][info ][gc,phases     ] GC(37)   Pre Evacuate Collection Set: 0.3ms
[2025-12-22T15:27:05.138+0000][24.284s][info ][gc,phases     ] GC(37)   Evacuate Collection Set: 20.5ms
[2025-12-22T15:27:05.138+0000][24.284s][info ][gc,phases     ] GC(37)   Post Evacuate Collection Set: 3.0ms
[2025-12-22T15:27:05.138+0000][24.284s][info ][gc,phases     ] GC(37)   Other: 0.3ms
[2025-12-22T15:27:05.138+0000][24.284s][info ][gc,heap       ] GC(37) Eden regions: 124->0(135)
[2025-12-22T15:27:05.138+0000][24.284s][info ][gc,heap       ] GC(37) Survivor regions: 12->7(17)
[2025-12-22T15:27:05.138+0000][24.284s][info ][gc,heap       ] GC(37) Old regions: 37->41
[2025-12-22T15:27:05.138+0000][24.284s][info ][gc,heap       ] GC(37) Humongous regions: 0->0
[2025-12-22T15:27:05.138+0000][24.284s][info ][gc,metaspace  ] GC(37) Metaspace: 69263K(70984K)->69263K(70984K) NonClass: 60364K(61436K)->60364K(61436K) Class: 8899K(9548K)->8899K(9548K)
[2025-12-22T15:27:05.138+0000][24.284s][info ][gc            ] GC(37) Pause Young (Concurrent Start) (G1 Evacuation Pause) 170M->45M(272M) 24.329ms
[2025-12-22T15:27:05.139+0000][24.284s][info ][gc,cpu        ] GC(37) User=0.05s Sys=0.00s Real=0.03s
[2025-12-22T15:27:05.139+0000][24.284s][info ][safepoint     ] Leaving safepoint region
[2025-12-22T15:27:05.139+0000][24.284s][info ][safepoint     ] Total time for which application threads were stopped: 0.0246626 seconds, Stopping threads took: 0.0000214 seconds
[2025-12-22T15:27:05.139+0000][24.284s][info ][gc            ] GC(38) Concurrent Cycle
[2025-12-22T15:27:05.139+0000][24.284s][info ][gc,stringdedup] Concurrent String Deduplication (24.284s)
[2025-12-22T15:27:05.139+0000][24.285s][info ][gc,marking    ] GC(38) Concurrent Clear Claimed Marks
[2025-12-22T15:27:05.140+0000][24.285s][info ][gc,marking    ] GC(38) Concurrent Clear Claimed Marks 0.099ms
[2025-12-22T15:27:05.140+0000][24.285s][info ][gc,marking    ] GC(38) Concurrent Scan Root Regions
[2025-12-22T15:27:05.141+0000][24.286s][info ][gc,stringdedup] Concurrent String Deduplication 259.5K->58256.0B(202.6K) avg 45.5% (24.284s, 24.286s) 2.438ms
[2025-12-22T15:27:05.146+0000][24.291s][info ][gc,marking    ] GC(38) Concurrent Scan Root Regions 6.152ms
[2025-12-22T15:27:05.146+0000][24.291s][info ][gc,marking    ] GC(38) Concurrent Mark (24.291s)
[2025-12-22T15:27:05.146+0000][24.291s][info ][gc,marking    ] GC(38) Concurrent Mark From Roots
[2025-12-22T15:27:05.146+0000][24.291s][info ][gc,task       ] GC(38) Using 1 workers of 1 for marking
[2025-12-22T15:27:05.230+0000][24.375s][info ][gc,marking    ] GC(38) Concurrent Mark From Roots 84.191ms
[2025-12-22T15:27:05.230+0000][24.375s][info ][gc,marking    ] GC(38) Concurrent Preclean
[2025-12-22T15:27:05.230+0000][24.376s][info ][gc,marking    ] GC(38) Concurrent Preclean 0.111ms
[2025-12-22T15:27:05.230+0000][24.376s][info ][gc,marking    ] GC(38) Concurrent Mark (24.291s, 24.376s) 84.391ms
[2025-12-22T15:27:05.230+0000][24.376s][debug][safepoint     ] Safepoint synchronization initiated. (17 threads)
[2025-12-22T15:27:05.230+0000][24.376s][info ][safepoint     ] Application time: 0.0917387 seconds
[2025-12-22T15:27:05.230+0000][24.376s][debug][safepoint     ] Waiting for 2 thread(s) to block
[2025-12-22T15:27:05.230+0000][24.376s][info ][safepoint     ] Entering safepoint region: CGC_Operation
[2025-12-22T15:27:05.231+0000][24.376s][info ][gc,start      ] GC(38) Pause Remark
[2025-12-22T15:27:05.243+0000][24.388s][info ][gc,stringtable] GC(38) Cleaned string and symbol table, strings: 28239 processed, 14 removed, symbols: 218515 processed, 2 removed
[2025-12-22T15:27:05.243+0000][24.388s][info ][gc            ] GC(38) Pause Remark 65M->65M(272M) 12.373ms
[2025-12-22T15:27:05.243+0000][24.388s][info ][gc,cpu        ] GC(38) User=0.05s Sys=0.00s Real=0.02s
[2025-12-22T15:27:05.243+0000][24.388s][info ][safepoint     ] Leaving safepoint region
[2025-12-22T15:27:05.243+0000][24.388s][info ][safepoint     ] Total time for which application threads were stopped: 0.0126847 seconds, Stopping threads took: 0.0001329 seconds
[2025-12-22T15:27:05.243+0000][24.388s][info ][gc,marking    ] GC(38) Concurrent Rebuild Remembered Sets
[2025-12-22T15:27:05.290+0000][24.435s][info ][gc,marking    ] GC(38) Concurrent Rebuild Remembered Sets 46.905ms
[2025-12-22T15:27:05.290+0000][24.435s][debug][safepoint     ] Safepoint synchronization initiated. (17 threads)
[2025-12-22T15:27:05.290+0000][24.435s][info ][safepoint     ] Application time: 0.0470422 seconds
[2025-12-22T15:27:05.290+0000][24.435s][debug][safepoint     ] Waiting for 1 thread(s) to block
[2025-12-22T15:27:05.290+0000][24.436s][info ][safepoint     ] Entering safepoint region: CGC_Operation
[2025-12-22T15:27:05.290+0000][24.436s][info ][gc,start      ] GC(38) Pause Cleanup
[2025-12-22T15:27:05.291+0000][24.436s][info ][gc            ] GC(38) Pause Cleanup 76M->76M(272M) 0.270ms
[2025-12-22T15:27:05.291+0000][24.436s][info ][gc,cpu        ] GC(38) User=0.00s Sys=0.00s Real=0.00s
[2025-12-22T15:27:05.291+0000][24.436s][info ][safepoint     ] Leaving safepoint region
[2025-12-22T15:27:05.291+0000][24.436s][info ][safepoint     ] Total time for which application threads were stopped: 0.0007544 seconds, Stopping threads took: 0.0000670 seconds
[2025-12-22T15:27:05.291+0000][24.436s][info ][gc,marking    ] GC(38) Concurrent Cleanup for Next Mark
[2025-12-22T15:27:05.293+0000][24.438s][info ][gc,marking    ] GC(38) Concurrent Cleanup for Next Mark 2.061ms
[2025-12-22T15:27:05.293+0000][24.438s][info ][gc            ] GC(38) Concurrent Cycle 154.438ms
[2025-12-22T15:27:05.460+0000][24.605s][debug][safepoint     ] Safepoint synchronization initiated. (17 threads)
[2025-12-22T15:27:05.460+0000][24.605s][info ][safepoint     ] Application time: 0.1689454 seconds
[2025-12-22T15:27:05.460+0000][24.605s][debug][safepoint     ] Waiting for 1 thread(s) to block
[2025-12-22T15:27:05.460+0000][24.605s][info ][safepoint     ] Entering safepoint region: ICBufferFull
[2025-12-22T15:27:05.460+0000][24.605s][info ][safepoint     ] Leaving safepoint region
[2025-12-22T15:27:05.460+0000][24.606s][info ][safepoint     ] Total time for which application threads were stopped: 0.0003038 seconds, Stopping threads took: 0.0000533 seconds
[2025-12-22T15:27:05.564+0000][24.709s][debug][safepoint     ] Safepoint synchronization initiated. (17 threads)
[2025-12-22T15:27:05.564+0000][24.709s][info ][safepoint     ] Application time: 0.1037489 seconds
[2025-12-22T15:27:05.564+0000][24.709s][debug][safepoint     ] Waiting for 1 thread(s) to block
[2025-12-22T15:27:05.564+0000][24.709s][info ][safepoint     ] Entering safepoint region: ICBufferFull
[2025-12-22T15:27:05.564+0000][24.710s][info ][safepoint     ] Leaving safepoint region
[2025-12-22T15:27:05.564+0000][24.710s][info ][safepoint     ] Total time for which application threads were stopped: 0.0002510 seconds, Stopping threads took: 0.0000517 seconds
[2025-12-22T15:27:05.640+0000][24.786s][debug][safepoint     ] Safepoint synchronization initiated. (17 threads)
[2025-12-22T15:27:05.640+0000][24.786s][info ][safepoint     ] Application time: 0.0761744 seconds
[2025-12-22T15:27:05.640+0000][24.786s][debug][safepoint     ] Waiting for 1 thread(s) to block
[2025-12-22T15:27:05.640+0000][24.786s][info ][safepoint     ] Entering safepoint region: ICBufferFull
[2025-12-22T15:27:05.641+0000][24.786s][info ][safepoint     ] Leaving safepoint region
[2025-12-22T15:27:05.641+0000][24.786s][info ][safepoint     ] Total time for which application threads were stopped: 0.0002766 seconds, Stopping threads took: 0.0000503 seconds
[2025-12-22T15:27:05.804+0000][24.950s][debug][safepoint     ] Safepoint synchronization initiated. (17 threads)
[2025-12-22T15:27:05.804+0000][24.950s][info ][safepoint     ] Application time: 0.1636347 seconds
[2025-12-22T15:27:05.804+0000][24.950s][debug][safepoint     ] Waiting for 1 thread(s) to block
[2025-12-22T15:27:05.804+0000][24.950s][info ][safepoint     ] Entering safepoint region: ICBufferFull
[2025-12-22T15:27:05.805+0000][24.950s][info ][safepoint     ] Leaving safepoint region
[2025-12-22T15:27:05.805+0000][24.950s][info ][safepoint     ] Total time for which application threads were stopped: 0.0002872 seconds, Stopping threads took: 0.0000530 seconds
[2025-12-22T15:27:06.120+0000][25.265s][debug][safepoint     ] Safepoint synchronization initiated. (17 threads)
[2025-12-22T15:27:06.120+0000][25.265s][info ][safepoint     ] Application time: 0.3151031 seconds
[2025-12-22T15:27:06.120+0000][25.265s][info ][safepoint     ] Entering safepoint region: G1CollectForAllocation
[2025-12-22T15:27:06.120+0000][25.265s][info ][gc,start      ] GC(39) Pause Young (Normal) (G1 Evacuation Pause)
[2025-12-22T15:27:06.120+0000][25.265s][info ][gc,task       ] GC(39) Using 4 workers of 4 for evacuation
[2025-12-22T15:27:06.132+0000][25.278s][info ][gc,phases     ] GC(39)   Pre Evacuate Collection Set: 0.0ms
[2025-12-22T15:27:06.132+0000][25.278s][info ][gc,phases     ] GC(39)   Evacuate Collection Set: 9.7ms
[2025-12-22T15:27:06.132+0000][25.278s][info ][gc,phases     ] GC(39)   Post Evacuate Collection Set: 2.4ms
[2025-12-22T15:27:06.132+0000][25.278s][info ][gc,phases     ] GC(39)   Other: 0.2ms
[2025-12-22T15:27:06.132+0000][25.278s][info ][gc,heap       ] GC(39) Eden regions: 135->0(141)
[2025-12-22T15:27:06.132+0000][25.278s][info ][gc,heap       ] GC(39) Survivor regions: 7->9(18)
[2025-12-22T15:27:06.132+0000][25.278s][info ][gc,heap       ] GC(39) Old regions: 41->41
[2025-12-22T15:27:06.132+0000][25.278s][info ][gc,heap       ] GC(39) Humongous regions: 0->0
[2025-12-22T15:27:06.132+0000][25.278s][info ][gc,metaspace  ] GC(39) Metaspace: 71484K(73288K)->71484K(73288K) NonClass: 62349K(63484K)->62349K(63484K) Class: 9134K(9804K)->9134K(9804K)
[2025-12-22T15:27:06.133+0000][25.278s][info ][gc            ] GC(39) Pause Young (Normal) (G1 Evacuation Pause) 180M->47M(272M) 12.563ms
[2025-12-22T15:27:06.133+0000][25.278s][info ][gc,cpu        ] GC(39) User=0.04s Sys=0.00s Real=0.01s
[2025-12-22T15:27:06.133+0000][25.278s][info ][safepoint     ] Leaving safepoint region
[2025-12-22T15:27:06.133+0000][25.278s][info ][safepoint     ] Total time for which application threads were stopped: 0.0129036 seconds, Stopping threads took: 0.0000445 seconds
[2025-12-22T15:27:06.133+0000][25.278s][info ][gc,stringdedup] Concurrent String Deduplication (25.278s)
[2025-12-22T15:27:06.133+0000][25.278s][info ][gc,stringdedup] Concurrent String Deduplication 5920.0B->1824.0B(4096.0B) avg 45.5% (25.278s, 25.278s) 0.226ms
[2025-12-22T15:27:06.619+0000][25.764s][debug][safepoint     ] Safepoint synchronization initiated. (18 threads)
[2025-12-22T15:27:06.619+0000][25.764s][info ][safepoint     ] Application time: 0.4862479 seconds
[2025-12-22T15:27:06.619+0000][25.764s][info ][safepoint     ] Entering safepoint region: Deoptimize
[2025-12-22T15:27:06.620+0000][25.766s][info ][safepoint     ] Leaving safepoint region
[2025-12-22T15:27:06.620+0000][25.766s][info ][safepoint     ] Total time for which application threads were stopped: 0.0013656 seconds, Stopping threads took: 0.0000206 seconds
[2025-12-22T15:27:06.622+0000][25.767s][debug][safepoint     ] Safepoint synchronization initiated. (18 threads)
[2025-12-22T15:27:06.622+0000][25.768s][info ][safepoint     ] Application time: 0.0018438 seconds
[2025-12-22T15:27:06.622+0000][25.768s][info ][safepoint     ] Entering safepoint region: Deoptimize
[2025-12-22T15:27:06.623+0000][25.769s][info ][safepoint     ] Leaving safepoint region
[2025-12-22T15:27:06.623+0000][25.769s][info ][safepoint     ] Total time for which application threads were stopped: 0.0010297 seconds, Stopping threads took: 0.0000209 seconds
[2025-12-22T15:27:06.843+0000][25.988s][debug][safepoint     ] Safepoint synchronization initiated. (18 threads)
[2025-12-22T15:27:06.843+0000][25.988s][info ][safepoint     ] Application time: 0.2195104 seconds
[2025-12-22T15:27:06.843+0000][25.988s][info ][safepoint     ] Entering safepoint region: G1CollectForAllocation
[2025-12-22T15:27:06.843+0000][25.988s][info ][gc,start      ] GC(40) Pause Young (Normal) (G1 Evacuation Pause)
[2025-12-22T15:27:06.843+0000][25.988s][info ][gc,task       ] GC(40) Using 4 workers of 4 for evacuation
[2025-12-22T15:27:06.854+0000][26.000s][info ][gc,phases     ] GC(40)   Pre Evacuate Collection Set: 0.0ms
[2025-12-22T15:27:06.855+0000][26.000s][info ][gc,phases     ] GC(40)   Evacuate Collection Set: 8.8ms
[2025-12-22T15:27:06.855+0000][26.000s][info ][gc,phases     ] GC(40)   Post Evacuate Collection Set: 2.5ms
[2025-12-22T15:27:06.855+0000][26.000s][info ][gc,phases     ] GC(40)   Other: 0.2ms
[2025-12-22T15:27:06.855+0000][26.000s][info ][gc,heap       ] GC(40) Eden regions: 141->0(148)
[2025-12-22T15:27:06.855+0000][26.000s][info ][gc,heap       ] GC(40) Survivor regions: 9->9(19)
[2025-12-22T15:27:06.855+0000][26.000s][info ][gc,heap       ] GC(40) Old regions: 41->41
[2025-12-22T15:27:06.855+0000][26.000s][info ][gc,heap       ] GC(40) Humongous regions: 0->0
[2025-12-22T15:27:06.855+0000][26.000s][info ][gc,metaspace  ] GC(40) Metaspace: 74217K(76232K)->74217K(76232K) NonClass: 64746K(66044K)->64746K(66044K) Class: 9470K(10188K)->9470K(10188K)
[2025-12-22T15:27:06.855+0000][26.000s][info ][gc            ] GC(40) Pause Young (Normal) (G1 Evacuation Pause) 188M->48M(272M) 11.723ms
[2025-12-22T15:27:06.855+0000][26.000s][info ][gc,cpu        ] GC(40) User=0.04s Sys=0.00s Real=0.00s
[2025-12-22T15:27:06.855+0000][26.000s][info ][safepoint     ] Leaving safepoint region
[2025-12-22T15:27:06.855+0000][26.000s][info ][safepoint     ] Total time for which application threads were stopped: 0.0121242 seconds, Stopping threads took: 0.0000229 seconds
[2025-12-22T15:27:06.855+0000][26.000s][info ][gc,stringdedup] Concurrent String Deduplication (26.000s)
[2025-12-22T15:27:06.855+0000][26.001s][info ][gc,stringdedup] Concurrent String Deduplication 35392.0B->1152.0B(34240.0B) avg 45.7% (26.000s, 26.001s) 0.241ms
[2025-12-22T15:27:07.012+0000][26.158s][debug][safepoint     ] Safepoint synchronization initiated. (18 threads)
[2025-12-22T15:27:07.013+0000][26.158s][info ][safepoint     ] Application time: 0.1577212 seconds
[2025-12-22T15:27:07.013+0000][26.158s][info ][safepoint     ] Entering safepoint region: Deoptimize
[2025-12-22T15:27:07.014+0000][26.160s][info ][safepoint     ] Leaving safepoint region
[2025-12-22T15:27:07.015+0000][26.160s][info ][safepoint     ] Total time for which application threads were stopped: 0.0019571 seconds, Stopping threads took: 0.0000217 seconds
[2025-12-22T15:27:07.317+0000][26.463s][debug][safepoint     ] Safepoint synchronization initiated. (18 threads)
[2025-12-22T15:27:07.317+0000][26.463s][info ][safepoint     ] Application time: 0.3029491 seconds
[2025-12-22T15:27:07.318+0000][26.463s][debug][safepoint     ] Waiting for 1 thread(s) to block
[2025-12-22T15:27:07.318+0000][26.463s][info ][safepoint     ] Entering safepoint region: Deoptimize
[2025-12-22T15:27:07.319+0000][26.464s][info ][safepoint     ] Leaving safepoint region
[2025-12-22T15:27:07.319+0000][26.465s][info ][safepoint     ] Total time for which application threads were stopped: 0.0016123 seconds, Stopping threads took: 0.0001598 seconds
[2025-12-22T15:27:07.467+0000][26.612s][debug][safepoint     ] Safepoint synchronization initiated. (18 threads)
[2025-12-22T15:27:07.467+0000][26.612s][info ][safepoint     ] Application time: 0.1478861 seconds
[2025-12-22T15:27:07.467+0000][26.612s][info ][safepoint     ] Entering safepoint region: Deoptimize
[2025-12-22T15:27:07.470+0000][26.615s][info ][safepoint     ] Leaving safepoint region
[2025-12-22T15:27:07.470+0000][26.615s][info ][safepoint     ] Total time for which application threads were stopped: 0.0027845 seconds, Stopping threads took: 0.0000338 seconds
[2025-12-22T15:27:07.774+0000][26.920s][debug][safepoint     ] Safepoint synchronization initiated. (18 threads)
[2025-12-22T15:27:07.774+0000][26.920s][info ][safepoint     ] Application time: 0.3044032 seconds
[2025-12-22T15:27:07.774+0000][26.920s][info ][safepoint     ] Entering safepoint region: ICBufferFull
[2025-12-22T15:27:07.775+0000][26.920s][info ][safepoint     ] Leaving safepoint region
[2025-12-22T15:27:07.775+0000][26.920s][info ][safepoint     ] Total time for which application threads were stopped: 0.0004057 seconds, Stopping threads took: 0.0000328 seconds
[2025-12-22T15:27:08.021+0000][27.166s][debug][safepoint     ] Safepoint synchronization initiated. (18 threads)
[2025-12-22T15:27:08.021+0000][27.166s][info ][safepoint     ] Application time: 0.2463141 seconds
[2025-12-22T15:27:08.021+0000][27.166s][info ][safepoint     ] Entering safepoint region: G1CollectForAllocation
[2025-12-22T15:27:08.021+0000][27.167s][info ][gc,start      ] GC(41) Pause Young (Normal) (G1 Evacuation Pause)
[2025-12-22T15:27:08.021+0000][27.167s][info ][gc,task       ] GC(41) Using 4 workers of 4 for evacuation
[2025-12-22T15:27:08.043+0000][27.189s][info ][gc,phases     ] GC(41)   Pre Evacuate Collection Set: 0.0ms
[2025-12-22T15:27:08.043+0000][27.189s][info ][gc,phases     ] GC(41)   Evacuate Collection Set: 17.0ms
[2025-12-22T15:27:08.043+0000][27.189s][info ][gc,phases     ] GC(41)   Post Evacuate Collection Set: 4.4ms
[2025-12-22T15:27:08.043+0000][27.189s][info ][gc,phases     ] GC(41)   Other: 0.4ms
[2025-12-22T15:27:08.043+0000][27.189s][info ][gc,heap       ] GC(41) Eden regions: 148->0(151)
[2025-12-22T15:27:08.043+0000][27.189s][info ][gc,heap       ] GC(41) Survivor regions: 9->12(20)
[2025-12-22T15:27:08.043+0000][27.189s][info ][gc,heap       ] GC(41) Old regions: 41->41
[2025-12-22T15:27:08.043+0000][27.189s][info ][gc,heap       ] GC(41) Humongous regions: 0->0
[2025-12-22T15:27:08.043+0000][27.189s][info ][gc,metaspace  ] GC(41) Metaspace: 78359K(80328K)->78359K(80328K) NonClass: 68383K(69628K)->68383K(69628K) Class: 9975K(10700K)->9975K(10700K)
[2025-12-22T15:27:08.043+0000][27.189s][info ][gc            ] GC(41) Pause Young (Normal) (G1 Evacuation Pause) 196M->50M(272M) 22.107ms
[2025-12-22T15:27:08.043+0000][27.189s][info ][gc,cpu        ] GC(41) User=0.08s Sys=0.00s Real=0.03s
[2025-12-22T15:27:08.044+0000][27.189s][info ][safepoint     ] Leaving safepoint region
[2025-12-22T15:27:08.044+0000][27.189s][info ][safepoint     ] Total time for which application threads were stopped: 0.0224929 seconds, Stopping threads took: 0.0000341 seconds
[2025-12-22T15:27:08.044+0000][27.189s][info ][gc,stringdedup] Concurrent String Deduplication (27.189s)
[2025-12-22T15:27:08.045+0000][27.190s][info ][gc,stringdedup] Concurrent String Deduplication 90056.0B->58088.0B(31968.0B) avg 45.6% (27.189s, 27.190s) 0.800ms
[2025-12-22T15:27:08.823+0000][27.968s][debug][safepoint     ] Safepoint synchronization initiated. (17 threads)
[2025-12-22T15:27:08.823+0000][27.968s][info ][safepoint     ] Application time: 0.7792133 seconds
[2025-12-22T15:27:08.823+0000][27.968s][info ][safepoint     ] Entering safepoint region: ICBufferFull
[2025-12-22T15:27:08.823+0000][27.968s][info ][safepoint     ] Leaving safepoint region
[2025-12-22T15:27:08.823+0000][27.969s][info ][safepoint     ] Total time for which application threads were stopped: 0.0002884 seconds, Stopping threads took: 0.0000223 seconds
[2025-12-22T15:27:09.071+0000][28.217s][debug][safepoint     ] Safepoint synchronization initiated. (17 threads)
[2025-12-22T15:27:09.071+0000][28.217s][info ][safepoint     ] Application time: 0.2480824 seconds
[2025-12-22T15:27:09.071+0000][28.217s][info ][safepoint     ] Entering safepoint region: G1CollectForAllocation
[2025-12-22T15:27:09.071+0000][28.217s][info ][gc,start      ] GC(42) Pause Young (Normal) (G1 Evacuation Pause)
[2025-12-22T15:27:09.071+0000][28.217s][info ][gc,task       ] GC(42) Using 4 workers of 4 for evacuation
[2025-12-22T15:27:09.091+0000][28.236s][info ][gc,phases     ] GC(42)   Pre Evacuate Collection Set: 0.0ms
[2025-12-22T15:27:09.091+0000][28.236s][info ][gc,phases     ] GC(42)   Evacuate Collection Set: 16.3ms
[2025-12-22T15:27:09.091+0000][28.236s][info ][gc,phases     ] GC(42)   Post Evacuate Collection Set: 2.7ms
[2025-12-22T15:27:09.091+0000][28.236s][info ][gc,phases     ] GC(42)   Other: 0.2ms
[2025-12-22T15:27:09.091+0000][28.236s][info ][gc,heap       ] GC(42) Eden regions: 151->0(148)
[2025-12-22T15:27:09.091+0000][28.236s][info ][gc,heap       ] GC(42) Survivor regions: 12->15(21)
[2025-12-22T15:27:09.091+0000][28.236s][info ][gc,heap       ] GC(42) Old regions: 41->42
[2025-12-22T15:27:09.091+0000][28.236s][info ][gc,heap       ] GC(42) Humongous regions: 0->0
[2025-12-22T15:27:09.091+0000][28.236s][info ][gc,metaspace  ] GC(42) Metaspace: 79833K(81736K)->79833K(81736K) NonClass: 69795K(70908K)->69795K(70908K) Class: 10037K(10828K)->10037K(10828K)
[2025-12-22T15:27:09.091+0000][28.236s][info ][gc            ] GC(42) Pause Young (Normal) (G1 Evacuation Pause) 201M->54M(272M) 19.461ms
[2025-12-22T15:27:09.091+0000][28.236s][info ][gc,cpu        ] GC(42) User=0.07s Sys=0.00s Real=0.02s
[2025-12-22T15:27:09.091+0000][28.236s][info ][safepoint     ] Leaving safepoint region
[2025-12-22T15:27:09.091+0000][28.236s][info ][safepoint     ] Total time for which application threads were stopped: 0.0197661 seconds, Stopping threads took: 0.0000225 seconds
[2025-12-22T15:27:09.091+0000][28.237s][info ][gc,stringdedup] Concurrent String Deduplication (28.237s)
[2025-12-22T15:27:09.092+0000][28.238s][info ][gc,stringdedup] Concurrent String Deduplication 205.5K->128.9K(78464.0B) avg 45.5% (28.237s, 28.238s) 1.296ms
[2025-12-22T15:27:09.503+0000][28.648s][debug][safepoint     ] Safepoint synchronization initiated. (17 threads)
[2025-12-22T15:27:09.503+0000][28.648s][info ][safepoint     ] Application time: 0.4116714 seconds
[2025-12-22T15:27:09.503+0000][28.648s][info ][safepoint     ] Entering safepoint region: ICBufferFull
[2025-12-22T15:27:09.503+0000][28.648s][info ][safepoint     ] Leaving safepoint region
[2025-12-22T15:27:09.503+0000][28.648s][info ][safepoint     ] Total time for which application threads were stopped: 0.0003129 seconds, Stopping threads took: 0.0000229 seconds
[2025-12-22T15:27:09.916+0000][29.062s][debug][safepoint     ] Safepoint synchronization initiated. (17 threads)
[2025-12-22T15:27:09.916+0000][29.062s][info ][safepoint     ] Application time: 0.4133864 seconds
[2025-12-22T15:27:09.916+0000][29.062s][debug][safepoint     ] Waiting for 1 thread(s) to block
[2025-12-22T15:27:09.916+0000][29.062s][info ][safepoint     ] Entering safepoint region: ICBufferFull
[2025-12-22T15:27:09.917+0000][29.062s][info ][safepoint     ] Leaving safepoint region
[2025-12-22T15:27:09.917+0000][29.062s][info ][safepoint     ] Total time for which application threads were stopped: 0.0003231 seconds, Stopping threads took: 0.0000871 seconds
[2025-12-22T15:27:09.974+0000][29.119s][debug][safepoint     ] Safepoint synchronization initiated. (17 threads)
[2025-12-22T15:27:09.974+0000][29.119s][info ][safepoint     ] Application time: 0.0571898 seconds
[2025-12-22T15:27:09.974+0000][29.119s][debug][safepoint     ] Waiting for 1 thread(s) to block
[2025-12-22T15:27:09.974+0000][29.119s][info ][safepoint     ] Entering safepoint region: G1CollectForAllocation
[2025-12-22T15:27:09.974+0000][29.120s][info ][gc,start      ] GC(43) Pause Young (Normal) (G1 Evacuation Pause)
[2025-12-22T15:27:09.974+0000][29.120s][info ][gc,task       ] GC(43) Using 4 workers of 4 for evacuation
[2025-12-22T15:27:09.998+0000][29.143s][info ][gc,phases     ] GC(43)   Pre Evacuate Collection Set: 0.0ms
[2025-12-22T15:27:09.998+0000][29.143s][info ][gc,phases     ] GC(43)   Evacuate Collection Set: 20.3ms
[2025-12-22T15:27:09.998+0000][29.143s][info ][gc,phases     ] GC(43)   Post Evacuate Collection Set: 3.0ms
[2025-12-22T15:27:09.998+0000][29.143s][info ][gc,phases     ] GC(43)   Other: 0.2ms
[2025-12-22T15:27:09.998+0000][29.143s][info ][gc,heap       ] GC(43) Eden regions: 148->0(148)
[2025-12-22T15:27:09.998+0000][29.143s][info ][gc,heap       ] GC(43) Survivor regions: 15->15(21)
[2025-12-22T15:27:09.998+0000][29.143s][info ][gc,heap       ] GC(43) Old regions: 42->46
[2025-12-22T15:27:09.998+0000][29.143s][info ][gc,heap       ] GC(43) Humongous regions: 0->0
[2025-12-22T15:27:09.998+0000][29.143s][info ][gc,metaspace  ] GC(43) Metaspace: 80995K(83016K)->80995K(83016K) NonClass: 70899K(72188K)->70899K(72188K) Class: 10096K(10828K)->10096K(10828K)
[2025-12-22T15:27:09.998+0000][29.143s][info ][gc            ] GC(43) Pause Young (Normal) (G1 Evacuation Pause) 202M->58M(272M) 23.604ms
[2025-12-22T15:27:09.998+0000][29.143s][info ][gc,cpu        ] GC(43) User=0.09s Sys=0.00s Real=0.03s
[2025-12-22T15:27:09.998+0000][29.143s][info ][safepoint     ] Leaving safepoint region
[2025-12-22T15:27:09.998+0000][29.143s][info ][safepoint     ] Total time for which application threads were stopped: 0.0239303 seconds, Stopping threads took: 0.0000887 seconds
[2025-12-22T15:27:09.998+0000][29.143s][info ][gc,stringdedup] Concurrent String Deduplication (29.143s)
[2025-12-22T15:27:09.999+0000][29.145s][info ][gc,stringdedup] Concurrent String Deduplication 211.0K->75024.0B(137.8K) avg 45.8% (29.143s, 29.145s) 1.414ms
[2025-12-22T15:27:10.827+0000][29.973s][debug][safepoint     ] Safepoint synchronization initiated. (17 threads)
[2025-12-22T15:27:10.827+0000][29.973s][info ][safepoint     ] Application time: 0.8292665 seconds
[2025-12-22T15:27:10.827+0000][29.973s][info ][safepoint     ] Entering safepoint region: G1CollectForAllocation
[2025-12-22T15:27:10.827+0000][29.973s][info ][gc,start      ] GC(44) Pause Young (Normal) (G1 Evacuation Pause)
[2025-12-22T15:27:10.827+0000][29.973s][info ][gc,task       ] GC(44) Using 4 workers of 4 for evacuation
[2025-12-22T15:27:10.854+0000][29.999s][info ][gc,phases     ] GC(44)   Pre Evacuate Collection Set: 0.0ms
[2025-12-22T15:27:10.854+0000][29.999s][info ][gc,phases     ] GC(44)   Evacuate Collection Set: 23.6ms
[2025-12-22T15:27:10.854+0000][29.999s][info ][gc,phases     ] GC(44)   Post Evacuate Collection Set: 2.5ms
[2025-12-22T15:27:10.854+0000][29.999s][info ][gc,phases     ] GC(44)   Other: 0.2ms
[2025-12-22T15:27:10.854+0000][29.999s][info ][gc,heap       ] GC(44) Eden regions: 148->0(147)
[2025-12-22T15:27:10.854+0000][29.999s][info ][gc,heap       ] GC(44) Survivor regions: 15->16(21)
[2025-12-22T15:27:10.854+0000][29.999s][info ][gc,heap       ] GC(44) Old regions: 46->49
[2025-12-22T15:27:10.854+0000][29.999s][info ][gc,heap       ] GC(44) Humongous regions: 0->0
[2025-12-22T15:27:10.854+0000][29.999s][info ][gc,metaspace  ] GC(44) Metaspace: 82113K(84168K)->82113K(84168K) NonClass: 71958K(73212K)->71958K(73212K) Class: 10155K(10956K)->10155K(10956K)
[2025-12-22T15:27:10.854+0000][29.999s][info ][gc            ] GC(44) Pause Young (Normal) (G1 Evacuation Pause) 206M->62M(272M) 26.499ms
[2025-12-22T15:27:10.854+0000][29.999s][info ][gc,cpu        ] GC(44) User=0.10s Sys=0.00s Real=0.02s
[2025-12-22T15:27:10.854+0000][29.999s][info ][safepoint     ] Leaving safepoint region
[2025-12-22T15:27:10.854+0000][29.999s][info ][safepoint     ] Total time for which application threads were stopped: 0.0268017 seconds, Stopping threads took: 0.0000201 seconds
[2025-12-22T15:27:10.854+0000][29.999s][info ][gc,stringdedup] Concurrent String Deduplication (29.999s)
[2025-12-22T15:27:10.856+0000][30.001s][info ][gc,stringdedup] Concurrent String Deduplication 356.1K->86304.0B(271.8K) avg 46.8% (29.999s, 30.001s) 1.699ms
[2025-12-22T15:27:11.028+0000][30.173s][debug][safepoint     ] Safepoint synchronization initiated. (17 threads)
[2025-12-22T15:27:11.028+0000][30.173s][info ][safepoint     ] Application time: 0.1738286 seconds
[2025-12-22T15:27:11.028+0000][30.173s][info ][safepoint     ] Entering safepoint region: Deoptimize
[2025-12-22T15:27:11.029+0000][30.175s][info ][safepoint     ] Leaving safepoint region
[2025-12-22T15:27:11.029+0000][30.175s][info ][safepoint     ] Total time for which application threads were stopped: 0.0016161 seconds, Stopping threads took: 0.0000200 seconds
[2025-12-22T15:27:11.625+0000][30.770s][debug][safepoint     ] Safepoint synchronization initiated. (17 threads)
[2025-12-22T15:27:11.625+0000][30.770s][info ][safepoint     ] Application time: 0.5951850 seconds
[2025-12-22T15:27:11.625+0000][30.770s][info ][safepoint     ] Entering safepoint region: Deoptimize
[2025-12-22T15:27:11.627+0000][30.772s][info ][safepoint     ] Leaving safepoint region
[2025-12-22T15:27:11.627+0000][30.772s][info ][safepoint     ] Total time for which application threads were stopped: 0.0022678 seconds, Stopping threads took: 0.0000187 seconds
[2025-12-22T15:27:11.666+0000][30.811s][debug][safepoint     ] Safepoint synchronization initiated. (17 threads)
[2025-12-22T15:27:11.666+0000][30.811s][info ][safepoint     ] Application time: 0.0390598 seconds
[2025-12-22T15:27:11.666+0000][30.811s][info ][safepoint     ] Entering safepoint region: G1CollectForAllocation
[2025-12-22T15:27:11.666+0000][30.812s][info ][gc,start      ] GC(45) Pause Young (Normal) (G1 Evacuation Pause)
[2025-12-22T15:27:11.666+0000][30.812s][info ][gc,task       ] GC(45) Using 4 workers of 4 for evacuation
[2025-12-22T15:27:11.689+0000][30.835s][info ][gc,phases     ] GC(45)   Pre Evacuate Collection Set: 0.0ms
[2025-12-22T15:27:11.689+0000][30.835s][info ][gc,phases     ] GC(45)   Evacuate Collection Set: 19.6ms
[2025-12-22T15:27:11.689+0000][30.835s][info ][gc,phases     ] GC(45)   Post Evacuate Collection Set: 3.3ms
[2025-12-22T15:27:11.689+0000][30.835s][info ][gc,phases     ] GC(45)   Other: 0.2ms
[2025-12-22T15:27:11.689+0000][30.835s][info ][gc,heap       ] GC(45) Eden regions: 147->0(150)
[2025-12-22T15:27:11.689+0000][30.835s][info ][gc,heap       ] GC(45) Survivor regions: 16->13(21)
[2025-12-22T15:27:11.689+0000][30.835s][info ][gc,heap       ] GC(45) Old regions: 49->55
[2025-12-22T15:27:11.689+0000][30.835s][info ][gc,heap       ] GC(45) Humongous regions: 0->0
[2025-12-22T15:27:11.689+0000][30.835s][info ][gc,metaspace  ] GC(45) Metaspace: 83939K(86216K)->83939K(86216K) NonClass: 73578K(75004K)->73578K(75004K) Class: 10360K(11212K)->10360K(11212K)
[2025-12-22T15:27:11.689+0000][30.835s][info ][gc            ] GC(45) Pause Young (Normal) (G1 Evacuation Pause) 209M->66M(272M) 23.268ms
[2025-12-22T15:27:11.689+0000][30.835s][info ][gc,cpu        ] GC(45) User=0.09s Sys=0.00s Real=0.02s
[2025-12-22T15:27:11.690+0000][30.835s][info ][safepoint     ] Leaving safepoint region
[2025-12-22T15:27:11.690+0000][30.835s][info ][safepoint     ] Total time for which application threads were stopped: 0.0235177 seconds, Stopping threads took: 0.0000193 seconds
[2025-12-22T15:27:11.690+0000][30.835s][info ][gc,stringdedup] Concurrent String Deduplication (30.835s)
[2025-12-22T15:27:11.691+0000][30.837s][info ][gc,stringdedup] Concurrent String Deduplication 378.0K->90320.0B(289.8K) avg 47.8% (30.835s, 30.837s) 1.909ms
[2025-12-22T15:27:12.252+0000][31.397s][debug][safepoint     ] Safepoint synchronization initiated. (21 threads)
[2025-12-22T15:27:12.252+0000][31.398s][info ][safepoint     ] Application time: 0.5626060 seconds
[2025-12-22T15:27:12.252+0000][31.398s][info ][safepoint     ] Entering safepoint region: ICBufferFull
[2025-12-22T15:27:12.252+0000][31.398s][info ][safepoint     ] Leaving safepoint region
[2025-12-22T15:27:12.252+0000][31.398s][info ][safepoint     ] Total time for which application threads were stopped: 0.0002481 seconds, Stopping threads took: 0.0000199 seconds
[2025-12-22T15:27:12.314+0000][31.459s][debug][safepoint     ] Safepoint synchronization initiated. (21 threads)
[2025-12-22T15:27:12.314+0000][31.459s][info ][safepoint     ] Application time: 0.0615050 seconds
[2025-12-22T15:27:12.314+0000][31.459s][info ][safepoint     ] Entering safepoint region: Deoptimize
[2025-12-22T15:27:12.316+0000][31.461s][info ][safepoint     ] Leaving safepoint region
[2025-12-22T15:27:12.316+0000][31.461s][info ][safepoint     ] Total time for which application threads were stopped: 0.0017077 seconds, Stopping threads took: 0.0000195 seconds
[2025-12-22T15:27:12.396+0000][31.541s][debug][safepoint     ] Safepoint synchronization initiated. (21 threads)
[2025-12-22T15:27:12.396+0000][31.541s][info ][safepoint     ] Application time: 0.0799376 seconds
[2025-12-22T15:27:12.396+0000][31.541s][info ][safepoint     ] Entering safepoint region: G1CollectForAllocation
[2025-12-22T15:27:12.396+0000][31.541s][info ][gc,start      ] GC(46) Pause Young (Normal) (G1 Evacuation Pause)
[2025-12-22T15:27:12.396+0000][31.541s][info ][gc,task       ] GC(46) Using 4 workers of 4 for evacuation
[2025-12-22T15:27:12.412+0000][31.557s][info ][gc,phases     ] GC(46)   Pre Evacuate Collection Set: 0.0ms
[2025-12-22T15:27:12.412+0000][31.557s][info ][gc,phases     ] GC(46)   Evacuate Collection Set: 13.3ms
[2025-12-22T15:27:12.412+0000][31.557s][info ][gc,phases     ] GC(46)   Post Evacuate Collection Set: 2.5ms
[2025-12-22T15:27:12.412+0000][31.557s][info ][gc,phases     ] GC(46)   Other: 0.2ms
[2025-12-22T15:27:12.412+0000][31.557s][info ][gc,heap       ] GC(46) Eden regions: 150->0(151)
[2025-12-22T15:27:12.412+0000][31.557s][info ][gc,heap       ] GC(46) Survivor regions: 13->12(21)
[2025-12-22T15:27:12.412+0000][31.557s][info ][gc,heap       ] GC(46) Old regions: 55->59
[2025-12-22T15:27:12.412+0000][31.557s][info ][gc,heap       ] GC(46) Humongous regions: 0->0
[2025-12-22T15:27:12.412+0000][31.557s][info ][gc,metaspace  ] GC(46) Metaspace: 85632K(88008K)->85632K(88008K) NonClass: 75064K(76540K)->75064K(76540K) Class: 10568K(11468K)->10568K(11468K)
[2025-12-22T15:27:12.412+0000][31.557s][info ][gc            ] GC(46) Pause Young (Normal) (G1 Evacuation Pause) 216M->69M(272M) 16.128ms
[2025-12-22T15:27:12.412+0000][31.557s][info ][gc,cpu        ] GC(46) User=0.05s Sys=0.00s Real=0.01s
[2025-12-22T15:27:12.412+0000][31.557s][info ][safepoint     ] Leaving safepoint region
[2025-12-22T15:27:12.412+0000][31.557s][info ][safepoint     ] Total time for which application threads were stopped: 0.0163680 seconds, Stopping threads took: 0.0000206 seconds
[2025-12-22T15:27:12.412+0000][31.557s][info ][gc,stringdedup] Concurrent String Deduplication (31.557s)
[2025-12-22T15:27:12.414+0000][31.559s][info ][gc,stringdedup] Concurrent String Deduplication 417.9K->96864.0B(323.3K) avg 48.8% (31.557s, 31.559s) 1.835ms
[2025-12-22T15:27:12.721+0000][31.866s][debug][safepoint     ] Safepoint synchronization initiated. (21 threads)
[2025-12-22T15:27:12.721+0000][31.866s][info ][safepoint     ] Application time: 0.3089548 seconds
[2025-12-22T15:27:12.721+0000][31.866s][info ][safepoint     ] Entering safepoint region: ICBufferFull
[2025-12-22T15:27:12.721+0000][31.867s][info ][safepoint     ] Leaving safepoint region
[2025-12-22T15:27:12.721+0000][31.867s][info ][safepoint     ] Total time for which application threads were stopped: 0.0002679 seconds, Stopping threads took: 0.0000203 seconds
[2025-12-22T15:27:12.748+0000][31.894s][debug][safepoint     ] Safepoint synchronization initiated. (21 threads)
[2025-12-22T15:27:12.748+0000][31.894s][info ][safepoint     ] Application time: 0.0269934 seconds
[2025-12-22T15:27:12.748+0000][31.894s][info ][safepoint     ] Entering safepoint region: Deoptimize
[2025-12-22T15:27:12.750+0000][31.895s][info ][safepoint     ] Leaving safepoint region
[2025-12-22T15:27:12.750+0000][31.895s][info ][safepoint     ] Total time for which application threads were stopped: 0.0016504 seconds, Stopping threads took: 0.0000181 seconds
[2025-12-22T15:27:12.958+0000][32.103s][debug][safepoint     ] Safepoint synchronization initiated. (22 threads)
[2025-12-22T15:27:12.958+0000][32.103s][info ][safepoint     ] Application time: 0.2080556 seconds
[2025-12-22T15:27:12.958+0000][32.103s][info ][safepoint     ] Entering safepoint region: Deoptimize
[2025-12-22T15:27:12.960+0000][32.106s][info ][safepoint     ] Leaving safepoint region
[2025-12-22T15:27:12.961+0000][32.106s][info ][safepoint     ] Total time for which application threads were stopped: 0.0025235 seconds, Stopping threads took: 0.0000199 seconds
[2025-12-22T15:27:12.976+0000][32.122s][debug][safepoint     ] Safepoint synchronization initiated. (22 threads)
[2025-12-22T15:27:12.976+0000][32.122s][info ][safepoint     ] Application time: 0.0156937 seconds
[2025-12-22T15:27:12.976+0000][32.122s][debug][safepoint     ] Waiting for 1 thread(s) to block
[2025-12-22T15:27:12.976+0000][32.122s][info ][safepoint     ] Entering safepoint region: ICBufferFull
[2025-12-22T15:27:12.977+0000][32.122s][info ][safepoint     ] Leaving safepoint region
[2025-12-22T15:27:12.977+0000][32.122s][info ][safepoint     ] Total time for which application threads were stopped: 0.0003592 seconds, Stopping threads took: 0.0000832 seconds
[2025-12-22T15:27:13.348+0000][32.494s][debug][safepoint     ] Safepoint synchronization initiated. (22 threads)
[2025-12-22T15:27:13.349+0000][32.494s][info ][safepoint     ] Application time: 0.3720477 seconds
[2025-12-22T15:27:13.349+0000][32.494s][info ][safepoint     ] Entering safepoint region: Deoptimize
[2025-12-22T15:27:13.351+0000][32.497s][info ][safepoint     ] Leaving safepoint region
[2025-12-22T15:27:13.351+0000][32.497s][info ][safepoint     ] Total time for which application threads were stopped: 0.0024484 seconds, Stopping threads took: 0.0000365 seconds
[2025-12-22T15:27:13.522+0000][32.667s][debug][safepoint     ] Safepoint synchronization initiated. (23 threads)
[2025-12-22T15:27:13.522+0000][32.667s][info ][safepoint     ] Application time: 0.1706736 seconds
[2025-12-22T15:27:13.522+0000][32.667s][debug][safepoint     ] Waiting for 2 thread(s) to block
[2025-12-22T15:27:13.522+0000][32.668s][info ][safepoint     ] Entering safepoint region: Deoptimize
[2025-12-22T15:27:13.524+0000][32.669s][info ][safepoint     ] Leaving safepoint region
[2025-12-22T15:27:13.524+0000][32.669s][info ][safepoint     ] Total time for which application threads were stopped: 0.0020518 seconds, Stopping threads took: 0.0003817 seconds
[2025-12-22T15:27:13.585+0000][32.731s][debug][safepoint     ] Safepoint synchronization initiated. (23 threads)
[2025-12-22T15:27:13.586+0000][32.731s][info ][safepoint     ] Application time: 0.0616546 seconds
[2025-12-22T15:27:13.586+0000][32.731s][debug][safepoint     ] Waiting for 2 thread(s) to block
[2025-12-22T15:27:13.586+0000][32.731s][info ][safepoint     ] Entering safepoint region: Deoptimize
[2025-12-22T15:27:13.587+0000][32.733s][info ][safepoint     ] Leaving safepoint region
[2025-12-22T15:27:13.587+0000][32.733s][info ][safepoint     ] Total time for which application threads were stopped: 0.0019182 seconds, Stopping threads took: 0.0001836 seconds
[2025-12-22T15:27:13.783+0000][32.928s][debug][safepoint     ] Safepoint synchronization initiated. (25 threads)
[2025-12-22T15:27:13.783+0000][32.928s][info ][safepoint     ] Application time: 0.1955050 seconds
[2025-12-22T15:27:13.783+0000][32.928s][info ][safepoint     ] Entering safepoint region: G1CollectForAllocation
[2025-12-22T15:27:13.783+0000][32.929s][info ][gc,start      ] GC(47) Pause Young (Normal) (G1 Evacuation Pause)
[2025-12-22T15:27:13.783+0000][32.929s][info ][gc,task       ] GC(47) Using 4 workers of 4 for evacuation
[2025-12-22T15:27:13.802+0000][32.947s][info ][gc,phases     ] GC(47)   Pre Evacuate Collection Set: 0.0ms
[2025-12-22T15:27:13.802+0000][32.947s][info ][gc,phases     ] GC(47)   Evacuate Collection Set: 15.0ms
[2025-12-22T15:27:13.802+0000][32.947s][info ][gc,phases     ] GC(47)   Post Evacuate Collection Set: 3.6ms
[2025-12-22T15:27:13.802+0000][32.947s][info ][gc,phases     ] GC(47)   Other: 0.2ms
[2025-12-22T15:27:13.802+0000][32.947s][info ][gc,heap       ] GC(47) Eden regions: 151->0(148)
[2025-12-22T15:27:13.802+0000][32.947s][info ][gc,heap       ] GC(47) Survivor regions: 12->15(21)
[2025-12-22T15:27:13.802+0000][32.947s][info ][gc,heap       ] GC(47) Old regions: 59->59
[2025-12-22T15:27:13.802+0000][32.947s][info ][gc,heap       ] GC(47) Humongous regions: 0->0
[2025-12-22T15:27:13.802+0000][32.948s][info ][gc,metaspace  ] GC(47) Metaspace: 93415K(96072K)->93415K(96072K) NonClass: 82046K(83708K)->82046K(83708K) Class: 11368K(12364K)->11368K(12364K)
[2025-12-22T15:27:13.802+0000][32.948s][info ][gc            ] GC(47) Pause Young (Normal) (G1 Evacuation Pause) 220M->72M(272M) 18.965ms
[2025-12-22T15:27:13.802+0000][32.948s][info ][gc,cpu        ] GC(47) User=0.07s Sys=0.00s Real=0.01s
[2025-12-22T15:27:13.802+0000][32.948s][info ][safepoint     ] Leaving safepoint region
[2025-12-22T15:27:13.802+0000][32.948s][info ][safepoint     ] Total time for which application threads were stopped: 0.0192466 seconds, Stopping threads took: 0.0000220 seconds
[2025-12-22T15:27:13.802+0000][32.948s][info ][gc,stringdedup] Concurrent String Deduplication (32.948s)
[2025-12-22T15:27:13.804+0000][32.949s][info ][gc,stringdedup] Concurrent String Deduplication 202.1K->58856.0B(144.6K) avg 49.2% (32.948s, 32.949s) 1.657ms
[2025-12-22T15:27:13.985+0000][33.131s][debug][safepoint     ] Safepoint synchronization initiated. (25 threads)
[2025-12-22T15:27:13.985+0000][33.131s][info ][safepoint     ] Application time: 0.1829750 seconds
[2025-12-22T15:27:13.985+0000][33.131s][info ][safepoint     ] Entering safepoint region: Deoptimize
[2025-12-22T15:27:13.987+0000][33.133s][info ][safepoint     ] Leaving safepoint region
[2025-12-22T15:27:13.987+0000][33.133s][info ][safepoint     ] Total time for which application threads were stopped: 0.0021898 seconds, Stopping threads took: 0.0000304 seconds
[2025-12-22T15:27:14.787+0000][33.933s][debug][safepoint     ] Safepoint synchronization initiated. (45 threads)
[2025-12-22T15:27:14.787+0000][33.933s][info ][safepoint     ] Application time: 0.7996743 seconds
[2025-12-22T15:27:14.787+0000][33.933s][info ][safepoint     ] Entering safepoint region: Deoptimize
[2025-12-22T15:27:14.790+0000][33.935s][info ][safepoint     ] Leaving safepoint region
[2025-12-22T15:27:14.790+0000][33.935s][info ][safepoint     ] Total time for which application threads were stopped: 0.0025840 seconds, Stopping threads took: 0.0000329 seconds
[2025-12-22T15:27:15.355+0000][34.501s][debug][safepoint     ] Safepoint synchronization initiated. (49 threads)
[2025-12-22T15:27:15.355+0000][34.501s][info ][safepoint     ] Application time: 0.5656788 seconds
[2025-12-22T15:27:15.356+0000][34.501s][info ][safepoint     ] Entering safepoint region: G1CollectForAllocation
[2025-12-22T15:27:15.356+0000][34.501s][info ][gc,start      ] GC(48) Pause Young (Normal) (G1 Evacuation Pause)
[2025-12-22T15:27:15.356+0000][34.501s][info ][gc,task       ] GC(48) Using 4 workers of 4 for evacuation
[2025-12-22T15:27:15.386+0000][34.532s][info ][gc,phases     ] GC(48)   Pre Evacuate Collection Set: 0.0ms
[2025-12-22T15:27:15.386+0000][34.532s][info ][gc,phases     ] GC(48)   Evacuate Collection Set: 26.5ms
[2025-12-22T15:27:15.386+0000][34.532s][info ][gc,phases     ] GC(48)   Post Evacuate Collection Set: 3.8ms
[2025-12-22T15:27:15.386+0000][34.532s][info ][gc,phases     ] GC(48)   Other: 0.2ms
[2025-12-22T15:27:15.386+0000][34.532s][info ][gc,heap       ] GC(48) Eden regions: 148->0(148)
[2025-12-22T15:27:15.386+0000][34.532s][info ][gc,heap       ] GC(48) Survivor regions: 15->15(21)
[2025-12-22T15:27:15.386+0000][34.532s][info ][gc,heap       ] GC(48) Old regions: 59->63
[2025-12-22T15:27:15.386+0000][34.532s][info ][gc,heap       ] GC(48) Humongous regions: 0->0
[2025-12-22T15:27:15.386+0000][34.532s][info ][gc,metaspace  ] GC(48) Metaspace: 100732K(103624K)->100732K(103624K) NonClass: 88516K(90364K)->88516K(90364K) Class: 12216K(13260K)->12216K(13260K)
[2025-12-22T15:27:15.386+0000][34.532s][info ][gc            ] GC(48) Pause Young (Normal) (G1 Evacuation Pause) 220M->76M(272M) 30.679ms
[2025-12-22T15:27:15.386+0000][34.532s][info ][gc,cpu        ] GC(48) User=0.08s Sys=0.01s Real=0.03s
[2025-12-22T15:27:15.387+0000][34.532s][info ][safepoint     ] Leaving safepoint region
[2025-12-22T15:27:15.387+0000][34.532s][info ][safepoint     ] Total time for which application threads were stopped: 0.0310498 seconds, Stopping threads took: 0.0000367 seconds
[2025-12-22T15:27:15.387+0000][34.532s][info ][gc,stringdedup] Concurrent String Deduplication (34.532s)
[2025-12-22T15:27:15.388+0000][34.533s][info ][gc,stringdedup] Concurrent String Deduplication 205.2K->68520.0B(138.3K) avg 49.5% (34.532s, 34.533s) 1.248ms
[2025-12-22T15:27:15.930+0000][35.075s][debug][safepoint     ] Safepoint synchronization initiated. (49 threads)
[2025-12-22T15:27:15.930+0000][35.075s][info ][safepoint     ] Application time: 0.5433646 seconds
[2025-12-22T15:27:15.930+0000][35.075s][info ][safepoint     ] Entering safepoint region: Deoptimize
[2025-12-22T15:27:15.932+0000][35.078s][info ][safepoint     ] Leaving safepoint region
[2025-12-22T15:27:15.932+0000][35.078s][info ][safepoint     ] Total time for which application threads were stopped: 0.0023337 seconds, Stopping threads took: 0.0000337 seconds
[2025-12-22T15:27:16.009+0000][35.155s][debug][safepoint     ] Safepoint synchronization initiated. (49 threads)
[2025-12-22T15:27:16.009+0000][35.155s][info ][safepoint     ] Application time: 0.0770219 seconds
[2025-12-22T15:27:16.009+0000][35.155s][info ][safepoint     ] Entering safepoint region: Deoptimize
[2025-12-22T15:27:16.012+0000][35.157s][info ][safepoint     ] Leaving safepoint region
[2025-12-22T15:27:16.012+0000][35.157s][info ][safepoint     ] Total time for which application threads were stopped: 0.0023441 seconds, Stopping threads took: 0.0000334 seconds
[2025-12-22T15:27:16.014+0000][35.159s][debug][safepoint     ] Safepoint synchronization initiated. (49 threads)
[2025-12-22T15:27:16.014+0000][35.159s][info ][safepoint     ] Application time: 0.0019360 seconds
[2025-12-22T15:27:16.014+0000][35.159s][info ][safepoint     ] Entering safepoint region: Deoptimize
[2025-12-22T15:27:16.014+0000][35.160s][info ][safepoint     ] Leaving safepoint region
[2025-12-22T15:27:16.014+0000][35.160s][info ][safepoint     ] Total time for which application threads were stopped: 0.0008376 seconds, Stopping threads took: 0.0000212 seconds
[2025-12-22T15:27:16.132+0000][35.277s][debug][safepoint     ] Safepoint synchronization initiated. (49 threads)
[2025-12-22T15:27:16.132+0000][35.277s][info ][safepoint     ] Application time: 0.1174252 seconds
[2025-12-22T15:27:16.132+0000][35.277s][info ][safepoint     ] Entering safepoint region: Deoptimize
[2025-12-22T15:27:16.134+0000][35.279s][info ][safepoint     ] Leaving safepoint region
[2025-12-22T15:27:16.134+0000][35.279s][info ][safepoint     ] Total time for which application threads were stopped: 0.0017904 seconds, Stopping threads took: 0.0000319 seconds
[2025-12-22T15:27:16.141+0000][35.286s][debug][safepoint     ] Safepoint synchronization initiated. (49 threads)
[2025-12-22T15:27:16.141+0000][35.286s][info ][safepoint     ] Application time: 0.0072688 seconds
[2025-12-22T15:27:16.141+0000][35.286s][info ][safepoint     ] Entering safepoint region: Deoptimize
[2025-12-22T15:27:16.142+0000][35.287s][info ][safepoint     ] Leaving safepoint region
[2025-12-22T15:27:16.142+0000][35.287s][info ][safepoint     ] Total time for which application threads were stopped: 0.0006265 seconds, Stopping threads took: 0.0000220 seconds
[2025-12-22T15:27:16.219+0000][35.365s][debug][safepoint     ] Safepoint synchronization initiated. (49 threads)
[2025-12-22T15:27:16.219+0000][35.365s][info ][safepoint     ] Application time: 0.0777690 seconds
[2025-12-22T15:27:16.219+0000][35.365s][info ][safepoint     ] Entering safepoint region: Deoptimize
[2025-12-22T15:27:16.222+0000][35.367s][info ][safepoint     ] Leaving safepoint region
[2025-12-22T15:27:16.222+0000][35.367s][info ][safepoint     ] Total time for which application threads were stopped: 0.0021090 seconds, Stopping threads took: 0.0000306 seconds
[2025-12-22T15:27:16.497+0000][35.642s][debug][safepoint     ] Safepoint synchronization initiated. (50 threads)
[2025-12-22T15:27:16.497+0000][35.642s][info ][safepoint     ] Application time: 0.2751393 seconds
[2025-12-22T15:27:16.497+0000][35.642s][debug][safepoint     ] Waiting for 1 thread(s) to block
[2025-12-22T15:27:16.497+0000][35.642s][info ][safepoint     ] Entering safepoint region: G1CollectForAllocation
[2025-12-22T15:27:16.497+0000][35.643s][info ][gc,start      ] GC(49) Pause Young (Normal) (G1 Evacuation Pause)
[2025-12-22T15:27:16.497+0000][35.643s][info ][gc,task       ] GC(49) Using 4 workers of 4 for evacuation
[2025-12-22T15:27:16.522+0000][35.667s][info ][gc,phases     ] GC(49)   Pre Evacuate Collection Set: 0.0ms
[2025-12-22T15:27:16.522+0000][35.667s][info ][gc,phases     ] GC(49)   Evacuate Collection Set: 17.7ms
[2025-12-22T15:27:16.522+0000][35.667s][info ][gc,phases     ] GC(49)   Post Evacuate Collection Set: 6.5ms
[2025-12-22T15:27:16.522+0000][35.667s][info ][gc,phases     ] GC(49)   Other: 0.2ms
[2025-12-22T15:27:16.522+0000][35.667s][info ][gc,heap       ] GC(49) Eden regions: 148->0(176)
[2025-12-22T15:27:16.522+0000][35.667s][info ][gc,heap       ] GC(49) Survivor regions: 15->12(21)
[2025-12-22T15:27:16.522+0000][35.667s][info ][gc,heap       ] GC(49) Old regions: 63->69
[2025-12-22T15:27:16.522+0000][35.667s][info ][gc,heap       ] GC(49) Humongous regions: 0->0
[2025-12-22T15:27:16.522+0000][35.667s][info ][gc,metaspace  ] GC(49) Metaspace: 104262K(107464K)->104262K(107464K) NonClass: 91631K(93692K)->91631K(93692K) Class: 12630K(13772K)->12630K(13772K)
[2025-12-22T15:27:16.522+0000][35.668s][info ][gc            ] GC(49) Pause Young (Normal) (G1 Evacuation Pause) 224M->79M(327M) 24.970ms
[2025-12-22T15:27:16.522+0000][35.668s][info ][gc,cpu        ] GC(49) User=0.07s Sys=0.01s Real=0.02s
[2025-12-22T15:27:16.522+0000][35.668s][info ][safepoint     ] Leaving safepoint region
[2025-12-22T15:27:16.522+0000][35.668s][info ][safepoint     ] Total time for which application threads were stopped: 0.0255452 seconds, Stopping threads took: 0.0001137 seconds
[2025-12-22T15:27:16.522+0000][35.668s][info ][gc,stringdedup] Concurrent String Deduplication (35.668s)
[2025-12-22T15:27:16.525+0000][35.671s][info ][gc,stringdedup] Concurrent String Deduplication 270.7K->95496.0B(177.4K) avg 49.8% (35.668s, 35.671s) 2.847ms
[2025-12-22T15:27:17.448+0000][36.593s][debug][safepoint     ] Safepoint synchronization initiated. (53 threads)
[2025-12-22T15:27:17.448+0000][36.593s][info ][safepoint     ] Application time: 0.9253856 seconds
[2025-12-22T15:27:17.448+0000][36.593s][info ][safepoint     ] Entering safepoint region: Deoptimize
[2025-12-22T15:27:17.450+0000][36.596s][info ][safepoint     ] Leaving safepoint region
[2025-12-22T15:27:17.450+0000][36.596s][info ][safepoint     ] Total time for which application threads were stopped: 0.0027936 seconds, Stopping threads took: 0.0000436 seconds
[2025-12-22T15:27:18.049+0000][37.195s][debug][safepoint     ] Safepoint synchronization initiated. (55 threads)
[2025-12-22T15:27:18.049+0000][37.195s][info ][safepoint     ] Application time: 0.5988360 seconds
[2025-12-22T15:27:18.049+0000][37.195s][info ][safepoint     ] Entering safepoint region: G1CollectForAllocation
[2025-12-22T15:27:18.050+0000][37.195s][info ][gc,start      ] GC(50) Pause Young (Normal) (G1 Evacuation Pause)
[2025-12-22T15:27:18.050+0000][37.195s][info ][gc,task       ] GC(50) Using 4 workers of 4 for evacuation
[2025-12-22T15:27:18.069+0000][37.215s][info ][gc,phases     ] GC(50)   Pre Evacuate Collection Set: 0.0ms
[2025-12-22T15:27:18.069+0000][37.215s][info ][gc,phases     ] GC(50)   Evacuate Collection Set: 15.3ms
[2025-12-22T15:27:18.069+0000][37.215s][info ][gc,phases     ] GC(50)   Post Evacuate Collection Set: 3.7ms
[2025-12-22T15:27:18.069+0000][37.215s][info ][gc,phases     ] GC(50)   Other: 0.4ms
[2025-12-22T15:27:18.069+0000][37.215s][info ][gc,heap       ] GC(50) Eden regions: 176->0(182)
[2025-12-22T15:27:18.069+0000][37.215s][info ][gc,heap       ] GC(50) Survivor regions: 12->14(24)
[2025-12-22T15:27:18.069+0000][37.215s][info ][gc,heap       ] GC(50) Old regions: 69->69
[2025-12-22T15:27:18.069+0000][37.215s][info ][gc,heap       ] GC(50) Humongous regions: 0->0
[2025-12-22T15:27:18.069+0000][37.215s][info ][gc,metaspace  ] GC(50) Metaspace: 110719K(113992K)->110719K(113992K) NonClass: 97268K(99324K)->97268K(99324K) Class: 13451K(14668K)->13451K(14668K)
[2025-12-22T15:27:18.069+0000][37.215s][info ][gc            ] GC(50) Pause Young (Normal) (G1 Evacuation Pause) 255M->81M(327M) 19.577ms
[2025-12-22T15:27:18.069+0000][37.215s][info ][gc,cpu        ] GC(50) User=0.07s Sys=0.00s Real=0.02s
[2025-12-22T15:27:18.069+0000][37.215s][info ][safepoint     ] Leaving safepoint region
[2025-12-22T15:27:18.069+0000][37.215s][info ][safepoint     ] Total time for which application threads were stopped: 0.0201382 seconds, Stopping threads took: 0.0000460 seconds
[2025-12-22T15:27:18.070+0000][37.215s][info ][gc,stringdedup] Concurrent String Deduplication (37.215s)
[2025-12-22T15:27:18.073+0000][37.218s][info ][gc,stringdedup] Concurrent String Deduplication 439.1K->102.8K(336.3K) avg 50.7% (37.215s, 37.218s) 3.172ms
[2025-12-22T15:27:18.170+0000][37.315s][debug][safepoint     ] Safepoint synchronization initiated. (55 threads)
[2025-12-22T15:27:18.170+0000][37.315s][info ][safepoint     ] Application time: 0.1000501 seconds
[2025-12-22T15:27:18.170+0000][37.315s][info ][safepoint     ] Entering safepoint region: Deoptimize
[2025-12-22T15:27:18.172+0000][37.318s][info ][safepoint     ] Leaving safepoint region
[2025-12-22T15:27:18.172+0000][37.318s][info ][safepoint     ] Total time for which application threads were stopped: 0.0026705 seconds, Stopping threads took: 0.0000347 seconds
[2025-12-22T15:27:18.269+0000][37.414s][debug][safepoint     ] Safepoint synchronization initiated. (56 threads)
[2025-12-22T15:27:18.269+0000][37.414s][info ][safepoint     ] Application time: 0.0966350 seconds
[2025-12-22T15:27:18.269+0000][37.414s][info ][safepoint     ] Entering safepoint region: Deoptimize
[2025-12-22T15:27:18.271+0000][37.416s][info ][safepoint     ] Leaving safepoint region
[2025-12-22T15:27:18.271+0000][37.416s][info ][safepoint     ] Total time for which application threads were stopped: 0.0020136 seconds, Stopping threads took: 0.0000322 seconds
[2025-12-22T15:27:18.943+0000][38.088s][debug][safepoint     ] Safepoint synchronization initiated. (59 threads)
[2025-12-22T15:27:18.943+0000][38.088s][info ][safepoint     ] Application time: 0.6721276 seconds
[2025-12-22T15:27:18.943+0000][38.088s][info ][safepoint     ] Entering safepoint region: CollectForMetadataAllocation
[2025-12-22T15:27:18.943+0000][38.089s][info ][gc,start      ] GC(51) Pause Young (Concurrent Start) (Metadata GC Threshold)
[2025-12-22T15:27:18.943+0000][38.089s][info ][gc,task       ] GC(51) Using 4 workers of 4 for evacuation
[2025-12-22T15:27:18.973+0000][38.119s][info ][gc,phases     ] GC(51)   Pre Evacuate Collection Set: 0.4ms
[2025-12-22T15:27:18.973+0000][38.119s][info ][gc,phases     ] GC(51)   Evacuate Collection Set: 23.0ms
[2025-12-22T15:27:18.973+0000][38.119s][info ][gc,phases     ] GC(51)   Post Evacuate Collection Set: 6.1ms
[2025-12-22T15:27:18.973+0000][38.119s][info ][gc,phases     ] GC(51)   Other: 0.3ms
[2025-12-22T15:27:18.973+0000][38.119s][info ][gc,heap       ] GC(51) Eden regions: 89->0(163)
[2025-12-22T15:27:18.973+0000][38.119s][info ][gc,heap       ] GC(51) Survivor regions: 14->13(25)
[2025-12-22T15:27:18.973+0000][38.119s][info ][gc,heap       ] GC(51) Old regions: 69->73
[2025-12-22T15:27:18.973+0000][38.119s][info ][gc,heap       ] GC(51) Humongous regions: 0->0
[2025-12-22T15:27:18.973+0000][38.119s][info ][gc,metaspace  ] GC(51) Metaspace: 115426K(118728K)->115426K(118728K) NonClass: 101352K(103420K)->101352K(103420K) Class: 14073K(15308K)->14073K(15308K)
[2025-12-22T15:27:18.973+0000][38.119s][info ][gc            ] GC(51) Pause Young (Concurrent Start) (Metadata GC Threshold) 169M->83M(327M) 29.999ms
[2025-12-22T15:27:18.973+0000][38.119s][info ][gc,cpu        ] GC(51) User=0.06s Sys=0.00s Real=0.02s
[2025-12-22T15:27:18.974+0000][38.119s][info ][safepoint     ] Leaving safepoint region
[2025-12-22T15:27:18.974+0000][38.119s][info ][safepoint     ] Total time for which application threads were stopped: 0.0304890 seconds, Stopping threads took: 0.0000394 seconds
[2025-12-22T15:27:18.975+0000][38.121s][info ][gc            ] GC(52) Concurrent Cycle
[2025-12-22T15:27:18.975+0000][38.121s][info ][gc,marking    ] GC(52) Concurrent Clear Claimed Marks
[2025-12-22T15:27:18.976+0000][38.121s][info ][gc,marking    ] GC(52) Concurrent Clear Claimed Marks 0.309ms
[2025-12-22T15:27:18.976+0000][38.121s][info ][gc,marking    ] GC(52) Concurrent Scan Root Regions
[2025-12-22T15:27:18.977+0000][38.123s][info ][gc,stringdedup] Concurrent String Deduplication (38.123s)
[2025-12-22T15:27:18.983+0000][38.128s][info ][gc,stringdedup] Concurrent String Deduplication 364.1K->247.1K(117.0K) avg 50.2% (38.123s, 38.128s) 5.870ms
[2025-12-22T15:27:19.005+0000][38.150s][info ][gc,marking    ] GC(52) Concurrent Scan Root Regions 29.346ms
[2025-12-22T15:27:19.005+0000][38.150s][info ][gc,marking    ] GC(52) Concurrent Mark (38.150s)
[2025-12-22T15:27:19.005+0000][38.150s][info ][gc,marking    ] GC(52) Concurrent Mark From Roots
[2025-12-22T15:27:19.005+0000][38.150s][info ][gc,task       ] GC(52) Using 1 workers of 1 for marking
[2025-12-22T15:27:19.076+0000][38.222s][debug][safepoint     ] Safepoint synchronization initiated. (60 threads)
[2025-12-22T15:27:19.076+0000][38.222s][info ][safepoint     ] Application time: 0.1027359 seconds
[2025-12-22T15:27:19.079+0000][38.224s][debug][safepoint     ] Waiting for 1 thread(s) to block
[2025-12-22T15:27:19.079+0000][38.224s][info ][safepoint     ] Entering safepoint region: CollectForMetadataAllocation
[2025-12-22T15:27:19.079+0000][38.225s][info ][safepoint     ] Leaving safepoint region
[2025-12-22T15:27:19.079+0000][38.225s][info ][safepoint     ] Total time for which application threads were stopped: 0.0028355 seconds, Stopping threads took: 0.0025419 seconds
[2025-12-22T15:27:19.158+0000][38.303s][debug][safepoint     ] Safepoint synchronization initiated. (64 threads)
[2025-12-22T15:27:19.158+0000][38.303s][info ][safepoint     ] Application time: 0.0788475 seconds
[2025-12-22T15:27:19.158+0000][38.303s][info ][safepoint     ] Entering safepoint region: CollectForMetadataAllocation
[2025-12-22T15:27:19.158+0000][38.304s][info ][safepoint     ] Leaving safepoint region
[2025-12-22T15:27:19.158+0000][38.304s][info ][safepoint     ] Total time for which application threads were stopped: 0.0003690 seconds, Stopping threads took: 0.0000407 seconds
[2025-12-22T15:27:19.170+0000][38.316s][info ][gc,marking    ] GC(52) Concurrent Mark From Roots 165.238ms
[2025-12-22T15:27:19.170+0000][38.316s][info ][gc,marking    ] GC(52) Concurrent Preclean
[2025-12-22T15:27:19.171+0000][38.316s][info ][gc,marking    ] GC(52) Concurrent Preclean 0.245ms
[2025-12-22T15:27:19.171+0000][38.316s][info ][gc,marking    ] GC(52) Concurrent Mark (38.150s, 38.316s) 165.558ms
[2025-12-22T15:27:19.171+0000][38.316s][debug][safepoint     ] Safepoint synchronization initiated. (64 threads)
[2025-12-22T15:27:19.171+0000][38.316s][info ][safepoint     ] Application time: 0.0122185 seconds
[2025-12-22T15:27:19.171+0000][38.316s][info ][safepoint     ] Entering safepoint region: CGC_Operation
[2025-12-22T15:27:19.171+0000][38.316s][info ][gc,start      ] GC(52) Pause Remark
[2025-12-22T15:27:19.194+0000][38.340s][info ][gc,stringtable] GC(52) Cleaned string and symbol table, strings: 53107 processed, 36 removed, symbols: 315453 processed, 274 removed
[2025-12-22T15:27:19.195+0000][38.340s][info ][gc            ] GC(52) Pause Remark 99M->99M(327M) 24.195ms
[2025-12-22T15:27:19.195+0000][38.340s][info ][gc,cpu        ] GC(52) User=0.09s Sys=0.00s Real=0.03s
[2025-12-22T15:27:19.195+0000][38.340s][info ][safepoint     ] Leaving safepoint region
[2025-12-22T15:27:19.195+0000][38.341s][info ][safepoint     ] Total time for which application threads were stopped: 0.0244575 seconds, Stopping threads took: 0.0000250 seconds
[2025-12-22T15:27:19.195+0000][38.341s][info ][gc,marking    ] GC(52) Concurrent Rebuild Remembered Sets
[2025-12-22T15:27:19.236+0000][38.382s][debug][safepoint     ] Safepoint synchronization initiated. (64 threads)
[2025-12-22T15:27:19.236+0000][38.382s][info ][safepoint     ] Application time: 0.0412262 seconds
[2025-12-22T15:27:19.236+0000][38.382s][info ][safepoint     ] Entering safepoint region: Deoptimize
[2025-12-22T15:27:19.239+0000][38.384s][info ][safepoint     ] Leaving safepoint region
[2025-12-22T15:27:19.239+0000][38.384s][info ][safepoint     ] Total time for which application threads were stopped: 0.0023845 seconds, Stopping threads took: 0.0000467 seconds
[2025-12-22T15:27:19.305+0000][38.450s][info ][gc,marking    ] GC(52) Concurrent Rebuild Remembered Sets 109.468ms
[2025-12-22T15:27:19.305+0000][38.450s][debug][safepoint     ] Safepoint synchronization initiated. (64 threads)
[2025-12-22T15:27:19.305+0000][38.450s][info ][safepoint     ] Application time: 0.0660228 seconds
[2025-12-22T15:27:19.305+0000][38.450s][debug][safepoint     ] ... found polling page loop exception at pc = 0x00007fb9d48486d5, stub =0x00007fb9cc826680
[2025-12-22T15:27:19.305+0000][38.450s][debug][safepoint     ] Waiting for 1 thread(s) to block
[2025-12-22T15:27:19.305+0000][38.450s][info ][safepoint     ] Entering safepoint region: CGC_Operation
[2025-12-22T15:27:19.305+0000][38.451s][info ][gc,start      ] GC(52) Pause Cleanup
[2025-12-22T15:27:19.306+0000][38.451s][info ][gc            ] GC(52) Pause Cleanup 110M->110M(327M) 0.363ms
[2025-12-22T15:27:19.306+0000][38.451s][info ][gc,cpu        ] GC(52) User=0.00s Sys=0.00s Real=0.00s
[2025-12-22T15:27:19.306+0000][38.451s][info ][safepoint     ] Leaving safepoint region
[2025-12-22T15:27:19.306+0000][38.451s][info ][safepoint     ] Total time for which application threads were stopped: 0.0008816 seconds, Stopping threads took: 0.0002717 seconds
[2025-12-22T15:27:19.306+0000][38.451s][info ][gc,marking    ] GC(52) Concurrent Cleanup for Next Mark
[2025-12-22T15:27:19.307+0000][38.453s][info ][gc,marking    ] GC(52) Concurrent Cleanup for Next Mark 1.424ms
[2025-12-22T15:27:19.307+0000][38.453s][info ][gc            ] GC(52) Concurrent Cycle 331.957ms
[2025-12-22T15:27:19.953+0000][39.098s][debug][safepoint     ] Safepoint synchronization initiated. (69 threads)
[2025-12-22T15:27:19.953+0000][39.098s][info ][safepoint     ] Application time: 0.6472916 seconds
[2025-12-22T15:27:19.953+0000][39.098s][info ][safepoint     ] Entering safepoint region: Deoptimize
[2025-12-22T15:27:19.956+0000][39.102s][info ][safepoint     ] Leaving safepoint region
[2025-12-22T15:27:19.956+0000][39.102s][info ][safepoint     ] Total time for which application threads were stopped: 0.0032179 seconds, Stopping threads took: 0.0000495 seconds
[2025-12-22T15:27:20.090+0000][39.236s][debug][safepoint     ] Safepoint synchronization initiated. (69 threads)
[2025-12-22T15:27:20.090+0000][39.236s][info ][safepoint     ] Application time: 0.1340033 seconds
[2025-12-22T15:27:20.090+0000][39.236s][info ][safepoint     ] Entering safepoint region: G1CollectForAllocation
[2025-12-22T15:27:20.091+0000][39.236s][info ][gc,start      ] GC(53) Pause Young (Concurrent Start) (G1 Evacuation Pause)
[2025-12-22T15:27:20.091+0000][39.236s][info ][gc,task       ] GC(53) Using 4 workers of 4 for evacuation
[2025-12-22T15:27:20.116+0000][39.262s][info ][gc,phases     ] GC(53)   Pre Evacuate Collection Set: 0.6ms
[2025-12-22T15:27:20.116+0000][39.262s][info ][gc,phases     ] GC(53)   Evacuate Collection Set: 20.0ms
[2025-12-22T15:27:20.116+0000][39.262s][info ][gc,phases     ] GC(53)   Post Evacuate Collection Set: 4.5ms
[2025-12-22T15:27:20.116+0000][39.262s][info ][gc,phases     ] GC(53)   Other: 0.4ms
[2025-12-22T15:27:20.116+0000][39.262s][info ][gc,heap       ] GC(53) Eden regions: 163->0(165)
[2025-12-22T15:27:20.116+0000][39.262s][info ][gc,heap       ] GC(53) Survivor regions: 13->12(22)
[2025-12-22T15:27:20.116+0000][39.262s][info ][gc,heap       ] GC(53) Old regions: 73->77
[2025-12-22T15:27:20.116+0000][39.262s][info ][gc,heap       ] GC(53) Humongous regions: 0->0
[2025-12-22T15:27:20.116+0000][39.262s][info ][gc,metaspace  ] GC(53) Metaspace: 117524K(121116K)->117524K(121116K) NonClass: 103195K(105424K)->103195K(105424K) Class: 14329K(15692K)->14329K(15692K)
[2025-12-22T15:27:20.116+0000][39.262s][info ][gc            ] GC(53) Pause Young (Concurrent Start) (G1 Evacuation Pause) 246M->87M(327M) 25.710ms
[2025-12-22T15:27:20.116+0000][39.262s][info ][gc,cpu        ] GC(53) User=0.09s Sys=0.00s Real=0.03s
[2025-12-22T15:27:20.117+0000][39.262s][info ][safepoint     ] Leaving safepoint region
[2025-12-22T15:27:20.117+0000][39.262s][info ][safepoint     ] Total time for which application threads were stopped: 0.0262900 seconds, Stopping threads took: 0.0000516 seconds
[2025-12-22T15:27:20.117+0000][39.262s][info ][gc            ] GC(54) Concurrent Cycle
[2025-12-22T15:27:20.117+0000][39.262s][info ][gc,marking    ] GC(54) Concurrent Clear Claimed Marks
[2025-12-22T15:27:20.117+0000][39.262s][info ][gc,stringdedup] Concurrent String Deduplication (39.262s)
[2025-12-22T15:27:20.117+0000][39.262s][info ][gc,marking    ] GC(54) Concurrent Clear Claimed Marks 0.277ms
[2025-12-22T15:27:20.117+0000][39.262s][info ][gc,marking    ] GC(54) Concurrent Scan Root Regions
[2025-12-22T15:27:20.120+0000][39.265s][info ][gc,stringdedup] Concurrent String Deduplication 323.7K->138.4K(185.3K) avg 50.4% (39.262s, 39.265s) 3.419ms
[2025-12-22T15:27:20.131+0000][39.277s][info ][gc,marking    ] GC(54) Concurrent Scan Root Regions 14.423ms
[2025-12-22T15:27:20.131+0000][39.277s][info ][gc,marking    ] GC(54) Concurrent Mark (39.277s)
[2025-12-22T15:27:20.131+0000][39.277s][info ][gc,marking    ] GC(54) Concurrent Mark From Roots
[2025-12-22T15:27:20.131+0000][39.277s][info ][gc,task       ] GC(54) Using 1 workers of 1 for marking
[2025-12-22T15:27:20.295+0000][39.441s][info ][gc,marking    ] GC(54) Concurrent Mark From Roots 164.019ms
[2025-12-22T15:27:20.295+0000][39.441s][info ][gc,marking    ] GC(54) Concurrent Preclean
[2025-12-22T15:27:20.296+0000][39.441s][info ][gc,marking    ] GC(54) Concurrent Preclean 0.211ms
[2025-12-22T15:27:20.296+0000][39.441s][info ][gc,marking    ] GC(54) Concurrent Mark (39.277s, 39.441s) 164.326ms
[2025-12-22T15:27:20.296+0000][39.441s][debug][safepoint     ] Safepoint synchronization initiated. (69 threads)
[2025-12-22T15:27:20.296+0000][39.441s][info ][safepoint     ] Application time: 0.1792434 seconds
[2025-12-22T15:27:20.296+0000][39.441s][info ][safepoint     ] Entering safepoint region: CGC_Operation
[2025-12-22T15:27:20.296+0000][39.442s][info ][gc,start      ] GC(54) Pause Remark
[2025-12-22T15:27:20.318+0000][39.463s][info ][gc,stringtable] GC(54) Cleaned string and symbol table, strings: 54768 processed, 3 removed, symbols: 320378 processed, 26 removed
[2025-12-22T15:27:20.318+0000][39.464s][info ][gc            ] GC(54) Pause Remark 113M->113M(327M) 22.014ms
[2025-12-22T15:27:20.318+0000][39.464s][info ][gc,cpu        ] GC(54) User=0.08s Sys=0.00s Real=0.02s
[2025-12-22T15:27:20.318+0000][39.464s][info ][safepoint     ] Leaving safepoint region
[2025-12-22T15:27:20.318+0000][39.464s][info ][safepoint     ] Total time for which application threads were stopped: 0.0224621 seconds, Stopping threads took: 0.0000796 seconds
[2025-12-22T15:27:20.318+0000][39.464s][info ][gc,marking    ] GC(54) Concurrent Rebuild Remembered Sets
[2025-12-22T15:27:20.419+0000][39.565s][info ][gc,marking    ] GC(54) Concurrent Rebuild Remembered Sets 100.962ms
[2025-12-22T15:27:20.419+0000][39.565s][debug][safepoint     ] Safepoint synchronization initiated. (69 threads)
[2025-12-22T15:27:20.420+0000][39.565s][info ][safepoint     ] Application time: 0.1012259 seconds
[2025-12-22T15:27:20.420+0000][39.565s][debug][safepoint     ] Waiting for 1 thread(s) to block
[2025-12-22T15:27:20.421+0000][39.566s][info ][safepoint     ] Entering safepoint region: CGC_Operation
[2025-12-22T15:27:20.421+0000][39.566s][info ][gc,start      ] GC(54) Pause Cleanup
[2025-12-22T15:27:20.421+0000][39.567s][info ][gc            ] GC(54) Pause Cleanup 121M->121M(327M) 0.304ms
[2025-12-22T15:27:20.421+0000][39.567s][info ][gc,cpu        ] GC(54) User=0.00s Sys=0.00s Real=0.00s
[2025-12-22T15:27:20.421+0000][39.567s][info ][safepoint     ] Leaving safepoint region
[2025-12-22T15:27:20.421+0000][39.567s][info ][safepoint     ] Total time for which application threads were stopped: 0.0017450 seconds, Stopping threads took: 0.0011293 seconds
[2025-12-22T15:27:20.421+0000][39.567s][info ][gc,marking    ] GC(54) Concurrent Cleanup for Next Mark
[2025-12-22T15:27:20.423+0000][39.568s][info ][gc,marking    ] GC(54) Concurrent Cleanup for Next Mark 1.704ms
[2025-12-22T15:27:20.423+0000][39.568s][info ][gc            ] GC(54) Concurrent Cycle 306.547ms
[2025-12-22T15:27:20.468+0000][39.614s][debug][safepoint     ] Safepoint synchronization initiated. (70 threads)
[2025-12-22T15:27:20.468+0000][39.614s][info ][safepoint     ] Application time: 0.0469258 seconds
[2025-12-22T15:27:20.468+0000][39.614s][debug][safepoint     ] Waiting for 2 thread(s) to block
[2025-12-22T15:27:20.468+0000][39.614s][info ][safepoint     ] Entering safepoint region: Deoptimize
[2025-12-22T15:27:20.471+0000][39.616s][info ][safepoint     ] Leaving safepoint region
[2025-12-22T15:27:20.471+0000][39.616s][info ][safepoint     ] Total time for which application threads were stopped: 0.0027021 seconds, Stopping threads took: 0.0001341 seconds
[2025-12-22T15:27:20.852+0000][39.997s][debug][safepoint     ] Safepoint synchronization initiated. (70 threads)
[2025-12-22T15:27:20.852+0000][39.997s][info ][safepoint     ] Application time: 0.3810567 seconds
[2025-12-22T15:27:20.852+0000][39.997s][info ][safepoint     ] Entering safepoint region: Deoptimize
[2025-12-22T15:27:20.855+0000][40.000s][info ][safepoint     ] Leaving safepoint region
[2025-12-22T15:27:20.855+0000][40.000s][info ][safepoint     ] Total time for which application threads were stopped: 0.0025872 seconds, Stopping threads took: 0.0000472 seconds
[2025-12-22T15:27:20.856+0000][40.002s][debug][safepoint     ] Safepoint synchronization initiated. (70 threads)
[2025-12-22T15:27:20.856+0000][40.002s][info ][safepoint     ] Application time: 0.0015829 seconds
[2025-12-22T15:27:20.856+0000][40.002s][info ][safepoint     ] Entering safepoint region: Deoptimize
[2025-12-22T15:27:20.857+0000][40.002s][info ][safepoint     ] Leaving safepoint region
[2025-12-22T15:27:20.857+0000][40.002s][info ][safepoint     ] Total time for which application threads were stopped: 0.0006434 seconds, Stopping threads took: 0.0000231 seconds
[2025-12-22T15:27:20.886+0000][40.032s][debug][safepoint     ] Safepoint synchronization initiated. (70 threads)
[2025-12-22T15:27:20.886+0000][40.032s][info ][safepoint     ] Application time: 0.0295992 seconds
[2025-12-22T15:27:20.886+0000][40.032s][info ][safepoint     ] Entering safepoint region: Deoptimize
[2025-12-22T15:27:20.888+0000][40.034s][info ][safepoint     ] Leaving safepoint region
[2025-12-22T15:27:20.888+0000][40.034s][info ][safepoint     ] Total time for which application threads were stopped: 0.0017209 seconds, Stopping threads took: 0.0000336 seconds
[2025-12-22T15:27:21.399+0000][40.544s][debug][safepoint     ] Safepoint synchronization initiated. (71 threads)
[2025-12-22T15:27:21.399+0000][40.545s][info ][safepoint     ] Application time: 0.5108964 seconds
[2025-12-22T15:27:21.399+0000][40.545s][info ][safepoint     ] Entering safepoint region: G1CollectForAllocation
[2025-12-22T15:27:21.400+0000][40.545s][info ][gc,start      ] GC(55) Pause Young (Normal) (G1 Evacuation Pause)
[2025-12-22T15:27:21.400+0000][40.545s][info ][gc,task       ] GC(55) Using 4 workers of 4 for evacuation
[2025-12-22T15:27:21.421+0000][40.566s][info ][gc,phases     ] GC(55)   Pre Evacuate Collection Set: 0.0ms
[2025-12-22T15:27:21.421+0000][40.566s][info ][gc,phases     ] GC(55)   Evacuate Collection Set: 16.9ms
[2025-12-22T15:27:21.421+0000][40.566s][info ][gc,phases     ] GC(55)   Post Evacuate Collection Set: 4.1ms
[2025-12-22T15:27:21.421+0000][40.566s][info ][gc,phases     ] GC(55)   Other: 0.2ms
[2025-12-22T15:27:21.421+0000][40.566s][info ][gc,heap       ] GC(55) Eden regions: 165->0(167)
[2025-12-22T15:27:21.421+0000][40.566s][info ][gc,heap       ] GC(55) Survivor regions: 12->16(23)
[2025-12-22T15:27:21.421+0000][40.566s][info ][gc,heap       ] GC(55) Old regions: 77->77
[2025-12-22T15:27:21.421+0000][40.566s][info ][gc,heap       ] GC(55) Humongous regions: 0->0
[2025-12-22T15:27:21.421+0000][40.566s][info ][gc,metaspace  ] GC(55) Metaspace: 121516K(125084K)->121516K(125084K) NonClass: 106765K(109008K)->106765K(109008K) Class: 14751K(16076K)->14751K(16076K)
[2025-12-22T15:27:21.421+0000][40.566s][info ][gc            ] GC(55) Pause Young (Normal) (G1 Evacuation Pause) 252M->91M(327M) 21.458ms
[2025-12-22T15:27:21.421+0000][40.566s][info ][gc,cpu        ] GC(55) User=0.08s Sys=0.00s Real=0.02s
[2025-12-22T15:27:21.421+0000][40.566s][info ][safepoint     ] Leaving safepoint region
[2025-12-22T15:27:21.421+0000][40.567s][info ][safepoint     ] Total time for which application threads were stopped: 0.0219909 seconds, Stopping threads took: 0.0000855 seconds
[2025-12-22T15:27:21.421+0000][40.567s][info ][gc,stringdedup] Concurrent String Deduplication (40.567s)
[2025-12-22T15:27:21.424+0000][40.569s][info ][gc,stringdedup] Concurrent String Deduplication 239.3K->178.9K(61800.0B) avg 50.0% (40.567s, 40.569s) 2.785ms
[2025-12-22T15:27:22.421+0000][41.567s][debug][safepoint     ] Safepoint synchronization initiated. (74 threads)
[2025-12-22T15:27:22.421+0000][41.567s][info ][safepoint     ] Application time: 1.0001695 seconds
[2025-12-22T15:27:22.423+0000][41.568s][debug][safepoint     ] ... found polling page loop exception at pc = 0x00007fb9d4b68305, stub =0x00007fb9cc826680
[2025-12-22T15:27:22.423+0000][41.568s][debug][safepoint     ] Waiting for 1 thread(s) to block
[2025-12-22T15:27:22.423+0000][41.568s][info ][safepoint     ] Entering safepoint region: Cleanup
[2025-12-22T15:27:22.423+0000][41.569s][info ][safepoint     ] Leaving safepoint region
[2025-12-22T15:27:22.423+0000][41.569s][info ][safepoint     ] Total time for which application threads were stopped: 0.0020730 seconds, Stopping threads took: 0.0016867 seconds
[2025-12-22T15:27:22.558+0000][41.703s][debug][safepoint     ] Safepoint synchronization initiated. (74 threads)
[2025-12-22T15:27:22.558+0000][41.704s][info ][safepoint     ] Application time: 0.1347218 seconds
[2025-12-22T15:27:22.558+0000][41.704s][debug][safepoint     ] Waiting for 2 thread(s) to block
[2025-12-22T15:27:22.558+0000][41.704s][info ][safepoint     ] Entering safepoint region: G1CollectForAllocation
[2025-12-22T15:27:22.558+0000][41.704s][info ][gc,start      ] GC(56) Pause Young (Normal) (G1 Evacuation Pause)
[2025-12-22T15:27:22.558+0000][41.704s][info ][gc,task       ] GC(56) Using 4 workers of 4 for evacuation
[2025-12-22T15:27:22.581+0000][41.726s][info ][gc,phases     ] GC(56)   Pre Evacuate Collection Set: 0.0ms
[2025-12-22T15:27:22.581+0000][41.726s][info ][gc,phases     ] GC(56)   Evacuate Collection Set: 18.4ms
[2025-12-22T15:27:22.581+0000][41.726s][info ][gc,phases     ] GC(56)   Post Evacuate Collection Set: 4.0ms
[2025-12-22T15:27:22.581+0000][41.726s][info ][gc,phases     ] GC(56)   Other: 0.2ms
[2025-12-22T15:27:22.581+0000][41.726s][info ][gc,heap       ] GC(56) Eden regions: 167->0(167)
[2025-12-22T15:27:22.581+0000][41.726s][info ][gc,heap       ] GC(56) Survivor regions: 16->15(23)
[2025-12-22T15:27:22.581+0000][41.726s][info ][gc,heap       ] GC(56) Old regions: 77->82
[2025-12-22T15:27:22.581+0000][41.726s][info ][gc,heap       ] GC(56) Humongous regions: 1->0
[2025-12-22T15:27:22.581+0000][41.727s][info ][gc,metaspace  ] GC(56) Metaspace: 125087K(128668K)->125087K(128668K) NonClass: 110119K(112336K)->110119K(112336K) Class: 14968K(16332K)->14968K(16332K)
[2025-12-22T15:27:22.581+0000][41.727s][info ][gc            ] GC(56) Pause Young (Normal) (G1 Evacuation Pause) 259M->94M(327M) 22.721ms
[2025-12-22T15:27:22.581+0000][41.727s][info ][gc,cpu        ] GC(56) User=0.08s Sys=0.00s Real=0.02s
[2025-12-22T15:27:22.581+0000][41.727s][info ][safepoint     ] Leaving safepoint region
[2025-12-22T15:27:22.581+0000][41.727s][info ][safepoint     ] Total time for which application threads were stopped: 0.0231213 seconds, Stopping threads took: 0.0001056 seconds
[2025-12-22T15:27:22.582+0000][41.727s][info ][gc,stringdedup] Concurrent String Deduplication (41.727s)
[2025-12-22T15:27:22.583+0000][41.729s][info ][gc,stringdedup] Concurrent String Deduplication 271.2K->82032.0B(191.1K) avg 50.4% (41.727s, 41.729s) 1.766ms
[2025-12-22T15:27:23.364+0000][42.509s][debug][safepoint     ] Safepoint synchronization initiated. (74 threads)
[2025-12-22T15:27:23.364+0000][42.509s][info ][safepoint     ] Application time: 0.7827704 seconds
[2025-12-22T15:27:23.364+0000][42.509s][info ][safepoint     ] Entering safepoint region: Deoptimize
[2025-12-22T15:27:23.366+0000][42.512s][info ][safepoint     ] Leaving safepoint region
[2025-12-22T15:27:23.367+0000][42.512s][info ][safepoint     ] Total time for which application threads were stopped: 0.0024688 seconds, Stopping threads took: 0.0000480 seconds
[2025-12-22T15:27:23.500+0000][42.646s][debug][safepoint     ] Safepoint synchronization initiated. (74 threads)
[2025-12-22T15:27:23.500+0000][42.646s][info ][safepoint     ] Application time: 0.1339511 seconds
[2025-12-22T15:27:23.501+0000][42.646s][debug][safepoint     ] Waiting for 1 thread(s) to block
[2025-12-22T15:27:23.501+0000][42.646s][info ][safepoint     ] Entering safepoint region: ICBufferFull
[2025-12-22T15:27:23.501+0000][42.646s][info ][safepoint     ] Leaving safepoint region
[2025-12-22T15:27:23.501+0000][42.646s][info ][safepoint     ] Total time for which application threads were stopped: 0.0004708 seconds, Stopping threads took: 0.0001179 seconds
[2025-12-22T15:27:24.136+0000][43.281s][debug][safepoint     ] Safepoint synchronization initiated. (75 threads)
[2025-12-22T15:27:24.136+0000][43.281s][info ][safepoint     ] Application time: 0.6350850 seconds
[2025-12-22T15:27:24.136+0000][43.282s][info ][safepoint     ] Entering safepoint region: G1CollectForAllocation
[2025-12-22T15:27:24.137+0000][43.282s][info ][gc,start      ] GC(57) Pause Young (Normal) (G1 Evacuation Pause)
[2025-12-22T15:27:24.137+0000][43.282s][info ][gc,task       ] GC(57) Using 4 workers of 4 for evacuation
[2025-12-22T15:27:24.160+0000][43.305s][info ][gc,phases     ] GC(57)   Pre Evacuate Collection Set: 0.0ms
[2025-12-22T15:27:24.160+0000][43.305s][info ][gc,phases     ] GC(57)   Evacuate Collection Set: 16.5ms
[2025-12-22T15:27:24.160+0000][43.305s][info ][gc,phases     ] GC(57)   Post Evacuate Collection Set: 6.5ms
[2025-12-22T15:27:24.160+0000][43.305s][info ][gc,phases     ] GC(57)   Other: 0.2ms
[2025-12-22T15:27:24.160+0000][43.305s][info ][gc,heap       ] GC(57) Eden regions: 167->0(166)
[2025-12-22T15:27:24.160+0000][43.305s][info ][gc,heap       ] GC(57) Survivor regions: 15->17(23)
[2025-12-22T15:27:24.160+0000][43.305s][info ][gc,heap       ] GC(57) Old regions: 82->85
[2025-12-22T15:27:24.160+0000][43.305s][info ][gc,heap       ] GC(57) Humongous regions: 0->0
[2025-12-22T15:27:24.160+0000][43.305s][info ][gc,metaspace  ] GC(57) Metaspace: 129418K(133148K)->129418K(133148K) NonClass: 114055K(116432K)->114055K(116432K) Class: 15362K(16716K)->15362K(16716K)
[2025-12-22T15:27:24.160+0000][43.305s][info ][gc            ] GC(57) Pause Young (Normal) (G1 Evacuation Pause) 261M->99M(327M) 23.476ms
[2025-12-22T15:27:24.160+0000][43.305s][info ][gc,cpu        ] GC(57) User=0.09s Sys=0.01s Real=0.02s
[2025-12-22T15:27:24.160+0000][43.305s][info ][safepoint     ] Leaving safepoint region
[2025-12-22T15:27:24.160+0000][43.306s][info ][safepoint     ] Total time for which application threads were stopped: 0.0240127 seconds, Stopping threads took: 0.0000542 seconds
[2025-12-22T15:27:24.160+0000][43.306s][info ][gc,stringdedup] Concurrent String Deduplication (43.306s)
[2025-12-22T15:27:24.167+0000][43.313s][info ][gc,stringdedup] Concurrent String Deduplication 489.5K->350.2K(139.3K) avg 49.6% (43.306s, 43.313s) 7.076ms
[2025-12-22T15:27:24.873+0000][44.019s][debug][safepoint     ] Safepoint synchronization initiated. (76 threads)
[2025-12-22T15:27:24.873+0000][44.019s][info ][safepoint     ] Application time: 0.7133333 seconds
[2025-12-22T15:27:24.874+0000][44.020s][debug][safepoint     ] ... found polling page loop exception at pc = 0x00007fb9ce918c0e, stub =0x00007fb9cc826680
[2025-12-22T15:27:24.874+0000][44.020s][debug][safepoint     ] Waiting for 1 thread(s) to block
[2025-12-22T15:27:24.874+0000][44.020s][info ][safepoint     ] Entering safepoint region: G1CollectForAllocation
[2025-12-22T15:27:24.875+0000][44.020s][info ][gc,start      ] GC(58) Pause Young (Normal) (G1 Evacuation Pause)
[2025-12-22T15:27:24.875+0000][44.020s][info ][gc,task       ] GC(58) Using 4 workers of 4 for evacuation
[2025-12-22T15:27:24.898+0000][44.043s][info ][gc,phases     ] GC(58)   Pre Evacuate Collection Set: 0.0ms
[2025-12-22T15:27:24.898+0000][44.043s][info ][gc,phases     ] GC(58)   Evacuate Collection Set: 19.0ms
[2025-12-22T15:27:24.898+0000][44.043s][info ][gc,phases     ] GC(58)   Post Evacuate Collection Set: 4.0ms
[2025-12-22T15:27:24.898+0000][44.043s][info ][gc,phases     ] GC(58)   Other: 0.2ms
[2025-12-22T15:27:24.898+0000][44.043s][info ][gc,heap       ] GC(58) Eden regions: 166->0(168)
[2025-12-22T15:27:24.898+0000][44.043s][info ][gc,heap       ] GC(58) Survivor regions: 17->11(23)
[2025-12-22T15:27:24.898+0000][44.043s][info ][gc,heap       ] GC(58) Old regions: 85->92
[2025-12-22T15:27:24.898+0000][44.044s][info ][gc,heap       ] GC(58) Humongous regions: 0->0
[2025-12-22T15:27:24.898+0000][44.044s][info ][gc,metaspace  ] GC(58) Metaspace: 131263K(135068K)->131263K(135068K) NonClass: 115817K(118224K)->115817K(118224K) Class: 15446K(16844K)->15446K(16844K)
[2025-12-22T15:27:24.898+0000][44.044s][info ][gc            ] GC(58) Pause Young (Normal) (G1 Evacuation Pause) 265M->101M(327M) 23.487ms
[2025-12-22T15:27:24.898+0000][44.044s][info ][gc,cpu        ] GC(58) User=0.08s Sys=0.00s Real=0.03s
[2025-12-22T15:27:24.898+0000][44.044s][info ][safepoint     ] Leaving safepoint region
[2025-12-22T15:27:24.898+0000][44.044s][info ][safepoint     ] Total time for which application threads were stopped: 0.0248302 seconds, Stopping threads took: 0.0009120 seconds
[2025-12-22T15:27:24.898+0000][44.044s][info ][gc,stringdedup] Concurrent String Deduplication (44.044s)
[2025-12-22T15:27:24.901+0000][44.046s][info ][gc,stringdedup] Concurrent String Deduplication 498.8K->163.0K(335.9K) avg 50.2% (44.044s, 44.046s) 2.497ms
[2025-12-22T15:27:25.257+0000][44.402s][debug][safepoint     ] Safepoint synchronization initiated. (76 threads)
[2025-12-22T15:27:25.257+0000][44.402s][info ][safepoint     ] Application time: 0.3584438 seconds
[2025-12-22T15:27:25.257+0000][44.402s][info ][safepoint     ] Entering safepoint region: Deoptimize
[2025-12-22T15:27:25.259+0000][44.404s][info ][safepoint     ] Leaving safepoint region
[2025-12-22T15:27:25.259+0000][44.404s][info ][safepoint     ] Total time for which application threads were stopped: 0.0021322 seconds, Stopping threads took: 0.0000463 seconds
[2025-12-22T15:27:25.351+0000][44.496s][debug][safepoint     ] Safepoint synchronization initiated. (76 threads)
[2025-12-22T15:27:25.351+0000][44.496s][info ][safepoint     ] Application time: 0.0920587 seconds
[2025-12-22T15:27:25.351+0000][44.496s][info ][safepoint     ] Entering safepoint region: Deoptimize
[2025-12-22T15:27:25.353+0000][44.498s][info ][safepoint     ] Leaving safepoint region
[2025-12-22T15:27:25.353+0000][44.498s][info ][safepoint     ] Total time for which application threads were stopped: 0.0019605 seconds, Stopping threads took: 0.0000439 seconds
[2025-12-22T15:27:25.689+0000][44.834s][debug][safepoint     ] Safepoint synchronization initiated. (79 threads)
[2025-12-22T15:27:25.689+0000][44.834s][info ][safepoint     ] Application time: 0.3356414 seconds
[2025-12-22T15:27:25.689+0000][44.834s][info ][safepoint     ] Entering safepoint region: Deoptimize
[2025-12-22T15:27:25.691+0000][44.836s][info ][safepoint     ] Leaving safepoint region
[2025-12-22T15:27:25.691+0000][44.836s][info ][safepoint     ] Total time for which application threads were stopped: 0.0020158 seconds, Stopping threads took: 0.0000473 seconds
[2025-12-22T15:27:25.825+0000][44.971s][debug][safepoint     ] Safepoint synchronization initiated. (79 threads)
[2025-12-22T15:27:25.825+0000][44.971s][info ][safepoint     ] Application time: 0.1345374 seconds
[2025-12-22T15:27:25.825+0000][44.971s][info ][safepoint     ] Entering safepoint region: Deoptimize
[2025-12-22T15:27:25.827+0000][44.973s][info ][safepoint     ] Leaving safepoint region
[2025-12-22T15:27:25.827+0000][44.973s][info ][safepoint     ] Total time for which application threads were stopped: 0.0023223 seconds, Stopping threads took: 0.0000450 seconds
[2025-12-22T15:27:25.882+0000][45.028s][debug][safepoint     ] Safepoint synchronization initiated. (79 threads)
[2025-12-22T15:27:25.882+0000][45.028s][info ][safepoint     ] Application time: 0.0546480 seconds
[2025-12-22T15:27:25.882+0000][45.028s][info ][safepoint     ] Entering safepoint region: Deoptimize
[2025-12-22T15:27:25.884+0000][45.030s][info ][safepoint     ] Leaving safepoint region
[2025-12-22T15:27:25.884+0000][45.030s][info ][safepoint     ] Total time for which application threads were stopped: 0.0020499 seconds, Stopping threads took: 0.0000458 seconds
[2025-12-22T15:27:25.941+0000][45.086s][debug][safepoint     ] Safepoint synchronization initiated. (79 threads)
[2025-12-22T15:27:25.941+0000][45.086s][info ][safepoint     ] Application time: 0.0563272 seconds
[2025-12-22T15:27:25.941+0000][45.086s][info ][safepoint     ] Entering safepoint region: Deoptimize
[2025-12-22T15:27:25.943+0000][45.089s][info ][safepoint     ] Leaving safepoint region
[2025-12-22T15:27:25.943+0000][45.089s][info ][safepoint     ] Total time for which application threads were stopped: 0.0025452 seconds, Stopping threads took: 0.0000453 seconds
[2025-12-22T15:27:26.219+0000][45.365s][debug][safepoint     ] Safepoint synchronization initiated. (79 threads)
[2025-12-22T15:27:26.219+0000][45.365s][info ][safepoint     ] Application time: 0.2760288 seconds
[2025-12-22T15:27:26.219+0000][45.365s][debug][safepoint     ] Waiting for 1 thread(s) to block
[2025-12-22T15:27:26.219+0000][45.365s][info ][safepoint     ] Entering safepoint region: Deoptimize
[2025-12-22T15:27:26.222+0000][45.367s][info ][safepoint     ] Leaving safepoint region
[2025-12-22T15:27:26.222+0000][45.367s][info ][safepoint     ] Total time for which application threads were stopped: 0.0027369 seconds, Stopping threads took: 0.0001038 seconds
[2025-12-22T15:27:26.224+0000][45.369s][debug][safepoint     ] Safepoint synchronization initiated. (79 threads)
[2025-12-22T15:27:26.224+0000][45.369s][info ][safepoint     ] Application time: 0.0019556 seconds
[2025-12-22T15:27:26.224+0000][45.369s][info ][safepoint     ] Entering safepoint region: Deoptimize
[2025-12-22T15:27:26.225+0000][45.370s][info ][safepoint     ] Leaving safepoint region
[2025-12-22T15:27:26.225+0000][45.370s][info ][safepoint     ] Total time for which application threads were stopped: 0.0011356 seconds, Stopping threads took: 0.0000347 seconds
[2025-12-22T15:27:26.478+0000][45.623s][debug][safepoint     ] Safepoint synchronization initiated. (80 threads)
[2025-12-22T15:27:26.478+0000][45.623s][info ][safepoint     ] Application time: 0.2529998 seconds
[2025-12-22T15:27:26.478+0000][45.624s][debug][safepoint     ] Waiting for 1 thread(s) to block
[2025-12-22T15:27:26.478+0000][45.624s][info ][safepoint     ] Entering safepoint region: G1CollectForAllocation
[2025-12-22T15:27:26.478+0000][45.624s][info ][gc,start      ] GC(59) Pause Young (Normal) (G1 Evacuation Pause)
[2025-12-22T15:27:26.478+0000][45.624s][info ][gc,task       ] GC(59) Using 4 workers of 4 for evacuation
[2025-12-22T15:27:26.499+0000][45.644s][info ][gc,phases     ] GC(59)   Pre Evacuate Collection Set: 0.0ms
[2025-12-22T15:27:26.499+0000][45.644s][info ][gc,phases     ] GC(59)   Evacuate Collection Set: 16.4ms
[2025-12-22T15:27:26.499+0000][45.644s][info ][gc,phases     ] GC(59)   Post Evacuate Collection Set: 3.8ms
[2025-12-22T15:27:26.499+0000][45.644s][info ][gc,phases     ] GC(59)   Other: 0.3ms
[2025-12-22T15:27:26.499+0000][45.644s][info ][gc,heap       ] GC(59) Eden regions: 168->0(167)
[2025-12-22T15:27:26.499+0000][45.644s][info ][gc,heap       ] GC(59) Survivor regions: 11->15(23)
[2025-12-22T15:27:26.499+0000][45.644s][info ][gc,heap       ] GC(59) Old regions: 92->92
[2025-12-22T15:27:26.499+0000][45.644s][info ][gc,heap       ] GC(59) Humongous regions: 0->0
[2025-12-22T15:27:26.499+0000][45.645s][info ][gc,metaspace  ] GC(59) Metaspace: 137427K(141340K)->137427K(141340K) NonClass: 121208K(123600K)->121208K(123600K) Class: 16219K(17740K)->16219K(17740K)
[2025-12-22T15:27:26.499+0000][45.645s][info ][gc            ] GC(59) Pause Young (Normal) (G1 Evacuation Pause) 269M->104M(327M) 20.697ms
[2025-12-22T15:27:26.499+0000][45.645s][info ][gc,cpu        ] GC(59) User=0.08s Sys=0.00s Real=0.02s
[2025-12-22T15:27:26.499+0000][45.645s][info ][safepoint     ] Leaving safepoint region
[2025-12-22T15:27:26.499+0000][45.645s][info ][safepoint     ] Total time for which application threads were stopped: 0.0211413 seconds, Stopping threads took: 0.0000791 seconds
[2025-12-22T15:27:26.503+0000][45.648s][info ][gc,stringdedup] Concurrent String Deduplication (45.648s)
[2025-12-22T15:27:26.505+0000][45.651s][info ][gc,stringdedup] Concurrent String Deduplication 427.5K->137.5K(289.9K) avg 50.7% (45.648s, 45.651s) 2.333ms
[2025-12-22T15:27:27.500+0000][46.646s][debug][safepoint     ] Safepoint synchronization initiated. (80 threads)
[2025-12-22T15:27:27.500+0000][46.646s][info ][safepoint     ] Application time: 1.0009292 seconds
[2025-12-22T15:27:27.500+0000][46.646s][debug][safepoint     ] Waiting for 1 thread(s) to block
[2025-12-22T15:27:27.500+0000][46.646s][info ][safepoint     ] Entering safepoint region: Cleanup
[2025-12-22T15:27:27.501+0000][46.646s][info ][safepoint     ] Leaving safepoint region
[2025-12-22T15:27:27.501+0000][46.646s][info ][safepoint     ] Total time for which application threads were stopped: 0.0005033 seconds, Stopping threads took: 0.0002502 seconds
[2025-12-22T15:27:27.845+0000][46.990s][debug][safepoint     ] Safepoint synchronization initiated. (80 threads)
[2025-12-22T15:27:27.845+0000][46.990s][info ][safepoint     ] Application time: 0.3439647 seconds
[2025-12-22T15:27:27.845+0000][46.990s][debug][safepoint     ] Waiting for 1 thread(s) to block
[2025-12-22T15:27:27.845+0000][46.990s][info ][safepoint     ] Entering safepoint region: G1CollectForAllocation
[2025-12-22T15:27:27.845+0000][46.990s][info ][gc,start      ] GC(60) Pause Young (Normal) (G1 Evacuation Pause)
[2025-12-22T15:27:27.845+0000][46.990s][info ][gc,task       ] GC(60) Using 4 workers of 4 for evacuation
[2025-12-22T15:27:27.868+0000][47.014s][info ][gc,phases     ] GC(60)   Pre Evacuate Collection Set: 0.0ms
[2025-12-22T15:27:27.869+0000][47.014s][info ][gc,phases     ] GC(60)   Evacuate Collection Set: 19.2ms
[2025-12-22T15:27:27.869+0000][47.014s][info ][gc,phases     ] GC(60)   Post Evacuate Collection Set: 3.9ms
[2025-12-22T15:27:27.869+0000][47.014s][info ][gc,phases     ] GC(60)   Other: 0.3ms
[2025-12-22T15:27:27.869+0000][47.014s][info ][gc,heap       ] GC(60) Eden regions: 167->0(165)
[2025-12-22T15:27:27.869+0000][47.014s][info ][gc,heap       ] GC(60) Survivor regions: 15->15(23)
[2025-12-22T15:27:27.869+0000][47.014s][info ][gc,heap       ] GC(60) Old regions: 92->96
[2025-12-22T15:27:27.869+0000][47.014s][info ][gc,heap       ] GC(60) Humongous regions: 0->0
[2025-12-22T15:27:27.869+0000][47.014s][info ][gc,metaspace  ] GC(60) Metaspace: 141311K(145564K)->141311K(145564K) NonClass: 124748K(127440K)->124748K(127440K) Class: 16562K(18124K)->16562K(18124K)
[2025-12-22T15:27:27.869+0000][47.014s][info ][gc            ] GC(60) Pause Young (Normal) (G1 Evacuation Pause) 271M->108M(327M) 23.652ms
[2025-12-22T15:27:27.869+0000][47.014s][info ][gc,cpu        ] GC(60) User=0.08s Sys=0.00s Real=0.02s
[2025-12-22T15:27:27.869+0000][47.014s][info ][safepoint     ] Leaving safepoint region
[2025-12-22T15:27:27.869+0000][47.014s][info ][safepoint     ] Total time for which application threads were stopped: 0.0241100 seconds, Stopping threads took: 0.0001212 seconds
[2025-12-22T15:27:27.869+0000][47.014s][info ][gc,stringdedup] Concurrent String Deduplication (47.014s)
[2025-12-22T15:27:27.870+0000][47.015s][info ][gc,stringdedup] Concurrent String Deduplication 141.8K->56392.0B(88840.0B) avg 50.8% (47.014s, 47.015s) 0.896ms
[2025-12-22T15:27:28.703+0000][47.848s][debug][safepoint     ] Safepoint synchronization initiated. (81 threads)
[2025-12-22T15:27:28.703+0000][47.848s][info ][safepoint     ] Application time: 0.8340198 seconds
[2025-12-22T15:27:28.703+0000][47.848s][info ][safepoint     ] Entering safepoint region: G1CollectForAllocation
[2025-12-22T15:27:28.703+0000][47.849s][info ][gc,start      ] GC(61) Pause Young (Normal) (G1 Evacuation Pause)
[2025-12-22T15:27:28.703+0000][47.849s][info ][gc,task       ] GC(61) Using 4 workers of 4 for evacuation
[2025-12-22T15:27:28.727+0000][47.872s][info ][gc,phases     ] GC(61)   Pre Evacuate Collection Set: 0.0ms
[2025-12-22T15:27:28.727+0000][47.872s][info ][gc,phases     ] GC(61)   Evacuate Collection Set: 18.4ms
[2025-12-22T15:27:28.727+0000][47.872s][info ][gc,phases     ] GC(61)   Post Evacuate Collection Set: 5.0ms
[2025-12-22T15:27:28.727+0000][47.872s][info ][gc,phases     ] GC(61)   Other: 0.2ms
[2025-12-22T15:27:28.727+0000][47.872s][info ][gc,heap       ] GC(61) Eden regions: 165->0(162)
[2025-12-22T15:27:28.727+0000][47.872s][info ][gc,heap       ] GC(61) Survivor regions: 15->15(23)
[2025-12-22T15:27:28.727+0000][47.872s][info ][gc,heap       ] GC(61) Old regions: 96->100
[2025-12-22T15:27:28.727+0000][47.872s][info ][gc,heap       ] GC(61) Humongous regions: 0->0
[2025-12-22T15:27:28.727+0000][47.872s][info ][gc,metaspace  ] GC(61) Metaspace: 144995K(149276K)->144995K(149276K) NonClass: 128092K(130768K)->128092K(130768K) Class: 16902K(18508K)->16902K(18508K)
[2025-12-22T15:27:28.727+0000][47.872s][info ][gc            ] GC(61) Pause Young (Normal) (G1 Evacuation Pause) 273M->112M(327M) 23.838ms
[2025-12-22T15:27:28.727+0000][47.872s][info ][gc,cpu        ] GC(61) User=0.09s Sys=0.00s Real=0.02s
[2025-12-22T15:27:28.727+0000][47.872s][info ][safepoint     ] Leaving safepoint region
[2025-12-22T15:27:28.727+0000][47.872s][info ][safepoint     ] Total time for which application threads were stopped: 0.0241792 seconds, Stopping threads took: 0.0000463 seconds
[2025-12-22T15:27:28.727+0000][47.873s][info ][gc,stringdedup] Concurrent String Deduplication (47.872s)
[2025-12-22T15:27:28.729+0000][47.875s][info ][gc,stringdedup] Concurrent String Deduplication 298.9K->144.6K(154.3K) avg 50.8% (47.872s, 47.875s) 2.249ms
[2025-12-22T15:27:29.562+0000][48.708s][debug][safepoint     ] Safepoint synchronization initiated. (86 threads)
[2025-12-22T15:27:29.562+0000][48.708s][info ][safepoint     ] Application time: 0.8351617 seconds
[2025-12-22T15:27:29.562+0000][48.708s][info ][safepoint     ] Entering safepoint region: Deoptimize
[2025-12-22T15:27:29.565+0000][48.711s][info ][safepoint     ] Leaving safepoint region
[2025-12-22T15:27:29.565+0000][48.711s][info ][safepoint     ] Total time for which application threads were stopped: 0.0030237 seconds, Stopping threads took: 0.0000465 seconds
[2025-12-22T15:27:29.984+0000][49.130s][debug][safepoint     ] Safepoint synchronization initiated. (92 threads)
[2025-12-22T15:27:29.984+0000][49.130s][info ][safepoint     ] Application time: 0.4189934 seconds
[2025-12-22T15:27:29.984+0000][49.130s][debug][safepoint     ] ... found polling page loop exception at pc = 0x00007fb9d491c15d, stub =0x00007fb9cc826680
[2025-12-22T15:27:29.984+0000][49.130s][debug][safepoint     ] Waiting for 1 thread(s) to block
[2025-12-22T15:27:29.984+0000][49.130s][info ][safepoint     ] Entering safepoint region: G1CollectForAllocation
[2025-12-22T15:27:29.985+0000][49.130s][info ][gc,start      ] GC(62) Pause Young (Normal) (G1 Evacuation Pause)
[2025-12-22T15:27:29.985+0000][49.130s][info ][gc,task       ] GC(62) Using 4 workers of 4 for evacuation
[2025-12-22T15:27:30.012+0000][49.157s][info ][gc,phases     ] GC(62)   Pre Evacuate Collection Set: 0.0ms
[2025-12-22T15:27:30.012+0000][49.157s][info ][gc,phases     ] GC(62)   Evacuate Collection Set: 22.7ms
[2025-12-22T15:27:30.012+0000][49.157s][info ][gc,phases     ] GC(62)   Post Evacuate Collection Set: 4.3ms
[2025-12-22T15:27:30.012+0000][49.157s][info ][gc,phases     ] GC(62)   Other: 0.2ms
[2025-12-22T15:27:30.012+0000][49.157s][info ][gc,heap       ] GC(62) Eden regions: 162->0(155)
[2025-12-22T15:27:30.012+0000][49.157s][info ][gc,heap       ] GC(62) Survivor regions: 15->16(23)
[2025-12-22T15:27:30.012+0000][49.157s][info ][gc,heap       ] GC(62) Old regions: 100->106
[2025-12-22T15:27:30.012+0000][49.157s][info ][gc,heap       ] GC(62) Humongous regions: 0->0
[2025-12-22T15:27:30.012+0000][49.158s][info ][gc,metaspace  ] GC(62) Metaspace: 150401K(154524K)->150401K(154524K) NonClass: 133073K(135632K)->133073K(135632K) Class: 17328K(18892K)->17328K(18892K)
[2025-12-22T15:27:30.012+0000][49.158s][info ][gc            ] GC(62) Pause Young (Normal) (G1 Evacuation Pause) 274M->119M(327M) 27.504ms
[2025-12-22T15:27:30.012+0000][49.158s][info ][gc,cpu        ] GC(62) User=0.10s Sys=0.00s Real=0.02s
[2025-12-22T15:27:30.012+0000][49.158s][info ][safepoint     ] Leaving safepoint region
[2025-12-22T15:27:30.012+0000][49.158s][info ][safepoint     ] Total time for which application threads were stopped: 0.0280034 seconds, Stopping threads took: 0.0001506 seconds
[2025-12-22T15:27:30.013+0000][49.159s][info ][gc,stringdedup] Concurrent String Deduplication (49.159s)
[2025-12-22T15:27:30.015+0000][49.160s][info ][gc,stringdedup] Concurrent String Deduplication 239.2K->44440.0B(195.8K) avg 51.3% (49.159s, 49.160s) 1.469ms
[2025-12-22T15:27:30.630+0000][49.775s][debug][safepoint     ] Safepoint synchronization initiated. (92 threads)
[2025-12-22T15:27:30.630+0000][49.775s][info ][safepoint     ] Application time: 0.6174798 seconds
[2025-12-22T15:27:30.630+0000][49.775s][info ][safepoint     ] Entering safepoint region: Deoptimize
[2025-12-22T15:27:30.633+0000][49.778s][info ][safepoint     ] Leaving safepoint region
[2025-12-22T15:27:30.633+0000][49.778s][info ][safepoint     ] Total time for which application threads were stopped: 0.0031477 seconds, Stopping threads took: 0.0000503 seconds
[2025-12-22T15:27:31.131+0000][50.277s][debug][safepoint     ] Safepoint synchronization initiated. (104 threads)
[2025-12-22T15:27:31.131+0000][50.277s][info ][safepoint     ] Application time: 0.4985353 seconds
[2025-12-22T15:27:31.132+0000][50.277s][info ][safepoint     ] Entering safepoint region: G1CollectForAllocation
[2025-12-22T15:27:31.132+0000][50.277s][info ][gc,start      ] GC(63) Pause Young (Normal) (G1 Evacuation Pause)
[2025-12-22T15:27:31.132+0000][50.277s][info ][gc,task       ] GC(63) Using 4 workers of 4 for evacuation
[2025-12-22T15:27:31.153+0000][50.299s][info ][gc,phases     ] GC(63)   Pre Evacuate Collection Set: 0.0ms
[2025-12-22T15:27:31.154+0000][50.299s][info ][gc,phases     ] GC(63)   Evacuate Collection Set: 17.3ms
[2025-12-22T15:27:31.154+0000][50.299s][info ][gc,phases     ] GC(63)   Post Evacuate Collection Set: 4.1ms
[2025-12-22T15:27:31.154+0000][50.299s][info ][gc,phases     ] GC(63)   Other: 0.2ms
[2025-12-22T15:27:31.154+0000][50.299s][info ][gc,heap       ] GC(63) Eden regions: 155->0(155)
[2025-12-22T15:27:31.154+0000][50.299s][info ][gc,heap       ] GC(63) Survivor regions: 16->14(22)
[2025-12-22T15:27:31.154+0000][50.299s][info ][gc,heap       ] GC(63) Old regions: 106->110
[2025-12-22T15:27:31.154+0000][50.299s][info ][gc,heap       ] GC(63) Humongous regions: 0->0
[2025-12-22T15:27:31.154+0000][50.299s][info ][gc,metaspace  ] GC(63) Metaspace: 154478K(158620K)->154478K(158620K) NonClass: 136709K(139216K)->136709K(139216K) Class: 17768K(19404K)->17768K(19404K)
[2025-12-22T15:27:31.154+0000][50.299s][info ][gc            ] GC(63) Pause Young (Normal) (G1 Evacuation Pause) 274M->122M(327M) 21.807ms
[2025-12-22T15:27:31.154+0000][50.299s][info ][gc,cpu        ] GC(63) User=0.08s Sys=0.00s Real=0.02s
[2025-12-22T15:27:31.154+0000][50.299s][info ][safepoint     ] Leaving safepoint region
[2025-12-22T15:27:31.154+0000][50.299s][info ][safepoint     ] Total time for which application threads were stopped: 0.0222755 seconds, Stopping threads took: 0.0000573 seconds
[2025-12-22T15:27:31.156+0000][50.301s][info ][gc,stringdedup] Concurrent String Deduplication (50.301s)
[2025-12-22T15:27:31.157+0000][50.302s][info ][gc,stringdedup] Concurrent String Deduplication 182.4K->32752.0B(150.4K) avg 51.6% (50.301s, 50.302s) 1.240ms
[2025-12-22T15:27:31.401+0000][50.547s][debug][safepoint     ] Safepoint synchronization initiated. (104 threads)
[2025-12-22T15:27:31.401+0000][50.547s][info ][safepoint     ] Application time: 0.2473515 seconds
[2025-12-22T15:27:31.401+0000][50.547s][info ][safepoint     ] Entering safepoint region: Deoptimize
[2025-12-22T15:27:31.404+0000][50.549s][info ][safepoint     ] Leaving safepoint region
[2025-12-22T15:27:31.404+0000][50.549s][info ][safepoint     ] Total time for which application threads were stopped: 0.0025483 seconds, Stopping threads took: 0.0000587 seconds
[2025-12-22T15:27:31.404+0000][50.549s][debug][safepoint     ] Safepoint synchronization initiated. (104 threads)
[2025-12-22T15:27:31.404+0000][50.549s][info ][safepoint     ] Application time: 0.0002173 seconds
[2025-12-22T15:27:31.404+0000][50.549s][info ][safepoint     ] Entering safepoint region: Deoptimize
[2025-12-22T15:27:31.405+0000][50.550s][info ][safepoint     ] Leaving safepoint region
[2025-12-22T15:27:31.405+0000][50.550s][info ][safepoint     ] Total time for which application threads were stopped: 0.0007539 seconds, Stopping threads took: 0.0000404 seconds
[2025-12-22T15:27:31.406+0000][50.551s][debug][safepoint     ] Safepoint synchronization initiated. (104 threads)
[2025-12-22T15:27:31.406+0000][50.551s][info ][safepoint     ] Application time: 0.0011046 seconds
[2025-12-22T15:27:31.406+0000][50.551s][info ][safepoint     ] Entering safepoint region: Deoptimize
[2025-12-22T15:27:31.407+0000][50.552s][info ][safepoint     ] Leaving safepoint region
[2025-12-22T15:27:31.407+0000][50.552s][info ][safepoint     ] Total time for which application threads were stopped: 0.0008176 seconds, Stopping threads took: 0.0000329 seconds
[2025-12-22T15:27:31.434+0000][50.580s][debug][safepoint     ] Safepoint synchronization initiated. (104 threads)
[2025-12-22T15:27:31.435+0000][50.580s][info ][safepoint     ] Application time: 0.0278588 seconds
[2025-12-22T15:27:31.435+0000][50.580s][info ][safepoint     ] Entering safepoint region: Deoptimize
[2025-12-22T15:27:31.436+0000][50.581s][info ][safepoint     ] Leaving safepoint region
[2025-12-22T15:27:31.436+0000][50.581s][info ][safepoint     ] Total time for which application threads were stopped: 0.0013015 seconds, Stopping threads took: 0.0000430 seconds
[2025-12-22T15:27:31.490+0000][50.636s][debug][safepoint     ] Safepoint synchronization initiated. (104 threads)
[2025-12-22T15:27:31.490+0000][50.636s][info ][safepoint     ] Application time: 0.0545644 seconds
[2025-12-22T15:27:31.490+0000][50.636s][debug][safepoint     ] ... found polling page return exception at pc = 0x00007fb9d47efdf2, stub =0x00007fb9cc824b00
[2025-12-22T15:27:31.491+0000][50.636s][debug][safepoint     ] Waiting for 2 thread(s) to block
[2025-12-22T15:27:31.491+0000][50.636s][info ][safepoint     ] Entering safepoint region: ICBufferFull
[2025-12-22T15:27:31.491+0000][50.636s][info ][safepoint     ] Leaving safepoint region
[2025-12-22T15:27:31.491+0000][50.636s][info ][safepoint     ] Total time for which application threads were stopped: 0.0005373 seconds, Stopping threads took: 0.0001816 seconds
[2025-12-22T15:27:31.666+0000][50.811s][debug][safepoint     ] Safepoint synchronization initiated. (104 threads)
[2025-12-22T15:27:31.666+0000][50.811s][info ][safepoint     ] Application time: 0.1746323 seconds
[2025-12-22T15:27:31.666+0000][50.811s][info ][safepoint     ] Entering safepoint region: Deoptimize
[2025-12-22T15:27:31.668+0000][50.814s][info ][safepoint     ] Leaving safepoint region
[2025-12-22T15:27:31.668+0000][50.814s][info ][safepoint     ] Total time for which application threads were stopped: 0.0027872 seconds, Stopping threads took: 0.0000606 seconds
[2025-12-22T15:27:31.933+0000][51.078s][debug][safepoint     ] Safepoint synchronization initiated. (104 threads)
[2025-12-22T15:27:31.933+0000][51.078s][info ][safepoint     ] Application time: 0.2642016 seconds
[2025-12-22T15:27:31.933+0000][51.078s][info ][safepoint     ] Entering safepoint region: G1CollectForAllocation
[2025-12-22T15:27:31.933+0000][51.078s][info ][gc,start      ] GC(64) Pause Young (Normal) (G1 Evacuation Pause)
[2025-12-22T15:27:31.933+0000][51.078s][info ][gc,task       ] GC(64) Using 4 workers of 4 for evacuation
[2025-12-22T15:27:31.955+0000][51.101s][info ][gc,phases     ] GC(64)   Pre Evacuate Collection Set: 0.0ms
[2025-12-22T15:27:31.956+0000][51.101s][info ][gc,phases     ] GC(64)   Evacuate Collection Set: 18.1ms
[2025-12-22T15:27:31.956+0000][51.101s][info ][gc,phases     ] GC(64)   Post Evacuate Collection Set: 4.2ms
[2025-12-22T15:27:31.956+0000][51.101s][info ][gc,phases     ] GC(64)   Other: 0.2ms
[2025-12-22T15:27:31.956+0000][51.101s][info ][gc,heap       ] GC(64) Eden regions: 155->0(154)
[2025-12-22T15:27:31.956+0000][51.101s][info ][gc,heap       ] GC(64) Survivor regions: 14->13(22)
[2025-12-22T15:27:31.956+0000][51.101s][info ][gc,heap       ] GC(64) Old regions: 110->114
[2025-12-22T15:27:31.956+0000][51.101s][info ][gc,heap       ] GC(64) Humongous regions: 0->0
[2025-12-22T15:27:31.956+0000][51.101s][info ][gc,metaspace  ] GC(64) Metaspace: 156114K(160412K)->156114K(160412K) NonClass: 138129K(140752K)->138129K(140752K) Class: 17984K(19660K)->17984K(19660K)
[2025-12-22T15:27:31.956+0000][51.101s][info ][gc            ] GC(64) Pause Young (Normal) (G1 Evacuation Pause) 277M->124M(327M) 22.738ms
[2025-12-22T15:27:31.956+0000][51.101s][info ][gc,cpu        ] GC(64) User=0.08s Sys=0.00s Real=0.03s
[2025-12-22T15:27:31.956+0000][51.101s][info ][safepoint     ] Leaving safepoint region
[2025-12-22T15:27:31.956+0000][51.101s][info ][safepoint     ] Total time for which application threads were stopped: 0.0231478 seconds, Stopping threads took: 0.0000563 seconds
[2025-12-22T15:27:31.956+0000][51.101s][info ][gc,stringdedup] Concurrent String Deduplication (51.101s)
[2025-12-22T15:27:31.958+0000][51.104s][info ][gc,stringdedup] Concurrent String Deduplication 490.7K->100888.0B(392.2K) avg 52.4% (51.101s, 51.104s) 2.480ms
[2025-12-22T15:27:32.555+0000][51.700s][debug][safepoint     ] Safepoint synchronization initiated. (104 threads)
[2025-12-22T15:27:32.555+0000][51.700s][info ][safepoint     ] Application time: 0.5989778 seconds
[2025-12-22T15:27:32.555+0000][51.700s][debug][safepoint     ] Waiting for 1 thread(s) to block
[2025-12-22T15:27:32.555+0000][51.700s][info ][safepoint     ] Entering safepoint region: G1CollectForAllocation
[2025-12-22T15:27:32.555+0000][51.701s][info ][gc,start      ] GC(65) Pause Young (Normal) (G1 Evacuation Pause)
[2025-12-22T15:27:32.555+0000][51.701s][info ][gc,task       ] GC(65) Using 4 workers of 4 for evacuation
[2025-12-22T15:27:32.583+0000][51.729s][info ][gc,phases     ] GC(65)   Pre Evacuate Collection Set: 0.0ms
[2025-12-22T15:27:32.584+0000][51.729s][info ][gc,phases     ] GC(65)   Evacuate Collection Set: 23.8ms
[2025-12-22T15:27:32.584+0000][51.729s][info ][gc,phases     ] GC(65)   Post Evacuate Collection Set: 4.2ms
[2025-12-22T15:27:32.584+0000][51.729s][info ][gc,phases     ] GC(65)   Other: 0.2ms
[2025-12-22T15:27:32.584+0000][51.729s][info ][gc,heap       ] GC(65) Eden regions: 154->0(154)
[2025-12-22T15:27:32.584+0000][51.729s][info ][gc,heap       ] GC(65) Survivor regions: 13->7(21)
[2025-12-22T15:27:32.584+0000][51.729s][info ][gc,heap       ] GC(65) Old regions: 114->121
[2025-12-22T15:27:32.584+0000][51.729s][info ][gc,heap       ] GC(65) Humongous regions: 0->0
[2025-12-22T15:27:32.584+0000][51.729s][info ][gc,metaspace  ] GC(65) Metaspace: 157718K(162204K)->157718K(162204K) NonClass: 139502K(142288K)->139502K(142288K) Class: 18215K(19916K)->18215K(19916K)
[2025-12-22T15:27:32.584+0000][51.729s][info ][gc            ] GC(65) Pause Young (Normal) (G1 Evacuation Pause) 278M->126M(327M) 28.423ms
[2025-12-22T15:27:32.584+0000][51.729s][info ][gc,cpu        ] GC(65) User=0.11s Sys=0.00s Real=0.03s
[2025-12-22T15:27:32.584+0000][51.729s][info ][safepoint     ] Leaving safepoint region
[2025-12-22T15:27:32.584+0000][51.729s][info ][safepoint     ] Total time for which application threads were stopped: 0.0290147 seconds, Stopping threads took: 0.0002230 seconds
[2025-12-22T15:27:32.584+0000][51.729s][info ][gc,stringdedup] Concurrent String Deduplication (51.729s)
[2025-12-22T15:27:32.588+0000][51.733s][info ][gc,stringdedup] Concurrent String Deduplication 242.4K->114.8K(127.6K) avg 52.4% (51.729s, 51.733s) 4.079ms
[2025-12-22T15:27:32.599+0000][51.744s][debug][safepoint     ] Safepoint synchronization initiated. (104 threads)
[2025-12-22T15:27:32.599+0000][51.744s][info ][safepoint     ] Application time: 0.0150441 seconds
[2025-12-22T15:27:32.599+0000][51.744s][debug][safepoint     ] Waiting for 1 thread(s) to block
[2025-12-22T15:27:32.599+0000][51.744s][info ][safepoint     ] Entering safepoint region: Deoptimize
[2025-12-22T15:27:32.601+0000][51.747s][info ][safepoint     ] Leaving safepoint region
[2025-12-22T15:27:32.602+0000][51.747s][info ][safepoint     ] Total time for which application threads were stopped: 0.0026201 seconds, Stopping threads took: 0.0000767 seconds
[2025-12-22T15:27:32.966+0000][52.111s][debug][safepoint     ] Safepoint synchronization initiated. (105 threads)
[2025-12-22T15:27:32.966+0000][52.111s][info ][safepoint     ] Application time: 0.3645191 seconds
[2025-12-22T15:27:32.966+0000][52.112s][debug][safepoint     ] ... found polling page return exception at pc = 0x00007fb9ce81600b, stub =0x00007fb9cc824b00
[2025-12-22T15:27:32.966+0000][52.112s][debug][safepoint     ] Waiting for 1 thread(s) to block
[2025-12-22T15:27:32.966+0000][52.112s][info ][safepoint     ] Entering safepoint region: Deoptimize
[2025-12-22T15:27:32.969+0000][52.114s][info ][safepoint     ] Leaving safepoint region
[2025-12-22T15:27:32.969+0000][52.114s][info ][safepoint     ] Total time for which application threads were stopped: 0.0026680 seconds, Stopping threads took: 0.0002190 seconds
[2025-12-22T15:27:33.051+0000][52.196s][debug][safepoint     ] Safepoint synchronization initiated. (105 threads)
[2025-12-22T15:27:33.051+0000][52.196s][info ][safepoint     ] Application time: 0.0821722 seconds
[2025-12-22T15:27:33.051+0000][52.196s][info ][safepoint     ] Entering safepoint region: Deoptimize
[2025-12-22T15:27:33.054+0000][52.199s][info ][safepoint     ] Leaving safepoint region
[2025-12-22T15:27:33.054+0000][52.199s][info ][safepoint     ] Total time for which application threads were stopped: 0.0026803 seconds, Stopping threads took: 0.0000690 seconds
[2025-12-22T15:27:33.271+0000][52.417s][debug][safepoint     ] Safepoint synchronization initiated. (105 threads)
[2025-12-22T15:27:33.271+0000][52.417s][info ][safepoint     ] Application time: 0.2175873 seconds
[2025-12-22T15:27:33.271+0000][52.417s][debug][safepoint     ] Waiting for 1 thread(s) to block
[2025-12-22T15:27:33.271+0000][52.417s][info ][safepoint     ] Entering safepoint region: G1CollectForAllocation
[2025-12-22T15:27:33.272+0000][52.417s][info ][gc,start      ] GC(66) Pause Young (Normal) (G1 Evacuation Pause)
[2025-12-22T15:27:33.272+0000][52.417s][info ][gc,task       ] GC(66) Using 4 workers of 4 for evacuation
[2025-12-22T15:27:33.291+0000][52.437s][info ][gc,phases     ] GC(66)   Pre Evacuate Collection Set: 0.0ms
[2025-12-22T15:27:33.291+0000][52.437s][info ][gc,phases     ] GC(66)   Evacuate Collection Set: 14.5ms
[2025-12-22T15:27:33.291+0000][52.437s][info ][gc,phases     ] GC(66)   Post Evacuate Collection Set: 5.0ms
[2025-12-22T15:27:33.291+0000][52.437s][info ][gc,phases     ] GC(66)   Other: 0.2ms
[2025-12-22T15:27:33.291+0000][52.437s][info ][gc,heap       ] GC(66) Eden regions: 154->0(152)
[2025-12-22T15:27:33.291+0000][52.437s][info ][gc,heap       ] GC(66) Survivor regions: 7->10(21)
[2025-12-22T15:27:33.291+0000][52.437s][info ][gc,heap       ] GC(66) Old regions: 121->121
[2025-12-22T15:27:33.291+0000][52.437s][info ][gc,heap       ] GC(66) Humongous regions: 0->0
[2025-12-22T15:27:33.292+0000][52.437s][info ][gc,metaspace  ] GC(66) Metaspace: 159263K(163740K)->159263K(163740K) NonClass: 140816K(143568K)->140816K(143568K) Class: 18447K(20172K)->18447K(20172K)
[2025-12-22T15:27:33.292+0000][52.437s][info ][gc            ] GC(66) Pause Young (Normal) (G1 Evacuation Pause) 280M->128M(327M) 19.913ms
[2025-12-22T15:27:33.292+0000][52.437s][info ][gc,cpu        ] GC(66) User=0.07s Sys=0.00s Real=0.02s
[2025-12-22T15:27:33.292+0000][52.437s][info ][safepoint     ] Leaving safepoint region
[2025-12-22T15:27:33.292+0000][52.437s][info ][safepoint     ] Total time for which application threads were stopped: 0.0204199 seconds, Stopping threads took: 0.0001555 seconds
[2025-12-22T15:27:33.292+0000][52.437s][info ][gc,stringdedup] Concurrent String Deduplication (52.437s)
[2025-12-22T15:27:33.294+0000][52.439s][info ][gc,stringdedup] Concurrent String Deduplication 267.2K->170.8K(98792.0B) avg 52.2% (52.437s, 52.439s) 1.833ms
[2025-12-22T15:27:33.906+0000][53.051s][debug][safepoint     ] Safepoint synchronization initiated. (110 threads)
[2025-12-22T15:27:33.906+0000][53.051s][info ][safepoint     ] Application time: 0.6144025 seconds
[2025-12-22T15:27:33.906+0000][53.052s][debug][safepoint     ] Waiting for 2 thread(s) to block
[2025-12-22T15:27:33.906+0000][53.052s][info ][safepoint     ] Entering safepoint region: G1CollectForAllocation
[2025-12-22T15:27:33.907+0000][53.052s][info ][gc,start      ] GC(67) Pause Young (Normal) (G1 Evacuation Pause)
[2025-12-22T15:27:33.907+0000][53.052s][info ][gc,task       ] GC(67) Using 4 workers of 4 for evacuation
[2025-12-22T15:27:33.927+0000][53.072s][info ][gc,phases     ] GC(67)   Pre Evacuate Collection Set: 0.0ms
[2025-12-22T15:27:33.927+0000][53.072s][info ][gc,phases     ] GC(67)   Evacuate Collection Set: 15.7ms
[2025-12-22T15:27:33.927+0000][53.072s][info ][gc,phases     ] GC(67)   Post Evacuate Collection Set: 4.1ms
[2025-12-22T15:27:33.927+0000][53.072s][info ][gc,phases     ] GC(67)   Other: 0.3ms
[2025-12-22T15:27:33.927+0000][53.072s][info ][gc,heap       ] GC(67) Eden regions: 152->0(149)
[2025-12-22T15:27:33.927+0000][53.072s][info ][gc,heap       ] GC(67) Survivor regions: 10->12(21)
[2025-12-22T15:27:33.927+0000][53.072s][info ][gc,heap       ] GC(67) Old regions: 121->121
[2025-12-22T15:27:33.927+0000][53.072s][info ][gc,heap       ] GC(67) Humongous regions: 0->0
[2025-12-22T15:27:33.927+0000][53.072s][info ][gc,metaspace  ] GC(67) Metaspace: 160591K(165276K)->160591K(165276K) NonClass: 141948K(144848K)->141948K(144848K) Class: 18642K(20428K)->18642K(20428K)
[2025-12-22T15:27:33.927+0000][53.072s][info ][gc            ] GC(67) Pause Young (Normal) (G1 Evacuation Pause) 280M->131M(327M) 20.316ms
[2025-12-22T15:27:33.927+0000][53.072s][info ][gc,cpu        ] GC(67) User=0.07s Sys=0.01s Real=0.02s
[2025-12-22T15:27:33.927+0000][53.072s][info ][safepoint     ] Leaving safepoint region
[2025-12-22T15:27:33.927+0000][53.073s][info ][safepoint     ] Total time for which application threads were stopped: 0.0209901 seconds, Stopping threads took: 0.0002028 seconds
[2025-12-22T15:27:33.928+0000][53.073s][info ][gc,stringdedup] Concurrent String Deduplication (53.073s)
[2025-12-22T15:27:33.929+0000][53.074s][info ][gc,stringdedup] Concurrent String Deduplication 166.8K->65824.0B(102.5K) avg 52.3% (53.073s, 53.074s) 1.640ms
[2025-12-22T15:27:33.963+0000][53.109s][debug][safepoint     ] Safepoint synchronization initiated. (110 threads)
[2025-12-22T15:27:33.963+0000][53.109s][info ][safepoint     ] Application time: 0.0361952 seconds
[2025-12-22T15:27:33.963+0000][53.109s][debug][safepoint     ] Waiting for 1 thread(s) to block
[2025-12-22T15:27:33.963+0000][53.109s][info ][safepoint     ] Entering safepoint region: Deoptimize
[2025-12-22T15:27:33.966+0000][53.112s][info ][safepoint     ] Leaving safepoint region
[2025-12-22T15:27:33.966+0000][53.112s][info ][safepoint     ] Total time for which application threads were stopped: 0.0029362 seconds, Stopping threads took: 0.0000851 seconds
[2025-12-22T15:27:34.754+0000][53.899s][debug][safepoint     ] Safepoint synchronization initiated. (122 threads)
[2025-12-22T15:27:34.754+0000][53.899s][info ][safepoint     ] Application time: 0.7876592 seconds
[2025-12-22T15:27:34.754+0000][53.899s][debug][safepoint     ] Waiting for 1 thread(s) to block
[2025-12-22T15:27:34.754+0000][53.899s][info ][safepoint     ] Entering safepoint region: ICBufferFull
[2025-12-22T15:27:34.754+0000][53.900s][info ][safepoint     ] Leaving safepoint region
[2025-12-22T15:27:34.754+0000][53.900s][info ][safepoint     ] Total time for which application threads were stopped: 0.0005085 seconds, Stopping threads took: 0.0001055 seconds
[2025-12-22T15:27:34.981+0000][54.126s][debug][safepoint     ] Safepoint synchronization initiated. (122 threads)
[2025-12-22T15:27:34.981+0000][54.126s][info ][safepoint     ] Application time: 0.2265470 seconds
[2025-12-22T15:27:34.981+0000][54.126s][debug][safepoint     ] Waiting for 1 thread(s) to block
[2025-12-22T15:27:34.981+0000][54.127s][info ][safepoint     ] Entering safepoint region: ICBufferFull
[2025-12-22T15:27:34.982+0000][54.127s][info ][safepoint     ] Leaving safepoint region
[2025-12-22T15:27:34.982+0000][54.127s][info ][safepoint     ] Total time for which application threads were stopped: 0.0005405 seconds, Stopping threads took: 0.0001551 seconds
[2025-12-22T15:27:35.036+0000][54.181s][debug][safepoint     ] Safepoint synchronization initiated. (122 threads)
[2025-12-22T15:27:35.036+0000][54.181s][info ][safepoint     ] Application time: 0.0542529 seconds
[2025-12-22T15:27:35.036+0000][54.181s][info ][safepoint     ] Entering safepoint region: G1CollectForAllocation
[2025-12-22T15:27:35.036+0000][54.182s][info ][gc,start      ] GC(68) Pause Young (Normal) (G1 Evacuation Pause)
[2025-12-22T15:27:35.036+0000][54.182s][info ][gc,task       ] GC(68) Using 4 workers of 4 for evacuation
[2025-12-22T15:27:35.067+0000][54.212s][info ][gc,phases     ] GC(68)   Pre Evacuate Collection Set: 0.0ms
[2025-12-22T15:27:35.067+0000][54.212s][info ][gc,phases     ] GC(68)   Evacuate Collection Set: 25.8ms
[2025-12-22T15:27:35.067+0000][54.212s][info ][gc,phases     ] GC(68)   Post Evacuate Collection Set: 4.4ms
[2025-12-22T15:27:35.067+0000][54.212s][info ][gc,phases     ] GC(68)   Other: 0.3ms
[2025-12-22T15:27:35.067+0000][54.212s][info ][gc,heap       ] GC(68) Eden regions: 149->0(139)
[2025-12-22T15:27:35.067+0000][54.212s][info ][gc,heap       ] GC(68) Survivor regions: 12->16(21)
[2025-12-22T15:27:35.067+0000][54.212s][info ][gc,heap       ] GC(68) Old regions: 121->123
[2025-12-22T15:27:35.067+0000][54.212s][info ][gc,heap       ] GC(68) Humongous regions: 0->0
[2025-12-22T15:27:35.067+0000][54.212s][info ][gc,metaspace  ] GC(68) Metaspace: 162774K(167836K)->162774K(167836K) NonClass: 143809K(146896K)->143809K(146896K) Class: 18964K(20940K)->18964K(20940K)
[2025-12-22T15:27:35.067+0000][54.212s][info ][gc            ] GC(68) Pause Young (Normal) (G1 Evacuation Pause) 280M->137M(327M) 30.715ms
[2025-12-22T15:27:35.067+0000][54.212s][info ][gc,cpu        ] GC(68) User=0.12s Sys=0.00s Real=0.03s
[2025-12-22T15:27:35.067+0000][54.212s][info ][safepoint     ] Leaving safepoint region
[2025-12-22T15:27:35.067+0000][54.212s][info ][safepoint     ] Total time for which application threads were stopped: 0.0311455 seconds, Stopping threads took: 0.0000598 seconds
[2025-12-22T15:27:35.067+0000][54.212s][info ][gc,stringdedup] Concurrent String Deduplication (54.212s)
[2025-12-22T15:27:35.068+0000][54.214s][info ][gc,stringdedup] Concurrent String Deduplication 158.1K->61720.0B(100184.0B) avg 52.3% (54.212s, 54.214s) 1.154ms
[2025-12-22T15:27:35.438+0000][54.583s][debug][safepoint     ] Safepoint synchronization initiated. (122 threads)
[2025-12-22T15:27:35.438+0000][54.583s][info ][safepoint     ] Application time: 0.3708406 seconds
[2025-12-22T15:27:35.438+0000][54.583s][debug][safepoint     ] Waiting for 1 thread(s) to block
[2025-12-22T15:27:35.438+0000][54.583s][info ][safepoint     ] Entering safepoint region: ICBufferFull
[2025-12-22T15:27:35.438+0000][54.584s][info ][safepoint     ] Leaving safepoint region
[2025-12-22T15:27:35.438+0000][54.584s][info ][safepoint     ] Total time for which application threads were stopped: 0.0005247 seconds, Stopping threads took: 0.0001358 seconds
[2025-12-22T15:27:35.896+0000][55.041s][debug][safepoint     ] Safepoint synchronization initiated. (122 threads)
[2025-12-22T15:27:35.896+0000][55.041s][info ][safepoint     ] Application time: 0.4574119 seconds
[2025-12-22T15:27:35.896+0000][55.041s][info ][safepoint     ] Entering safepoint region: G1CollectForAllocation
[2025-12-22T15:27:35.896+0000][55.042s][info ][gc,start      ] GC(69) Pause Young (Normal) (G1 Evacuation Pause)
[2025-12-22T15:27:35.896+0000][55.042s][info ][gc,task       ] GC(69) Using 4 workers of 4 for evacuation
[2025-12-22T15:27:35.929+0000][55.075s][info ][gc,phases     ] GC(69)   Pre Evacuate Collection Set: 0.0ms
[2025-12-22T15:27:35.929+0000][55.075s][info ][gc,phases     ] GC(69)   Evacuate Collection Set: 27.6ms
[2025-12-22T15:27:35.930+0000][55.075s][info ][gc,phases     ] GC(69)   Post Evacuate Collection Set: 5.3ms
[2025-12-22T15:27:35.930+0000][55.075s][info ][gc,phases     ] GC(69)   Other: 0.2ms
[2025-12-22T15:27:35.930+0000][55.075s][info ][gc,heap       ] GC(69) Eden regions: 139->0(138)
[2025-12-22T15:27:35.930+0000][55.075s][info ][gc,heap       ] GC(69) Survivor regions: 16->13(20)
[2025-12-22T15:27:35.930+0000][55.075s][info ][gc,heap       ] GC(69) Old regions: 123->130
[2025-12-22T15:27:35.930+0000][55.075s][info ][gc,heap       ] GC(69) Humongous regions: 0->0
[2025-12-22T15:27:35.930+0000][55.075s][info ][gc,metaspace  ] GC(69) Metaspace: 163564K(168604K)->163564K(168604K) NonClass: 144563K(147664K)->144563K(147664K) Class: 19001K(20940K)->19001K(20940K)
[2025-12-22T15:27:35.930+0000][55.075s][info ][gc            ] GC(69) Pause Young (Normal) (G1 Evacuation Pause) 276M->140M(327M) 33.404ms
[2025-12-22T15:27:35.930+0000][55.075s][info ][gc,cpu        ] GC(69) User=0.13s Sys=0.00s Real=0.03s
[2025-12-22T15:27:35.930+0000][55.075s][info ][safepoint     ] Leaving safepoint region
[2025-12-22T15:27:35.930+0000][55.075s][info ][safepoint     ] Total time for which application threads were stopped: 0.0339636 seconds, Stopping threads took: 0.0000628 seconds
[2025-12-22T15:27:35.930+0000][55.075s][info ][gc,stringdedup] Concurrent String Deduplication (55.075s)
[2025-12-22T15:27:35.931+0000][55.076s][info ][gc,stringdedup] Concurrent String Deduplication 152.2K->68680.0B(87168.0B) avg 52.4% (55.075s, 55.076s) 1.033ms
[2025-12-22T15:27:36.522+0000][55.668s][debug][safepoint     ] Safepoint synchronization initiated. (123 threads)
[2025-12-22T15:27:36.522+0000][55.668s][info ][safepoint     ] Application time: 0.5926048 seconds
[2025-12-22T15:27:36.522+0000][55.668s][info ][safepoint     ] Entering safepoint region: G1CollectForAllocation
[2025-12-22T15:27:36.523+0000][55.668s][info ][gc,start      ] GC(70) Pause Young (Normal) (G1 Evacuation Pause)
[2025-12-22T15:27:36.523+0000][55.668s][info ][gc,task       ] GC(70) Using 4 workers of 4 for evacuation
[2025-12-22T15:27:36.543+0000][55.689s][info ][gc,phases     ] GC(70)   Pre Evacuate Collection Set: 0.0ms
[2025-12-22T15:27:36.543+0000][55.689s][info ][gc,phases     ] GC(70)   Evacuate Collection Set: 16.1ms
[2025-12-22T15:27:36.543+0000][55.689s][info ][gc,phases     ] GC(70)   Post Evacuate Collection Set: 4.1ms
[2025-12-22T15:27:36.543+0000][55.689s][info ][gc,phases     ] GC(70)   Other: 0.2ms
[2025-12-22T15:27:36.543+0000][55.689s][info ][gc,heap       ] GC(70) Eden regions: 138->0(137)
[2025-12-22T15:27:36.543+0000][55.689s][info ][gc,heap       ] GC(70) Survivor regions: 13->7(19)
[2025-12-22T15:27:36.543+0000][55.689s][info ][gc,heap       ] GC(70) Old regions: 130->139
[2025-12-22T15:27:36.543+0000][55.689s][info ][gc,heap       ] GC(70) Humongous regions: 0->0
[2025-12-22T15:27:36.543+0000][55.689s][info ][gc,metaspace  ] GC(70) Metaspace: 163847K(168860K)->163847K(168860K) NonClass: 144831K(147920K)->144831K(147920K) Class: 19015K(20940K)->19015K(20940K)
[2025-12-22T15:27:36.544+0000][55.689s][info ][gc            ] GC(70) Pause Young (Normal) (G1 Evacuation Pause) 278M->143M(327M) 20.611ms
[2025-12-22T15:27:36.544+0000][55.689s][info ][gc,cpu        ] GC(70) User=0.07s Sys=0.00s Real=0.02s
[2025-12-22T15:27:36.544+0000][55.689s][info ][safepoint     ] Leaving safepoint region
[2025-12-22T15:27:36.544+0000][55.689s][info ][safepoint     ] Total time for which application threads were stopped: 0.0212317 seconds, Stopping threads took: 0.0000804 seconds
[2025-12-22T15:27:36.544+0000][55.689s][info ][gc,stringdedup] Concurrent String Deduplication (55.689s)
[2025-12-22T15:27:36.552+0000][55.697s][info ][gc,stringdedup] Concurrent String Deduplication 573.5K->122.3K(451.3K) avg 53.2% (55.689s, 55.697s) 8.243ms
[2025-12-22T15:27:37.124+0000][56.269s][debug][safepoint     ] Safepoint synchronization initiated. (123 threads)
[2025-12-22T15:27:37.124+0000][56.269s][info ][safepoint     ] Application time: 0.5799302 seconds
[2025-12-22T15:27:37.124+0000][56.269s][info ][safepoint     ] Entering safepoint region: G1CollectForAllocation
[2025-12-22T15:27:37.124+0000][56.269s][info ][gc,start      ] GC(71) Pause Young (Normal) (G1 Evacuation Pause)
[2025-12-22T15:27:37.124+0000][56.269s][info ][gc,task       ] GC(71) Using 4 workers of 4 for evacuation
[2025-12-22T15:27:37.166+0000][56.311s][info ][gc,phases     ] GC(71)   Pre Evacuate Collection Set: 0.0ms
[2025-12-22T15:27:37.166+0000][56.311s][info ][gc,phases     ] GC(71)   Evacuate Collection Set: 35.5ms
[2025-12-22T15:27:37.166+0000][56.311s][info ][gc,phases     ] GC(71)   Post Evacuate Collection Set: 5.9ms
[2025-12-22T15:27:37.166+0000][56.311s][info ][gc,phases     ] GC(71)   Other: 0.2ms
[2025-12-22T15:27:37.166+0000][56.311s][info ][gc,heap       ] GC(71) Eden regions: 137->0(136)
[2025-12-22T15:27:37.166+0000][56.311s][info ][gc,heap       ] GC(71) Survivor regions: 7->9(18)
[2025-12-22T15:27:37.166+0000][56.311s][info ][gc,heap       ] GC(71) Old regions: 139->139
[2025-12-22T15:27:37.166+0000][56.311s][info ][gc,heap       ] GC(71) Humongous regions: 0->0
[2025-12-22T15:27:37.166+0000][56.311s][info ][gc,metaspace  ] GC(71) Metaspace: 164141K(169116K)->164141K(169116K) NonClass: 145082K(148176K)->145082K(148176K) Class: 19058K(20940K)->19058K(20940K)
[2025-12-22T15:27:37.166+0000][56.311s][info ][gc            ] GC(71) Pause Young (Normal) (G1 Evacuation Pause) 280M->145M(327M) 41.885ms
[2025-12-22T15:27:37.166+0000][56.311s][info ][gc,cpu        ] GC(71) User=0.16s Sys=0.00s Real=0.04s
[2025-12-22T15:27:37.166+0000][56.311s][info ][safepoint     ] Leaving safepoint region
[2025-12-22T15:27:37.166+0000][56.311s][info ][safepoint     ] Total time for which application threads were stopped: 0.0423974 seconds, Stopping threads took: 0.0000658 seconds
[2025-12-22T15:27:37.166+0000][56.311s][info ][gc,stringdedup] Concurrent String Deduplication (56.311s)
[2025-12-22T15:27:37.171+0000][56.316s][info ][gc,stringdedup] Concurrent String Deduplication 307.0K->107.6K(199.4K) avg 53.4% (56.311s, 56.316s) 4.505ms
[2025-12-22T15:27:37.578+0000][56.724s][debug][safepoint     ] Safepoint synchronization initiated. (123 threads)
[2025-12-22T15:27:37.578+0000][56.724s][info ][safepoint     ] Application time: 0.4124169 seconds
[2025-12-22T15:27:37.579+0000][56.724s][debug][safepoint     ] Waiting for 1 thread(s) to block
[2025-12-22T15:27:37.579+0000][56.724s][info ][safepoint     ] Entering safepoint region: G1CollectForAllocation
[2025-12-22T15:27:37.579+0000][56.725s][info ][gc,start      ] GC(72) Pause Young (Normal) (G1 Evacuation Pause)
[2025-12-22T15:27:37.579+0000][56.725s][info ][gc,task       ] GC(72) Using 4 workers of 4 for evacuation
[2025-12-22T15:27:37.594+0000][56.739s][info ][gc,phases     ] GC(72)   Pre Evacuate Collection Set: 0.0ms
[2025-12-22T15:27:37.594+0000][56.739s][info ][gc,phases     ] GC(72)   Evacuate Collection Set: 9.9ms
[2025-12-22T15:27:37.594+0000][56.739s][info ][gc,phases     ] GC(72)   Post Evacuate Collection Set: 4.3ms
[2025-12-22T15:27:37.594+0000][56.739s][info ][gc,phases     ] GC(72)   Other: 0.2ms
[2025-12-22T15:27:37.594+0000][56.739s][info ][gc,heap       ] GC(72) Eden regions: 136->0(133)
[2025-12-22T15:27:37.594+0000][56.739s][info ][gc,heap       ] GC(72) Survivor regions: 9->11(19)
[2025-12-22T15:27:37.594+0000][56.739s][info ][gc,heap       ] GC(72) Old regions: 139->139
[2025-12-22T15:27:37.594+0000][56.739s][info ][gc,heap       ] GC(72) Humongous regions: 0->0
[2025-12-22T15:27:37.594+0000][56.739s][info ][gc,metaspace  ] GC(72) Metaspace: 164256K(169244K)->164256K(169244K) NonClass: 145189K(148176K)->145189K(148176K) Class: 19066K(21068K)->19066K(21068K)
[2025-12-22T15:27:37.594+0000][56.739s][info ][gc            ] GC(72) Pause Young (Normal) (G1 Evacuation Pause) 281M->147M(327M) 14.634ms
[2025-12-22T15:27:37.594+0000][56.739s][info ][gc,cpu        ] GC(72) User=0.04s Sys=0.00s Real=0.01s
[2025-12-22T15:27:37.594+0000][56.739s][info ][safepoint     ] Leaving safepoint region
[2025-12-22T15:27:37.594+0000][56.739s][info ][safepoint     ] Total time for which application threads were stopped: 0.0154889 seconds, Stopping threads took: 0.0003687 seconds
[2025-12-22T15:27:37.594+0000][56.739s][info ][gc,stringdedup] Concurrent String Deduplication (56.739s)
[2025-12-22T15:27:37.596+0000][56.741s][info ][gc,stringdedup] Concurrent String Deduplication 250.6K->107.9K(142.7K) avg 53.4% (56.739s, 56.741s) 1.656ms
[2025-12-22T15:27:37.982+0000][57.128s][debug][safepoint     ] Safepoint synchronization initiated. (123 threads)
[2025-12-22T15:27:37.983+0000][57.128s][info ][safepoint     ] Application time: 0.3885505 seconds
[2025-12-22T15:27:37.983+0000][57.128s][debug][safepoint     ] Waiting for 1 thread(s) to block
[2025-12-22T15:27:37.983+0000][57.128s][info ][safepoint     ] Entering safepoint region: G1CollectForAllocation
[2025-12-22T15:27:37.983+0000][57.128s][info ][gc,start      ] GC(73) Pause Young (Normal) (G1 Evacuation Pause)
[2025-12-22T15:27:37.983+0000][57.128s][info ][gc,task       ] GC(73) Using 4 workers of 4 for evacuation
[2025-12-22T15:27:37.999+0000][57.144s][info ][gc,phases     ] GC(73)   Pre Evacuate Collection Set: 0.0ms
[2025-12-22T15:27:37.999+0000][57.144s][info ][gc,phases     ] GC(73)   Evacuate Collection Set: 11.0ms
[2025-12-22T15:27:37.999+0000][57.144s][info ][gc,phases     ] GC(73)   Post Evacuate Collection Set: 4.4ms
[2025-12-22T15:27:37.999+0000][57.144s][info ][gc,phases     ] GC(73)   Other: 0.3ms
[2025-12-22T15:27:37.999+0000][57.144s][info ][gc,heap       ] GC(73) Eden regions: 133->0(134)
[2025-12-22T15:27:37.999+0000][57.144s][info ][gc,heap       ] GC(73) Survivor regions: 11->9(18)
[2025-12-22T15:27:37.999+0000][57.144s][info ][gc,heap       ] GC(73) Old regions: 139->142
[2025-12-22T15:27:37.999+0000][57.144s][info ][gc,heap       ] GC(73) Humongous regions: 0->0
[2025-12-22T15:27:37.999+0000][57.144s][info ][gc,metaspace  ] GC(73) Metaspace: 164383K(169500K)->164383K(169500K) NonClass: 145303K(148432K)->145303K(148432K) Class: 19079K(21068K)->19079K(21068K)
[2025-12-22T15:27:37.999+0000][57.144s][info ][gc            ] GC(73) Pause Young (Normal) (G1 Evacuation Pause) 280M->149M(327M) 15.922ms
[2025-12-22T15:27:37.999+0000][57.144s][info ][gc,cpu        ] GC(73) User=0.05s Sys=0.00s Real=0.01s
[2025-12-22T15:27:37.999+0000][57.144s][info ][safepoint     ] Leaving safepoint region
[2025-12-22T15:27:37.999+0000][57.144s][info ][safepoint     ] Total time for which application threads were stopped: 0.0165038 seconds, Stopping threads took: 0.0001403 seconds
[2025-12-22T15:27:37.999+0000][57.145s][info ][gc,stringdedup] Concurrent String Deduplication (57.145s)
[2025-12-22T15:27:38.001+0000][57.147s][info ][gc,stringdedup] Concurrent String Deduplication 296.2K->84672.0B(213.5K) avg 53.7% (57.145s, 57.146s) 1.968ms
[2025-12-22T15:27:38.380+0000][57.526s][debug][safepoint     ] Safepoint synchronization initiated. (123 threads)
[2025-12-22T15:27:38.380+0000][57.526s][info ][safepoint     ] Application time: 0.3812885 seconds
[2025-12-22T15:27:38.380+0000][57.526s][info ][safepoint     ] Entering safepoint region: G1CollectForAllocation
[2025-12-22T15:27:38.381+0000][57.526s][info ][gc,start      ] GC(74) Pause Young (Normal) (G1 Evacuation Pause)
[2025-12-22T15:27:38.381+0000][57.526s][info ][gc,task       ] GC(74) Using 4 workers of 4 for evacuation
[2025-12-22T15:27:38.398+0000][57.543s][info ][gc,phases     ] GC(74)   Pre Evacuate Collection Set: 0.0ms
[2025-12-22T15:27:38.398+0000][57.543s][info ][gc,phases     ] GC(74)   Evacuate Collection Set: 11.8ms
[2025-12-22T15:27:38.398+0000][57.543s][info ][gc,phases     ] GC(74)   Post Evacuate Collection Set: 5.3ms
[2025-12-22T15:27:38.398+0000][57.543s][info ][gc,phases     ] GC(74)   Other: 0.2ms
[2025-12-22T15:27:38.398+0000][57.543s][info ][gc,heap       ] GC(74) Eden regions: 134->0(130)
[2025-12-22T15:27:38.398+0000][57.544s][info ][gc,heap       ] GC(74) Survivor regions: 9->11(18)
[2025-12-22T15:27:38.398+0000][57.544s][info ][gc,heap       ] GC(74) Old regions: 142->142
[2025-12-22T15:27:38.398+0000][57.544s][info ][gc,heap       ] GC(74) Humongous regions: 0->0
[2025-12-22T15:27:38.398+0000][57.544s][info ][gc,metaspace  ] GC(74) Metaspace: 164533K(169500K)->164533K(169500K) NonClass: 145435K(148432K)->145435K(148432K) Class: 19097K(21068K)->19097K(21068K)
[2025-12-22T15:27:38.398+0000][57.544s][info ][gc            ] GC(74) Pause Young (Normal) (G1 Evacuation Pause) 283M->150M(327M) 17.429ms
[2025-12-22T15:27:38.398+0000][57.544s][info ][gc,cpu        ] GC(74) User=0.07s Sys=0.00s Real=0.02s
[2025-12-22T15:27:38.398+0000][57.544s][info ][safepoint     ] Leaving safepoint region
[2025-12-22T15:27:38.398+0000][57.544s][info ][safepoint     ] Total time for which application threads were stopped: 0.0179621 seconds, Stopping threads took: 0.0000973 seconds
[2025-12-22T15:27:38.398+0000][57.544s][info ][gc,stringdedup] Concurrent String Deduplication (57.544s)
[2025-12-22T15:27:38.400+0000][57.545s][info ][gc,stringdedup] Concurrent String Deduplication 189.7K->66232.0B(125.0K) avg 53.8% (57.544s, 57.545s) 1.317ms
[2025-12-22T15:27:38.858+0000][58.003s][debug][safepoint     ] Safepoint synchronization initiated. (123 threads)
[2025-12-22T15:27:38.858+0000][58.003s][info ][safepoint     ] Application time: 0.4595071 seconds
[2025-12-22T15:27:38.858+0000][58.003s][info ][safepoint     ] Entering safepoint region: G1CollectForAllocation
[2025-12-22T15:27:38.858+0000][58.004s][info ][gc,start      ] GC(75) Pause Young (Normal) (G1 Evacuation Pause)
[2025-12-22T15:27:38.858+0000][58.004s][info ][gc,task       ] GC(75) Using 4 workers of 4 for evacuation
[2025-12-22T15:27:38.878+0000][58.023s][info ][gc,phases     ] GC(75)   Pre Evacuate Collection Set: 0.0ms
[2025-12-22T15:27:38.878+0000][58.023s][info ][gc,phases     ] GC(75)   Evacuate Collection Set: 12.4ms
[2025-12-22T15:27:38.878+0000][58.023s][info ][gc,phases     ] GC(75)   Post Evacuate Collection Set: 7.0ms
[2025-12-22T15:27:38.878+0000][58.023s][info ][gc,phases     ] GC(75)   Other: 0.2ms
[2025-12-22T15:27:38.878+0000][58.023s][info ][gc,heap       ] GC(75) Eden regions: 130->0(175)
[2025-12-22T15:27:38.878+0000][58.023s][info ][gc,heap       ] GC(75) Survivor regions: 11->10(18)
[2025-12-22T15:27:38.878+0000][58.023s][info ][gc,heap       ] GC(75) Old regions: 142->144
[2025-12-22T15:27:38.878+0000][58.023s][info ][gc,heap       ] GC(75) Humongous regions: 0->0
[2025-12-22T15:27:38.878+0000][58.023s][info ][gc,metaspace  ] GC(75) Metaspace: 164669K(169756K)->164669K(169756K) NonClass: 145556K(148688K)->145556K(148688K) Class: 19113K(21068K)->19113K(21068K)
[2025-12-22T15:27:38.878+0000][58.023s][info ][gc            ] GC(75) Pause Young (Normal) (G1 Evacuation Pause) 280M->152M(393M) 19.800ms
[2025-12-22T15:27:38.878+0000][58.023s][info ][gc,cpu        ] GC(75) User=0.07s Sys=0.00s Real=0.02s
[2025-12-22T15:27:38.878+0000][58.023s][info ][safepoint     ] Leaving safepoint region
[2025-12-22T15:27:38.878+0000][58.024s][info ][safepoint     ] Total time for which application threads were stopped: 0.0202410 seconds, Stopping threads took: 0.0000716 seconds
[2025-12-22T15:27:38.878+0000][58.024s][info ][gc,stringdedup] Concurrent String Deduplication (58.024s)
[2025-12-22T15:27:38.879+0000][58.025s][info ][gc,stringdedup] Concurrent String Deduplication 181.1K->61864.0B(120.7K) avg 53.9% (58.024s, 58.025s) 1.264ms
[2025-12-22T15:27:39.596+0000][58.742s][debug][safepoint     ] Safepoint synchronization initiated. (123 threads)
[2025-12-22T15:27:39.596+0000][58.742s][info ][safepoint     ] Application time: 0.7181989 seconds
[2025-12-22T15:27:39.596+0000][58.742s][info ][safepoint     ] Entering safepoint region: G1CollectForAllocation
[2025-12-22T15:27:39.597+0000][58.742s][info ][gc,start      ] GC(76) Pause Young (Normal) (G1 Evacuation Pause)
[2025-12-22T15:27:39.597+0000][58.742s][info ][gc,task       ] GC(76) Using 4 workers of 4 for evacuation
[2025-12-22T15:27:39.611+0000][58.756s][info ][gc,phases     ] GC(76)   Pre Evacuate Collection Set: 0.0ms
[2025-12-22T15:27:39.611+0000][58.756s][info ][gc,phases     ] GC(76)   Evacuate Collection Set: 9.0ms
[2025-12-22T15:27:39.611+0000][58.756s][info ][gc,phases     ] GC(76)   Post Evacuate Collection Set: 5.2ms
[2025-12-22T15:27:39.611+0000][58.757s][info ][gc,phases     ] GC(76)   Other: 0.2ms
[2025-12-22T15:27:39.611+0000][58.757s][info ][gc,heap       ] GC(76) Eden regions: 175->0(176)
[2025-12-22T15:27:39.611+0000][58.757s][info ][gc,heap       ] GC(76) Survivor regions: 10->12(24)
[2025-12-22T15:27:39.611+0000][58.757s][info ][gc,heap       ] GC(76) Old regions: 144->144
[2025-12-22T15:27:39.611+0000][58.757s][info ][gc,heap       ] GC(76) Humongous regions: 0->0
[2025-12-22T15:27:39.611+0000][58.757s][info ][gc,metaspace  ] GC(76) Metaspace: 164762K(169756K)->164762K(169756K) NonClass: 145636K(148688K)->145636K(148688K) Class: 19125K(21068K)->19125K(21068K)
[2025-12-22T15:27:39.611+0000][58.757s][info ][gc            ] GC(76) Pause Young (Normal) (G1 Evacuation Pause) 327M->153M(393M) 14.571ms
[2025-12-22T15:27:39.611+0000][58.757s][info ][gc,cpu        ] GC(76) User=0.06s Sys=0.00s Real=0.01s
[2025-12-22T15:27:39.611+0000][58.757s][info ][safepoint     ] Leaving safepoint region
[2025-12-22T15:27:39.611+0000][58.757s][info ][safepoint     ] Total time for which application threads were stopped: 0.0150026 seconds, Stopping threads took: 0.0000645 seconds
[2025-12-22T15:27:39.611+0000][58.757s][info ][gc,stringdedup] Concurrent String Deduplication (58.757s)
[2025-12-22T15:27:39.613+0000][58.758s][info ][gc,stringdedup] Concurrent String Deduplication 157.1K->59368.0B(101520.0B) avg 54.0% (58.757s, 58.758s) 1.138ms
[2025-12-22T15:27:40.071+0000][59.216s][debug][safepoint     ] Safepoint synchronization initiated. (123 threads)
[2025-12-22T15:27:40.071+0000][59.216s][info ][safepoint     ] Application time: 0.4593119 seconds
[2025-12-22T15:27:40.071+0000][59.216s][info ][safepoint     ] Entering safepoint region: G1CollectForAllocation
[2025-12-22T15:27:40.071+0000][59.217s][info ][gc,start      ] GC(77) Pause Young (Normal) (G1 Evacuation Pause)
[2025-12-22T15:27:40.071+0000][59.217s][info ][gc,task       ] GC(77) Using 4 workers of 4 for evacuation
[2025-12-22T15:27:40.087+0000][59.233s][info ][gc,phases     ] GC(77)   Pre Evacuate Collection Set: 0.1ms
[2025-12-22T15:27:40.087+0000][59.233s][info ][gc,phases     ] GC(77)   Evacuate Collection Set: 11.4ms
[2025-12-22T15:27:40.087+0000][59.233s][info ][gc,phases     ] GC(77)   Post Evacuate Collection Set: 4.5ms
[2025-12-22T15:27:40.087+0000][59.233s][info ][gc,phases     ] GC(77)   Other: 0.3ms
[2025-12-22T15:27:40.087+0000][59.233s][info ][gc,heap       ] GC(77) Eden regions: 176->0(178)
[2025-12-22T15:27:40.087+0000][59.233s][info ][gc,heap       ] GC(77) Survivor regions: 12->13(24)
[2025-12-22T15:27:40.087+0000][59.233s][info ][gc,heap       ] GC(77) Old regions: 144->144
[2025-12-22T15:27:40.087+0000][59.233s][info ][gc,heap       ] GC(77) Humongous regions: 0->0
[2025-12-22T15:27:40.088+0000][59.233s][info ][gc,metaspace  ] GC(77) Metaspace: 164842K(169756K)->164842K(169756K) NonClass: 145714K(148688K)->145714K(148688K) Class: 19128K(21068K)->19128K(21068K)
[2025-12-22T15:27:40.088+0000][59.233s][info ][gc            ] GC(77) Pause Young (Normal) (G1 Evacuation Pause) 329M->154M(393M) 16.353ms
[2025-12-22T15:27:40.088+0000][59.233s][info ][gc,cpu        ] GC(77) User=0.06s Sys=0.00s Real=0.02s
[2025-12-22T15:27:40.088+0000][59.233s][info ][safepoint     ] Leaving safepoint region
[2025-12-22T15:27:40.088+0000][59.233s][info ][safepoint     ] Total time for which application threads were stopped: 0.0170087 seconds, Stopping threads took: 0.0000872 seconds
[2025-12-22T15:27:40.088+0000][59.233s][info ][gc,stringdedup] Concurrent String Deduplication (59.233s)
[2025-12-22T15:27:40.089+0000][59.234s][info ][gc,stringdedup] Concurrent String Deduplication 230.2K->66128.0B(165.6K) avg 54.2% (59.233s, 59.234s) 1.323ms
[2025-12-22T15:27:40.576+0000][59.721s][debug][safepoint     ] Safepoint synchronization initiated. (123 threads)
[2025-12-22T15:27:40.576+0000][59.721s][info ][safepoint     ] Application time: 0.4880900 seconds
[2025-12-22T15:27:40.576+0000][59.721s][info ][safepoint     ] Entering safepoint region: G1CollectForAllocation
[2025-12-22T15:27:40.576+0000][59.722s][info ][gc,start      ] GC(78) Pause Young (Normal) (G1 Evacuation Pause)
[2025-12-22T15:27:40.576+0000][59.722s][info ][gc,task       ] GC(78) Using 4 workers of 4 for evacuation
[2025-12-22T15:27:40.591+0000][59.737s][info ][gc,phases     ] GC(78)   Pre Evacuate Collection Set: 0.0ms
[2025-12-22T15:27:40.592+0000][59.737s][info ][gc,phases     ] GC(78)   Evacuate Collection Set: 10.6ms
[2025-12-22T15:27:40.592+0000][59.737s][info ][gc,phases     ] GC(78)   Post Evacuate Collection Set: 4.4ms
[2025-12-22T15:27:40.592+0000][59.737s][info ][gc,phases     ] GC(78)   Other: 0.3ms
[2025-12-22T15:27:40.592+0000][59.737s][info ][gc,heap       ] GC(78) Eden regions: 178->0(180)
[2025-12-22T15:27:40.592+0000][59.737s][info ][gc,heap       ] GC(78) Survivor regions: 13->14(24)
[2025-12-22T15:27:40.592+0000][59.737s][info ][gc,heap       ] GC(78) Old regions: 144->144
[2025-12-22T15:27:40.592+0000][59.737s][info ][gc,heap       ] GC(78) Humongous regions: 0->0
[2025-12-22T15:27:40.592+0000][59.737s][info ][gc,metaspace  ] GC(78) Metaspace: 164920K(170012K)->164920K(170012K) NonClass: 145785K(148944K)->145785K(148944K) Class: 19134K(21068K)->19134K(21068K)
[2025-12-22T15:27:40.592+0000][59.737s][info ][gc            ] GC(78) Pause Young (Normal) (G1 Evacuation Pause) 332M->156M(393M) 15.504ms
[2025-12-22T15:27:40.592+0000][59.737s][info ][gc,cpu        ] GC(78) User=0.06s Sys=0.00s Real=0.01s
[2025-12-22T15:27:40.592+0000][59.737s][info ][safepoint     ] Leaving safepoint region
[2025-12-22T15:27:40.592+0000][59.737s][info ][safepoint     ] Total time for which application threads were stopped: 0.0160745 seconds, Stopping threads took: 0.0001395 seconds
[2025-12-22T15:27:40.592+0000][59.737s][info ][gc,stringdedup] Concurrent String Deduplication (59.737s)
[2025-12-22T15:27:40.593+0000][59.739s][info ][gc,stringdedup] Concurrent String Deduplication 209.1K->72192.0B(138.6K) avg 54.3% (59.737s, 59.739s) 1.505ms
[2025-12-22T15:27:41.022+0000][60.167s][debug][safepoint     ] Safepoint synchronization initiated. (123 threads)
[2025-12-22T15:27:41.022+0000][60.167s][info ][safepoint     ] Application time: 0.4298888 seconds
[2025-12-22T15:27:41.022+0000][60.167s][info ][safepoint     ] Entering safepoint region: G1CollectForAllocation
[2025-12-22T15:27:41.022+0000][60.168s][info ][gc,start      ] GC(79) Pause Young (Normal) (G1 Evacuation Pause)
[2025-12-22T15:27:41.022+0000][60.168s][info ][gc,task       ] GC(79) Using 4 workers of 4 for evacuation
[2025-12-22T15:27:41.044+0000][60.190s][info ][gc,phases     ] GC(79)   Pre Evacuate Collection Set: 0.0ms
[2025-12-22T15:27:41.045+0000][60.190s][info ][gc,phases     ] GC(79)   Evacuate Collection Set: 16.1ms
[2025-12-22T15:27:41.045+0000][60.190s][info ][gc,phases     ] GC(79)   Post Evacuate Collection Set: 5.9ms
[2025-12-22T15:27:41.045+0000][60.190s][info ][gc,phases     ] GC(79)   Other: 0.3ms
[2025-12-22T15:27:41.045+0000][60.190s][info ][gc,heap       ] GC(79) Eden regions: 180->0(180)
[2025-12-22T15:27:41.045+0000][60.190s][info ][gc,heap       ] GC(79) Survivor regions: 14->13(25)
[2025-12-22T15:27:41.045+0000][60.190s][info ][gc,heap       ] GC(79) Old regions: 144->146
[2025-12-22T15:27:41.045+0000][60.190s][info ][gc,heap       ] GC(79) Humongous regions: 0->0
[2025-12-22T15:27:41.045+0000][60.190s][info ][gc,metaspace  ] GC(79) Metaspace: 164972K(170012K)->164972K(170012K) NonClass: 145834K(148944K)->145834K(148944K) Class: 19137K(21068K)->19137K(21068K)
[2025-12-22T15:27:41.045+0000][60.190s][info ][gc            ] GC(79) Pause Young (Normal) (G1 Evacuation Pause) 336M->157M(393M) 22.480ms
[2025-12-22T15:27:41.045+0000][60.190s][info ][gc,cpu        ] GC(79) User=0.09s Sys=0.00s Real=0.03s
[2025-12-22T15:27:41.045+0000][60.190s][info ][safepoint     ] Leaving safepoint region
[2025-12-22T15:27:41.045+0000][60.190s][info ][safepoint     ] Total time for which application threads were stopped: 0.0229996 seconds, Stopping threads took: 0.0000667 seconds
[2025-12-22T15:27:41.045+0000][60.190s][info ][gc,stringdedup] Concurrent String Deduplication (60.190s)
[2025-12-22T15:27:41.046+0000][60.191s][info ][gc,stringdedup] Concurrent String Deduplication 141.3K->54264.0B(90448.0B) avg 54.4% (60.190s, 60.191s) 1.108ms
[2025-12-22T15:27:41.372+0000][60.518s][debug][safepoint     ] Safepoint synchronization initiated. (127 threads)
[2025-12-22T15:27:41.372+0000][60.518s][info ][safepoint     ] Application time: 0.3274374 seconds
[2025-12-22T15:27:41.372+0000][60.518s][debug][safepoint     ] Waiting for 1 thread(s) to block
[2025-12-22T15:27:41.372+0000][60.518s][info ][safepoint     ] Entering safepoint region: Deoptimize
[2025-12-22T15:27:41.378+0000][60.523s][info ][safepoint     ] Leaving safepoint region
[2025-12-22T15:27:41.378+0000][60.523s][info ][safepoint     ] Total time for which application threads were stopped: 0.0056818 seconds, Stopping threads took: 0.0001625 seconds
[2025-12-22T15:27:41.426+0000][60.571s][debug][safepoint     ] Safepoint synchronization initiated. (128 threads)
[2025-12-22T15:27:41.426+0000][60.571s][info ][safepoint     ] Application time: 0.0477160 seconds
[2025-12-22T15:27:41.426+0000][60.571s][debug][safepoint     ] Waiting for 1 thread(s) to block
[2025-12-22T15:27:41.426+0000][60.571s][info ][safepoint     ] Entering safepoint region: Deoptimize
[2025-12-22T15:27:41.428+0000][60.574s][info ][safepoint     ] Leaving safepoint region
[2025-12-22T15:27:41.428+0000][60.574s][info ][safepoint     ] Total time for which application threads were stopped: 0.0027022 seconds, Stopping threads took: 0.0001064 seconds
[2025-12-22T15:27:41.540+0000][60.686s][debug][safepoint     ] Safepoint synchronization initiated. (132 threads)
[2025-12-22T15:27:41.540+0000][60.686s][info ][safepoint     ] Application time: 0.1117837 seconds
[2025-12-22T15:27:41.540+0000][60.686s][info ][safepoint     ] Entering safepoint region: Deoptimize
[2025-12-22T15:27:41.543+0000][60.689s][info ][safepoint     ] Leaving safepoint region
[2025-12-22T15:27:41.543+0000][60.689s][info ][safepoint     ] Total time for which application threads were stopped: 0.0030967 seconds, Stopping threads took: 0.0000688 seconds
[2025-12-22T15:27:42.024+0000][61.170s][debug][safepoint     ] Safepoint synchronization initiated. (141 threads)
[2025-12-22T15:27:42.024+0000][61.170s][info ][safepoint     ] Application time: 0.4809601 seconds
[2025-12-22T15:27:42.024+0000][61.170s][debug][safepoint     ] ... found polling page loop exception at pc = 0x00007fb9d4a835be, stub =0x00007fb9cc826680
[2025-12-22T15:27:42.024+0000][61.170s][debug][safepoint     ] Waiting for 1 thread(s) to block
[2025-12-22T15:27:42.024+0000][61.170s][info ][safepoint     ] Entering safepoint region: ICBufferFull
[2025-12-22T15:27:42.025+0000][61.170s][info ][safepoint     ] Leaving safepoint region
[2025-12-22T15:27:42.025+0000][61.170s][info ][safepoint     ] Total time for which application threads were stopped: 0.0005038 seconds, Stopping threads took: 0.0001325 seconds
[2025-12-22T15:27:42.055+0000][61.201s][debug][safepoint     ] Safepoint synchronization initiated. (148 threads)
[2025-12-22T15:27:42.055+0000][61.201s][info ][safepoint     ] Application time: 0.0304795 seconds
[2025-12-22T15:27:42.055+0000][61.201s][debug][safepoint     ] Waiting for 1 thread(s) to block
[2025-12-22T15:27:42.055+0000][61.201s][info ][safepoint     ] Entering safepoint region: G1CollectForAllocation
[2025-12-22T15:27:42.056+0000][61.201s][info ][gc,start      ] GC(80) Pause Young (Normal) (G1 Evacuation Pause)
[2025-12-22T15:27:42.056+0000][61.201s][info ][gc,task       ] GC(80) Using 4 workers of 4 for evacuation
[2025-12-22T15:27:42.078+0000][61.224s][info ][gc,phases     ] GC(80)   Pre Evacuate Collection Set: 0.0ms
[2025-12-22T15:27:42.078+0000][61.224s][info ][gc,phases     ] GC(80)   Evacuate Collection Set: 17.2ms
[2025-12-22T15:27:42.079+0000][61.224s][info ][gc,phases     ] GC(80)   Post Evacuate Collection Set: 5.3ms
[2025-12-22T15:27:42.079+0000][61.224s][info ][gc,phases     ] GC(80)   Other: 0.3ms
[2025-12-22T15:27:42.079+0000][61.224s][info ][gc,heap       ] GC(80) Eden regions: 180->0(175)
[2025-12-22T15:27:42.079+0000][61.224s][info ][gc,heap       ] GC(80) Survivor regions: 13->16(25)
[2025-12-22T15:27:42.079+0000][61.224s][info ][gc,heap       ] GC(80) Old regions: 146->146
[2025-12-22T15:27:42.079+0000][61.224s][info ][gc,heap       ] GC(80) Humongous regions: 0->0
[2025-12-22T15:27:42.079+0000][61.224s][info ][gc,metaspace  ] GC(80) Metaspace: 169043K(174492K)->169043K(174492K) NonClass: 149423K(152784K)->149423K(152784K) Class: 19620K(21708K)->19620K(21708K)
[2025-12-22T15:27:42.079+0000][61.224s][info ][gc            ] GC(80) Pause Young (Normal) (G1 Evacuation Pause) 337M->160M(393M) 23.028ms
[2025-12-22T15:27:42.079+0000][61.224s][info ][gc,cpu        ] GC(80) User=0.08s Sys=0.00s Real=0.02s
[2025-12-22T15:27:42.079+0000][61.224s][info ][safepoint     ] Leaving safepoint region
[2025-12-22T15:27:42.079+0000][61.224s][info ][safepoint     ] Total time for which application threads were stopped: 0.0235775 seconds, Stopping threads took: 0.0001365 seconds
[2025-12-22T15:27:42.079+0000][61.224s][info ][gc,stringdedup] Concurrent String Deduplication (61.224s)
[2025-12-22T15:27:42.080+0000][61.225s][info ][gc,stringdedup] Concurrent String Deduplication 150.6K->51144.0B(100.7K) avg 54.5% (61.224s, 61.225s) 1.131ms
[2025-12-22T15:27:42.317+0000][61.462s][debug][safepoint     ] Safepoint synchronization initiated. (179 threads)
[2025-12-22T15:27:42.317+0000][61.462s][info ][safepoint     ] Application time: 0.2381502 seconds
[2025-12-22T15:27:42.317+0000][61.462s][debug][safepoint     ] ... found polling page return exception at pc = 0x00007fb9ccdbb000, stub =0x00007fb9cc824b00
[2025-12-22T15:27:42.317+0000][61.463s][debug][safepoint     ] Waiting for 2 thread(s) to block
[2025-12-22T15:27:42.317+0000][61.463s][info ][safepoint     ] Entering safepoint region: Deoptimize
[2025-12-22T15:27:42.322+0000][61.467s][info ][safepoint     ] Leaving safepoint region
[2025-12-22T15:27:42.322+0000][61.467s][info ][safepoint     ] Total time for which application threads were stopped: 0.0048498 seconds, Stopping threads took: 0.0003349 seconds
[2025-12-22T15:27:42.468+0000][61.614s][debug][safepoint     ] Safepoint synchronization initiated. (189 threads)
[2025-12-22T15:27:42.469+0000][61.614s][info ][safepoint     ] Application time: 0.1466306 seconds
[2025-12-22T15:27:42.469+0000][61.614s][debug][safepoint     ] Waiting for 1 thread(s) to block
[2025-12-22T15:27:42.469+0000][61.614s][info ][safepoint     ] Entering safepoint region: Deoptimize
[2025-12-22T15:27:42.472+0000][61.618s][info ][safepoint     ] Leaving safepoint region
[2025-12-22T15:27:42.472+0000][61.618s][info ][safepoint     ] Total time for which application threads were stopped: 0.0036142 seconds, Stopping threads took: 0.0001680 seconds
[2025-12-22T15:27:43.270+0000][62.416s][debug][safepoint     ] Safepoint synchronization initiated. (262 threads)
[2025-12-22T15:27:43.270+0000][62.416s][info ][safepoint     ] Application time: 0.7981859 seconds
[2025-12-22T15:27:43.270+0000][62.416s][info ][safepoint     ] Entering safepoint region: ICBufferFull
[2025-12-22T15:27:43.271+0000][62.416s][info ][safepoint     ] Leaving safepoint region
[2025-12-22T15:27:43.271+0000][62.416s][info ][safepoint     ] Total time for which application threads were stopped: 0.0007245 seconds, Stopping threads took: 0.0001581 seconds
[2025-12-22T15:27:43.292+0000][62.438s][debug][safepoint     ] Safepoint synchronization initiated. (262 threads)
[2025-12-22T15:27:43.292+0000][62.438s][info ][safepoint     ] Application time: 0.0212622 seconds
[2025-12-22T15:27:43.292+0000][62.438s][info ][safepoint     ] Entering safepoint region: ICBufferFull
[2025-12-22T15:27:43.293+0000][62.438s][info ][safepoint     ] Leaving safepoint region
[2025-12-22T15:27:43.293+0000][62.438s][info ][safepoint     ] Total time for which application threads were stopped: 0.0005638 seconds, Stopping threads took: 0.0000490 seconds
[2025-12-22T15:27:44.293+0000][63.439s][debug][safepoint     ] Safepoint synchronization initiated. (262 threads)
[2025-12-22T15:27:44.293+0000][63.439s][info ][safepoint     ] Application time: 1.0002060 seconds
[2025-12-22T15:27:44.293+0000][63.439s][info ][safepoint     ] Entering safepoint region: Cleanup
[2025-12-22T15:27:44.294+0000][63.439s][info ][safepoint     ] Leaving safepoint region
[2025-12-22T15:27:44.294+0000][63.439s][info ][safepoint     ] Total time for which application threads were stopped: 0.0007561 seconds, Stopping threads took: 0.0002107 seconds
[2025-12-22T15:27:44.294+0000][63.439s][debug][safepoint     ] ... found polling page loop exception at pc = 0x00007fb9cd792962, stub =0x00007fb9cc826680
[2025-12-22T15:27:45.294+0000][64.439s][debug][safepoint     ] Safepoint synchronization initiated. (266 threads)
[2025-12-22T15:27:45.294+0000][64.440s][info ][safepoint     ] Application time: 1.0001777 seconds
[2025-12-22T15:27:45.294+0000][64.440s][info ][safepoint     ] Entering safepoint region: Cleanup
[2025-12-22T15:27:45.295+0000][64.441s][info ][safepoint     ] Leaving safepoint region
[2025-12-22T15:27:45.295+0000][64.441s][info ][safepoint     ] Total time for which application threads were stopped: 0.0010095 seconds, Stopping threads took: 0.0002511 seconds
[2025-12-22T15:27:46.295+0000][65.441s][debug][safepoint     ] Safepoint synchronization initiated. (266 threads)
[2025-12-22T15:27:46.295+0000][65.441s][info ][safepoint     ] Application time: 1.0002094 seconds
[2025-12-22T15:27:46.296+0000][65.441s][info ][safepoint     ] Entering safepoint region: Cleanup
[2025-12-22T15:27:46.296+0000][65.441s][info ][safepoint     ] Leaving safepoint region
[2025-12-22T15:27:46.296+0000][65.441s][info ][safepoint     ] Total time for which application threads were stopped: 0.0005654 seconds, Stopping threads took: 0.0001331 seconds
[2025-12-22T15:27:47.296+0000][66.442s][debug][safepoint     ] Safepoint synchronization initiated. (267 threads)
[2025-12-22T15:27:47.296+0000][66.442s][info ][safepoint     ] Application time: 1.0001807 seconds
[2025-12-22T15:27:47.296+0000][66.442s][info ][safepoint     ] Entering safepoint region: Cleanup
[2025-12-22T15:27:47.297+0000][66.442s][info ][safepoint     ] Leaving safepoint region
[2025-12-22T15:27:47.297+0000][66.442s][info ][safepoint     ] Total time for which application threads were stopped: 0.0006163 seconds, Stopping threads took: 0.0001503 seconds
[2025-12-22T15:27:48.297+0000][67.442s][debug][safepoint     ] Safepoint synchronization initiated. (267 threads)
[2025-12-22T15:27:48.297+0000][67.442s][info ][safepoint     ] Application time: 1.0002258 seconds
[2025-12-22T15:27:48.297+0000][67.443s][info ][safepoint     ] Entering safepoint region: Cleanup
[2025-12-22T15:27:48.298+0000][67.443s][info ][safepoint     ] Leaving safepoint region
[2025-12-22T15:27:48.298+0000][67.443s][info ][safepoint     ] Total time for which application threads were stopped: 0.0007448 seconds, Stopping threads took: 0.0002388 seconds
[2025-12-22T15:27:49.298+0000][68.443s][debug][safepoint     ] Safepoint synchronization initiated. (267 threads)
[2025-12-22T15:27:49.298+0000][68.443s][info ][safepoint     ] Application time: 1.0001514 seconds
[2025-12-22T15:27:49.298+0000][68.444s][info ][safepoint     ] Entering safepoint region: Cleanup
[2025-12-22T15:27:49.299+0000][68.444s][info ][safepoint     ] Leaving safepoint region
[2025-12-22T15:27:49.299+0000][68.444s][info ][safepoint     ] Total time for which application threads were stopped: 0.0007547 seconds, Stopping threads took: 0.0002235 seconds
[2025-12-22T15:27:50.299+0000][69.444s][debug][safepoint     ] Safepoint synchronization initiated. (267 threads)
[2025-12-22T15:27:50.299+0000][69.444s][info ][safepoint     ] Application time: 1.0001635 seconds
[2025-12-22T15:27:50.299+0000][69.445s][info ][safepoint     ] Entering safepoint region: Cleanup
[2025-12-22T15:27:50.300+0000][69.445s][info ][safepoint     ] Leaving safepoint region
[2025-12-22T15:27:50.300+0000][69.445s][info ][safepoint     ] Total time for which application threads were stopped: 0.0006319 seconds, Stopping threads took: 0.0002297 seconds
[2025-12-22T15:27:51.300+0000][70.445s][debug][safepoint     ] Safepoint synchronization initiated. (267 threads)
[2025-12-22T15:27:51.300+0000][70.445s][info ][safepoint     ] Application time: 1.0003926 seconds
[2025-12-22T15:27:51.300+0000][70.446s][info ][safepoint     ] Entering safepoint region: Cleanup
[2025-12-22T15:27:51.301+0000][70.446s][info ][safepoint     ] Leaving safepoint region
[2025-12-22T15:27:51.301+0000][70.446s][info ][safepoint     ] Total time for which application threads were stopped: 0.0006172 seconds, Stopping threads took: 0.0001319 seconds
[2025-12-22T15:27:52.301+0000][71.446s][debug][safepoint     ] Safepoint synchronization initiated. (267 threads)
[2025-12-22T15:27:52.301+0000][71.446s][info ][safepoint     ] Application time: 1.0002661 seconds
[2025-12-22T15:27:52.301+0000][71.447s][info ][safepoint     ] Entering safepoint region: Cleanup
[2025-12-22T15:27:52.302+0000][71.447s][info ][safepoint     ] Leaving safepoint region
[2025-12-22T15:27:52.302+0000][71.447s][info ][safepoint     ] Total time for which application threads were stopped: 0.0008094 seconds, Stopping threads took: 0.0001976 seconds
[2025-12-22T15:27:53.302+0000][72.447s][debug][safepoint     ] Safepoint synchronization initiated. (267 threads)
[2025-12-22T15:27:53.302+0000][72.447s][info ][safepoint     ] Application time: 1.0002531 seconds
[2025-12-22T15:27:53.302+0000][72.448s][info ][safepoint     ] Entering safepoint region: Cleanup
[2025-12-22T15:27:53.303+0000][72.448s][info ][safepoint     ] Leaving safepoint region
[2025-12-22T15:27:53.303+0000][72.448s][info ][safepoint     ] Total time for which application threads were stopped: 0.0007771 seconds, Stopping threads took: 0.0001593 seconds
[2025-12-22T15:27:53.479+0000][72.624s][debug][safepoint     ] Safepoint synchronization initiated. (267 threads)
[2025-12-22T15:27:53.479+0000][72.624s][info ][safepoint     ] Application time: 0.1760835 seconds
[2025-12-22T15:27:53.479+0000][72.624s][info ][safepoint     ] Entering safepoint region: G1CollectForAllocation
[2025-12-22T15:27:53.480+0000][72.625s][info ][gc,start      ] GC(81) Pause Young (Normal) (G1 Evacuation Pause)
[2025-12-22T15:27:53.480+0000][72.625s][info ][gc,task       ] GC(81) Using 4 workers of 4 for evacuation
[2025-12-22T15:27:53.511+0000][72.657s][info ][gc,phases     ] GC(81)   Pre Evacuate Collection Set: 0.2ms
[2025-12-22T15:27:53.511+0000][72.657s][info ][gc,phases     ] GC(81)   Evacuate Collection Set: 24.7ms
[2025-12-22T15:27:53.511+0000][72.657s][info ][gc,phases     ] GC(81)   Post Evacuate Collection Set: 5.7ms
[2025-12-22T15:27:53.511+0000][72.657s][info ][gc,phases     ] GC(81)   Other: 1.1ms
[2025-12-22T15:27:53.511+0000][72.657s][info ][gc,heap       ] GC(81) Eden regions: 175->0(159)
[2025-12-22T15:27:53.511+0000][72.657s][info ][gc,heap       ] GC(81) Survivor regions: 16->22(24)
[2025-12-22T15:27:53.511+0000][72.657s][info ][gc,heap       ] GC(81) Old regions: 146->150
[2025-12-22T15:27:53.511+0000][72.657s][info ][gc,heap       ] GC(81) Humongous regions: 0->0
[2025-12-22T15:27:53.511+0000][72.657s][info ][gc,metaspace  ] GC(81) Metaspace: 171421K(177308K)->171421K(177308K) NonClass: 151488K(155088K)->151488K(155088K) Class: 19932K(22220K)->19932K(22220K)
[2025-12-22T15:27:53.511+0000][72.657s][info ][gc            ] GC(81) Pause Young (Normal) (G1 Evacuation Pause) 335M->169M(393M) 31.441ms
[2025-12-22T15:27:53.511+0000][72.657s][info ][gc,cpu        ] GC(81) User=0.12s Sys=0.01s Real=0.03s
[2025-12-22T15:27:53.512+0000][72.657s][info ][safepoint     ] Leaving safepoint region
[2025-12-22T15:27:53.512+0000][72.657s][info ][safepoint     ] Total time for which application threads were stopped: 0.0325907 seconds, Stopping threads took: 0.0001237 seconds
[2025-12-22T15:27:53.512+0000][72.657s][info ][gc,stringdedup] Concurrent String Deduplication (72.657s)
[2025-12-22T15:27:53.513+0000][72.658s][info ][gc,stringdedup] Concurrent String Deduplication 154.2K->52232.0B(103.2K) avg 54.6% (72.657s, 72.658s) 1.177ms
[2025-12-22T15:27:54.512+0000][73.657s][debug][safepoint     ] Safepoint synchronization initiated. (267 threads)
[2025-12-22T15:27:54.512+0000][73.657s][info ][safepoint     ] Application time: 1.0002235 seconds
[2025-12-22T15:27:54.512+0000][73.657s][info ][safepoint     ] Entering safepoint region: Cleanup
[2025-12-22T15:27:54.513+0000][73.658s][info ][safepoint     ] Leaving safepoint region
[2025-12-22T15:27:54.513+0000][73.658s][info ][safepoint     ] Total time for which application threads were stopped: 0.0009339 seconds, Stopping threads took: 0.0002070 seconds
[2025-12-22T15:27:55.513+0000][74.658s][debug][safepoint     ] Safepoint synchronization initiated. (267 threads)
[2025-12-22T15:27:55.513+0000][74.659s][info ][safepoint     ] Application time: 1.0002711 seconds
[2025-12-22T15:27:55.513+0000][74.659s][debug][safepoint     ] ... found polling page return exception at pc = 0x00007fb9d45483a1, stub =0x00007fb9cc824b00
[2025-12-22T15:27:55.513+0000][74.659s][debug][safepoint     ] Waiting for 1 thread(s) to block
[2025-12-22T15:27:55.513+0000][74.659s][info ][safepoint     ] Entering safepoint region: Cleanup
[2025-12-22T15:27:55.514+0000][74.659s][info ][safepoint     ] Leaving safepoint region
[2025-12-22T15:27:55.514+0000][74.659s][info ][safepoint     ] Total time for which application threads were stopped: 0.0006768 seconds, Stopping threads took: 0.0002841 seconds
[2025-12-22T15:27:56.514+0000][75.659s][debug][safepoint     ] Safepoint synchronization initiated. (267 threads)
[2025-12-22T15:27:56.514+0000][75.660s][info ][safepoint     ] Application time: 1.0002844 seconds
[2025-12-22T15:27:56.514+0000][75.660s][info ][safepoint     ] Entering safepoint region: Cleanup
[2025-12-22T15:27:56.515+0000][75.660s][info ][safepoint     ] Leaving safepoint region
[2025-12-22T15:27:56.515+0000][75.660s][info ][safepoint     ] Total time for which application threads were stopped: 0.0009164 seconds, Stopping threads took: 0.0003059 seconds
[2025-12-22T15:27:57.515+0000][76.661s][debug][safepoint     ] Safepoint synchronization initiated. (267 threads)
[2025-12-22T15:27:57.515+0000][76.661s][info ][safepoint     ] Application time: 1.0002419 seconds
[2025-12-22T15:27:57.516+0000][76.661s][info ][safepoint     ] Entering safepoint region: Cleanup
[2025-12-22T15:27:57.516+0000][76.662s][info ][safepoint     ] Leaving safepoint region
[2025-12-22T15:27:57.516+0000][76.662s][info ][safepoint     ] Total time for which application threads were stopped: 0.0009192 seconds, Stopping threads took: 0.0002519 seconds
[2025-12-22T15:27:58.516+0000][77.662s][debug][safepoint     ] Safepoint synchronization initiated. (267 threads)
[2025-12-22T15:27:58.517+0000][77.662s][info ][safepoint     ] Application time: 1.0003258 seconds
[2025-12-22T15:27:58.517+0000][77.662s][info ][safepoint     ] Entering safepoint region: Cleanup
[2025-12-22T15:27:58.517+0000][77.663s][info ][safepoint     ] Leaving safepoint region
[2025-12-22T15:27:58.517+0000][77.663s][info ][safepoint     ] Total time for which application threads were stopped: 0.0007236 seconds, Stopping threads took: 0.0002194 seconds
[2025-12-22T15:27:59.518+0000][78.663s][debug][safepoint     ] Safepoint synchronization initiated. (266 threads)
[2025-12-22T15:27:59.518+0000][78.663s][info ][safepoint     ] Application time: 1.0003064 seconds
[2025-12-22T15:27:59.518+0000][78.663s][info ][safepoint     ] Entering safepoint region: Cleanup
[2025-12-22T15:27:59.519+0000][78.664s][info ][safepoint     ] Leaving safepoint region
[2025-12-22T15:27:59.519+0000][78.664s][info ][safepoint     ] Total time for which application threads were stopped: 0.0008364 seconds, Stopping threads took: 0.0002311 seconds
[2025-12-22T15:28:00.519+0000][79.664s][debug][safepoint     ] Safepoint synchronization initiated. (266 threads)
[2025-12-22T15:28:00.519+0000][79.664s][info ][safepoint     ] Application time: 1.0003097 seconds
[2025-12-22T15:28:00.519+0000][79.665s][info ][safepoint     ] Entering safepoint region: Cleanup
[2025-12-22T15:28:00.520+0000][79.665s][info ][safepoint     ] Leaving safepoint region
[2025-12-22T15:28:00.520+0000][79.665s][info ][safepoint     ] Total time for which application threads were stopped: 0.0009213 seconds, Stopping threads took: 0.0002387 seconds
[2025-12-22T15:28:01.520+0000][80.665s][debug][safepoint     ] Safepoint synchronization initiated. (266 threads)
[2025-12-22T15:28:01.520+0000][80.666s][info ][safepoint     ] Application time: 1.0002505 seconds
[2025-12-22T15:28:01.520+0000][80.666s][info ][safepoint     ] Entering safepoint region: Cleanup
[2025-12-22T15:28:01.521+0000][80.666s][info ][safepoint     ] Leaving safepoint region
[2025-12-22T15:28:01.521+0000][80.666s][info ][safepoint     ] Total time for which application threads were stopped: 0.0006802 seconds, Stopping threads took: 0.0002498 seconds
[2025-12-22T15:28:02.521+0000][81.666s][debug][safepoint     ] Safepoint synchronization initiated. (266 threads)
[2025-12-22T15:28:02.521+0000][81.666s][info ][safepoint     ] Application time: 1.0001816 seconds
[2025-12-22T15:28:02.521+0000][81.667s][info ][safepoint     ] Entering safepoint region: Cleanup
[2025-12-22T15:28:02.522+0000][81.667s][info ][safepoint     ] Leaving safepoint region
[2025-12-22T15:28:02.522+0000][81.667s][info ][safepoint     ] Total time for which application threads were stopped: 0.0005609 seconds, Stopping threads took: 0.0001436 seconds
[2025-12-22T15:28:03.522+0000][82.667s][debug][safepoint     ] Safepoint synchronization initiated. (266 threads)
[2025-12-22T15:28:03.522+0000][82.667s][info ][safepoint     ] Application time: 1.0002206 seconds
[2025-12-22T15:28:03.522+0000][82.667s][info ][safepoint     ] Entering safepoint region: Cleanup
[2025-12-22T15:28:03.523+0000][82.668s][info ][safepoint     ] Leaving safepoint region
[2025-12-22T15:28:03.523+0000][82.668s][info ][safepoint     ] Total time for which application threads were stopped: 0.0008832 seconds, Stopping threads took: 0.0001969 seconds
[2025-12-22T15:28:04.523+0000][83.668s][debug][safepoint     ] Safepoint synchronization initiated. (266 threads)
[2025-12-22T15:28:04.523+0000][83.668s][info ][safepoint     ] Application time: 1.0001601 seconds
[2025-12-22T15:28:04.523+0000][83.668s][info ][safepoint     ] Entering safepoint region: Cleanup
[2025-12-22T15:28:04.524+0000][83.669s][info ][safepoint     ] Leaving safepoint region
[2025-12-22T15:28:04.524+0000][83.669s][info ][safepoint     ] Total time for which application threads were stopped: 0.0007369 seconds, Stopping threads took: 0.0001896 seconds
[2025-12-22T15:28:05.524+0000][84.669s][debug][safepoint     ] Safepoint synchronization initiated. (266 threads)
[2025-12-22T15:28:05.524+0000][84.669s][info ][safepoint     ] Application time: 1.0002734 seconds
[2025-12-22T15:28:05.524+0000][84.670s][info ][safepoint     ] Entering safepoint region: Cleanup
[2025-12-22T15:28:05.525+0000][84.670s][info ][safepoint     ] Leaving safepoint region
[2025-12-22T15:28:05.525+0000][84.670s][info ][safepoint     ] Total time for which application threads were stopped: 0.0009253 seconds, Stopping threads took: 0.0002475 seconds
[2025-12-22T15:28:06.525+0000][85.670s][debug][safepoint     ] Safepoint synchronization initiated. (266 threads)
[2025-12-22T15:28:06.525+0000][85.671s][info ][safepoint     ] Application time: 1.0002894 seconds
[2025-12-22T15:28:06.526+0000][85.671s][info ][safepoint     ] Entering safepoint region: Cleanup
[2025-12-22T15:28:06.526+0000][85.671s][debug][safepoint     ] ... found polling page return exception at pc = 0x00007fb9d46cba8a, stub =0x00007fb9cc824b00
[2025-12-22T15:28:06.526+0000][85.671s][info ][safepoint     ] Leaving safepoint region
[2025-12-22T15:28:06.526+0000][85.672s][info ][safepoint     ] Total time for which application threads were stopped: 0.0008799 seconds, Stopping threads took: 0.0003243 seconds
[2025-12-22T15:28:07.526+0000][86.672s][debug][safepoint     ] Safepoint synchronization initiated. (266 threads)
[2025-12-22T15:28:07.526+0000][86.672s][info ][safepoint     ] Application time: 1.0001921 seconds
[2025-12-22T15:28:07.527+0000][86.672s][info ][safepoint     ] Entering safepoint region: Cleanup
[2025-12-22T15:28:07.527+0000][86.672s][info ][safepoint     ] Leaving safepoint region
[2025-12-22T15:28:07.527+0000][86.672s][info ][safepoint     ] Total time for which application threads were stopped: 0.0006987 seconds, Stopping threads took: 0.0001813 seconds
[2025-12-22T15:28:08.527+0000][87.673s][debug][safepoint     ] Safepoint synchronization initiated. (266 threads)
[2025-12-22T15:28:08.527+0000][87.673s][info ][safepoint     ] Application time: 1.0001658 seconds
[2025-12-22T15:28:08.527+0000][87.673s][info ][safepoint     ] Entering safepoint region: Cleanup
[2025-12-22T15:28:08.528+0000][87.673s][info ][safepoint     ] Leaving safepoint region
[2025-12-22T15:28:08.528+0000][87.673s][info ][safepoint     ] Total time for which application threads were stopped: 0.0006703 seconds, Stopping threads took: 0.0001908 seconds
[2025-12-22T15:28:09.528+0000][88.673s][debug][safepoint     ] Safepoint synchronization initiated. (266 threads)
[2025-12-22T15:28:09.528+0000][88.674s][info ][safepoint     ] Application time: 1.0002111 seconds
[2025-12-22T15:28:09.528+0000][88.674s][info ][safepoint     ] Entering safepoint region: Cleanup
[2025-12-22T15:28:09.529+0000][88.674s][info ][safepoint     ] Leaving safepoint region
[2025-12-22T15:28:09.529+0000][88.674s][info ][safepoint     ] Total time for which application threads were stopped: 0.0005765 seconds, Stopping threads took: 0.0001943 seconds
[2025-12-22T15:28:10.529+0000][89.674s][debug][safepoint     ] Safepoint synchronization initiated. (266 threads)
[2025-12-22T15:28:10.529+0000][89.674s][info ][safepoint     ] Application time: 1.0002113 seconds
[2025-12-22T15:28:10.529+0000][89.675s][info ][safepoint     ] Entering safepoint region: Cleanup
[2025-12-22T15:28:10.530+0000][89.675s][info ][safepoint     ] Leaving safepoint region
[2025-12-22T15:28:10.530+0000][89.675s][info ][safepoint     ] Total time for which application threads were stopped: 0.0008740 seconds, Stopping threads took: 0.0002044 seconds
[2025-12-22T15:28:11.530+0000][90.675s][debug][safepoint     ] Safepoint synchronization initiated. (266 threads)
[2025-12-22T15:28:11.530+0000][90.676s][info ][safepoint     ] Application time: 1.0002430 seconds
[2025-12-22T15:28:11.530+0000][90.676s][info ][safepoint     ] Entering safepoint region: Cleanup
[2025-12-22T15:28:11.531+0000][90.676s][info ][safepoint     ] Leaving safepoint region
[2025-12-22T15:28:11.531+0000][90.676s][info ][safepoint     ] Total time for which application threads were stopped: 0.0008110 seconds, Stopping threads took: 0.0002709 seconds
[2025-12-22T15:28:11.531+0000][90.676s][debug][safepoint     ] ... found polling page return exception at pc = 0x00007fb9d46cba8a, stub =0x00007fb9cc824b00
[2025-12-22T15:28:12.531+0000][91.677s][debug][safepoint     ] Safepoint synchronization initiated. (266 threads)
[2025-12-22T15:28:12.531+0000][91.677s][info ][safepoint     ] Application time: 1.0002706 seconds
[2025-12-22T15:28:12.531+0000][91.677s][info ][safepoint     ] Entering safepoint region: Cleanup
[2025-12-22T15:28:12.532+0000][91.677s][info ][safepoint     ] Leaving safepoint region
[2025-12-22T15:28:12.532+0000][91.677s][info ][safepoint     ] Total time for which application threads were stopped: 0.0006446 seconds, Stopping threads took: 0.0002365 seconds
[2025-12-22T15:28:12.532+0000][91.677s][debug][safepoint     ] ... found polling page return exception at pc = 0x00007fb9d46cba8a, stub =0x00007fb9cc824b00
[2025-12-22T15:28:13.532+0000][92.678s][debug][safepoint     ] Safepoint synchronization initiated. (266 threads)
[2025-12-22T15:28:13.532+0000][92.678s][info ][safepoint     ] Application time: 1.0003621 seconds
[2025-12-22T15:28:13.532+0000][92.678s][info ][safepoint     ] Entering safepoint region: Cleanup
[2025-12-22T15:28:13.533+0000][92.678s][info ][safepoint     ] Leaving safepoint region
[2025-12-22T15:28:13.533+0000][92.678s][info ][safepoint     ] Total time for which application threads were stopped: 0.0006075 seconds, Stopping threads took: 0.0001933 seconds
[2025-12-22T15:28:14.533+0000][93.679s][debug][safepoint     ] Safepoint synchronization initiated. (266 threads)
[2025-12-22T15:28:14.533+0000][93.679s][info ][safepoint     ] Application time: 1.0002026 seconds
[2025-12-22T15:28:14.533+0000][93.679s][info ][safepoint     ] Entering safepoint region: Cleanup
[2025-12-22T15:28:14.534+0000][93.679s][info ][safepoint     ] Leaving safepoint region
[2025-12-22T15:28:14.534+0000][93.679s][debug][safepoint     ] ... found polling page loop exception at pc = 0x00007fb9cd792962, stub =0x00007fb9cc826680
[2025-12-22T15:28:14.534+0000][93.679s][info ][safepoint     ] Total time for which application threads were stopped: 0.0006997 seconds, Stopping threads took: 0.0001476 seconds
[2025-12-22T15:28:15.534+0000][94.680s][debug][safepoint     ] Safepoint synchronization initiated. (266 threads)
[2025-12-22T15:28:15.534+0000][94.680s][info ][safepoint     ] Application time: 1.0003459 seconds
[2025-12-22T15:28:15.535+0000][94.680s][info ][safepoint     ] Entering safepoint region: Cleanup
[2025-12-22T15:28:15.535+0000][94.681s][info ][safepoint     ] Leaving safepoint region
[2025-12-22T15:28:15.535+0000][94.681s][info ][safepoint     ] Total time for which application threads were stopped: 0.0008264 seconds, Stopping threads took: 0.0002715 seconds
[2025-12-22T15:28:15.595+0000][94.740s][debug][safepoint     ] Safepoint synchronization initiated. (266 threads)
[2025-12-22T15:28:15.595+0000][94.740s][info ][safepoint     ] Application time: 0.0596819 seconds
[2025-12-22T15:28:15.595+0000][94.740s][debug][safepoint     ] ... found polling page return exception at pc = 0x00007fb9d4638677, stub =0x00007fb9cc824b00
[2025-12-22T15:28:15.595+0000][94.740s][debug][safepoint     ] ... found polling page return exception at pc = 0x00007fb9d47dc0f3, stub =0x00007fb9cc824b00
[2025-12-22T15:28:15.595+0000][94.740s][debug][safepoint     ] Waiting for 4 thread(s) to block
[2025-12-22T15:28:15.595+0000][94.741s][info ][safepoint     ] Entering safepoint region: G1CollectForAllocation
[2025-12-22T15:28:15.596+0000][94.741s][info ][gc,start      ] GC(82) Pause Young (Normal) (G1 Evacuation Pause)
[2025-12-22T15:28:15.596+0000][94.741s][info ][gc,task       ] GC(82) Using 4 workers of 4 for evacuation
[2025-12-22T15:28:15.633+0000][94.778s][info ][gc,phases     ] GC(82)   Pre Evacuate Collection Set: 0.1ms
[2025-12-22T15:28:15.633+0000][94.778s][info ][gc,phases     ] GC(82)   Evacuate Collection Set: 29.1ms
[2025-12-22T15:28:15.633+0000][94.778s][info ][gc,phases     ] GC(82)   Post Evacuate Collection Set: 7.5ms
[2025-12-22T15:28:15.633+0000][94.778s][info ][gc,phases     ] GC(82)   Other: 0.6ms
[2025-12-22T15:28:15.633+0000][94.778s][info ][gc,heap       ] GC(82) Eden regions: 159->0(169)
[2025-12-22T15:28:15.633+0000][94.779s][info ][gc,heap       ] GC(82) Survivor regions: 22->10(23)
[2025-12-22T15:28:15.633+0000][94.779s][info ][gc,heap       ] GC(82) Old regions: 150->161
[2025-12-22T15:28:15.633+0000][94.779s][info ][gc,heap       ] GC(82) Humongous regions: 0->0
[2025-12-22T15:28:15.633+0000][94.779s][info ][gc,metaspace  ] GC(82) Metaspace: 171585K(177308K)->171585K(177308K) NonClass: 151628K(155088K)->151628K(155088K) Class: 19957K(22220K)->19957K(22220K)
[2025-12-22T15:28:15.633+0000][94.779s][info ][gc            ] GC(82) Pause Young (Normal) (G1 Evacuation Pause) 328M->168M(393M) 37.453ms
[2025-12-22T15:28:15.633+0000][94.779s][info ][gc,cpu        ] GC(82) User=0.11s Sys=0.00s Real=0.03s
[2025-12-22T15:28:15.633+0000][94.779s][info ][safepoint     ] Leaving safepoint region
[2025-12-22T15:28:15.633+0000][94.779s][info ][safepoint     ] Total time for which application threads were stopped: 0.0384600 seconds, Stopping threads took: 0.0003586 seconds
[2025-12-22T15:28:15.634+0000][94.779s][info ][gc,stringdedup] Concurrent String Deduplication (94.779s)
[2025-12-22T15:28:15.637+0000][94.782s][info ][gc,stringdedup] Concurrent String Deduplication 363.6K->221.9K(141.7K) avg 54.3% (94.779s, 94.782s) 2.998ms
[2025-12-22T15:28:16.634+0000][95.779s][debug][safepoint     ] Safepoint synchronization initiated. (266 threads)
[2025-12-22T15:28:16.634+0000][95.779s][info ][safepoint     ] Application time: 1.0002903 seconds
[2025-12-22T15:28:16.634+0000][95.779s][info ][safepoint     ] Entering safepoint region: Cleanup
[2025-12-22T15:28:16.635+0000][95.780s][info ][safepoint     ] Leaving safepoint region
[2025-12-22T15:28:16.635+0000][95.780s][info ][safepoint     ] Total time for which application threads were stopped: 0.0008528 seconds, Stopping threads took: 0.0001767 seconds
[2025-12-22T15:28:17.635+0000][96.780s][debug][safepoint     ] Safepoint synchronization initiated. (266 threads)
[2025-12-22T15:28:17.635+0000][96.780s][info ][safepoint     ] Application time: 1.0002948 seconds
[2025-12-22T15:28:17.635+0000][96.781s][info ][safepoint     ] Entering safepoint region: Cleanup
[2025-12-22T15:28:17.636+0000][96.781s][info ][safepoint     ] Leaving safepoint region
[2025-12-22T15:28:17.636+0000][96.781s][debug][safepoint     ] ... found polling page return exception at pc = 0x00007fb9d47dc0f3, stub =0x00007fb9cc824b00
[2025-12-22T15:28:17.636+0000][96.781s][info ][safepoint     ] Total time for which application threads were stopped: 0.0010584 seconds, Stopping threads took: 0.0003463 seconds
[2025-12-22T15:28:18.636+0000][97.782s][debug][safepoint     ] Safepoint synchronization initiated. (266 threads)
[2025-12-22T15:28:18.636+0000][97.782s][info ][safepoint     ] Application time: 1.0002514 seconds
[2025-12-22T15:28:18.637+0000][97.782s][info ][safepoint     ] Entering safepoint region: Cleanup
[2025-12-22T15:28:18.637+0000][97.783s][info ][safepoint     ] Leaving safepoint region
[2025-12-22T15:28:18.637+0000][97.783s][info ][safepoint     ] Total time for which application threads were stopped: 0.0008501 seconds, Stopping threads took: 0.0002073 seconds
[2025-12-22T15:28:19.638+0000][98.783s][debug][safepoint     ] Safepoint synchronization initiated. (266 threads)
[2025-12-22T15:28:19.638+0000][98.783s][info ][safepoint     ] Application time: 1.0003647 seconds
[2025-12-22T15:28:19.638+0000][98.783s][info ][safepoint     ] Entering safepoint region: Cleanup
[2025-12-22T15:28:19.639+0000][98.784s][info ][safepoint     ] Leaving safepoint region
[2025-12-22T15:28:19.639+0000][98.784s][info ][safepoint     ] Total time for which application threads were stopped: 0.0010524 seconds, Stopping threads took: 0.0003413 seconds
[2025-12-22T15:28:20.639+0000][99.784s][debug][safepoint     ] Safepoint synchronization initiated. (266 threads)
[2025-12-22T15:28:20.639+0000][99.784s][info ][safepoint     ] Application time: 1.0003209 seconds
[2025-12-22T15:28:20.639+0000][99.785s][info ][safepoint     ] Entering safepoint region: Cleanup
[2025-12-22T15:28:20.640+0000][99.785s][info ][safepoint     ] Leaving safepoint region
[2025-12-22T15:28:20.640+0000][99.786s][info ][safepoint     ] Total time for which application threads were stopped: 0.0010478 seconds, Stopping threads took: 0.0003559 seconds
[2025-12-22T15:28:21.640+0000][100.786s][debug][safepoint     ] Safepoint synchronization initiated. (266 threads)
[2025-12-22T15:28:21.641+0000][100.786s][info ][safepoint     ] Application time: 1.0003163 seconds
[2025-12-22T15:28:21.641+0000][100.786s][info ][safepoint     ] Entering safepoint region: Cleanup
[2025-12-22T15:28:21.641+0000][100.787s][info ][safepoint     ] Leaving safepoint region
[2025-12-22T15:28:21.641+0000][100.787s][info ][safepoint     ] Total time for which application threads were stopped: 0.0006391 seconds, Stopping threads took: 0.0001974 seconds
[2025-12-22T15:28:22.641+0000][101.787s][debug][safepoint     ] Safepoint synchronization initiated. (266 threads)
[2025-12-22T15:28:22.642+0000][101.787s][info ][safepoint     ] Application time: 1.0003731 seconds
[2025-12-22T15:28:22.642+0000][101.787s][info ][safepoint     ] Entering safepoint region: Cleanup
[2025-12-22T15:28:22.642+0000][101.788s][info ][safepoint     ] Leaving safepoint region
[2025-12-22T15:28:22.642+0000][101.788s][info ][safepoint     ] Total time for which application threads were stopped: 0.0008156 seconds, Stopping threads took: 0.0002422 seconds
[2025-12-22T15:28:23.388+0000][102.534s][debug][safepoint     ] Safepoint synchronization initiated. (266 threads)
[2025-12-22T15:28:23.388+0000][102.534s][info ][safepoint     ] Application time: 0.7458808 seconds
[2025-12-22T15:28:23.389+0000][102.534s][info ][safepoint     ] Entering safepoint region: Deoptimize
[2025-12-22T15:28:23.402+0000][102.548s][info ][safepoint     ] Leaving safepoint region
[2025-12-22T15:28:23.402+0000][102.548s][info ][safepoint     ] Total time for which application threads were stopped: 0.0139048 seconds, Stopping threads took: 0.0001770 seconds
[2025-12-22T15:28:24.402+0000][103.548s][debug][safepoint     ] Safepoint synchronization initiated. (266 threads)
[2025-12-22T15:28:24.402+0000][103.548s][info ][safepoint     ] Application time: 1.0001724 seconds
[2025-12-22T15:28:24.403+0000][103.548s][debug][safepoint     ] ... found polling page return exception at pc = 0x00007fb9d4c922b1, stub =0x00007fb9cc824b00
[2025-12-22T15:28:24.403+0000][103.548s][debug][safepoint     ] Waiting for 2 thread(s) to block
[2025-12-22T15:28:24.403+0000][103.548s][info ][safepoint     ] Entering safepoint region: Cleanup
[2025-12-22T15:28:24.403+0000][103.549s][info ][safepoint     ] Leaving safepoint region
[2025-12-22T15:28:24.403+0000][103.549s][info ][safepoint     ] Total time for which application threads were stopped: 0.0008348 seconds, Stopping threads took: 0.0003494 seconds
[2025-12-22T15:28:24.458+0000][103.603s][debug][safepoint     ] Safepoint synchronization initiated. (266 threads)
[2025-12-22T15:28:24.458+0000][103.603s][info ][safepoint     ] Application time: 0.0545119 seconds
[2025-12-22T15:28:24.458+0000][103.603s][info ][safepoint     ] Entering safepoint region: G1CollectForAllocation
[2025-12-22T15:28:24.458+0000][103.604s][info ][gc,start      ] GC(83) Pause Young (Normal) (G1 Evacuation Pause)
[2025-12-22T15:28:24.458+0000][103.604s][info ][gc,task       ] GC(83) Using 4 workers of 4 for evacuation
[2025-12-22T15:28:24.480+0000][103.625s][info ][gc,phases     ] GC(83)   Pre Evacuate Collection Set: 0.0ms
[2025-12-22T15:28:24.480+0000][103.625s][info ][gc,phases     ] GC(83)   Evacuate Collection Set: 14.2ms
[2025-12-22T15:28:24.480+0000][103.625s][info ][gc,phases     ] GC(83)   Post Evacuate Collection Set: 6.5ms
[2025-12-22T15:28:24.480+0000][103.625s][info ][gc,phases     ] GC(83)   Other: 0.4ms
[2025-12-22T15:28:24.480+0000][103.625s][info ][gc,heap       ] GC(83) Eden regions: 169->0(166)
[2025-12-22T15:28:24.480+0000][103.625s][info ][gc,heap       ] GC(83) Survivor regions: 10->13(23)
[2025-12-22T15:28:24.480+0000][103.625s][info ][gc,heap       ] GC(83) Old regions: 161->161
[2025-12-22T15:28:24.480+0000][103.625s][info ][gc,heap       ] GC(83) Humongous regions: 0->0
[2025-12-22T15:28:24.480+0000][103.625s][info ][gc,metaspace  ] GC(83) Metaspace: 174615K(180508K)->174615K(180508K) NonClass: 154265K(157904K)->154265K(157904K) Class: 20350K(22604K)->20350K(22604K)
[2025-12-22T15:28:24.480+0000][103.625s][info ][gc            ] GC(83) Pause Young (Normal) (G1 Evacuation Pause) 337M->172M(393M) 21.348ms
[2025-12-22T15:28:24.480+0000][103.625s][info ][gc,cpu        ] GC(83) User=0.06s Sys=0.01s Real=0.02s
[2025-12-22T15:28:24.480+0000][103.625s][info ][safepoint     ] Leaving safepoint region
[2025-12-22T15:28:24.480+0000][103.625s][info ][safepoint     ] Total time for which application threads were stopped: 0.0220973 seconds, Stopping threads took: 0.0001200 seconds
[2025-12-22T15:28:24.480+0000][103.625s][info ][gc,stringdedup] Concurrent String Deduplication (103.625s)
[2025-12-22T15:28:24.485+0000][103.631s][info ][gc,stringdedup] Concurrent String Deduplication 543.0K->190.3K(352.7K) avg 54.6% (103.625s, 103.631s) 5.414ms
[2025-12-22T15:28:24.501+0000][103.646s][debug][safepoint     ] Safepoint synchronization initiated. (266 threads)
[2025-12-22T15:28:24.501+0000][103.646s][info ][safepoint     ] Application time: 0.0206818 seconds
[2025-12-22T15:28:24.501+0000][103.646s][info ][safepoint     ] Entering safepoint region: Deoptimize
[2025-12-22T15:28:24.504+0000][103.649s][info ][safepoint     ] Leaving safepoint region
[2025-12-22T15:28:24.504+0000][103.649s][info ][safepoint     ] Total time for which application threads were stopped: 0.0032447 seconds, Stopping threads took: 0.0000744 seconds
[2025-12-22T15:28:25.281+0000][104.426s][debug][safepoint     ] Safepoint synchronization initiated. (268 threads)
[2025-12-22T15:28:25.281+0000][104.426s][info ][safepoint     ] Application time: 0.7769683 seconds
[2025-12-22T15:28:25.281+0000][104.426s][info ][safepoint     ] Entering safepoint region: ICBufferFull
[2025-12-22T15:28:25.282+0000][104.427s][info ][safepoint     ] Leaving safepoint region
[2025-12-22T15:28:25.282+0000][104.427s][info ][safepoint     ] Total time for which application threads were stopped: 0.0007595 seconds, Stopping threads took: 0.0001378 seconds
[2025-12-22T15:28:26.282+0000][105.427s][debug][safepoint     ] Safepoint synchronization initiated. (275 threads)
[2025-12-22T15:28:26.282+0000][105.427s][info ][safepoint     ] Application time: 1.0002252 seconds
[2025-12-22T15:28:26.282+0000][105.428s][info ][safepoint     ] Entering safepoint region: Cleanup
[2025-12-22T15:28:26.283+0000][105.428s][info ][safepoint     ] Leaving safepoint region
[2025-12-22T15:28:26.283+0000][105.428s][info ][safepoint     ] Total time for which application threads were stopped: 0.0009299 seconds, Stopping threads took: 0.0001664 seconds
[2025-12-22T15:28:27.283+0000][106.428s][debug][safepoint     ] Safepoint synchronization initiated. (276 threads)
[2025-12-22T15:28:27.283+0000][106.428s][info ][safepoint     ] Application time: 1.0001762 seconds
[2025-12-22T15:28:27.283+0000][106.429s][info ][safepoint     ] Entering safepoint region: Cleanup
[2025-12-22T15:28:27.284+0000][106.429s][info ][safepoint     ] Leaving safepoint region
[2025-12-22T15:28:27.284+0000][106.429s][info ][safepoint     ] Total time for which application threads were stopped: 0.0006371 seconds, Stopping threads took: 0.0001563 seconds
[2025-12-22T15:28:28.284+0000][107.429s][debug][safepoint     ] Safepoint synchronization initiated. (276 threads)
[2025-12-22T15:28:28.284+0000][107.429s][info ][safepoint     ] Application time: 1.0001577 seconds
[2025-12-22T15:28:28.284+0000][107.429s][info ][safepoint     ] Entering safepoint region: Cleanup
[2025-12-22T15:28:28.284+0000][107.430s][info ][safepoint     ] Leaving safepoint region
[2025-12-22T15:28:28.284+0000][107.430s][info ][safepoint     ] Total time for which application threads were stopped: 0.0005642 seconds, Stopping threads took: 0.0001310 seconds
[2025-12-22T15:28:29.285+0000][108.430s][debug][safepoint     ] Safepoint synchronization initiated. (276 threads)
[2025-12-22T15:28:29.285+0000][108.430s][info ][safepoint     ] Application time: 1.0001790 seconds
[2025-12-22T15:28:29.285+0000][108.430s][info ][safepoint     ] Entering safepoint region: Cleanup
[2025-12-22T15:28:29.285+0000][108.431s][info ][safepoint     ] Leaving safepoint region
[2025-12-22T15:28:29.285+0000][108.431s][info ][safepoint     ] Total time for which application threads were stopped: 0.0007491 seconds, Stopping threads took: 0.0001348 seconds
[2025-12-22T15:28:30.024+0000][109.170s][debug][safepoint     ] Safepoint synchronization initiated. (276 threads)
[2025-12-22T15:28:30.024+0000][109.170s][info ][safepoint     ] Application time: 0.7389225 seconds
[2025-12-22T15:28:30.025+0000][109.170s][debug][safepoint     ] Waiting for 1 thread(s) to block
[2025-12-22T15:28:30.025+0000][109.170s][info ][safepoint     ] Entering safepoint region: G1CollectForAllocation
[2025-12-22T15:28:30.025+0000][109.171s][info ][gc,start      ] GC(84) Pause Young (Normal) (G1 Evacuation Pause)
[2025-12-22T15:28:30.025+0000][109.171s][info ][gc,task       ] GC(84) Using 4 workers of 4 for evacuation
[2025-12-22T15:28:30.045+0000][109.190s][info ][gc,phases     ] GC(84)   Pre Evacuate Collection Set: 0.0ms
[2025-12-22T15:28:30.045+0000][109.190s][info ][gc,phases     ] GC(84)   Evacuate Collection Set: 13.4ms
[2025-12-22T15:28:30.045+0000][109.190s][info ][gc,phases     ] GC(84)   Post Evacuate Collection Set: 5.4ms
[2025-12-22T15:28:30.045+0000][109.190s][info ][gc,phases     ] GC(84)   Other: 0.5ms
[2025-12-22T15:28:30.045+0000][109.190s][info ][gc,heap       ] GC(84) Eden regions: 166->0(162)
[2025-12-22T15:28:30.045+0000][109.190s][info ][gc,heap       ] GC(84) Survivor regions: 13->15(23)
[2025-12-22T15:28:30.045+0000][109.190s][info ][gc,heap       ] GC(84) Old regions: 161->161
[2025-12-22T15:28:30.045+0000][109.190s][info ][gc,heap       ] GC(84) Humongous regions: 0->0
[2025-12-22T15:28:30.045+0000][109.190s][info ][gc,metaspace  ] GC(84) Metaspace: 176547K(182556K)->176547K(182556K) NonClass: 156013K(159696K)->156013K(159696K) Class: 20533K(22860K)->20533K(22860K)
[2025-12-22T15:28:30.045+0000][109.190s][info ][gc            ] GC(84) Pause Young (Normal) (G1 Evacuation Pause) 338M->173M(393M) 19.557ms
[2025-12-22T15:28:30.045+0000][109.190s][info ][gc,cpu        ] GC(84) User=0.07s Sys=0.00s Real=0.02s
[2025-12-22T15:28:30.045+0000][109.190s][info ][safepoint     ] Leaving safepoint region
[2025-12-22T15:28:30.045+0000][109.190s][info ][safepoint     ] Total time for which application threads were stopped: 0.0205594 seconds, Stopping threads took: 0.0003486 seconds
[2025-12-22T15:28:30.045+0000][109.190s][info ][gc,stringdedup] Concurrent String Deduplication (109.190s)
[2025-12-22T15:28:30.045+0000][109.191s][info ][gc,stringdedup] Concurrent String Deduplication 11080.0B->5448.0B(5632.0B) avg 54.6% (109.190s, 109.191s) 0.154ms
[2025-12-22T15:28:31.045+0000][110.191s][debug][safepoint     ] Safepoint synchronization initiated. (276 threads)
[2025-12-22T15:28:31.045+0000][110.191s][info ][safepoint     ] Application time: 1.0002323 seconds
[2025-12-22T15:28:31.045+0000][110.191s][info ][safepoint     ] Entering safepoint region: Cleanup
[2025-12-22T15:28:31.046+0000][110.191s][info ][safepoint     ] Leaving safepoint region
[2025-12-22T15:28:31.046+0000][110.191s][info ][safepoint     ] Total time for which application threads were stopped: 0.0008432 seconds, Stopping threads took: 0.0001713 seconds
[2025-12-22T15:28:32.046+0000][111.192s][debug][safepoint     ] Safepoint synchronization initiated. (276 threads)
[2025-12-22T15:28:32.046+0000][111.192s][info ][safepoint     ] Application time: 1.0003746 seconds
[2025-12-22T15:28:32.047+0000][111.192s][info ][safepoint     ] Entering safepoint region: Cleanup
[2025-12-22T15:28:32.047+0000][111.193s][info ][safepoint     ] Leaving safepoint region
[2025-12-22T15:28:32.047+0000][111.193s][info ][safepoint     ] Total time for which application threads were stopped: 0.0008511 seconds, Stopping threads took: 0.0002209 seconds
[2025-12-22T15:28:33.048+0000][112.193s][debug][safepoint     ] Safepoint synchronization initiated. (276 threads)
[2025-12-22T15:28:33.048+0000][112.193s][info ][safepoint     ] Application time: 1.0001961 seconds
[2025-12-22T15:28:33.048+0000][112.193s][info ][safepoint     ] Entering safepoint region: Cleanup
[2025-12-22T15:28:33.048+0000][112.194s][info ][safepoint     ] Leaving safepoint region
[2025-12-22T15:28:33.048+0000][112.194s][info ][safepoint     ] Total time for which application threads were stopped: 0.0007599 seconds, Stopping threads took: 0.0001826 seconds
[2025-12-22T15:28:34.049+0000][113.194s][debug][safepoint     ] Safepoint synchronization initiated. (276 threads)
[2025-12-22T15:28:34.049+0000][113.194s][info ][safepoint     ] Application time: 1.0003066 seconds
[2025-12-22T15:28:34.049+0000][113.194s][info ][safepoint     ] Entering safepoint region: Cleanup
[2025-12-22T15:28:34.050+0000][113.195s][info ][safepoint     ] Leaving safepoint region
[2025-12-22T15:28:34.050+0000][113.195s][info ][safepoint     ] Total time for which application threads were stopped: 0.0008272 seconds, Stopping threads took: 0.0001799 seconds
[2025-12-22T15:28:35.050+0000][114.195s][debug][safepoint     ] Safepoint synchronization initiated. (276 threads)
[2025-12-22T15:28:35.050+0000][114.195s][info ][safepoint     ] Application time: 1.0002614 seconds
[2025-12-22T15:28:35.050+0000][114.195s][info ][safepoint     ] Entering safepoint region: Cleanup
[2025-12-22T15:28:35.051+0000][114.196s][info ][safepoint     ] Leaving safepoint region
[2025-12-22T15:28:35.051+0000][114.196s][info ][safepoint     ] Total time for which application threads were stopped: 0.0009524 seconds, Stopping threads took: 0.0001658 seconds
[2025-12-22T15:28:36.051+0000][115.196s][debug][safepoint     ] Safepoint synchronization initiated. (276 threads)
[2025-12-22T15:28:36.051+0000][115.196s][info ][safepoint     ] Application time: 1.0001848 seconds
[2025-12-22T15:28:36.051+0000][115.197s][info ][safepoint     ] Entering safepoint region: Cleanup
[2025-12-22T15:28:36.052+0000][115.197s][info ][safepoint     ] Leaving safepoint region
[2025-12-22T15:28:36.052+0000][115.197s][info ][safepoint     ] Total time for which application threads were stopped: 0.0005754 seconds, Stopping threads took: 0.0001773 seconds
[2025-12-22T15:28:37.052+0000][116.197s][debug][safepoint     ] Safepoint synchronization initiated. (276 threads)
[2025-12-22T15:28:37.052+0000][116.197s][info ][safepoint     ] Application time: 1.0002069 seconds
[2025-12-22T15:28:37.052+0000][116.198s][info ][safepoint     ] Entering safepoint region: Cleanup
[2025-12-22T15:28:37.053+0000][116.198s][info ][safepoint     ] Leaving safepoint region
[2025-12-22T15:28:37.053+0000][116.198s][info ][safepoint     ] Total time for which application threads were stopped: 0.0007883 seconds, Stopping threads took: 0.0001614 seconds
[2025-12-22T15:28:38.053+0000][117.198s][debug][safepoint     ] Safepoint synchronization initiated. (276 threads)
[2025-12-22T15:28:38.053+0000][117.198s][info ][safepoint     ] Application time: 1.0003003 seconds
[2025-12-22T15:28:38.053+0000][117.199s][info ][safepoint     ] Entering safepoint region: Cleanup
[2025-12-22T15:28:38.054+0000][117.199s][info ][safepoint     ] Leaving safepoint region
[2025-12-22T15:28:38.054+0000][117.199s][info ][safepoint     ] Total time for which application threads were stopped: 0.0006670 seconds, Stopping threads took: 0.0001738 seconds
[2025-12-22T15:28:39.054+0000][118.199s][debug][safepoint     ] Safepoint synchronization initiated. (276 threads)
[2025-12-22T15:28:39.054+0000][118.200s][info ][safepoint     ] Application time: 1.0003100 seconds
[2025-12-22T15:28:39.054+0000][118.200s][info ][safepoint     ] Entering safepoint region: Cleanup
[2025-12-22T15:28:39.055+0000][118.200s][info ][safepoint     ] Leaving safepoint region
[2025-12-22T15:28:39.055+0000][118.200s][info ][safepoint     ] Total time for which application threads were stopped: 0.0007906 seconds, Stopping threads took: 0.0002170 seconds
[2025-12-22T15:28:40.055+0000][119.200s][debug][safepoint     ] Safepoint synchronization initiated. (276 threads)
[2025-12-22T15:28:40.055+0000][119.201s][info ][safepoint     ] Application time: 1.0001995 seconds
[2025-12-22T15:28:40.055+0000][119.201s][info ][safepoint     ] Entering safepoint region: Cleanup
[2025-12-22T15:28:40.056+0000][119.201s][info ][safepoint     ] Leaving safepoint region
[2025-12-22T15:28:40.056+0000][119.201s][info ][safepoint     ] Total time for which application threads were stopped: 0.0004302 seconds, Stopping threads took: 0.0001256 seconds
[2025-12-22T15:28:41.056+0000][120.201s][debug][safepoint     ] Safepoint synchronization initiated. (276 threads)
[2025-12-22T15:28:41.056+0000][120.201s][info ][safepoint     ] Application time: 1.0001913 seconds
[2025-12-22T15:28:41.056+0000][120.201s][info ][safepoint     ] Entering safepoint region: Cleanup
[2025-12-22T15:28:41.056+0000][120.202s][info ][safepoint     ] Leaving safepoint region
[2025-12-22T15:28:41.056+0000][120.202s][info ][safepoint     ] Total time for which application threads were stopped: 0.0006939 seconds, Stopping threads took: 0.0001694 seconds
[2025-12-22T15:28:42.057+0000][121.202s][debug][safepoint     ] Safepoint synchronization initiated. (275 threads)
[2025-12-22T15:28:42.057+0000][121.202s][info ][safepoint     ] Application time: 1.0002887 seconds
[2025-12-22T15:28:42.057+0000][121.202s][info ][safepoint     ] Entering safepoint region: Cleanup
[2025-12-22T15:28:42.058+0000][121.203s][info ][safepoint     ] Leaving safepoint region
[2025-12-22T15:28:42.058+0000][121.203s][info ][safepoint     ] Total time for which application threads were stopped: 0.0008235 seconds, Stopping threads took: 0.0001770 seconds
[2025-12-22T15:28:43.058+0000][122.203s][debug][safepoint     ] Safepoint synchronization initiated. (271 threads)
[2025-12-22T15:28:43.058+0000][122.203s][info ][safepoint     ] Application time: 1.0001677 seconds
[2025-12-22T15:28:43.058+0000][122.203s][info ][safepoint     ] Entering safepoint region: Cleanup
[2025-12-22T15:28:43.058+0000][122.204s][info ][safepoint     ] Leaving safepoint region
[2025-12-22T15:28:43.058+0000][122.204s][info ][safepoint     ] Total time for which application threads were stopped: 0.0005076 seconds, Stopping threads took: 0.0001327 seconds
[2025-12-22T15:28:44.059+0000][123.204s][debug][safepoint     ] Safepoint synchronization initiated. (272 threads)
[2025-12-22T15:28:44.059+0000][123.204s][info ][safepoint     ] Application time: 1.0002518 seconds
[2025-12-22T15:28:44.059+0000][123.204s][info ][safepoint     ] Entering safepoint region: Cleanup
[2025-12-22T15:28:44.059+0000][123.205s][info ][safepoint     ] Leaving safepoint region
[2025-12-22T15:28:44.059+0000][123.205s][info ][safepoint     ] Total time for which application threads were stopped: 0.0006739 seconds, Stopping threads took: 0.0002131 seconds
[2025-12-22T15:28:45.060+0000][124.205s][debug][safepoint     ] Safepoint synchronization initiated. (272 threads)
[2025-12-22T15:28:45.060+0000][124.205s][info ][safepoint     ] Application time: 1.0002497 seconds
[2025-12-22T15:28:45.060+0000][124.205s][info ][safepoint     ] Entering safepoint region: Cleanup
[2025-12-22T15:28:45.060+0000][124.205s][info ][safepoint     ] Leaving safepoint region
[2025-12-22T15:28:45.060+0000][124.205s][info ][safepoint     ] Total time for which application threads were stopped: 0.0004575 seconds, Stopping threads took: 0.0001370 seconds
[2025-12-22T15:28:46.060+0000][125.206s][debug][safepoint     ] Safepoint synchronization initiated. (271 threads)
[2025-12-22T15:28:46.060+0000][125.206s][info ][safepoint     ] Application time: 1.0002573 seconds
[2025-12-22T15:28:46.061+0000][125.206s][info ][safepoint     ] Entering safepoint region: Cleanup
[2025-12-22T15:28:46.061+0000][125.206s][info ][safepoint     ] Leaving safepoint region
[2025-12-22T15:28:46.061+0000][125.206s][info ][safepoint     ] Total time for which application threads were stopped: 0.0006834 seconds, Stopping threads took: 0.0002049 seconds
[2025-12-22T15:28:46.733+0000][125.879s][debug][safepoint     ] Safepoint synchronization initiated. (271 threads)
[2025-12-22T15:28:46.733+0000][125.879s][info ][safepoint     ] Application time: 0.6724079 seconds
[2025-12-22T15:28:46.734+0000][125.879s][info ][safepoint     ] Entering safepoint region: ICBufferFull
[2025-12-22T15:28:46.734+0000][125.880s][info ][safepoint     ] Leaving safepoint region
[2025-12-22T15:28:46.734+0000][125.880s][info ][safepoint     ] Total time for which application threads were stopped: 0.0007425 seconds, Stopping threads took: 0.0002498 seconds
[2025-12-22T15:28:47.734+0000][126.880s][debug][safepoint     ] Safepoint synchronization initiated. (271 threads)
[2025-12-22T15:28:47.734+0000][126.880s][info ][safepoint     ] Application time: 1.0001861 seconds
[2025-12-22T15:28:47.735+0000][126.880s][info ][safepoint     ] Entering safepoint region: Cleanup
[2025-12-22T15:28:47.735+0000][126.881s][info ][safepoint     ] Leaving safepoint region
[2025-12-22T15:28:47.735+0000][126.881s][info ][safepoint     ] Total time for which application threads were stopped: 0.0007394 seconds, Stopping threads took: 0.0001705 seconds
[2025-12-22T15:28:48.735+0000][127.881s][debug][safepoint     ] Safepoint synchronization initiated. (271 threads)
[2025-12-22T15:28:48.735+0000][127.881s][info ][safepoint     ] Application time: 1.0002159 seconds
[2025-12-22T15:28:48.736+0000][127.881s][info ][safepoint     ] Entering safepoint region: Cleanup
[2025-12-22T15:28:48.736+0000][127.882s][info ][safepoint     ] Leaving safepoint region
[2025-12-22T15:28:48.736+0000][127.882s][info ][safepoint     ] Total time for which application threads were stopped: 0.0007027 seconds, Stopping threads took: 0.0001596 seconds
[2025-12-22T15:28:49.736+0000][128.882s][debug][safepoint     ] Safepoint synchronization initiated. (271 threads)
[2025-12-22T15:28:49.736+0000][128.882s][info ][safepoint     ] Application time: 1.0001715 seconds
[2025-12-22T15:28:49.737+0000][128.882s][info ][safepoint     ] Entering safepoint region: Cleanup
[2025-12-22T15:28:49.737+0000][128.882s][info ][safepoint     ] Leaving safepoint region
[2025-12-22T15:28:49.737+0000][128.882s][info ][safepoint     ] Total time for which application threads were stopped: 0.0004762 seconds, Stopping threads took: 0.0001685 seconds
[2025-12-22T15:28:50.737+0000][129.883s][debug][safepoint     ] Safepoint synchronization initiated. (271 threads)
[2025-12-22T15:28:50.737+0000][129.883s][info ][safepoint     ] Application time: 1.0003078 seconds
[2025-12-22T15:28:50.737+0000][129.883s][info ][safepoint     ] Entering safepoint region: Cleanup
[2025-12-22T15:28:50.738+0000][129.883s][info ][safepoint     ] Leaving safepoint region
[2025-12-22T15:28:50.738+0000][129.883s][info ][safepoint     ] Total time for which application threads were stopped: 0.0007983 seconds, Stopping threads took: 0.0002608 seconds
[2025-12-22T15:28:51.738+0000][130.884s][debug][safepoint     ] Safepoint synchronization initiated. (271 threads)
[2025-12-22T15:28:51.738+0000][130.884s][info ][safepoint     ] Application time: 1.0001829 seconds
[2025-12-22T15:28:51.738+0000][130.884s][info ][safepoint     ] Entering safepoint region: Cleanup
[2025-12-22T15:28:51.739+0000][130.884s][info ][safepoint     ] Leaving safepoint region
[2025-12-22T15:28:51.739+0000][130.884s][info ][safepoint     ] Total time for which application threads were stopped: 0.0006531 seconds, Stopping threads took: 0.0001776 seconds
[2025-12-22T15:28:52.739+0000][131.884s][debug][safepoint     ] Safepoint synchronization initiated. (271 threads)
[2025-12-22T15:28:52.739+0000][131.884s][info ][safepoint     ] Application time: 1.0001594 seconds
[2025-12-22T15:28:52.739+0000][131.885s][info ][safepoint     ] Entering safepoint region: Cleanup
[2025-12-22T15:28:52.740+0000][131.885s][info ][safepoint     ] Leaving safepoint region
[2025-12-22T15:28:52.740+0000][131.885s][info ][safepoint     ] Total time for which application threads were stopped: 0.0006352 seconds, Stopping threads took: 0.0001546 seconds
[2025-12-22T15:28:53.740+0000][132.885s][debug][safepoint     ] Safepoint synchronization initiated. (271 threads)
[2025-12-22T15:28:53.740+0000][132.885s][info ][safepoint     ] Application time: 1.0002135 seconds
[2025-12-22T15:28:53.740+0000][132.886s][info ][safepoint     ] Entering safepoint region: Cleanup
[2025-12-22T15:28:53.741+0000][132.886s][info ][safepoint     ] Leaving safepoint region
[2025-12-22T15:28:53.741+0000][132.886s][info ][safepoint     ] Total time for which application threads were stopped: 0.0007050 seconds, Stopping threads took: 0.0001721 seconds
[2025-12-22T15:28:54.741+0000][133.886s][debug][safepoint     ] Safepoint synchronization initiated. (271 threads)
[2025-12-22T15:28:54.741+0000][133.886s][info ][safepoint     ] Application time: 1.0001954 seconds
[2025-12-22T15:28:54.741+0000][133.886s][info ][safepoint     ] Entering safepoint region: Cleanup
[2025-12-22T15:28:54.742+0000][133.887s][debug][safepoint     ] ... found polling page return exception at pc = 0x00007fb9d47dc0f3, stub =0x00007fb9cc824b00
[2025-12-22T15:28:54.742+0000][133.887s][info ][safepoint     ] Leaving safepoint region
[2025-12-22T15:28:54.742+0000][133.887s][info ][safepoint     ] Total time for which application threads were stopped: 0.0007747 seconds, Stopping threads took: 0.0001665 seconds
[2025-12-22T15:28:54.819+0000][133.964s][debug][safepoint     ] Safepoint synchronization initiated. (271 threads)
[2025-12-22T15:28:54.819+0000][133.964s][info ][safepoint     ] Application time: 0.0773546 seconds
[2025-12-22T15:28:54.819+0000][133.965s][info ][safepoint     ] Entering safepoint region: G1CollectForAllocation
[2025-12-22T15:28:54.820+0000][133.965s][info ][gc,start      ] GC(85) Pause Young (Normal) (G1 Evacuation Pause)
[2025-12-22T15:28:54.820+0000][133.965s][info ][gc,task       ] GC(85) Using 4 workers of 4 for evacuation
[2025-12-22T15:28:54.842+0000][133.988s][info ][gc,phases     ] GC(85)   Pre Evacuate Collection Set: 0.0ms
[2025-12-22T15:28:54.842+0000][133.988s][info ][gc,phases     ] GC(85)   Evacuate Collection Set: 15.4ms
[2025-12-22T15:28:54.842+0000][133.988s][info ][gc,phases     ] GC(85)   Post Evacuate Collection Set: 6.6ms
[2025-12-22T15:28:54.842+0000][133.988s][info ][gc,phases     ] GC(85)   Other: 0.5ms
[2025-12-22T15:28:54.842+0000][133.988s][info ][gc,heap       ] GC(85) Eden regions: 162->0(167)
[2025-12-22T15:28:54.842+0000][133.988s][info ][gc,heap       ] GC(85) Survivor regions: 15->7(23)
[2025-12-22T15:28:54.842+0000][133.988s][info ][gc,heap       ] GC(85) Old regions: 161->169
[2025-12-22T15:28:54.842+0000][133.988s][info ][gc,heap       ] GC(85) Humongous regions: 0->0
[2025-12-22T15:28:54.842+0000][133.988s][info ][gc,metaspace  ] GC(85) Metaspace: 176630K(182556K)->176630K(182556K) NonClass: 156085K(159696K)->156085K(159696K) Class: 20545K(22860K)->20545K(22860K)
[2025-12-22T15:28:54.843+0000][133.988s][info ][gc            ] GC(85) Pause Young (Normal) (G1 Evacuation Pause) 335M->173M(393M) 22.744ms
[2025-12-22T15:28:54.843+0000][133.988s][info ][gc,cpu        ] GC(85) User=0.07s Sys=0.00s Real=0.02s
[2025-12-22T15:28:54.843+0000][133.988s][info ][safepoint     ] Leaving safepoint region
[2025-12-22T15:28:54.843+0000][133.988s][info ][safepoint     ] Total time for which application threads were stopped: 0.0236795 seconds, Stopping threads took: 0.0001169 seconds
[2025-12-22T15:28:54.843+0000][133.989s][info ][gc,stringdedup] Concurrent String Deduplication (133.989s)
[2025-12-22T15:28:54.847+0000][133.993s][info ][gc,stringdedup] Concurrent String Deduplication 373.7K->222.1K(151.6K) avg 54.3% (133.989s, 133.993s) 4.125ms
[2025-12-22T15:28:55.843+0000][134.988s][debug][safepoint     ] Safepoint synchronization initiated. (271 threads)
[2025-12-22T15:28:55.843+0000][134.988s][info ][safepoint     ] Application time: 1.0002363 seconds
[2025-12-22T15:28:55.843+0000][134.989s][info ][safepoint     ] Entering safepoint region: Cleanup
[2025-12-22T15:28:55.844+0000][134.989s][info ][safepoint     ] Leaving safepoint region
[2025-12-22T15:28:55.844+0000][134.989s][info ][safepoint     ] Total time for which application threads were stopped: 0.0006743 seconds, Stopping threads took: 0.0001726 seconds
[2025-12-22T15:28:56.844+0000][135.989s][debug][safepoint     ] Safepoint synchronization initiated. (271 threads)
[2025-12-22T15:28:56.844+0000][135.989s][info ][safepoint     ] Application time: 1.0001625 seconds
[2025-12-22T15:28:56.844+0000][135.989s][info ][safepoint     ] Entering safepoint region: Cleanup
[2025-12-22T15:28:56.844+0000][135.990s][info ][safepoint     ] Leaving safepoint region
[2025-12-22T15:28:56.844+0000][135.990s][info ][safepoint     ] Total time for which application threads were stopped: 0.0005867 seconds, Stopping threads took: 0.0001633 seconds
[2025-12-22T15:28:57.845+0000][136.990s][debug][safepoint     ] Safepoint synchronization initiated. (271 threads)
[2025-12-22T15:28:57.845+0000][136.990s][info ][safepoint     ] Application time: 1.0001722 seconds
[2025-12-22T15:28:57.845+0000][136.990s][info ][safepoint     ] Entering safepoint region: Cleanup
[2025-12-22T15:28:57.845+0000][136.991s][info ][safepoint     ] Leaving safepoint region
[2025-12-22T15:28:57.845+0000][136.991s][info ][safepoint     ] Total time for which application threads were stopped: 0.0006356 seconds, Stopping threads took: 0.0001636 seconds
[2025-12-22T15:28:58.845+0000][137.991s][debug][safepoint     ] Safepoint synchronization initiated. (271 threads)
[2025-12-22T15:28:58.845+0000][137.991s][info ][safepoint     ] Application time: 1.0001806 seconds
[2025-12-22T15:28:58.846+0000][137.991s][info ][safepoint     ] Entering safepoint region: Cleanup
[2025-12-22T15:28:58.846+0000][137.992s][info ][safepoint     ] Leaving safepoint region
[2025-12-22T15:28:58.846+0000][137.992s][info ][safepoint     ] Total time for which application threads were stopped: 0.0007543 seconds, Stopping threads took: 0.0001752 seconds
[2025-12-22T15:28:59.846+0000][138.992s][debug][safepoint     ] Safepoint synchronization initiated. (271 threads)
[2025-12-22T15:28:59.847+0000][138.992s][info ][safepoint     ] Application time: 1.0002717 seconds
[2025-12-22T15:28:59.847+0000][138.992s][info ][safepoint     ] Entering safepoint region: Cleanup
[2025-12-22T15:28:59.847+0000][138.993s][info ][safepoint     ] Leaving safepoint region
[2025-12-22T15:28:59.847+0000][138.993s][info ][safepoint     ] Total time for which application threads were stopped: 0.0007273 seconds, Stopping threads took: 0.0002290 seconds
[2025-12-22T15:29:00.847+0000][139.993s][debug][safepoint     ] Safepoint synchronization initiated. (271 threads)
[2025-12-22T15:29:00.847+0000][139.993s][info ][safepoint     ] Application time: 1.0001664 seconds
[2025-12-22T15:29:00.848+0000][139.993s][info ][safepoint     ] Entering safepoint region: Cleanup
[2025-12-22T15:29:00.848+0000][139.993s][info ][safepoint     ] Leaving safepoint region
[2025-12-22T15:29:00.848+0000][139.993s][info ][safepoint     ] Total time for which application threads were stopped: 0.0004286 seconds, Stopping threads took: 0.0001303 seconds
[2025-12-22T15:29:01.848+0000][140.993s][debug][safepoint     ] Safepoint synchronization initiated. (271 threads)
[2025-12-22T15:29:01.848+0000][140.993s][info ][safepoint     ] Application time: 1.0001167 seconds
[2025-12-22T15:29:01.848+0000][140.994s][debug][safepoint     ] ... found polling page return exception at pc = 0x00007fb9d43d4504, stub =0x00007fb9cc824b00
[2025-12-22T15:29:01.848+0000][140.994s][debug][safepoint     ] ... found polling page return exception at pc = 0x00007fb9d4740e86, stub =0x00007fb9cc824b00
[2025-12-22T15:29:01.848+0000][140.994s][debug][safepoint     ] ... found polling page return exception at pc = 0x00007fb9d46d4623, stub =0x00007fb9cc824b00
[2025-12-22T15:29:01.848+0000][140.994s][debug][safepoint     ] Waiting for 3 thread(s) to block
[2025-12-22T15:29:01.848+0000][140.994s][info ][safepoint     ] Entering safepoint region: Cleanup
[2025-12-22T15:29:01.849+0000][140.994s][info ][safepoint     ] Leaving safepoint region
[2025-12-22T15:29:01.849+0000][140.994s][info ][safepoint     ] Total time for which application threads were stopped: 0.0006450 seconds, Stopping threads took: 0.0003185 seconds
[2025-12-22T15:29:02.849+0000][141.994s][debug][safepoint     ] Safepoint synchronization initiated. (271 threads)
[2025-12-22T15:29:02.849+0000][141.994s][info ][safepoint     ] Application time: 1.0002463 seconds
[2025-12-22T15:29:02.849+0000][141.995s][info ][safepoint     ] Entering safepoint region: Cleanup
[2025-12-22T15:29:02.850+0000][141.995s][info ][safepoint     ] Leaving safepoint region
[2025-12-22T15:29:02.850+0000][141.995s][info ][safepoint     ] Total time for which application threads were stopped: 0.0006242 seconds, Stopping threads took: 0.0002141 seconds
[2025-12-22T15:29:03.850+0000][142.995s][debug][safepoint     ] Safepoint synchronization initiated. (271 threads)
[2025-12-22T15:29:03.850+0000][142.995s][info ][safepoint     ] Application time: 1.0001951 seconds
[2025-12-22T15:29:03.850+0000][142.995s][info ][safepoint     ] Entering safepoint region: Cleanup
[2025-12-22T15:29:03.850+0000][142.996s][info ][safepoint     ] Leaving safepoint region
[2025-12-22T15:29:03.850+0000][142.996s][info ][safepoint     ] Total time for which application threads were stopped: 0.0004852 seconds, Stopping threads took: 0.0001390 seconds
[2025-12-22T15:29:04.850+0000][143.996s][debug][safepoint     ] Safepoint synchronization initiated. (271 threads)
[2025-12-22T15:29:04.851+0000][143.996s][info ][safepoint     ] Application time: 1.0002247 seconds
[2025-12-22T15:29:04.851+0000][143.996s][info ][safepoint     ] Entering safepoint region: Cleanup
[2025-12-22T15:29:04.851+0000][143.997s][info ][safepoint     ] Leaving safepoint region
[2025-12-22T15:29:04.851+0000][143.997s][info ][safepoint     ] Total time for which application threads were stopped: 0.0006411 seconds, Stopping threads took: 0.0002093 seconds
[2025-12-22T15:29:05.851+0000][144.997s][debug][safepoint     ] Safepoint synchronization initiated. (271 threads)
[2025-12-22T15:29:05.851+0000][144.997s][info ][safepoint     ] Application time: 1.0002177 seconds
[2025-12-22T15:29:05.852+0000][144.997s][info ][safepoint     ] Entering safepoint region: Cleanup
[2025-12-22T15:29:05.852+0000][144.998s][info ][safepoint     ] Leaving safepoint region
[2025-12-22T15:29:05.852+0000][144.998s][info ][safepoint     ] Total time for which application threads were stopped: 0.0006584 seconds, Stopping threads took: 0.0001931 seconds
[2025-12-22T15:29:06.852+0000][145.998s][debug][safepoint     ] Safepoint synchronization initiated. (271 threads)
[2025-12-22T15:29:06.852+0000][145.998s][info ][safepoint     ] Application time: 1.0002794 seconds
[2025-12-22T15:29:06.853+0000][145.998s][info ][safepoint     ] Entering safepoint region: Cleanup
[2025-12-22T15:29:06.853+0000][145.998s][info ][safepoint     ] Leaving safepoint region
[2025-12-22T15:29:06.853+0000][145.998s][info ][safepoint     ] Total time for which application threads were stopped: 0.0005035 seconds, Stopping threads took: 0.0001424 seconds
[2025-12-22T15:29:07.853+0000][146.999s][debug][safepoint     ] Safepoint synchronization initiated. (271 threads)
[2025-12-22T15:29:07.853+0000][146.999s][info ][safepoint     ] Application time: 1.0001985 seconds
[2025-12-22T15:29:07.853+0000][146.999s][info ][safepoint     ] Entering safepoint region: Cleanup
[2025-12-22T15:29:07.854+0000][146.999s][info ][safepoint     ] Leaving safepoint region
[2025-12-22T15:29:07.854+0000][146.999s][info ][safepoint     ] Total time for which application threads were stopped: 0.0005823 seconds, Stopping threads took: 0.0001649 seconds
[2025-12-22T15:29:08.854+0000][147.999s][debug][safepoint     ] Safepoint synchronization initiated. (271 threads)
[2025-12-22T15:29:08.854+0000][147.999s][info ][safepoint     ] Application time: 1.0002452 seconds
[2025-12-22T15:29:08.854+0000][148.000s][info ][safepoint     ] Entering safepoint region: Cleanup
[2025-12-22T15:29:08.855+0000][148.000s][info ][safepoint     ] Leaving safepoint region
[2025-12-22T15:29:08.855+0000][148.000s][info ][safepoint     ] Total time for which application threads were stopped: 0.0009716 seconds, Stopping threads took: 0.0001796 seconds
[2025-12-22T15:29:09.855+0000][149.001s][debug][safepoint     ] Safepoint synchronization initiated. (271 threads)
[2025-12-22T15:29:09.855+0000][149.001s][info ][safepoint     ] Application time: 1.0001540 seconds
[2025-12-22T15:29:09.855+0000][149.001s][debug][safepoint     ] ... found polling page return exception at pc = 0x00007fb9d4682543, stub =0x00007fb9cc824b00
[2025-12-22T15:29:09.855+0000][149.001s][debug][safepoint     ] Waiting for 1 thread(s) to block
[2025-12-22T15:29:09.856+0000][149.001s][info ][safepoint     ] Entering safepoint region: Cleanup
[2025-12-22T15:29:09.856+0000][149.001s][info ][safepoint     ] Leaving safepoint region
[2025-12-22T15:29:09.856+0000][149.001s][info ][safepoint     ] Total time for which application threads were stopped: 0.0005806 seconds, Stopping threads took: 0.0002904 seconds
[2025-12-22T15:29:10.856+0000][150.001s][debug][safepoint     ] Safepoint synchronization initiated. (271 threads)
[2025-12-22T15:29:10.856+0000][150.001s][info ][safepoint     ] Application time: 1.0001603 seconds
[2025-12-22T15:29:10.856+0000][150.002s][info ][safepoint     ] Entering safepoint region: Cleanup
[2025-12-22T15:29:10.857+0000][150.002s][info ][safepoint     ] Leaving safepoint region
[2025-12-22T15:29:10.857+0000][150.002s][info ][safepoint     ] Total time for which application threads were stopped: 0.0005415 seconds, Stopping threads took: 0.0001604 seconds
[2025-12-22T15:29:11.857+0000][151.002s][debug][safepoint     ] Safepoint synchronization initiated. (271 threads)
[2025-12-22T15:29:11.857+0000][151.002s][info ][safepoint     ] Application time: 1.0001612 seconds
[2025-12-22T15:29:11.857+0000][151.002s][info ][safepoint     ] Entering safepoint region: Cleanup
[2025-12-22T15:29:11.857+0000][151.003s][info ][safepoint     ] Leaving safepoint region
[2025-12-22T15:29:11.857+0000][151.003s][debug][safepoint     ] ... found polling page return exception at pc = 0x00007fb9d48cfa5b, stub =0x00007fb9cc824b00
[2025-12-22T15:29:11.857+0000][151.003s][debug][safepoint     ] ... found polling page return exception at pc = 0x00007fb9d47dc0f3, stub =0x00007fb9cc824b00
[2025-12-22T15:29:11.857+0000][151.003s][info ][safepoint     ] Total time for which application threads were stopped: 0.0004833 seconds, Stopping threads took: 0.0001467 seconds
[2025-12-22T15:29:12.857+0000][152.003s][debug][safepoint     ] Safepoint synchronization initiated. (271 threads)
[2025-12-22T15:29:12.858+0000][152.003s][info ][safepoint     ] Application time: 1.0001833 seconds
[2025-12-22T15:29:12.858+0000][152.003s][info ][safepoint     ] Entering safepoint region: Cleanup
[2025-12-22T15:29:12.858+0000][152.003s][info ][safepoint     ] Leaving safepoint region
[2025-12-22T15:29:12.858+0000][152.004s][info ][safepoint     ] Total time for which application threads were stopped: 0.0005203 seconds, Stopping threads took: 0.0001524 seconds
[2025-12-22T15:29:13.858+0000][153.004s][debug][safepoint     ] Safepoint synchronization initiated. (271 threads)
[2025-12-22T15:29:13.858+0000][153.004s][info ][safepoint     ] Application time: 1.0002322 seconds
[2025-12-22T15:29:13.859+0000][153.004s][info ][safepoint     ] Entering safepoint region: Cleanup
[2025-12-22T15:29:13.859+0000][153.004s][info ][safepoint     ] Leaving safepoint region
[2025-12-22T15:29:13.859+0000][153.004s][info ][safepoint     ] Total time for which application threads were stopped: 0.0006765 seconds, Stopping threads took: 0.0001774 seconds
[2025-12-22T15:29:14.859+0000][154.005s][debug][safepoint     ] Safepoint synchronization initiated. (271 threads)
[2025-12-22T15:29:14.859+0000][154.005s][info ][safepoint     ] Application time: 1.0002483 seconds
[2025-12-22T15:29:14.860+0000][154.005s][info ][safepoint     ] Entering safepoint region: Cleanup
[2025-12-22T15:29:14.860+0000][154.005s][info ][safepoint     ] Leaving safepoint region
[2025-12-22T15:29:14.860+0000][154.005s][info ][safepoint     ] Total time for which application threads were stopped: 0.0006822 seconds, Stopping threads took: 0.0002292 seconds
[2025-12-22T15:29:15.860+0000][155.006s][debug][safepoint     ] Safepoint synchronization initiated. (271 threads)
[2025-12-22T15:29:15.860+0000][155.006s][info ][safepoint     ] Application time: 1.0002151 seconds
[2025-12-22T15:29:15.860+0000][155.006s][info ][safepoint     ] Entering safepoint region: Cleanup
[2025-12-22T15:29:15.861+0000][155.006s][info ][safepoint     ] Leaving safepoint region
[2025-12-22T15:29:15.861+0000][155.006s][info ][safepoint     ] Total time for which application threads were stopped: 0.0005720 seconds, Stopping threads took: 0.0001892 seconds
[2025-12-22T15:29:16.861+0000][156.006s][debug][safepoint     ] Safepoint synchronization initiated. (271 threads)
[2025-12-22T15:29:16.861+0000][156.007s][info ][safepoint     ] Application time: 1.0002656 seconds
[2025-12-22T15:29:16.861+0000][156.007s][info ][safepoint     ] Entering safepoint region: Cleanup
[2025-12-22T15:29:16.862+0000][156.007s][info ][safepoint     ] Leaving safepoint region
[2025-12-22T15:29:16.862+0000][156.007s][info ][safepoint     ] Total time for which application threads were stopped: 0.0005698 seconds, Stopping threads took: 0.0001726 seconds
[2025-12-22T15:29:17.862+0000][157.007s][debug][safepoint     ] Safepoint synchronization initiated. (271 threads)
[2025-12-22T15:29:17.862+0000][157.007s][info ][safepoint     ] Application time: 1.0001888 seconds
[2025-12-22T15:29:17.862+0000][157.007s][info ][safepoint     ] Entering safepoint region: Cleanup
[2025-12-22T15:29:17.862+0000][157.008s][info ][safepoint     ] Leaving safepoint region
[2025-12-22T15:29:17.862+0000][157.008s][info ][safepoint     ] Total time for which application threads were stopped: 0.0004716 seconds, Stopping threads took: 0.0001359 seconds
[2025-12-22T15:29:18.863+0000][158.008s][debug][safepoint     ] Safepoint synchronization initiated. (271 threads)
[2025-12-22T15:29:18.863+0000][158.008s][info ][safepoint     ] Application time: 1.0001507 seconds
[2025-12-22T15:29:18.863+0000][158.008s][info ][safepoint     ] Entering safepoint region: Cleanup
[2025-12-22T15:29:18.863+0000][158.009s][debug][safepoint     ] ... found polling page return exception at pc = 0x00007fb9d47dc0f3, stub =0x00007fb9cc824b00
[2025-12-22T15:29:18.863+0000][158.009s][info ][safepoint     ] Leaving safepoint region
[2025-12-22T15:29:18.863+0000][158.009s][info ][safepoint     ] Total time for which application threads were stopped: 0.0005282 seconds, Stopping threads took: 0.0001784 seconds
[2025-12-22T15:29:19.864+0000][159.009s][debug][safepoint     ] Safepoint synchronization initiated. (271 threads)
[2025-12-22T15:29:19.864+0000][159.009s][info ][safepoint     ] Application time: 1.0004400 seconds
[2025-12-22T15:29:19.864+0000][159.009s][info ][safepoint     ] Entering safepoint region: Cleanup
[2025-12-22T15:29:19.864+0000][159.010s][info ][safepoint     ] Leaving safepoint region
[2025-12-22T15:29:19.864+0000][159.010s][info ][safepoint     ] Total time for which application threads were stopped: 0.0005488 seconds, Stopping threads took: 0.0001563 seconds
[2025-12-22T15:29:20.864+0000][160.010s][debug][safepoint     ] Safepoint synchronization initiated. (271 threads)
[2025-12-22T15:29:20.864+0000][160.010s][info ][safepoint     ] Application time: 1.0002035 seconds
[2025-12-22T15:29:20.865+0000][160.010s][info ][safepoint     ] Entering safepoint region: Cleanup
[2025-12-22T15:29:20.865+0000][160.010s][info ][safepoint     ] Leaving safepoint region
[2025-12-22T15:29:20.865+0000][160.010s][info ][safepoint     ] Total time for which application threads were stopped: 0.0004868 seconds, Stopping threads took: 0.0001637 seconds
[2025-12-22T15:29:21.103+0000][160.248s][debug][safepoint     ] Safepoint synchronization initiated. (271 threads)
[2025-12-22T15:29:21.103+0000][160.248s][info ][safepoint     ] Application time: 0.2377998 seconds
[2025-12-22T15:29:21.103+0000][160.248s][info ][safepoint     ] Entering safepoint region: G1CollectForAllocation
[2025-12-22T15:29:21.103+0000][160.249s][info ][gc,start      ] GC(86) Pause Young (Normal) (G1 Evacuation Pause)
[2025-12-22T15:29:21.103+0000][160.249s][info ][gc,task       ] GC(86) Using 4 workers of 4 for evacuation
[2025-12-22T15:29:21.118+0000][160.264s][info ][gc,phases     ] GC(86)   Pre Evacuate Collection Set: 0.0ms
[2025-12-22T15:29:21.118+0000][160.264s][info ][gc,phases     ] GC(86)   Evacuate Collection Set: 8.1ms
[2025-12-22T15:29:21.118+0000][160.264s][info ][gc,phases     ] GC(86)   Post Evacuate Collection Set: 6.3ms
[2025-12-22T15:29:21.118+0000][160.264s][info ][gc,phases     ] GC(86)   Other: 0.5ms
[2025-12-22T15:29:21.118+0000][160.264s][info ][gc,heap       ] GC(86) Eden regions: 167->0(169)
[2025-12-22T15:29:21.118+0000][160.264s][info ][gc,heap       ] GC(86) Survivor regions: 7->6(22)
[2025-12-22T15:29:21.118+0000][160.264s][info ][gc,heap       ] GC(86) Old regions: 169->169
[2025-12-22T15:29:21.118+0000][160.264s][info ][gc,heap       ] GC(86) Humongous regions: 0->0
[2025-12-22T15:29:21.119+0000][160.264s][info ][gc,metaspace  ] GC(86) Metaspace: 176658K(182556K)->176658K(182556K) NonClass: 156112K(159696K)->156112K(159696K) Class: 20545K(22860K)->20545K(22860K)
[2025-12-22T15:29:21.119+0000][160.264s][info ][gc            ] GC(86) Pause Young (Normal) (G1 Evacuation Pause) 340M->173M(393M) 15.192ms
[2025-12-22T15:29:21.119+0000][160.264s][info ][gc,cpu        ] GC(86) User=0.05s Sys=0.00s Real=0.01s
[2025-12-22T15:29:21.119+0000][160.264s][info ][safepoint     ] Leaving safepoint region
[2025-12-22T15:29:21.119+0000][160.264s][info ][safepoint     ] Total time for which application threads were stopped: 0.0160201 seconds, Stopping threads took: 0.0002057 seconds
[2025-12-22T15:29:21.119+0000][160.264s][info ][gc,stringdedup] Concurrent String Deduplication (160.264s)
[2025-12-22T15:29:21.120+0000][160.266s][info ][gc,stringdedup] Concurrent String Deduplication 112.5K->57120.0B(58112.0B) avg 54.3% (160.264s, 160.266s) 1.264ms
[2025-12-22T15:29:22.119+0000][161.264s][debug][safepoint     ] Safepoint synchronization initiated. (271 threads)
[2025-12-22T15:29:22.119+0000][161.265s][info ][safepoint     ] Application time: 1.0003691 seconds
[2025-12-22T15:29:22.119+0000][161.265s][info ][safepoint     ] Entering safepoint region: Cleanup
[2025-12-22T15:29:22.120+0000][161.265s][info ][safepoint     ] Leaving safepoint region
[2025-12-22T15:29:22.120+0000][161.266s][info ][safepoint     ] Total time for which application threads were stopped: 0.0008998 seconds, Stopping threads took: 0.0002342 seconds
[2025-12-22T15:29:23.120+0000][162.266s][debug][safepoint     ] Safepoint synchronization initiated. (271 threads)
[2025-12-22T15:29:23.121+0000][162.266s][info ][safepoint     ] Application time: 1.0003683 seconds
[2025-12-22T15:29:23.121+0000][162.266s][info ][safepoint     ] Entering safepoint region: Cleanup
[2025-12-22T15:29:23.121+0000][162.267s][info ][safepoint     ] Leaving safepoint region
[2025-12-22T15:29:23.121+0000][162.267s][info ][safepoint     ] Total time for which application threads were stopped: 0.0007593 seconds, Stopping threads took: 0.0002124 seconds
[2025-12-22T15:29:24.121+0000][163.267s][debug][safepoint     ] Safepoint synchronization initiated. (271 threads)
[2025-12-22T15:29:24.122+0000][163.267s][info ][safepoint     ] Application time: 1.0002146 seconds
[2025-12-22T15:29:24.122+0000][163.267s][info ][safepoint     ] Entering safepoint region: Cleanup
[2025-12-22T15:29:24.122+0000][163.267s][info ][safepoint     ] Leaving safepoint region
[2025-12-22T15:29:24.122+0000][163.268s][info ][safepoint     ] Total time for which application threads were stopped: 0.0005468 seconds, Stopping threads took: 0.0001420 seconds
[2025-12-22T15:29:25.122+0000][164.268s][debug][safepoint     ] Safepoint synchronization initiated. (271 threads)
[2025-12-22T15:29:25.122+0000][164.268s][info ][safepoint     ] Application time: 1.0001875 seconds
[2025-12-22T15:29:25.122+0000][164.268s][info ][safepoint     ] Entering safepoint region: Cleanup
[2025-12-22T15:29:25.123+0000][164.268s][info ][safepoint     ] Leaving safepoint region
[2025-12-22T15:29:25.123+0000][164.268s][info ][safepoint     ] Total time for which application threads were stopped: 0.0006239 seconds, Stopping threads took: 0.0001914 seconds
[2025-12-22T15:29:26.123+0000][165.269s][debug][safepoint     ] Safepoint synchronization initiated. (270 threads)
[2025-12-22T15:29:26.123+0000][165.269s][info ][safepoint     ] Application time: 1.0001843 seconds
[2025-12-22T15:29:26.123+0000][165.269s][info ][safepoint     ] Entering safepoint region: Cleanup
[2025-12-22T15:29:26.124+0000][165.269s][info ][safepoint     ] Leaving safepoint region
[2025-12-22T15:29:26.124+0000][165.269s][info ][safepoint     ] Total time for which application threads were stopped: 0.0005437 seconds, Stopping threads took: 0.0001423 seconds
[2025-12-22T15:29:27.124+0000][166.269s][debug][safepoint     ] Safepoint synchronization initiated. (270 threads)
[2025-12-22T15:29:27.124+0000][166.269s][info ][safepoint     ] Application time: 1.0001503 seconds
[2025-12-22T15:29:27.124+0000][166.269s][debug][safepoint     ] ... found polling page return exception at pc = 0x00007fb9d43d4504, stub =0x00007fb9cc824b00
[2025-12-22T15:29:27.124+0000][166.269s][debug][safepoint     ] Waiting for 1 thread(s) to block
[2025-12-22T15:29:27.124+0000][166.270s][info ][safepoint     ] Entering safepoint region: Cleanup
[2025-12-22T15:29:27.125+0000][166.270s][info ][safepoint     ] Leaving safepoint region
[2025-12-22T15:29:27.125+0000][166.270s][info ][safepoint     ] Total time for which application threads were stopped: 0.0007025 seconds, Stopping threads took: 0.0003204 seconds
[2025-12-22T15:29:28.125+0000][167.270s][debug][safepoint     ] Safepoint synchronization initiated. (270 threads)
[2025-12-22T15:29:28.125+0000][167.270s][info ][safepoint     ] Application time: 1.0002469 seconds
[2025-12-22T15:29:28.125+0000][167.270s][info ][safepoint     ] Entering safepoint region: Cleanup
[2025-12-22T15:29:28.126+0000][167.271s][info ][safepoint     ] Leaving safepoint region
[2025-12-22T15:29:28.126+0000][167.271s][info ][safepoint     ] Total time for which application threads were stopped: 0.0007495 seconds, Stopping threads took: 0.0001712 seconds
[2025-12-22T15:29:29.126+0000][168.271s][debug][safepoint     ] Safepoint synchronization initiated. (270 threads)
[2025-12-22T15:29:29.126+0000][168.271s][info ][safepoint     ] Application time: 1.0001698 seconds
[2025-12-22T15:29:29.126+0000][168.271s][info ][safepoint     ] Entering safepoint region: Cleanup
[2025-12-22T15:29:29.127+0000][168.272s][info ][safepoint     ] Leaving safepoint region
[2025-12-22T15:29:29.127+0000][168.272s][info ][safepoint     ] Total time for which application threads were stopped: 0.0006658 seconds, Stopping threads took: 0.0001714 seconds
[2025-12-22T15:29:30.127+0000][169.272s][debug][safepoint     ] Safepoint synchronization initiated. (270 threads)
[2025-12-22T15:29:30.127+0000][169.272s][info ][safepoint     ] Application time: 1.0001963 seconds
[2025-12-22T15:29:30.127+0000][169.272s][info ][safepoint     ] Entering safepoint region: Cleanup
[2025-12-22T15:29:30.127+0000][169.273s][info ][safepoint     ] Leaving safepoint region
[2025-12-22T15:29:30.127+0000][169.273s][info ][safepoint     ] Total time for which application threads were stopped: 0.0005663 seconds, Stopping threads took: 0.0001534 seconds
[2025-12-22T15:29:31.127+0000][170.273s][debug][safepoint     ] Safepoint synchronization initiated. (270 threads)
[2025-12-22T15:29:31.128+0000][170.273s][info ][safepoint     ] Application time: 1.0001686 seconds
[2025-12-22T15:29:31.128+0000][170.273s][info ][safepoint     ] Entering safepoint region: Cleanup
[2025-12-22T15:29:31.128+0000][170.274s][info ][safepoint     ] Leaving safepoint region
[2025-12-22T15:29:31.128+0000][170.274s][info ][safepoint     ] Total time for which application threads were stopped: 0.0006505 seconds, Stopping threads took: 0.0001760 seconds
[2025-12-22T15:29:31.128+0000][170.274s][debug][safepoint     ] ... found polling page return exception at pc = 0x00007fb9d4676756, stub =0x00007fb9cc824b00
[2025-12-22T15:29:32.128+0000][171.274s][debug][safepoint     ] Safepoint synchronization initiated. (270 threads)
[2025-12-22T15:29:32.128+0000][171.274s][info ][safepoint     ] Application time: 1.0001558 seconds
[2025-12-22T15:29:32.129+0000][171.274s][info ][safepoint     ] Entering safepoint region: Cleanup
[2025-12-22T15:29:32.129+0000][171.274s][info ][safepoint     ] Leaving safepoint region
[2025-12-22T15:29:32.129+0000][171.274s][debug][safepoint     ] ... found polling page return exception at pc = 0x00007fb9d4676756, stub =0x00007fb9cc824b00
[2025-12-22T15:29:32.129+0000][171.274s][info ][safepoint     ] Total time for which application threads were stopped: 0.0006264 seconds, Stopping threads took: 0.0002188 seconds
[2025-12-22T15:29:33.129+0000][172.275s][debug][safepoint     ] Safepoint synchronization initiated. (270 threads)
[2025-12-22T15:29:33.129+0000][172.275s][info ][safepoint     ] Application time: 1.0001744 seconds
[2025-12-22T15:29:33.129+0000][172.275s][debug][safepoint     ] Waiting for 1 thread(s) to block
[2025-12-22T15:29:33.130+0000][172.275s][info ][safepoint     ] Entering safepoint region: Cleanup
[2025-12-22T15:29:33.130+0000][172.275s][info ][safepoint     ] Leaving safepoint region
[2025-12-22T15:29:33.130+0000][172.275s][info ][safepoint     ] Total time for which application threads were stopped: 0.0006744 seconds, Stopping threads took: 0.0002673 seconds
[2025-12-22T15:29:34.130+0000][173.276s][debug][safepoint     ] Safepoint synchronization initiated. (270 threads)
[2025-12-22T15:29:34.130+0000][173.276s][info ][safepoint     ] Application time: 1.0002033 seconds
[2025-12-22T15:29:34.130+0000][173.276s][info ][safepoint     ] Entering safepoint region: Cleanup
[2025-12-22T15:29:34.131+0000][173.276s][info ][safepoint     ] Leaving safepoint region
[2025-12-22T15:29:34.131+0000][173.276s][info ][safepoint     ] Total time for which application threads were stopped: 0.0008182 seconds, Stopping threads took: 0.0001612 seconds
[2025-12-22T15:29:34.131+0000][173.276s][debug][safepoint     ] ... found polling page return exception at pc = 0x00007fb9d4676756, stub =0x00007fb9cc824b00
[2025-12-22T15:29:35.131+0000][174.277s][debug][safepoint     ] Safepoint synchronization initiated. (270 threads)
[2025-12-22T15:29:35.131+0000][174.277s][info ][safepoint     ] Application time: 1.0001682 seconds
[2025-12-22T15:29:35.132+0000][174.277s][info ][safepoint     ] Entering safepoint region: Cleanup
[2025-12-22T15:29:35.132+0000][174.277s][info ][safepoint     ] Leaving safepoint region
[2025-12-22T15:29:35.132+0000][174.277s][info ][safepoint     ] Total time for which application threads were stopped: 0.0007602 seconds, Stopping threads took: 0.0003232 seconds
[2025-12-22T15:29:36.132+0000][175.278s][debug][safepoint     ] Safepoint synchronization initiated. (270 threads)
[2025-12-22T15:29:36.132+0000][175.278s][info ][safepoint     ] Application time: 1.0002043 seconds
[2025-12-22T15:29:36.132+0000][175.278s][info ][safepoint     ] Entering safepoint region: Cleanup
[2025-12-22T15:29:36.133+0000][175.278s][info ][safepoint     ] Leaving safepoint region
[2025-12-22T15:29:36.133+0000][175.278s][info ][safepoint     ] Total time for which application threads were stopped: 0.0005935 seconds, Stopping threads took: 0.0001756 seconds
[2025-12-22T15:29:37.133+0000][176.278s][debug][safepoint     ] Safepoint synchronization initiated. (270 threads)
[2025-12-22T15:29:37.133+0000][176.279s][info ][safepoint     ] Application time: 1.0002765 seconds
[2025-12-22T15:29:37.133+0000][176.279s][info ][safepoint     ] Entering safepoint region: Cleanup
[2025-12-22T15:29:37.134+0000][176.279s][info ][safepoint     ] Leaving safepoint region
[2025-12-22T15:29:37.134+0000][176.279s][info ][safepoint     ] Total time for which application threads were stopped: 0.0007173 seconds, Stopping threads took: 0.0001940 seconds
[2025-12-22T15:29:38.134+0000][177.279s][debug][safepoint     ] Safepoint synchronization initiated. (270 threads)
[2025-12-22T15:29:38.134+0000][177.279s][info ][safepoint     ] Application time: 1.0001803 seconds
[2025-12-22T15:29:38.134+0000][177.280s][info ][safepoint     ] Entering safepoint region: Cleanup
[2025-12-22T15:29:38.135+0000][177.280s][info ][safepoint     ] Leaving safepoint region
[2025-12-22T15:29:38.135+0000][177.280s][info ][safepoint     ] Total time for which application threads were stopped: 0.0007299 seconds, Stopping threads took: 0.0001589 seconds
[2025-12-22T15:29:39.135+0000][178.280s][debug][safepoint     ] Safepoint synchronization initiated. (270 threads)
[2025-12-22T15:29:39.135+0000][178.280s][info ][safepoint     ] Application time: 1.0001609 seconds
[2025-12-22T15:29:39.135+0000][178.281s][info ][safepoint     ] Entering safepoint region: Cleanup
[2025-12-22T15:29:39.136+0000][178.281s][info ][safepoint     ] Leaving safepoint region
[2025-12-22T15:29:39.136+0000][178.281s][info ][safepoint     ] Total time for which application threads were stopped: 0.0005398 seconds, Stopping threads took: 0.0001489 seconds
[2025-12-22T15:29:40.136+0000][179.281s][debug][safepoint     ] Safepoint synchronization initiated. (270 threads)
[2025-12-22T15:29:40.136+0000][179.281s][info ][safepoint     ] Application time: 1.0001655 seconds
[2025-12-22T15:29:40.136+0000][179.281s][info ][safepoint     ] Entering safepoint region: Cleanup
[2025-12-22T15:29:40.136+0000][179.282s][info ][safepoint     ] Leaving safepoint region
[2025-12-22T15:29:40.136+0000][179.282s][info ][safepoint     ] Total time for which application threads were stopped: 0.0006397 seconds, Stopping threads took: 0.0001512 seconds
[2025-12-22T15:29:41.137+0000][180.282s][debug][safepoint     ] Safepoint synchronization initiated. (270 threads)
[2025-12-22T15:29:41.137+0000][180.282s][info ][safepoint     ] Application time: 1.0001733 seconds
[2025-12-22T15:29:41.137+0000][180.282s][info ][safepoint     ] Entering safepoint region: Cleanup
[2025-12-22T15:29:41.137+0000][180.283s][info ][safepoint     ] Leaving safepoint region
[2025-12-22T15:29:41.137+0000][180.283s][info ][safepoint     ] Total time for which application threads were stopped: 0.0008434 seconds, Stopping threads took: 0.0001486 seconds
[2025-12-22T15:29:42.138+0000][181.283s][debug][safepoint     ] Safepoint synchronization initiated. (269 threads)
[2025-12-22T15:29:42.138+0000][181.283s][info ][safepoint     ] Application time: 1.0001646 seconds
[2025-12-22T15:29:42.138+0000][181.283s][info ][safepoint     ] Entering safepoint region: Cleanup
[2025-12-22T15:29:42.138+0000][181.284s][info ][safepoint     ] Leaving safepoint region
[2025-12-22T15:29:42.138+0000][181.284s][info ][safepoint     ] Total time for which application threads were stopped: 0.0005629 seconds, Stopping threads took: 0.0001566 seconds
[2025-12-22T15:29:43.138+0000][182.284s][debug][safepoint     ] Safepoint synchronization initiated. (267 threads)
[2025-12-22T15:29:43.138+0000][182.284s][info ][safepoint     ] Application time: 1.0002040 seconds
[2025-12-22T15:29:43.139+0000][182.284s][info ][safepoint     ] Entering safepoint region: Cleanup
[2025-12-22T15:29:43.139+0000][182.284s][info ][safepoint     ] Leaving safepoint region
[2025-12-22T15:29:43.139+0000][182.284s][info ][safepoint     ] Total time for which application threads were stopped: 0.0006039 seconds, Stopping threads took: 0.0001515 seconds
[2025-12-22T15:29:44.139+0000][183.285s][debug][safepoint     ] Safepoint synchronization initiated. (267 threads)
[2025-12-22T15:29:44.139+0000][183.285s][info ][safepoint     ] Application time: 1.0001590 seconds
[2025-12-22T15:29:44.139+0000][183.285s][info ][safepoint     ] Entering safepoint region: Cleanup
[2025-12-22T15:29:44.140+0000][183.285s][info ][safepoint     ] Leaving safepoint region
[2025-12-22T15:29:44.140+0000][183.285s][info ][safepoint     ] Total time for which application threads were stopped: 0.0005929 seconds, Stopping threads took: 0.0001458 seconds
[2025-12-22T15:29:45.140+0000][184.285s][debug][safepoint     ] Safepoint synchronization initiated. (267 threads)
[2025-12-22T15:29:45.140+0000][184.285s][info ][safepoint     ] Application time: 1.0001661 seconds
[2025-12-22T15:29:45.140+0000][184.286s][info ][safepoint     ] Entering safepoint region: Cleanup
[2025-12-22T15:29:45.141+0000][184.286s][info ][safepoint     ] Leaving safepoint region
[2025-12-22T15:29:45.141+0000][184.286s][info ][safepoint     ] Total time for which application threads were stopped: 0.0008399 seconds, Stopping threads took: 0.0001752 seconds
[2025-12-22T15:29:46.141+0000][185.286s][debug][safepoint     ] Safepoint synchronization initiated. (267 threads)
[2025-12-22T15:29:46.141+0000][185.286s][info ][safepoint     ] Application time: 1.0001675 seconds
[2025-12-22T15:29:46.141+0000][185.287s][info ][safepoint     ] Entering safepoint region: Cleanup
[2025-12-22T15:29:46.142+0000][185.287s][info ][safepoint     ] Leaving safepoint region
[2025-12-22T15:29:46.142+0000][185.287s][info ][safepoint     ] Total time for which application threads were stopped: 0.0006583 seconds, Stopping threads took: 0.0001584 seconds
[2025-12-22T15:29:47.142+0000][186.287s][debug][safepoint     ] Safepoint synchronization initiated. (267 threads)
[2025-12-22T15:29:47.142+0000][186.287s][info ][safepoint     ] Application time: 1.0001766 seconds
[2025-12-22T15:29:47.142+0000][186.287s][info ][safepoint     ] Entering safepoint region: Cleanup
[2025-12-22T15:29:47.142+0000][186.288s][info ][safepoint     ] Leaving safepoint region
[2025-12-22T15:29:47.142+0000][186.288s][info ][safepoint     ] Total time for which application threads were stopped: 0.0005548 seconds, Stopping threads took: 0.0001268 seconds
[2025-12-22T15:29:47.210+0000][186.355s][debug][safepoint     ] Safepoint synchronization initiated. (267 threads)
[2025-12-22T15:29:47.210+0000][186.355s][info ][safepoint     ] Application time: 0.0670945 seconds
[2025-12-22T15:29:47.210+0000][186.355s][info ][safepoint     ] Entering safepoint region: G1CollectForAllocation
[2025-12-22T15:29:47.210+0000][186.356s][info ][gc,start      ] GC(87) Pause Young (Normal) (G1 Evacuation Pause)
[2025-12-22T15:29:47.210+0000][186.356s][info ][gc,task       ] GC(87) Using 4 workers of 4 for evacuation
[2025-12-22T15:29:47.226+0000][186.371s][info ][gc,phases     ] GC(87)   Pre Evacuate Collection Set: 0.0ms
[2025-12-22T15:29:47.226+0000][186.371s][info ][gc,phases     ] GC(87)   Evacuate Collection Set: 8.9ms
[2025-12-22T15:29:47.226+0000][186.371s][info ][gc,phases     ] GC(87)   Post Evacuate Collection Set: 5.8ms
[2025-12-22T15:29:47.226+0000][186.371s][info ][gc,phases     ] GC(87)   Other: 0.7ms
[2025-12-22T15:29:47.226+0000][186.371s][info ][gc,heap       ] GC(87) Eden regions: 169->0(170)
[2025-12-22T15:29:47.226+0000][186.371s][info ][gc,heap       ] GC(87) Survivor regions: 6->6(22)
[2025-12-22T15:29:47.226+0000][186.371s][info ][gc,heap       ] GC(87) Old regions: 169->169
[2025-12-22T15:29:47.226+0000][186.371s][info ][gc,heap       ] GC(87) Humongous regions: 0->0
[2025-12-22T15:29:47.226+0000][186.371s][info ][gc,metaspace  ] GC(87) Metaspace: 176734K(182556K)->176734K(182556K) NonClass: 156189K(159696K)->156189K(159696K) Class: 20545K(22860K)->20545K(22860K)
[2025-12-22T15:29:47.226+0000][186.371s][info ][gc            ] GC(87) Pause Young (Normal) (G1 Evacuation Pause) 342M->172M(393M) 15.570ms
[2025-12-22T15:29:47.226+0000][186.371s][info ][gc,cpu        ] GC(87) User=0.05s Sys=0.01s Real=0.02s
[2025-12-22T15:29:47.226+0000][186.371s][info ][safepoint     ] Leaving safepoint region
[2025-12-22T15:29:47.226+0000][186.371s][info ][safepoint     ] Total time for which application threads were stopped: 0.0163252 seconds, Stopping threads took: 0.0001178 seconds
[2025-12-22T15:29:47.226+0000][186.371s][info ][gc,stringdedup] Concurrent String Deduplication (186.371s)
[2025-12-22T15:29:47.226+0000][186.372s][info ][gc,stringdedup] Concurrent String Deduplication 3320.0B->2000.0B(1320.0B) avg 54.3% (186.371s, 186.372s) 0.140ms
[2025-12-22T15:29:48.226+0000][187.372s][debug][safepoint     ] Safepoint synchronization initiated. (267 threads)
[2025-12-22T15:29:48.226+0000][187.372s][info ][safepoint     ] Application time: 1.0002250 seconds
[2025-12-22T15:29:48.226+0000][187.372s][info ][safepoint     ] Entering safepoint region: Cleanup
[2025-12-22T15:29:48.227+0000][187.372s][info ][safepoint     ] Leaving safepoint region
[2025-12-22T15:29:48.227+0000][187.373s][info ][safepoint     ] Total time for which application threads were stopped: 0.0008954 seconds, Stopping threads took: 0.0001624 seconds
[2025-12-22T15:29:49.227+0000][188.373s][debug][safepoint     ] Safepoint synchronization initiated. (267 threads)
[2025-12-22T15:29:49.227+0000][188.373s][info ][safepoint     ] Application time: 1.0001986 seconds
[2025-12-22T15:29:49.228+0000][188.373s][info ][safepoint     ] Entering safepoint region: Cleanup
[2025-12-22T15:29:49.228+0000][188.373s][info ][safepoint     ] Leaving safepoint region
[2025-12-22T15:29:49.228+0000][188.373s][info ][safepoint     ] Total time for which application threads were stopped: 0.0007003 seconds, Stopping threads took: 0.0002033 seconds
[2025-12-22T15:29:50.228+0000][189.374s][debug][safepoint     ] Safepoint synchronization initiated. (267 threads)
[2025-12-22T15:29:50.228+0000][189.374s][info ][safepoint     ] Application time: 1.0002352 seconds
[2025-12-22T15:29:50.228+0000][189.374s][info ][safepoint     ] Entering safepoint region: Cleanup
[2025-12-22T15:29:50.229+0000][189.374s][info ][safepoint     ] Leaving safepoint region
[2025-12-22T15:29:50.229+0000][189.374s][info ][safepoint     ] Total time for which application threads were stopped: 0.0007561 seconds, Stopping threads took: 0.0001601 seconds
[2025-12-22T15:29:51.229+0000][190.375s][debug][safepoint     ] Safepoint synchronization initiated. (267 threads)
[2025-12-22T15:29:51.229+0000][190.375s][info ][safepoint     ] Application time: 1.0001946 seconds
[2025-12-22T15:29:51.229+0000][190.375s][info ][safepoint     ] Entering safepoint region: Cleanup
[2025-12-22T15:29:51.230+0000][190.375s][info ][safepoint     ] Leaving safepoint region
[2025-12-22T15:29:51.230+0000][190.375s][info ][safepoint     ] Total time for which application threads were stopped: 0.0007965 seconds, Stopping threads took: 0.0001745 seconds
[2025-12-22T15:29:52.230+0000][191.376s][debug][safepoint     ] Safepoint synchronization initiated. (267 threads)
[2025-12-22T15:29:52.230+0000][191.376s][info ][safepoint     ] Application time: 1.0002067 seconds
[2025-12-22T15:29:52.230+0000][191.376s][info ][safepoint     ] Entering safepoint region: Cleanup
[2025-12-22T15:29:52.231+0000][191.376s][info ][safepoint     ] Leaving safepoint region
[2025-12-22T15:29:52.231+0000][191.376s][info ][safepoint     ] Total time for which application threads were stopped: 0.0007150 seconds, Stopping threads took: 0.0001880 seconds
[2025-12-22T15:29:53.231+0000][192.377s][debug][safepoint     ] Safepoint synchronization initiated. (267 threads)
[2025-12-22T15:29:53.231+0000][192.377s][info ][safepoint     ] Application time: 1.0001713 seconds
[2025-12-22T15:29:53.231+0000][192.377s][info ][safepoint     ] Entering safepoint region: Cleanup
[2025-12-22T15:29:53.232+0000][192.377s][info ][safepoint     ] Leaving safepoint region
[2025-12-22T15:29:53.232+0000][192.377s][info ][safepoint     ] Total time for which application threads were stopped: 0.0008112 seconds, Stopping threads took: 0.0001666 seconds
[2025-12-22T15:29:54.232+0000][193.378s][debug][safepoint     ] Safepoint synchronization initiated. (267 threads)
[2025-12-22T15:29:54.232+0000][193.378s][info ][safepoint     ] Application time: 1.0001620 seconds
[2025-12-22T15:29:54.232+0000][193.378s][info ][safepoint     ] Entering safepoint region: Cleanup
[2025-12-22T15:29:54.233+0000][193.378s][info ][safepoint     ] Leaving safepoint region
[2025-12-22T15:29:54.233+0000][193.378s][info ][safepoint     ] Total time for which application threads were stopped: 0.0006491 seconds, Stopping threads took: 0.0001697 seconds
[2025-12-22T15:29:55.233+0000][194.378s][debug][safepoint     ] Safepoint synchronization initiated. (267 threads)
[2025-12-22T15:29:55.233+0000][194.379s][info ][safepoint     ] Application time: 1.0001919 seconds
[2025-12-22T15:29:55.233+0000][194.379s][info ][safepoint     ] Entering safepoint region: Cleanup
[2025-12-22T15:29:55.234+0000][194.379s][info ][safepoint     ] Leaving safepoint region
[2025-12-22T15:29:55.234+0000][194.379s][info ][safepoint     ] Total time for which application threads were stopped: 0.0006773 seconds, Stopping threads took: 0.0001592 seconds
[2025-12-22T15:29:56.234+0000][195.379s][debug][safepoint     ] Safepoint synchronization initiated. (267 threads)
[2025-12-22T15:29:56.234+0000][195.379s][info ][safepoint     ] Application time: 1.0002103 seconds
[2025-12-22T15:29:56.234+0000][195.380s][info ][safepoint     ] Entering safepoint region: Cleanup
[2025-12-22T15:29:56.235+0000][195.380s][info ][safepoint     ] Leaving safepoint region
[2025-12-22T15:29:56.235+0000][195.380s][info ][safepoint     ] Total time for which application threads were stopped: 0.0009187 seconds, Stopping threads took: 0.0002272 seconds
[2025-12-22T15:29:57.235+0000][196.381s][debug][safepoint     ] Safepoint synchronization initiated. (267 threads)
[2025-12-22T15:29:57.235+0000][196.381s][info ][safepoint     ] Application time: 1.0001740 seconds
[2025-12-22T15:29:57.235+0000][196.381s][info ][safepoint     ] Entering safepoint region: Cleanup
[2025-12-22T15:29:57.236+0000][196.381s][info ][safepoint     ] Leaving safepoint region
[2025-12-22T15:29:57.236+0000][196.381s][info ][safepoint     ] Total time for which application threads were stopped: 0.0005210 seconds, Stopping threads took: 0.0001611 seconds
[2025-12-22T15:29:58.236+0000][197.381s][debug][safepoint     ] Safepoint synchronization initiated. (267 threads)
[2025-12-22T15:29:58.236+0000][197.381s][info ][safepoint     ] Application time: 1.0001951 seconds
[2025-12-22T15:29:58.236+0000][197.381s][debug][safepoint     ] ... found polling page return exception at pc = 0x00007fb9d45483a1, stub =0x00007fb9cc824b00
[2025-12-22T15:29:58.236+0000][197.381s][debug][safepoint     ] Waiting for 1 thread(s) to block
[2025-12-22T15:29:58.236+0000][197.382s][info ][safepoint     ] Entering safepoint region: Cleanup
[2025-12-22T15:29:58.237+0000][197.382s][info ][safepoint     ] Leaving safepoint region
[2025-12-22T15:29:58.237+0000][197.382s][info ][safepoint     ] Total time for which application threads were stopped: 0.0007609 seconds, Stopping threads took: 0.0002684 seconds
[2025-12-22T15:29:59.237+0000][198.382s][debug][safepoint     ] Safepoint synchronization initiated. (267 threads)
[2025-12-22T15:29:59.237+0000][198.382s][info ][safepoint     ] Application time: 1.0001824 seconds
[2025-12-22T15:29:59.237+0000][198.382s][info ][safepoint     ] Entering safepoint region: Cleanup
[2025-12-22T15:29:59.237+0000][198.383s][info ][safepoint     ] Leaving safepoint region
[2025-12-22T15:29:59.237+0000][198.383s][debug][safepoint     ] ... found polling page return exception at pc = 0x00007fb9d4676756, stub =0x00007fb9cc824b00
[2025-12-22T15:29:59.237+0000][198.383s][info ][safepoint     ] Total time for which application threads were stopped: 0.0005896 seconds, Stopping threads took: 0.0001606 seconds
[2025-12-22T15:30:00.238+0000][199.383s][debug][safepoint     ] Safepoint synchronization initiated. (267 threads)
[2025-12-22T15:30:00.238+0000][199.383s][info ][safepoint     ] Application time: 1.0001715 seconds
[2025-12-22T15:30:00.238+0000][199.383s][info ][safepoint     ] Entering safepoint region: Cleanup
[2025-12-22T15:30:00.238+0000][199.384s][info ][safepoint     ] Leaving safepoint region
[2025-12-22T15:30:00.238+0000][199.384s][info ][safepoint     ] Total time for which application threads were stopped: 0.0004704 seconds, Stopping threads took: 0.0001572 seconds
[2025-12-22T15:30:01.238+0000][200.384s][debug][safepoint     ] Safepoint synchronization initiated. (267 threads)
[2025-12-22T15:30:01.238+0000][200.384s][info ][safepoint     ] Application time: 1.0001971 seconds
[2025-12-22T15:30:01.239+0000][200.384s][info ][safepoint     ] Entering safepoint region: Cleanup
[2025-12-22T15:30:01.239+0000][200.384s][info ][safepoint     ] Leaving safepoint region
[2025-12-22T15:30:01.239+0000][200.384s][info ][safepoint     ] Total time for which application threads were stopped: 0.0004247 seconds, Stopping threads took: 0.0001269 seconds
[2025-12-22T15:30:02.239+0000][201.384s][debug][safepoint     ] Safepoint synchronization initiated. (267 threads)
[2025-12-22T15:30:02.239+0000][201.384s][info ][safepoint     ] Application time: 1.0001626 seconds
[2025-12-22T15:30:02.239+0000][201.385s][info ][safepoint     ] Entering safepoint region: Cleanup
[2025-12-22T15:30:02.239+0000][201.385s][info ][safepoint     ] Leaving safepoint region
[2025-12-22T15:30:02.240+0000][201.385s][info ][safepoint     ] Total time for which application threads were stopped: 0.0004245 seconds, Stopping threads took: 0.0001159 seconds
[2025-12-22T15:30:03.240+0000][202.385s][debug][safepoint     ] Safepoint synchronization initiated. (267 threads)
[2025-12-22T15:30:03.240+0000][202.385s][info ][safepoint     ] Application time: 1.0001609 seconds
[2025-12-22T15:30:03.240+0000][202.385s][info ][safepoint     ] Entering safepoint region: Cleanup
[2025-12-22T15:30:03.240+0000][202.386s][info ][safepoint     ] Leaving safepoint region
[2025-12-22T15:30:03.240+0000][202.386s][info ][safepoint     ] Total time for which application threads were stopped: 0.0005317 seconds, Stopping threads took: 0.0001497 seconds
[2025-12-22T15:30:04.240+0000][203.386s][debug][safepoint     ] Safepoint synchronization initiated. (267 threads)
[2025-12-22T15:30:04.240+0000][203.386s][info ][safepoint     ] Application time: 1.0001687 seconds
[2025-12-22T15:30:04.241+0000][203.386s][info ][safepoint     ] Entering safepoint region: Cleanup
[2025-12-22T15:30:04.241+0000][203.386s][info ][safepoint     ] Leaving safepoint region
[2025-12-22T15:30:04.241+0000][203.386s][info ][safepoint     ] Total time for which application threads were stopped: 0.0004329 seconds, Stopping threads took: 0.0001326 seconds
[2025-12-22T15:30:05.241+0000][204.386s][debug][safepoint     ] Safepoint synchronization initiated. (267 threads)
[2025-12-22T15:30:05.241+0000][204.387s][info ][safepoint     ] Application time: 1.0002141 seconds
[2025-12-22T15:30:05.241+0000][204.387s][debug][safepoint     ] ... found polling page return exception at pc = 0x00007fb9d4b4f194, stub =0x00007fb9cc824b00
[2025-12-22T15:30:05.241+0000][204.387s][debug][safepoint     ] Waiting for 1 thread(s) to block
[2025-12-22T15:30:05.241+0000][204.387s][info ][safepoint     ] Entering safepoint region: Cleanup
[2025-12-22T15:30:05.242+0000][204.387s][info ][safepoint     ] Leaving safepoint region
[2025-12-22T15:30:05.242+0000][204.387s][info ][safepoint     ] Total time for which application threads were stopped: 0.0007211 seconds, Stopping threads took: 0.0003115 seconds
[2025-12-22T15:30:06.242+0000][205.388s][debug][safepoint     ] Safepoint synchronization initiated. (267 threads)
[2025-12-22T15:30:06.242+0000][205.388s][info ][safepoint     ] Application time: 1.0002948 seconds
[2025-12-22T15:30:06.242+0000][205.388s][info ][safepoint     ] Entering safepoint region: Cleanup
[2025-12-22T15:30:06.243+0000][205.388s][info ][safepoint     ] Leaving safepoint region
[2025-12-22T15:30:06.243+0000][205.388s][info ][safepoint     ] Total time for which application threads were stopped: 0.0005877 seconds, Stopping threads took: 0.0001910 seconds
[2025-12-22T15:30:07.243+0000][206.388s][debug][safepoint     ] Safepoint synchronization initiated. (267 threads)
[2025-12-22T15:30:07.243+0000][206.388s][info ][safepoint     ] Application time: 1.0001586 seconds
[2025-12-22T15:30:07.243+0000][206.388s][debug][safepoint     ] ... found polling page return exception at pc = 0x00007fb9d43bff1f, stub =0x00007fb9cc824b00
[2025-12-22T15:30:07.243+0000][206.389s][debug][safepoint     ] Waiting for 1 thread(s) to block
[2025-12-22T15:30:07.243+0000][206.389s][info ][safepoint     ] Entering safepoint region: Cleanup
[2025-12-22T15:30:07.244+0000][206.389s][info ][safepoint     ] Leaving safepoint region
[2025-12-22T15:30:07.244+0000][206.389s][info ][safepoint     ] Total time for which application threads were stopped: 0.0006246 seconds, Stopping threads took: 0.0002077 seconds
[2025-12-22T15:30:08.244+0000][207.389s][debug][safepoint     ] Safepoint synchronization initiated. (267 threads)
[2025-12-22T15:30:08.244+0000][207.389s][info ][safepoint     ] Application time: 1.0002584 seconds
[2025-12-22T15:30:08.244+0000][207.390s][info ][safepoint     ] Entering safepoint region: Cleanup
[2025-12-22T15:30:08.245+0000][207.390s][info ][safepoint     ] Leaving safepoint region
[2025-12-22T15:30:08.245+0000][207.390s][info ][safepoint     ] Total time for which application threads were stopped: 0.0007081 seconds, Stopping threads took: 0.0002083 seconds
[2025-12-22T15:30:09.245+0000][208.390s][debug][safepoint     ] Safepoint synchronization initiated. (267 threads)
[2025-12-22T15:30:09.245+0000][208.390s][info ][safepoint     ] Application time: 1.0002558 seconds
[2025-12-22T15:30:09.245+0000][208.390s][info ][safepoint     ] Entering safepoint region: Cleanup
[2025-12-22T15:30:09.246+0000][208.391s][debug][safepoint     ] ... found polling page return exception at pc = 0x00007fb9d4676756, stub =0x00007fb9cc824b00
[2025-12-22T15:30:09.246+0000][208.391s][info ][safepoint     ] Leaving safepoint region
[2025-12-22T15:30:09.246+0000][208.391s][info ][safepoint     ] Total time for which application threads were stopped: 0.0007951 seconds, Stopping threads took: 0.0001711 seconds
[2025-12-22T15:30:10.246+0000][209.391s][debug][safepoint     ] Safepoint synchronization initiated. (267 threads)
[2025-12-22T15:30:10.246+0000][209.391s][info ][safepoint     ] Application time: 1.0002484 seconds
[2025-12-22T15:30:10.246+0000][209.392s][debug][safepoint     ] ... found polling page return exception at pc = 0x00007fb9d43bff1f, stub =0x00007fb9cc824b00
[2025-12-22T15:30:10.246+0000][209.392s][debug][safepoint     ] ... found polling page return exception at pc = 0x00007fb9d46d4623, stub =0x00007fb9cc824b00
[2025-12-22T15:30:10.246+0000][209.392s][debug][safepoint     ] Waiting for 2 thread(s) to block
[2025-12-22T15:30:10.247+0000][209.392s][info ][safepoint     ] Entering safepoint region: Cleanup
[2025-12-22T15:30:10.247+0000][209.392s][info ][safepoint     ] Leaving safepoint region
[2025-12-22T15:30:10.247+0000][209.392s][info ][safepoint     ] Total time for which application threads were stopped: 0.0010244 seconds, Stopping threads took: 0.0006200 seconds
[2025-12-22T15:30:11.247+0000][210.393s][debug][safepoint     ] Safepoint synchronization initiated. (267 threads)
[2025-12-22T15:30:11.247+0000][210.393s][info ][safepoint     ] Application time: 1.0002534 seconds
[2025-12-22T15:30:11.247+0000][210.393s][debug][safepoint     ] ... found polling page return exception at pc = 0x00007fb9d4a81872, stub =0x00007fb9cc824b00
[2025-12-22T15:30:11.248+0000][210.393s][debug][safepoint     ] Waiting for 1 thread(s) to block
[2025-12-22T15:30:11.248+0000][210.393s][info ][safepoint     ] Entering safepoint region: Cleanup
[2025-12-22T15:30:11.248+0000][210.394s][info ][safepoint     ] Leaving safepoint region
[2025-12-22T15:30:11.248+0000][210.394s][info ][safepoint     ] Total time for which application threads were stopped: 0.0008928 seconds, Stopping threads took: 0.0003767 seconds
[2025-12-22T15:30:12.248+0000][211.394s][debug][safepoint     ] Safepoint synchronization initiated. (267 threads)
[2025-12-22T15:30:12.249+0000][211.394s][info ][safepoint     ] Application time: 1.0002513 seconds
[2025-12-22T15:30:12.249+0000][211.394s][info ][safepoint     ] Entering safepoint region: Cleanup
[2025-12-22T15:30:12.249+0000][211.395s][info ][safepoint     ] Leaving safepoint region
[2025-12-22T15:30:12.249+0000][211.395s][info ][safepoint     ] Total time for which application threads were stopped: 0.0008187 seconds, Stopping threads took: 0.0001883 seconds
[2025-12-22T15:30:13.250+0000][212.395s][debug][safepoint     ] Safepoint synchronization initiated. (267 threads)
[2025-12-22T15:30:13.250+0000][212.395s][info ][safepoint     ] Application time: 1.0002325 seconds
[2025-12-22T15:30:13.250+0000][212.395s][info ][safepoint     ] Entering safepoint region: Cleanup
[2025-12-22T15:30:13.250+0000][212.396s][info ][safepoint     ] Leaving safepoint region
[2025-12-22T15:30:13.250+0000][212.396s][info ][safepoint     ] Total time for which application threads were stopped: 0.0005238 seconds, Stopping threads took: 0.0001585 seconds
[2025-12-22T15:30:14.250+0000][213.396s][debug][safepoint     ] Safepoint synchronization initiated. (267 threads)
[2025-12-22T15:30:14.251+0000][213.396s][info ][safepoint     ] Application time: 1.0003250 seconds
[2025-12-22T15:30:14.251+0000][213.396s][info ][safepoint     ] Entering safepoint region: Cleanup
[2025-12-22T15:30:14.251+0000][213.397s][info ][safepoint     ] Leaving safepoint region
[2025-12-22T15:30:14.251+0000][213.397s][info ][safepoint     ] Total time for which application threads were stopped: 0.0007704 seconds, Stopping threads took: 0.0001962 seconds
[2025-12-22T15:30:14.303+0000][213.449s][debug][safepoint     ] Safepoint synchronization initiated. (267 threads)
[2025-12-22T15:30:14.303+0000][213.449s][info ][safepoint     ] Application time: 0.0518849 seconds
[2025-12-22T15:30:14.303+0000][213.449s][info ][safepoint     ] Entering safepoint region: G1CollectForAllocation
[2025-12-22T15:30:14.304+0000][213.449s][info ][gc,start      ] GC(88) Pause Young (Normal) (G1 Evacuation Pause)
[2025-12-22T15:30:14.304+0000][213.449s][info ][gc,task       ] GC(88) Using 4 workers of 4 for evacuation
[2025-12-22T15:30:14.318+0000][213.463s][info ][gc,phases     ] GC(88)   Pre Evacuate Collection Set: 0.0ms
[2025-12-22T15:30:14.318+0000][213.464s][info ][gc,phases     ] GC(88)   Evacuate Collection Set: 8.7ms
[2025-12-22T15:30:14.318+0000][213.464s][info ][gc,phases     ] GC(88)   Post Evacuate Collection Set: 4.9ms
[2025-12-22T15:30:14.318+0000][213.464s][info ][gc,phases     ] GC(88)   Other: 0.6ms
[2025-12-22T15:30:14.318+0000][213.464s][info ][gc,heap       ] GC(88) Eden regions: 170->0(171)
[2025-12-22T15:30:14.318+0000][213.464s][info ][gc,heap       ] GC(88) Survivor regions: 6->6(22)
[2025-12-22T15:30:14.318+0000][213.464s][info ][gc,heap       ] GC(88) Old regions: 169->169
[2025-12-22T15:30:14.318+0000][213.464s][info ][gc,heap       ] GC(88) Humongous regions: 0->0
[2025-12-22T15:30:14.318+0000][213.464s][info ][gc,metaspace  ] GC(88) Metaspace: 176824K(182812K)->176824K(182812K) NonClass: 156275K(159952K)->156275K(159952K) Class: 20548K(22860K)->20548K(22860K)
[2025-12-22T15:30:14.318+0000][213.464s][info ][gc            ] GC(88) Pause Young (Normal) (G1 Evacuation Pause) 342M->172M(393M) 14.313ms
[2025-12-22T15:30:14.318+0000][213.464s][info ][gc,cpu        ] GC(88) User=0.05s Sys=0.00s Real=0.01s
[2025-12-22T15:30:14.318+0000][213.464s][info ][safepoint     ] Leaving safepoint region
[2025-12-22T15:30:14.318+0000][213.464s][info ][safepoint     ] Total time for which application threads were stopped: 0.0152297 seconds, Stopping threads took: 0.0001185 seconds
[2025-12-22T15:30:14.319+0000][213.464s][info ][gc,stringdedup] Concurrent String Deduplication (213.464s)
[2025-12-22T15:30:14.319+0000][213.464s][info ][gc,stringdedup] Concurrent String Deduplication 0.0B->0.0B(0.0B) avg 54.3% (213.464s, 213.464s) 0.041ms
[2025-12-22T15:30:15.319+0000][214.464s][debug][safepoint     ] Safepoint synchronization initiated. (267 threads)
[2025-12-22T15:30:15.319+0000][214.464s][info ][safepoint     ] Application time: 1.0002724 seconds
[2025-12-22T15:30:15.319+0000][214.464s][info ][safepoint     ] Entering safepoint region: Cleanup
[2025-12-22T15:30:15.320+0000][214.465s][info ][safepoint     ] Leaving safepoint region
[2025-12-22T15:30:15.320+0000][214.465s][info ][safepoint     ] Total time for which application threads were stopped: 0.0008020 seconds, Stopping threads took: 0.0001961 seconds
[2025-12-22T15:30:16.320+0000][215.465s][debug][safepoint     ] Safepoint synchronization initiated. (267 threads)
[2025-12-22T15:30:16.320+0000][215.465s][info ][safepoint     ] Application time: 1.0002708 seconds
[2025-12-22T15:30:16.320+0000][215.466s][info ][safepoint     ] Entering safepoint region: Cleanup
[2025-12-22T15:30:16.321+0000][215.466s][info ][safepoint     ] Leaving safepoint region
[2025-12-22T15:30:16.321+0000][215.466s][info ][safepoint     ] Total time for which application threads were stopped: 0.0006946 seconds, Stopping threads took: 0.0001797 seconds
[2025-12-22T15:30:17.321+0000][216.466s][debug][safepoint     ] Safepoint synchronization initiated. (267 threads)
[2025-12-22T15:30:17.321+0000][216.466s][info ][safepoint     ] Application time: 1.0002582 seconds
[2025-12-22T15:30:17.321+0000][216.466s][info ][safepoint     ] Entering safepoint region: Cleanup
[2025-12-22T15:30:17.322+0000][216.467s][info ][safepoint     ] Leaving safepoint region
[2025-12-22T15:30:17.322+0000][216.467s][info ][safepoint     ] Total time for which application threads were stopped: 0.0007946 seconds, Stopping threads took: 0.0001406 seconds
[2025-12-22T15:30:18.322+0000][217.467s][debug][safepoint     ] Safepoint synchronization initiated. (267 threads)
[2025-12-22T15:30:18.322+0000][217.467s][info ][safepoint     ] Application time: 1.0002797 seconds
[2025-12-22T15:30:18.322+0000][217.468s][info ][safepoint     ] Entering safepoint region: Cleanup
[2025-12-22T15:30:18.323+0000][217.468s][info ][safepoint     ] Leaving safepoint region
[2025-12-22T15:30:18.323+0000][217.468s][info ][safepoint     ] Total time for which application threads were stopped: 0.0006609 seconds, Stopping threads took: 0.0001649 seconds
[2025-12-22T15:30:19.323+0000][218.468s][debug][safepoint     ] Safepoint synchronization initiated. (267 threads)
[2025-12-22T15:30:19.323+0000][218.468s][info ][safepoint     ] Application time: 1.0002141 seconds
[2025-12-22T15:30:19.323+0000][218.469s][info ][safepoint     ] Entering safepoint region: Cleanup
[2025-12-22T15:30:19.324+0000][218.470s][info ][safepoint     ] Leaving safepoint region
[2025-12-22T15:30:19.324+0000][218.470s][info ][safepoint     ] Total time for which application threads were stopped: 0.0011543 seconds, Stopping threads took: 0.0001812 seconds
[2025-12-22T15:30:20.324+0000][219.470s][debug][safepoint     ] Safepoint synchronization initiated. (267 threads)
[2025-12-22T15:30:20.325+0000][219.470s][info ][safepoint     ] Application time: 1.0003682 seconds
[2025-12-22T15:30:20.325+0000][219.470s][info ][safepoint     ] Entering safepoint region: Cleanup
[2025-12-22T15:30:20.325+0000][219.471s][info ][safepoint     ] Leaving safepoint region
[2025-12-22T15:30:20.325+0000][219.471s][info ][safepoint     ] Total time for which application threads were stopped: 0.0007789 seconds, Stopping threads took: 0.0002350 seconds
[2025-12-22T15:30:21.326+0000][220.471s][debug][safepoint     ] Safepoint synchronization initiated. (267 threads)
[2025-12-22T15:30:21.326+0000][220.471s][info ][safepoint     ] Application time: 1.0002871 seconds
[2025-12-22T15:30:21.326+0000][220.471s][info ][safepoint     ] Entering safepoint region: Cleanup
[2025-12-22T15:30:21.326+0000][220.472s][info ][safepoint     ] Leaving safepoint region
[2025-12-22T15:30:21.326+0000][220.472s][info ][safepoint     ] Total time for which application threads were stopped: 0.0007568 seconds, Stopping threads took: 0.0002169 seconds
[2025-12-22T15:30:22.327+0000][221.472s][debug][safepoint     ] Safepoint synchronization initiated. (267 threads)
[2025-12-22T15:30:22.327+0000][221.472s][info ][safepoint     ] Application time: 1.0001869 seconds
[2025-12-22T15:30:22.327+0000][221.472s][info ][safepoint     ] Entering safepoint region: Cleanup
[2025-12-22T15:30:22.327+0000][221.473s][info ][safepoint     ] Leaving safepoint region
[2025-12-22T15:30:22.328+0000][221.473s][info ][safepoint     ] Total time for which application threads were stopped: 0.0008597 seconds, Stopping threads took: 0.0002378 seconds
[2025-12-22T15:30:23.328+0000][222.473s][debug][safepoint     ] Safepoint synchronization initiated. (267 threads)
[2025-12-22T15:30:23.328+0000][222.473s][info ][safepoint     ] Application time: 1.0002770 seconds
[2025-12-22T15:30:23.328+0000][222.473s][info ][safepoint     ] Entering safepoint region: Cleanup
[2025-12-22T15:30:23.328+0000][222.474s][info ][safepoint     ] Leaving safepoint region
[2025-12-22T15:30:23.329+0000][222.474s][info ][safepoint     ] Total time for which application threads were stopped: 0.0006266 seconds, Stopping threads took: 0.0001687 seconds
[2025-12-22T15:30:24.329+0000][223.474s][debug][safepoint     ] Safepoint synchronization initiated. (267 threads)
[2025-12-22T15:30:24.329+0000][223.474s][info ][safepoint     ] Application time: 1.0003434 seconds
[2025-12-22T15:30:24.329+0000][223.474s][info ][safepoint     ] Entering safepoint region: Cleanup
[2025-12-22T15:30:24.330+0000][223.475s][info ][safepoint     ] Leaving safepoint region
[2025-12-22T15:30:24.330+0000][223.475s][info ][safepoint     ] Total time for which application threads were stopped: 0.0007952 seconds, Stopping threads took: 0.0002024 seconds
[2025-12-22T15:30:25.330+0000][224.475s][debug][safepoint     ] Safepoint synchronization initiated. (267 threads)
[2025-12-22T15:30:25.330+0000][224.475s][info ][safepoint     ] Application time: 1.0002671 seconds
[2025-12-22T15:30:25.330+0000][224.476s][info ][safepoint     ] Entering safepoint region: Cleanup
[2025-12-22T15:30:25.331+0000][224.476s][info ][safepoint     ] Leaving safepoint region
[2025-12-22T15:30:25.331+0000][224.476s][info ][safepoint     ] Total time for which application threads were stopped: 0.0007952 seconds, Stopping threads took: 0.0001718 seconds
[2025-12-22T15:30:26.331+0000][225.476s][debug][safepoint     ] Safepoint synchronization initiated. (266 threads)
[2025-12-22T15:30:26.331+0000][225.476s][info ][safepoint     ] Application time: 1.0002199 seconds
[2025-12-22T15:30:26.331+0000][225.477s][info ][safepoint     ] Entering safepoint region: Cleanup
[2025-12-22T15:30:26.332+0000][225.477s][info ][safepoint     ] Leaving safepoint region
[2025-12-22T15:30:26.332+0000][225.477s][info ][safepoint     ] Total time for which application threads were stopped: 0.0007583 seconds, Stopping threads took: 0.0001582 seconds
[2025-12-22T15:30:26.332+0000][225.477s][debug][safepoint     ] ... found polling page return exception at pc = 0x00007fb9d463c790, stub =0x00007fb9cc824b00
[2025-12-22T15:30:27.332+0000][226.477s][debug][safepoint     ] Safepoint synchronization initiated. (266 threads)
[2025-12-22T15:30:27.332+0000][226.478s][info ][safepoint     ] Application time: 1.0003124 seconds
[2025-12-22T15:30:27.332+0000][226.478s][info ][safepoint     ] Entering safepoint region: Cleanup
[2025-12-22T15:30:27.333+0000][226.478s][info ][safepoint     ] Leaving safepoint region
[2025-12-22T15:30:27.333+0000][226.478s][info ][safepoint     ] Total time for which application threads were stopped: 0.0008583 seconds, Stopping threads took: 0.0002067 seconds
[2025-12-22T15:30:28.333+0000][227.479s][debug][safepoint     ] Safepoint synchronization initiated. (266 threads)
[2025-12-22T15:30:28.333+0000][227.479s][info ][safepoint     ] Application time: 1.0002574 seconds
[2025-12-22T15:30:28.334+0000][227.479s][info ][safepoint     ] Entering safepoint region: Cleanup
[2025-12-22T15:30:28.334+0000][227.479s][info ][safepoint     ] Leaving safepoint region
[2025-12-22T15:30:28.334+0000][227.479s][info ][safepoint     ] Total time for which application threads were stopped: 0.0005727 seconds, Stopping threads took: 0.0001931 seconds
[2025-12-22T15:30:29.334+0000][228.480s][debug][safepoint     ] Safepoint synchronization initiated. (266 threads)
[2025-12-22T15:30:29.334+0000][228.480s][info ][safepoint     ] Application time: 1.0002124 seconds
[2025-12-22T15:30:29.334+0000][228.480s][info ][safepoint     ] Entering safepoint region: Cleanup
[2025-12-22T15:30:29.335+0000][228.480s][info ][safepoint     ] Leaving safepoint region
[2025-12-22T15:30:29.335+0000][228.480s][info ][safepoint     ] Total time for which application threads were stopped: 0.0005340 seconds, Stopping threads took: 0.0001437 seconds
[2025-12-22T15:30:30.335+0000][229.480s][debug][safepoint     ] Safepoint synchronization initiated. (266 threads)
[2025-12-22T15:30:30.335+0000][229.480s][info ][safepoint     ] Application time: 1.0002253 seconds
[2025-12-22T15:30:30.335+0000][229.480s][debug][safepoint     ] ... found polling page return exception at pc = 0x00007fb9d43d4504, stub =0x00007fb9cc824b00
[2025-12-22T15:30:30.335+0000][229.481s][debug][safepoint     ] Waiting for 1 thread(s) to block
[2025-12-22T15:30:30.335+0000][229.481s][info ][safepoint     ] Entering safepoint region: Cleanup
[2025-12-22T15:30:30.336+0000][229.481s][info ][safepoint     ] Leaving safepoint region
[2025-12-22T15:30:30.336+0000][229.481s][info ][safepoint     ] Total time for which application threads were stopped: 0.0008353 seconds, Stopping threads took: 0.0003891 seconds
[2025-12-22T15:30:31.336+0000][230.481s][debug][safepoint     ] Safepoint synchronization initiated. (266 threads)
[2025-12-22T15:30:31.336+0000][230.481s][info ][safepoint     ] Application time: 1.0001992 seconds
[2025-12-22T15:30:31.336+0000][230.482s][info ][safepoint     ] Entering safepoint region: Cleanup
[2025-12-22T15:30:31.337+0000][230.482s][info ][safepoint     ] Leaving safepoint region
[2025-12-22T15:30:31.337+0000][230.482s][info ][safepoint     ] Total time for which application threads were stopped: 0.0008330 seconds, Stopping threads took: 0.0001672 seconds
[2025-12-22T15:30:32.337+0000][231.483s][debug][safepoint     ] Safepoint synchronization initiated. (266 threads)
[2025-12-22T15:30:32.337+0000][231.483s][info ][safepoint     ] Application time: 1.0003346 seconds
[2025-12-22T15:30:32.338+0000][231.483s][info ][safepoint     ] Entering safepoint region: Cleanup
[2025-12-22T15:30:32.338+0000][231.483s][info ][safepoint     ] Leaving safepoint region
[2025-12-22T15:30:32.338+0000][231.484s][info ][safepoint     ] Total time for which application threads were stopped: 0.0007828 seconds, Stopping threads took: 0.0002246 seconds
[2025-12-22T15:30:33.338+0000][232.484s][debug][safepoint     ] Safepoint synchronization initiated. (266 threads)
[2025-12-22T15:30:33.338+0000][232.484s][info ][safepoint     ] Application time: 1.0002738 seconds
[2025-12-22T15:30:33.339+0000][232.484s][info ][safepoint     ] Entering safepoint region: Cleanup
[2025-12-22T15:30:33.339+0000][232.485s][info ][safepoint     ] Leaving safepoint region
[2025-12-22T15:30:33.339+0000][232.485s][info ][safepoint     ] Total time for which application threads were stopped: 0.0008966 seconds, Stopping threads took: 0.0002457 seconds
[2025-12-22T15:30:34.340+0000][233.485s][debug][safepoint     ] Safepoint synchronization initiated. (266 threads)
[2025-12-22T15:30:34.340+0000][233.485s][info ][safepoint     ] Application time: 1.0002913 seconds
[2025-12-22T15:30:34.340+0000][233.485s][info ][safepoint     ] Entering safepoint region: Cleanup
[2025-12-22T15:30:34.340+0000][233.486s][info ][safepoint     ] Leaving safepoint region
[2025-12-22T15:30:34.340+0000][233.486s][info ][safepoint     ] Total time for which application threads were stopped: 0.0006826 seconds, Stopping threads took: 0.0001753 seconds
[2025-12-22T15:30:35.341+0000][234.486s][debug][safepoint     ] Safepoint synchronization initiated. (266 threads)
[2025-12-22T15:30:35.341+0000][234.486s][info ][safepoint     ] Application time: 1.0003085 seconds
[2025-12-22T15:30:35.341+0000][234.486s][info ][safepoint     ] Entering safepoint region: Cleanup
[2025-12-22T15:30:35.341+0000][234.487s][info ][safepoint     ] Leaving safepoint region
[2025-12-22T15:30:35.341+0000][234.487s][info ][safepoint     ] Total time for which application threads were stopped: 0.0006553 seconds, Stopping threads took: 0.0001924 seconds
[2025-12-22T15:30:36.341+0000][235.487s][debug][safepoint     ] Safepoint synchronization initiated. (266 threads)
[2025-12-22T15:30:36.342+0000][235.487s][info ][safepoint     ] Application time: 1.0001684 seconds
[2025-12-22T15:30:36.342+0000][235.487s][info ][safepoint     ] Entering safepoint region: Cleanup
[2025-12-22T15:30:36.342+0000][235.487s][info ][safepoint     ] Leaving safepoint region
[2025-12-22T15:30:36.342+0000][235.488s][info ][safepoint     ] Total time for which application threads were stopped: 0.0005417 seconds, Stopping threads took: 0.0001309 seconds
[2025-12-22T15:30:37.342+0000][236.488s][debug][safepoint     ] Safepoint synchronization initiated. (266 threads)
[2025-12-22T15:30:37.342+0000][236.488s][info ][safepoint     ] Application time: 1.0003687 seconds
[2025-12-22T15:30:37.343+0000][236.488s][debug][safepoint     ] ... found polling page return exception at pc = 0x00007fb9d47e215b, stub =0x00007fb9cc824b00
[2025-12-22T15:30:37.343+0000][236.488s][debug][safepoint     ] Waiting for 1 thread(s) to block
[2025-12-22T15:30:37.343+0000][236.488s][info ][safepoint     ] Entering safepoint region: Cleanup
[2025-12-22T15:30:37.343+0000][236.489s][info ][safepoint     ] Leaving safepoint region
[2025-12-22T15:30:37.343+0000][236.489s][info ][safepoint     ] Total time for which application threads were stopped: 0.0008842 seconds, Stopping threads took: 0.0003227 seconds
[2025-12-22T15:30:38.344+0000][237.489s][debug][safepoint     ] Safepoint synchronization initiated. (266 threads)
[2025-12-22T15:30:38.344+0000][237.489s][info ][safepoint     ] Application time: 1.0002937 seconds
[2025-12-22T15:30:38.344+0000][237.489s][info ][safepoint     ] Entering safepoint region: Cleanup
[2025-12-22T15:30:38.345+0000][237.490s][info ][safepoint     ] Leaving safepoint region
[2025-12-22T15:30:38.345+0000][237.490s][info ][safepoint     ] Total time for which application threads were stopped: 0.0008480 seconds, Stopping threads took: 0.0001979 seconds
[2025-12-22T15:30:39.345+0000][238.490s][debug][safepoint     ] Safepoint synchronization initiated. (266 threads)
[2025-12-22T15:30:39.345+0000][238.490s][info ][safepoint     ] Application time: 1.0002567 seconds
[2025-12-22T15:30:39.345+0000][238.490s][info ][safepoint     ] Entering safepoint region: Cleanup
[2025-12-22T15:30:39.346+0000][238.491s][info ][safepoint     ] Leaving safepoint region
[2025-12-22T15:30:39.346+0000][238.491s][info ][safepoint     ] Total time for which application threads were stopped: 0.0007172 seconds, Stopping threads took: 0.0001885 seconds
[2025-12-22T15:30:40.346+0000][239.491s][debug][safepoint     ] Safepoint synchronization initiated. (266 threads)
[2025-12-22T15:30:40.346+0000][239.491s][info ][safepoint     ] Application time: 1.0004255 seconds
[2025-12-22T15:30:40.346+0000][239.492s][info ][safepoint     ] Entering safepoint region: Cleanup
[2025-12-22T15:30:40.347+0000][239.492s][info ][safepoint     ] Leaving safepoint region
[2025-12-22T15:30:40.347+0000][239.492s][info ][safepoint     ] Total time for which application threads were stopped: 0.0007877 seconds, Stopping threads took: 0.0001639 seconds
[2025-12-22T15:30:41.347+0000][240.492s][debug][safepoint     ] Safepoint synchronization initiated. (266 threads)
[2025-12-22T15:30:41.347+0000][240.493s][info ][safepoint     ] Application time: 1.0001700 seconds
[2025-12-22T15:30:41.347+0000][240.493s][info ][safepoint     ] Entering safepoint region: Cleanup
[2025-12-22T15:30:41.348+0000][240.493s][info ][safepoint     ] Leaving safepoint region
[2025-12-22T15:30:41.348+0000][240.493s][info ][safepoint     ] Total time for which application threads were stopped: 0.0007311 seconds, Stopping threads took: 0.0001669 seconds
[2025-12-22T15:30:42.046+0000][241.192s][debug][safepoint     ] Safepoint synchronization initiated. (265 threads)
[2025-12-22T15:30:42.047+0000][241.192s][info ][safepoint     ] Application time: 0.6986882 seconds
[2025-12-22T15:30:42.047+0000][241.192s][debug][safepoint     ] ... found polling page return exception at pc = 0x00007fb9d43bff1f, stub =0x00007fb9cc824b00
[2025-12-22T15:30:42.047+0000][241.192s][debug][safepoint     ] Waiting for 1 thread(s) to block
[2025-12-22T15:30:42.047+0000][241.192s][info ][safepoint     ] Entering safepoint region: G1CollectForAllocation
[2025-12-22T15:30:42.047+0000][241.193s][info ][gc,start      ] GC(89) Pause Young (Normal) (G1 Evacuation Pause)
[2025-12-22T15:30:42.047+0000][241.193s][info ][gc,task       ] GC(89) Using 4 workers of 4 for evacuation
[2025-12-22T15:30:42.061+0000][241.207s][info ][gc,phases     ] GC(89)   Pre Evacuate Collection Set: 0.0ms
[2025-12-22T15:30:42.062+0000][241.207s][info ][gc,phases     ] GC(89)   Evacuate Collection Set: 8.3ms
[2025-12-22T15:30:42.062+0000][241.207s][info ][gc,phases     ] GC(89)   Post Evacuate Collection Set: 5.5ms
[2025-12-22T15:30:42.062+0000][241.207s][info ][gc,phases     ] GC(89)   Other: 0.5ms
[2025-12-22T15:30:42.062+0000][241.207s][info ][gc,heap       ] GC(89) Eden regions: 171->0(172)
[2025-12-22T15:30:42.062+0000][241.207s][info ][gc,heap       ] GC(89) Survivor regions: 6->6(23)
[2025-12-22T15:30:42.062+0000][241.207s][info ][gc,heap       ] GC(89) Old regions: 169->169
[2025-12-22T15:30:42.062+0000][241.207s][info ][gc,heap       ] GC(89) Humongous regions: 0->0
[2025-12-22T15:30:42.062+0000][241.207s][info ][gc,metaspace  ] GC(89) Metaspace: 176836K(182812K)->176836K(182812K) NonClass: 156288K(159952K)->156288K(159952K) Class: 20548K(22860K)->20548K(22860K)
[2025-12-22T15:30:42.062+0000][241.207s][info ][gc            ] GC(89) Pause Young (Normal) (G1 Evacuation Pause) 343M->172M(393M) 14.472ms
[2025-12-22T15:30:42.062+0000][241.207s][info ][gc,cpu        ] GC(89) User=0.04s Sys=0.00s Real=0.01s
[2025-12-22T15:30:42.062+0000][241.207s][info ][safepoint     ] Leaving safepoint region
[2025-12-22T15:30:42.062+0000][241.207s][info ][safepoint     ] Total time for which application threads were stopped: 0.0152887 seconds, Stopping threads took: 0.0002819 seconds
[2025-12-22T15:30:42.062+0000][241.207s][info ][gc,stringdedup] Concurrent String Deduplication (241.207s)
[2025-12-22T15:30:42.062+0000][241.207s][info ][gc,stringdedup] Concurrent String Deduplication 1560.0B->0.0B(1560.0B) avg 54.3% (241.207s, 241.207s) 0.051ms
[2025-12-22T15:30:43.062+0000][242.208s][debug][safepoint     ] Safepoint synchronization initiated. (263 threads)
[2025-12-22T15:30:43.062+0000][242.208s][info ][safepoint     ] Application time: 1.0005810 seconds
[2025-12-22T15:30:43.063+0000][242.208s][info ][safepoint     ] Entering safepoint region: Cleanup
[2025-12-22T15:30:43.063+0000][242.209s][info ][safepoint     ] Leaving safepoint region
[2025-12-22T15:30:43.063+0000][242.209s][info ][safepoint     ] Total time for which application threads were stopped: 0.0008437 seconds, Stopping threads took: 0.0001613 seconds
[2025-12-22T15:30:44.064+0000][243.209s][debug][safepoint     ] Safepoint synchronization initiated. (263 threads)
[2025-12-22T15:30:44.064+0000][243.209s][info ][safepoint     ] Application time: 1.0003140 seconds
[2025-12-22T15:30:44.064+0000][243.209s][info ][safepoint     ] Entering safepoint region: Cleanup
[2025-12-22T15:30:44.064+0000][243.210s][info ][safepoint     ] Leaving safepoint region
[2025-12-22T15:30:44.065+0000][243.210s][info ][safepoint     ] Total time for which application threads were stopped: 0.0008454 seconds, Stopping threads took: 0.0001975 seconds
[2025-12-22T15:30:45.065+0000][244.210s][debug][safepoint     ] Safepoint synchronization initiated. (263 threads)
[2025-12-22T15:30:45.065+0000][244.210s][info ][safepoint     ] Application time: 1.0002296 seconds
[2025-12-22T15:30:45.065+0000][244.210s][info ][safepoint     ] Entering safepoint region: Cleanup
[2025-12-22T15:30:45.066+0000][244.211s][info ][safepoint     ] Leaving safepoint region
[2025-12-22T15:30:45.066+0000][244.211s][info ][safepoint     ] Total time for which application threads were stopped: 0.0007409 seconds, Stopping threads took: 0.0001885 seconds
[2025-12-22T15:30:46.066+0000][245.211s][debug][safepoint     ] Safepoint synchronization initiated. (263 threads)
[2025-12-22T15:30:46.066+0000][245.211s][info ][safepoint     ] Application time: 1.0002482 seconds
[2025-12-22T15:30:46.066+0000][245.211s][info ][safepoint     ] Entering safepoint region: Cleanup
[2025-12-22T15:30:46.067+0000][245.212s][info ][safepoint     ] Leaving safepoint region
[2025-12-22T15:30:46.067+0000][245.212s][info ][safepoint     ] Total time for which application threads were stopped: 0.0010066 seconds, Stopping threads took: 0.0002031 seconds
[2025-12-22T15:30:47.067+0000][246.212s][debug][safepoint     ] Safepoint synchronization initiated. (263 threads)
[2025-12-22T15:30:47.067+0000][246.212s][info ][safepoint     ] Application time: 1.0002032 seconds
[2025-12-22T15:30:47.067+0000][246.213s][info ][safepoint     ] Entering safepoint region: Cleanup
[2025-12-22T15:30:47.068+0000][246.213s][info ][safepoint     ] Leaving safepoint region
[2025-12-22T15:30:47.068+0000][246.213s][info ][safepoint     ] Total time for which application threads were stopped: 0.0007778 seconds, Stopping threads took: 0.0001685 seconds
[2025-12-22T15:30:48.068+0000][247.214s][debug][safepoint     ] Safepoint synchronization initiated. (263 threads)
[2025-12-22T15:30:48.068+0000][247.214s][info ][safepoint     ] Application time: 1.0002988 seconds
[2025-12-22T15:30:48.069+0000][247.214s][info ][safepoint     ] Entering safepoint region: Cleanup
[2025-12-22T15:30:48.069+0000][247.214s][info ][safepoint     ] Leaving safepoint region
[2025-12-22T15:30:48.069+0000][247.214s][info ][safepoint     ] Total time for which application threads were stopped: 0.0006378 seconds, Stopping threads took: 0.0002740 seconds
[2025-12-22T15:30:49.069+0000][248.215s][debug][safepoint     ] Safepoint synchronization initiated. (263 threads)
[2025-12-22T15:30:49.069+0000][248.215s][info ][safepoint     ] Application time: 1.0003006 seconds
[2025-12-22T15:30:49.069+0000][248.215s][info ][safepoint     ] Entering safepoint region: Cleanup
[2025-12-22T15:30:49.070+0000][248.215s][info ][safepoint     ] Leaving safepoint region
[2025-12-22T15:30:49.070+0000][248.215s][info ][safepoint     ] Total time for which application threads were stopped: 0.0006811 seconds, Stopping threads took: 0.0001512 seconds
[2025-12-22T15:30:50.071+0000][249.216s][debug][safepoint     ] Safepoint synchronization initiated. (263 threads)
[2025-12-22T15:30:50.071+0000][249.216s][info ][safepoint     ] Application time: 1.0007603 seconds
[2025-12-22T15:30:50.071+0000][249.216s][info ][safepoint     ] Entering safepoint region: Cleanup
[2025-12-22T15:30:50.071+0000][249.217s][info ][safepoint     ] Leaving safepoint region
[2025-12-22T15:30:50.071+0000][249.217s][info ][safepoint     ] Total time for which application threads were stopped: 0.0006558 seconds, Stopping threads took: 0.0002118 seconds
[2025-12-22T15:30:51.072+0000][250.217s][debug][safepoint     ] Safepoint synchronization initiated. (263 threads)
[2025-12-22T15:30:51.072+0000][250.217s][info ][safepoint     ] Application time: 1.0003276 seconds
[2025-12-22T15:30:51.072+0000][250.218s][info ][safepoint     ] Entering safepoint region: Cleanup
[2025-12-22T15:30:51.073+0000][250.218s][info ][safepoint     ] Leaving safepoint region
[2025-12-22T15:30:51.073+0000][250.218s][info ][safepoint     ] Total time for which application threads were stopped: 0.0009438 seconds, Stopping threads took: 0.0003603 seconds
[2025-12-22T15:30:52.073+0000][251.218s][debug][safepoint     ] Safepoint synchronization initiated. (263 threads)
[2025-12-22T15:30:52.073+0000][251.218s][info ][safepoint     ] Application time: 1.0002821 seconds
[2025-12-22T15:30:52.073+0000][251.219s][info ][safepoint     ] Entering safepoint region: Cleanup
[2025-12-22T15:30:52.074+0000][251.219s][info ][safepoint     ] Leaving safepoint region
[2025-12-22T15:30:52.074+0000][251.219s][info ][safepoint     ] Total time for which application threads were stopped: 0.0006606 seconds, Stopping threads took: 0.0002146 seconds
[2025-12-22T15:30:53.074+0000][252.219s][debug][safepoint     ] Safepoint synchronization initiated. (263 threads)
[2025-12-22T15:30:53.074+0000][252.219s][info ][safepoint     ] Application time: 1.0002386 seconds
[2025-12-22T15:30:53.074+0000][252.220s][info ][safepoint     ] Entering safepoint region: Cleanup
[2025-12-22T15:30:53.075+0000][252.220s][info ][safepoint     ] Leaving safepoint region
[2025-12-22T15:30:53.075+0000][252.220s][info ][safepoint     ] Total time for which application threads were stopped: 0.0006074 seconds, Stopping threads took: 0.0001568 seconds
[2025-12-22T15:30:54.075+0000][253.220s][debug][safepoint     ] Safepoint synchronization initiated. (263 threads)
[2025-12-22T15:30:54.075+0000][253.220s][info ][safepoint     ] Application time: 1.0002474 seconds
[2025-12-22T15:30:54.075+0000][253.221s][info ][safepoint     ] Entering safepoint region: Cleanup
[2025-12-22T15:30:54.076+0000][253.221s][info ][safepoint     ] Leaving safepoint region
[2025-12-22T15:30:54.076+0000][253.221s][info ][safepoint     ] Total time for which application threads were stopped: 0.0007618 seconds, Stopping threads took: 0.0002514 seconds
[2025-12-22T15:30:55.076+0000][254.221s][debug][safepoint     ] Safepoint synchronization initiated. (263 threads)
[2025-12-22T15:30:55.076+0000][254.221s][info ][safepoint     ] Application time: 1.0002341 seconds
[2025-12-22T15:30:55.076+0000][254.221s][info ][safepoint     ] Entering safepoint region: Cleanup
[2025-12-22T15:30:55.077+0000][254.222s][info ][safepoint     ] Leaving safepoint region
[2025-12-22T15:30:55.077+0000][254.222s][info ][safepoint     ] Total time for which application threads were stopped: 0.0007024 seconds, Stopping threads took: 0.0001773 seconds
[2025-12-22T15:30:56.077+0000][255.222s][debug][safepoint     ] Safepoint synchronization initiated. (263 threads)
[2025-12-22T15:30:56.077+0000][255.222s][info ][safepoint     ] Application time: 1.0003615 seconds
[2025-12-22T15:30:56.077+0000][255.223s][info ][safepoint     ] Entering safepoint region: Cleanup
[2025-12-22T15:30:56.078+0000][255.223s][info ][safepoint     ] Leaving safepoint region
[2025-12-22T15:30:56.078+0000][255.223s][info ][safepoint     ] Total time for which application threads were stopped: 0.0009863 seconds, Stopping threads took: 0.0004108 seconds
[2025-12-22T15:30:57.078+0000][256.224s][debug][safepoint     ] Safepoint synchronization initiated. (263 threads)
[2025-12-22T15:30:57.078+0000][256.224s][info ][safepoint     ] Application time: 1.0001674 seconds
[2025-12-22T15:30:57.078+0000][256.224s][info ][safepoint     ] Entering safepoint region: Cleanup
[2025-12-22T15:30:57.079+0000][256.224s][info ][safepoint     ] Leaving safepoint region
[2025-12-22T15:30:57.079+0000][256.224s][info ][safepoint     ] Total time for which application threads were stopped: 0.0006467 seconds, Stopping threads took: 0.0001690 seconds
[2025-12-22T15:30:58.079+0000][257.225s][debug][safepoint     ] Safepoint synchronization initiated. (263 threads)
[2025-12-22T15:30:58.079+0000][257.225s][info ][safepoint     ] Application time: 1.0002044 seconds
[2025-12-22T15:30:58.079+0000][257.225s][debug][safepoint     ] ... found polling page return exception at pc = 0x00007fb9d42fb032, stub =0x00007fb9cc824b00
[2025-12-22T15:30:58.080+0000][257.225s][debug][safepoint     ] Waiting for 1 thread(s) to block
[2025-12-22T15:30:58.080+0000][257.225s][info ][safepoint     ] Entering safepoint region: Cleanup
[2025-12-22T15:30:58.080+0000][257.226s][info ][safepoint     ] Leaving safepoint region
[2025-12-22T15:30:58.080+0000][257.226s][info ][safepoint     ] Total time for which application threads were stopped: 0.0010575 seconds, Stopping threads took: 0.0006058 seconds
[2025-12-22T15:30:59.080+0000][258.226s][debug][safepoint     ] Safepoint synchronization initiated. (263 threads)
[2025-12-22T15:30:59.081+0000][258.226s][info ][safepoint     ] Application time: 1.0002509 seconds
[2025-12-22T15:30:59.081+0000][258.226s][info ][safepoint     ] Entering safepoint region: Cleanup
[2025-12-22T15:30:59.081+0000][258.227s][info ][safepoint     ] Leaving safepoint region
[2025-12-22T15:30:59.081+0000][258.227s][info ][safepoint     ] Total time for which application threads were stopped: 0.0006597 seconds, Stopping threads took: 0.0001817 seconds
[2025-12-22T15:31:00.081+0000][259.227s][debug][safepoint     ] Safepoint synchronization initiated. (263 threads)
[2025-12-22T15:31:00.082+0000][259.227s][info ][safepoint     ] Application time: 1.0002959 seconds
[2025-12-22T15:31:00.082+0000][259.227s][info ][safepoint     ] Entering safepoint region: Cleanup
[2025-12-22T15:31:00.082+0000][259.228s][info ][safepoint     ] Leaving safepoint region
[2025-12-22T15:31:00.082+0000][259.228s][info ][safepoint     ] Total time for which application threads were stopped: 0.0005931 seconds, Stopping threads took: 0.0001812 seconds
[2025-12-22T15:31:01.082+0000][260.228s][debug][safepoint     ] Safepoint synchronization initiated. (263 threads)
[2025-12-22T15:31:01.082+0000][260.228s][info ][safepoint     ] Application time: 1.0003059 seconds
[2025-12-22T15:31:01.083+0000][260.228s][info ][safepoint     ] Entering safepoint region: Cleanup
[2025-12-22T15:31:01.083+0000][260.229s][debug][safepoint     ] ... found polling page return exception at pc = 0x00007fb9d4676756, stub =0x00007fb9cc824b00
[2025-12-22T15:31:01.083+0000][260.229s][info ][safepoint     ] Leaving safepoint region
[2025-12-22T15:31:01.083+0000][260.229s][info ][safepoint     ] Total time for which application threads were stopped: 0.0008460 seconds, Stopping threads took: 0.0002246 seconds
[2025-12-22T15:31:02.084+0000][261.229s][debug][safepoint     ] Safepoint synchronization initiated. (263 threads)
[2025-12-22T15:31:02.084+0000][261.229s][info ][safepoint     ] Application time: 1.0003474 seconds
[2025-12-22T15:31:02.084+0000][261.229s][info ][safepoint     ] Entering safepoint region: Cleanup
[2025-12-22T15:31:02.085+0000][261.230s][info ][safepoint     ] Leaving safepoint region
[2025-12-22T15:31:02.085+0000][261.230s][info ][safepoint     ] Total time for which application threads were stopped: 0.0009460 seconds, Stopping threads took: 0.0001939 seconds
[2025-12-22T15:31:02.085+0000][261.230s][debug][safepoint     ] ... found polling page return exception at pc = 0x00007fb9d4676756, stub =0x00007fb9cc824b00
[2025-12-22T15:31:03.085+0000][262.230s][debug][safepoint     ] Safepoint synchronization initiated. (263 threads)
[2025-12-22T15:31:03.086+0000][262.231s][info ][safepoint     ] Application time: 1.0013194 seconds
[2025-12-22T15:31:03.086+0000][262.232s][info ][safepoint     ] Entering safepoint region: Cleanup
[2025-12-22T15:31:03.087+0000][262.232s][info ][safepoint     ] Leaving safepoint region
[2025-12-22T15:31:03.087+0000][262.232s][info ][safepoint     ] Total time for which application threads were stopped: 0.0007067 seconds, Stopping threads took: 0.0002339 seconds
[2025-12-22T15:31:04.087+0000][263.232s][debug][safepoint     ] Safepoint synchronization initiated. (263 threads)
[2025-12-22T15:31:04.087+0000][263.232s][info ][safepoint     ] Application time: 1.0001845 seconds
[2025-12-22T15:31:04.087+0000][263.233s][info ][safepoint     ] Entering safepoint region: Cleanup
[2025-12-22T15:31:04.088+0000][263.233s][info ][safepoint     ] Leaving safepoint region
[2025-12-22T15:31:04.088+0000][263.233s][info ][safepoint     ] Total time for which application threads were stopped: 0.0006272 seconds, Stopping threads took: 0.0002005 seconds
[2025-12-22T15:31:05.088+0000][264.233s][debug][safepoint     ] Safepoint synchronization initiated. (263 threads)
[2025-12-22T15:31:05.088+0000][264.233s][info ][safepoint     ] Application time: 1.0002046 seconds
[2025-12-22T15:31:05.088+0000][264.234s][info ][safepoint     ] Entering safepoint region: Cleanup
[2025-12-22T15:31:05.089+0000][264.234s][info ][safepoint     ] Leaving safepoint region
[2025-12-22T15:31:05.089+0000][264.234s][info ][safepoint     ] Total time for which application threads were stopped: 0.0007673 seconds, Stopping threads took: 0.0002186 seconds
[2025-12-22T15:31:06.089+0000][265.234s][debug][safepoint     ] Safepoint synchronization initiated. (263 threads)
[2025-12-22T15:31:06.089+0000][265.234s][info ][safepoint     ] Application time: 1.0002289 seconds
[2025-12-22T15:31:06.089+0000][265.234s][info ][safepoint     ] Entering safepoint region: Cleanup
[2025-12-22T15:31:06.090+0000][265.235s][info ][safepoint     ] Leaving safepoint region
[2025-12-22T15:31:06.090+0000][265.235s][info ][safepoint     ] Total time for which application threads were stopped: 0.0006020 seconds, Stopping threads took: 0.0001416 seconds
[2025-12-22T15:31:07.090+0000][266.235s][debug][safepoint     ] Safepoint synchronization initiated. (263 threads)
[2025-12-22T15:31:07.090+0000][266.235s][info ][safepoint     ] Application time: 1.0001767 seconds
[2025-12-22T15:31:07.090+0000][266.235s][info ][safepoint     ] Entering safepoint region: Cleanup
[2025-12-22T15:31:07.091+0000][266.236s][info ][safepoint     ] Leaving safepoint region
[2025-12-22T15:31:07.091+0000][266.236s][info ][safepoint     ] Total time for which application threads were stopped: 0.0009255 seconds, Stopping threads took: 0.0002992 seconds
[2025-12-22T15:31:08.091+0000][267.236s][debug][safepoint     ] Safepoint synchronization initiated. (263 threads)
[2025-12-22T15:31:08.091+0000][267.236s][info ][safepoint     ] Application time: 1.0002175 seconds
[2025-12-22T15:31:08.091+0000][267.236s][debug][safepoint     ] Waiting for 1 thread(s) to block
[2025-12-22T15:31:08.091+0000][267.237s][info ][safepoint     ] Entering safepoint region: Cleanup
[2025-12-22T15:31:08.092+0000][267.237s][info ][safepoint     ] Leaving safepoint region
[2025-12-22T15:31:08.092+0000][267.237s][info ][safepoint     ] Total time for which application threads were stopped: 0.0006471 seconds, Stopping threads took: 0.0002877 seconds
[2025-12-22T15:31:09.092+0000][268.237s][debug][safepoint     ] Safepoint synchronization initiated. (263 threads)
[2025-12-22T15:31:09.092+0000][268.237s][info ][safepoint     ] Application time: 1.0003188 seconds
[2025-12-22T15:31:09.092+0000][268.238s][info ][safepoint     ] Entering safepoint region: Cleanup
[2025-12-22T15:31:09.093+0000][268.238s][info ][safepoint     ] Leaving safepoint region
[2025-12-22T15:31:09.093+0000][268.238s][info ][safepoint     ] Total time for which application threads were stopped: 0.0007093 seconds, Stopping threads took: 0.0002096 seconds
[2025-12-22T15:31:09.681+0000][268.827s][debug][safepoint     ] Safepoint synchronization initiated. (263 threads)
[2025-12-22T15:31:09.681+0000][268.827s][info ][safepoint     ] Application time: 0.5887276 seconds
[2025-12-22T15:31:09.682+0000][268.827s][info ][safepoint     ] Entering safepoint region: G1CollectForAllocation
[2025-12-22T15:31:09.682+0000][268.828s][info ][gc,start      ] GC(90) Pause Young (Normal) (G1 Evacuation Pause)
[2025-12-22T15:31:09.682+0000][268.828s][info ][gc,task       ] GC(90) Using 4 workers of 4 for evacuation
[2025-12-22T15:31:09.702+0000][268.848s][info ][gc,phases     ] GC(90)   Pre Evacuate Collection Set: 0.5ms
[2025-12-22T15:31:09.702+0000][268.848s][info ][gc,phases     ] GC(90)   Evacuate Collection Set: 11.2ms
[2025-12-22T15:31:09.702+0000][268.848s][info ][gc,phases     ] GC(90)   Post Evacuate Collection Set: 7.6ms
[2025-12-22T15:31:09.702+0000][268.848s][info ][gc,phases     ] GC(90)   Other: 1.1ms
[2025-12-22T15:31:09.702+0000][268.848s][info ][gc,heap       ] GC(90) Eden regions: 172->0(172)
[2025-12-22T15:31:09.702+0000][268.848s][info ][gc,heap       ] GC(90) Survivor regions: 6->6(23)
[2025-12-22T15:31:09.702+0000][268.848s][info ][gc,heap       ] GC(90) Old regions: 169->169
[2025-12-22T15:31:09.702+0000][268.848s][info ][gc,heap       ] GC(90) Humongous regions: 0->0
[2025-12-22T15:31:09.702+0000][268.848s][info ][gc,metaspace  ] GC(90) Metaspace: 176866K(182812K)->176866K(182812K) NonClass: 156317K(159952K)->156317K(159952K) Class: 20548K(22860K)->20548K(22860K)
[2025-12-22T15:31:09.703+0000][268.848s][info ][gc            ] GC(90) Pause Young (Normal) (G1 Evacuation Pause) 344M->172M(393M) 20.305ms
[2025-12-22T15:31:09.703+0000][268.848s][info ][gc,cpu        ] GC(90) User=0.06s Sys=0.00s Real=0.02s
[2025-12-22T15:31:09.703+0000][268.848s][info ][safepoint     ] Leaving safepoint region
[2025-12-22T15:31:09.703+0000][268.848s][info ][safepoint     ] Total time for which application threads were stopped: 0.0212353 seconds, Stopping threads took: 0.0001194 seconds
[2025-12-22T15:31:09.703+0000][268.848s][info ][gc,stringdedup] Concurrent String Deduplication (268.848s)
[2025-12-22T15:31:09.703+0000][268.848s][info ][gc,stringdedup] Concurrent String Deduplication 912.0B->504.0B(408.0B) avg 54.3% (268.848s, 268.848s) 0.054ms
[2025-12-22T15:31:10.703+0000][269.848s][debug][safepoint     ] Safepoint synchronization initiated. (263 threads)
[2025-12-22T15:31:10.703+0000][269.848s][info ][safepoint     ] Application time: 1.0002996 seconds
[2025-12-22T15:31:10.703+0000][269.849s][info ][safepoint     ] Entering safepoint region: Cleanup
[2025-12-22T15:31:10.704+0000][269.849s][info ][safepoint     ] Leaving safepoint region
[2025-12-22T15:31:10.704+0000][269.849s][info ][safepoint     ] Total time for which application threads were stopped: 0.0009255 seconds, Stopping threads took: 0.0001936 seconds
[2025-12-22T15:31:11.704+0000][270.850s][debug][safepoint     ] Safepoint synchronization initiated. (263 threads)
[2025-12-22T15:31:11.704+0000][270.850s][info ][safepoint     ] Application time: 1.0002332 seconds
[2025-12-22T15:31:11.704+0000][270.850s][info ][safepoint     ] Entering safepoint region: Cleanup
[2025-12-22T15:31:11.705+0000][270.850s][info ][safepoint     ] Leaving safepoint region
[2025-12-22T15:31:11.705+0000][270.850s][info ][safepoint     ] Total time for which application threads were stopped: 0.0006436 seconds, Stopping threads took: 0.0001636 seconds
[2025-12-22T15:31:12.705+0000][271.851s][debug][safepoint     ] Safepoint synchronization initiated. (263 threads)
[2025-12-22T15:31:12.705+0000][271.851s][info ][safepoint     ] Application time: 1.0003268 seconds
[2025-12-22T15:31:12.705+0000][271.851s][info ][safepoint     ] Entering safepoint region: Cleanup
[2025-12-22T15:31:12.706+0000][271.851s][info ][safepoint     ] Leaving safepoint region
[2025-12-22T15:31:12.706+0000][271.851s][info ][safepoint     ] Total time for which application threads were stopped: 0.0008107 seconds, Stopping threads took: 0.0003060 seconds
[2025-12-22T15:31:13.706+0000][272.852s][debug][safepoint     ] Safepoint synchronization initiated. (263 threads)
[2025-12-22T15:31:13.706+0000][272.852s][info ][safepoint     ] Application time: 1.0002412 seconds
[2025-12-22T15:31:13.706+0000][272.852s][info ][safepoint     ] Entering safepoint region: Cleanup
[2025-12-22T15:31:13.708+0000][272.853s][info ][safepoint     ] Leaving safepoint region
[2025-12-22T15:31:13.708+0000][272.853s][info ][safepoint     ] Total time for which application threads were stopped: 0.0015014 seconds, Stopping threads took: 0.0001480 seconds
[2025-12-22T15:31:14.708+0000][273.853s][debug][safepoint     ] Safepoint synchronization initiated. (263 threads)
[2025-12-22T15:31:14.708+0000][273.854s][info ][safepoint     ] Application time: 1.0002402 seconds
[2025-12-22T15:31:14.708+0000][273.854s][info ][safepoint     ] Entering safepoint region: Cleanup
[2025-12-22T15:31:14.709+0000][273.854s][info ][safepoint     ] Leaving safepoint region
[2025-12-22T15:31:14.709+0000][273.854s][info ][safepoint     ] Total time for which application threads were stopped: 0.0007921 seconds, Stopping threads took: 0.0001435 seconds
[2025-12-22T15:31:15.709+0000][274.855s][debug][safepoint     ] Safepoint synchronization initiated. (263 threads)
[2025-12-22T15:31:15.709+0000][274.855s][info ][safepoint     ] Application time: 1.0002480 seconds
[2025-12-22T15:31:15.709+0000][274.855s][info ][safepoint     ] Entering safepoint region: Cleanup
[2025-12-22T15:31:15.710+0000][274.855s][info ][safepoint     ] Leaving safepoint region
[2025-12-22T15:31:15.710+0000][274.855s][info ][safepoint     ] Total time for which application threads were stopped: 0.0007407 seconds, Stopping threads took: 0.0002877 seconds
[2025-12-22T15:31:15.710+0000][274.855s][debug][safepoint     ] ... found polling page return exception at pc = 0x00007fb9d4676756, stub =0x00007fb9cc824b00
[2025-12-22T15:31:15.710+0000][274.855s][debug][safepoint     ] ... found polling page return exception at pc = 0x00007fb9d4676756, stub =0x00007fb9cc824b00
[2025-12-22T15:31:16.710+0000][275.856s][debug][safepoint     ] Safepoint synchronization initiated. (263 threads)
[2025-12-22T15:31:16.710+0000][275.856s][info ][safepoint     ] Application time: 1.0001881 seconds
[2025-12-22T15:31:16.710+0000][275.856s][info ][safepoint     ] Entering safepoint region: Cleanup
[2025-12-22T15:31:16.711+0000][275.856s][info ][safepoint     ] Leaving safepoint region
[2025-12-22T15:31:16.711+0000][275.856s][info ][safepoint     ] Total time for which application threads were stopped: 0.0006246 seconds, Stopping threads took: 0.0001769 seconds
[2025-12-22T15:31:17.711+0000][276.856s][debug][safepoint     ] Safepoint synchronization initiated. (263 threads)
[2025-12-22T15:31:17.711+0000][276.857s][info ][safepoint     ] Application time: 1.0002819 seconds
[2025-12-22T15:31:17.711+0000][276.857s][info ][safepoint     ] Entering safepoint region: Cleanup
[2025-12-22T15:31:17.712+0000][276.857s][info ][safepoint     ] Leaving safepoint region
[2025-12-22T15:31:17.712+0000][276.857s][info ][safepoint     ] Total time for which application threads were stopped: 0.0008317 seconds, Stopping threads took: 0.0001902 seconds
[2025-12-22T15:31:18.712+0000][277.857s][debug][safepoint     ] Safepoint synchronization initiated. (263 threads)
[2025-12-22T15:31:18.712+0000][277.857s][info ][safepoint     ] Application time: 1.0001164 seconds
[2025-12-22T15:31:18.712+0000][277.858s][debug][safepoint     ] ... found polling page return exception at pc = 0x00007fb9d446fa68, stub =0x00007fb9cc824b00
[2025-12-22T15:31:18.712+0000][277.858s][debug][safepoint     ] Waiting for 1 thread(s) to block
[2025-12-22T15:31:18.712+0000][277.858s][info ][safepoint     ] Entering safepoint region: Cleanup
[2025-12-22T15:31:18.713+0000][277.858s][info ][safepoint     ] Leaving safepoint region
[2025-12-22T15:31:18.713+0000][277.858s][info ][safepoint     ] Total time for which application threads were stopped: 0.0007003 seconds, Stopping threads took: 0.0003572 seconds
[2025-12-22T15:31:19.713+0000][278.858s][debug][safepoint     ] Safepoint synchronization initiated. (263 threads)
[2025-12-22T15:31:19.713+0000][278.858s][info ][safepoint     ] Application time: 1.0002364 seconds
[2025-12-22T15:31:19.713+0000][278.859s][info ][safepoint     ] Entering safepoint region: Cleanup
[2025-12-22T15:31:19.714+0000][278.859s][info ][safepoint     ] Leaving safepoint region
[2025-12-22T15:31:19.714+0000][278.859s][info ][safepoint     ] Total time for which application threads were stopped: 0.0005322 seconds, Stopping threads took: 0.0001540 seconds
[2025-12-22T15:31:20.714+0000][279.859s][debug][safepoint     ] Safepoint synchronization initiated. (263 threads)
[2025-12-22T15:31:20.714+0000][279.859s][info ][safepoint     ] Application time: 1.0001604 seconds
[2025-12-22T15:31:20.714+0000][279.859s][info ][safepoint     ] Entering safepoint region: Cleanup
[2025-12-22T15:31:20.715+0000][279.860s][info ][safepoint     ] Leaving safepoint region
[2025-12-22T15:31:20.715+0000][279.860s][info ][safepoint     ] Total time for which application threads were stopped: 0.0006930 seconds, Stopping threads took: 0.0001932 seconds
[2025-12-22T15:31:21.715+0000][280.860s][debug][safepoint     ] Safepoint synchronization initiated. (263 threads)
[2025-12-22T15:31:21.715+0000][280.860s][info ][safepoint     ] Application time: 1.0003044 seconds
[2025-12-22T15:31:21.715+0000][280.861s][info ][safepoint     ] Entering safepoint region: Cleanup
[2025-12-22T15:31:21.716+0000][280.861s][info ][safepoint     ] Leaving safepoint region
[2025-12-22T15:31:21.716+0000][280.861s][info ][safepoint     ] Total time for which application threads were stopped: 0.0006767 seconds, Stopping threads took: 0.0002638 seconds
[2025-12-22T15:31:22.716+0000][281.861s][debug][safepoint     ] Safepoint synchronization initiated. (263 threads)
[2025-12-22T15:31:22.716+0000][281.861s][info ][safepoint     ] Application time: 1.0002520 seconds
[2025-12-22T15:31:22.716+0000][281.861s][info ][safepoint     ] Entering safepoint region: Cleanup
[2025-12-22T15:31:22.717+0000][281.862s][info ][safepoint     ] Leaving safepoint region
[2025-12-22T15:31:22.717+0000][281.862s][info ][safepoint     ] Total time for which application threads were stopped: 0.0008369 seconds, Stopping threads took: 0.0001819 seconds
[2025-12-22T15:31:23.717+0000][282.862s][debug][safepoint     ] Safepoint synchronization initiated. (263 threads)
[2025-12-22T15:31:23.717+0000][282.862s][info ][safepoint     ] Application time: 1.0003360 seconds
[2025-12-22T15:31:23.717+0000][282.863s][info ][safepoint     ] Entering safepoint region: Cleanup
[2025-12-22T15:31:23.718+0000][282.863s][info ][safepoint     ] Leaving safepoint region
[2025-12-22T15:31:23.718+0000][282.863s][info ][safepoint     ] Total time for which application threads were stopped: 0.0007462 seconds, Stopping threads took: 0.0002494 seconds
[2025-12-22T15:31:24.718+0000][283.863s][debug][safepoint     ] Safepoint synchronization initiated. (263 threads)
[2025-12-22T15:31:24.718+0000][283.864s][info ][safepoint     ] Application time: 1.0002612 seconds
[2025-12-22T15:31:24.718+0000][283.864s][debug][safepoint     ] ... found polling page return exception at pc = 0x00007fb9d452561d, stub =0x00007fb9cc824b00
[2025-12-22T15:31:24.718+0000][283.864s][debug][safepoint     ] Waiting for 1 thread(s) to block
[2025-12-22T15:31:24.719+0000][283.864s][info ][safepoint     ] Entering safepoint region: Cleanup
[2025-12-22T15:31:24.719+0000][283.864s][info ][safepoint     ] Leaving safepoint region
[2025-12-22T15:31:24.719+0000][283.865s][info ][safepoint     ] Total time for which application threads were stopped: 0.0009114 seconds, Stopping threads took: 0.0004088 seconds
[2025-12-22T15:31:25.719+0000][284.865s][debug][safepoint     ] Safepoint synchronization initiated. (263 threads)
[2025-12-22T15:31:25.719+0000][284.865s][info ][safepoint     ] Application time: 1.0002468 seconds
[2025-12-22T15:31:25.720+0000][284.865s][info ][safepoint     ] Entering safepoint region: Cleanup
[2025-12-22T15:31:25.720+0000][284.866s][info ][safepoint     ] Leaving safepoint region
[2025-12-22T15:31:25.720+0000][284.866s][info ][safepoint     ] Total time for which application threads were stopped: 0.0008063 seconds, Stopping threads took: 0.0002257 seconds
[2025-12-22T15:31:26.720+0000][285.866s][debug][safepoint     ] Safepoint synchronization initiated. (262 threads)
[2025-12-22T15:31:26.720+0000][285.866s][info ][safepoint     ] Application time: 1.0002487 seconds
[2025-12-22T15:31:26.721+0000][285.866s][info ][safepoint     ] Entering safepoint region: Cleanup
[2025-12-22T15:31:26.721+0000][285.867s][info ][safepoint     ] Leaving safepoint region
[2025-12-22T15:31:26.721+0000][285.867s][info ][safepoint     ] Total time for which application threads were stopped: 0.0008451 seconds, Stopping threads took: 0.0002103 seconds
[2025-12-22T15:31:27.722+0000][286.867s][debug][safepoint     ] Safepoint synchronization initiated. (262 threads)
[2025-12-22T15:31:27.722+0000][286.867s][info ][safepoint     ] Application time: 1.0003768 seconds
[2025-12-22T15:31:27.722+0000][286.867s][debug][safepoint     ] ... found polling page return exception at pc = 0x00007fb9cdfd27a5, stub =0x00007fb9cc824b00
[2025-12-22T15:31:27.722+0000][286.867s][debug][safepoint     ] Waiting for 1 thread(s) to block
[2025-12-22T15:31:27.723+0000][286.868s][info ][safepoint     ] Entering safepoint region: Cleanup
[2025-12-22T15:31:27.724+0000][286.869s][info ][safepoint     ] Leaving safepoint region
[2025-12-22T15:31:27.724+0000][286.869s][info ][safepoint     ] Total time for which application threads were stopped: 0.0017699 seconds, Stopping threads took: 0.0010765 seconds
[2025-12-22T15:31:28.724+0000][287.869s][debug][safepoint     ] Safepoint synchronization initiated. (262 threads)
[2025-12-22T15:31:28.724+0000][287.869s][info ][safepoint     ] Application time: 1.0002718 seconds
[2025-12-22T15:31:28.724+0000][287.869s][info ][safepoint     ] Entering safepoint region: Cleanup
[2025-12-22T15:31:28.725+0000][287.870s][info ][safepoint     ] Leaving safepoint region
[2025-12-22T15:31:28.725+0000][287.870s][info ][safepoint     ] Total time for which application threads were stopped: 0.0008300 seconds, Stopping threads took: 0.0002463 seconds
[2025-12-22T15:31:29.725+0000][288.870s][debug][safepoint     ] Safepoint synchronization initiated. (262 threads)
[2025-12-22T15:31:29.725+0000][288.870s][info ][safepoint     ] Application time: 1.0002509 seconds
[2025-12-22T15:31:29.725+0000][288.871s][info ][safepoint     ] Entering safepoint region: Cleanup
[2025-12-22T15:31:29.726+0000][288.871s][info ][safepoint     ] Leaving safepoint region
[2025-12-22T15:31:29.726+0000][288.871s][info ][safepoint     ] Total time for which application threads were stopped: 0.0008222 seconds, Stopping threads took: 0.0001948 seconds
[2025-12-22T15:31:30.726+0000][289.871s][debug][safepoint     ] Safepoint synchronization initiated. (262 threads)
[2025-12-22T15:31:30.726+0000][289.871s][info ][safepoint     ] Application time: 1.0002286 seconds
[2025-12-22T15:31:30.726+0000][289.872s][info ][safepoint     ] Entering safepoint region: Cleanup
[2025-12-22T15:31:30.727+0000][289.872s][info ][safepoint     ] Leaving safepoint region
[2025-12-22T15:31:30.727+0000][289.872s][info ][safepoint     ] Total time for which application threads were stopped: 0.0008021 seconds, Stopping threads took: 0.0001637 seconds
[2025-12-22T15:31:31.727+0000][290.872s][debug][safepoint     ] Safepoint synchronization initiated. (262 threads)
[2025-12-22T15:31:31.727+0000][290.873s][info ][safepoint     ] Application time: 1.0002025 seconds
[2025-12-22T15:31:31.727+0000][290.873s][debug][safepoint     ] ... found polling page return exception at pc = 0x00007fb9d45483a1, stub =0x00007fb9cc824b00
[2025-12-22T15:31:31.727+0000][290.873s][debug][safepoint     ] Waiting for 1 thread(s) to block
[2025-12-22T15:31:31.727+0000][290.873s][info ][safepoint     ] Entering safepoint region: Cleanup
[2025-12-22T15:31:31.728+0000][290.873s][info ][safepoint     ] Leaving safepoint region
[2025-12-22T15:31:31.728+0000][290.874s][info ][safepoint     ] Total time for which application threads were stopped: 0.0009800 seconds, Stopping threads took: 0.0004070 seconds
[2025-12-22T15:31:32.728+0000][291.874s][debug][safepoint     ] Safepoint synchronization initiated. (262 threads)
[2025-12-22T15:31:32.729+0000][291.874s][info ][safepoint     ] Application time: 1.0003338 seconds
[2025-12-22T15:31:32.729+0000][291.874s][info ][safepoint     ] Entering safepoint region: Cleanup
[2025-12-22T15:31:32.730+0000][291.876s][info ][safepoint     ] Leaving safepoint region
[2025-12-22T15:31:32.730+0000][291.876s][info ][safepoint     ] Total time for which application threads were stopped: 0.0018037 seconds, Stopping threads took: 0.0002010 seconds
[2025-12-22T15:31:33.731+0000][292.876s][debug][safepoint     ] Safepoint synchronization initiated. (262 threads)
[2025-12-22T15:31:33.731+0000][292.876s][info ][safepoint     ] Application time: 1.0002943 seconds
[2025-12-22T15:31:33.731+0000][292.876s][info ][safepoint     ] Entering safepoint region: Cleanup
[2025-12-22T15:31:33.731+0000][292.877s][info ][safepoint     ] Leaving safepoint region
[2025-12-22T15:31:33.732+0000][292.877s][info ][safepoint     ] Total time for which application threads were stopped: 0.0008642 seconds, Stopping threads took: 0.0002908 seconds
[2025-12-22T15:31:34.732+0000][293.877s][debug][safepoint     ] Safepoint synchronization initiated. (262 threads)
[2025-12-22T15:31:34.732+0000][293.877s][info ][safepoint     ] Application time: 1.0001661 seconds
[2025-12-22T15:31:34.732+0000][293.877s][info ][safepoint     ] Entering safepoint region: Cleanup
[2025-12-22T15:31:34.732+0000][293.878s][debug][safepoint     ] ... found polling page return exception at pc = 0x00007fb9d4676756, stub =0x00007fb9cc824b00
[2025-12-22T15:31:34.732+0000][293.878s][info ][safepoint     ] Leaving safepoint region
[2025-12-22T15:31:34.732+0000][293.878s][info ][safepoint     ] Total time for which application threads were stopped: 0.0004636 seconds, Stopping threads took: 0.0001368 seconds
[2025-12-22T15:31:35.732+0000][294.878s][debug][safepoint     ] Safepoint synchronization initiated. (262 threads)
[2025-12-22T15:31:35.733+0000][294.878s][info ][safepoint     ] Application time: 1.0003549 seconds
[2025-12-22T15:31:35.734+0000][294.879s][info ][safepoint     ] Entering safepoint region: Cleanup
[2025-12-22T15:31:35.735+0000][294.880s][info ][safepoint     ] Leaving safepoint region
[2025-12-22T15:31:35.735+0000][294.880s][info ][safepoint     ] Total time for which application threads were stopped: 0.0020164 seconds, Stopping threads took: 0.0015137 seconds
[2025-12-22T15:31:36.735+0000][295.880s][debug][safepoint     ] Safepoint synchronization initiated. (262 threads)
[2025-12-22T15:31:36.735+0000][295.880s][info ][safepoint     ] Application time: 1.0003223 seconds
[2025-12-22T15:31:36.735+0000][295.881s][info ][safepoint     ] Entering safepoint region: Cleanup
[2025-12-22T15:31:36.736+0000][295.881s][info ][safepoint     ] Leaving safepoint region
[2025-12-22T15:31:36.736+0000][295.881s][info ][safepoint     ] Total time for which application threads were stopped: 0.0007925 seconds, Stopping threads took: 0.0002022 seconds
[2025-12-22T15:31:37.311+0000][296.457s][debug][safepoint     ] Safepoint synchronization initiated. (262 threads)
[2025-12-22T15:31:37.311+0000][296.457s][info ][safepoint     ] Application time: 0.5756444 seconds
[2025-12-22T15:31:37.312+0000][296.457s][info ][safepoint     ] Entering safepoint region: G1CollectForAllocation
[2025-12-22T15:31:37.312+0000][296.458s][info ][gc,start      ] GC(91) Pause Young (Normal) (G1 Evacuation Pause)
[2025-12-22T15:31:37.312+0000][296.458s][info ][gc,task       ] GC(91) Using 4 workers of 4 for evacuation
[2025-12-22T15:31:37.332+0000][296.477s][info ][gc,phases     ] GC(91)   Pre Evacuate Collection Set: 0.1ms
[2025-12-22T15:31:37.332+0000][296.477s][info ][gc,phases     ] GC(91)   Evacuate Collection Set: 11.0ms
[2025-12-22T15:31:37.332+0000][296.477s][info ][gc,phases     ] GC(91)   Post Evacuate Collection Set: 7.6ms
[2025-12-22T15:31:37.332+0000][296.477s][info ][gc,phases     ] GC(91)   Other: 1.1ms
[2025-12-22T15:31:37.332+0000][296.477s][info ][gc,heap       ] GC(91) Eden regions: 172->0(172)
[2025-12-22T15:31:37.332+0000][296.477s][info ][gc,heap       ] GC(91) Survivor regions: 6->6(23)
[2025-12-22T15:31:37.332+0000][296.477s][info ][gc,heap       ] GC(91) Old regions: 169->169
[2025-12-22T15:31:37.332+0000][296.477s][info ][gc,heap       ] GC(91) Humongous regions: 0->0
[2025-12-22T15:31:37.332+0000][296.477s][info ][gc,metaspace  ] GC(91) Metaspace: 176917K(182812K)->176917K(182812K) NonClass: 156367K(159952K)->156367K(159952K) Class: 20550K(22860K)->20550K(22860K)
[2025-12-22T15:31:37.332+0000][296.478s][info ][gc            ] GC(91) Pause Young (Normal) (G1 Evacuation Pause) 344M->172M(393M) 19.852ms
[2025-12-22T15:31:37.332+0000][296.478s][info ][gc,cpu        ] GC(91) User=0.07s Sys=0.00s Real=0.02s
[2025-12-22T15:31:37.332+0000][296.478s][info ][safepoint     ] Leaving safepoint region
[2025-12-22T15:31:37.332+0000][296.478s][info ][safepoint     ] Total time for which application threads were stopped: 0.0208500 seconds, Stopping threads took: 0.0002201 seconds
[2025-12-22T15:31:37.332+0000][296.478s][info ][gc,stringdedup] Concurrent String Deduplication (296.478s)
[2025-12-22T15:31:37.333+0000][296.478s][info ][gc,stringdedup] Concurrent String Deduplication 0.0B->0.0B(0.0B) avg 54.3% (296.478s, 296.478s) 0.050ms
[2025-12-22T15:31:38.333+0000][297.478s][debug][safepoint     ] Safepoint synchronization initiated. (262 threads)
[2025-12-22T15:31:38.333+0000][297.478s][info ][safepoint     ] Application time: 1.0003085 seconds
[2025-12-22T15:31:38.333+0000][297.478s][info ][safepoint     ] Entering safepoint region: Cleanup
[2025-12-22T15:31:38.334+0000][297.479s][info ][safepoint     ] Leaving safepoint region
[2025-12-22T15:31:38.334+0000][297.479s][info ][safepoint     ] Total time for which application threads were stopped: 0.0009254 seconds, Stopping threads took: 0.0002034 seconds
[2025-12-22T15:31:39.334+0000][298.479s][debug][safepoint     ] Safepoint synchronization initiated. (262 threads)
[2025-12-22T15:31:39.334+0000][298.479s][info ][safepoint     ] Application time: 1.0003300 seconds
[2025-12-22T15:31:39.334+0000][298.480s][info ][safepoint     ] Entering safepoint region: Cleanup
[2025-12-22T15:31:39.335+0000][298.480s][info ][safepoint     ] Leaving safepoint region
[2025-12-22T15:31:39.335+0000][298.480s][info ][safepoint     ] Total time for which application threads were stopped: 0.0005971 seconds, Stopping threads took: 0.0001382 seconds
[2025-12-22T15:31:40.335+0000][299.480s][debug][safepoint     ] Safepoint synchronization initiated. (262 threads)
[2025-12-22T15:31:40.335+0000][299.480s][info ][safepoint     ] Application time: 1.0003018 seconds
[2025-12-22T15:31:40.335+0000][299.480s][info ][safepoint     ] Entering safepoint region: Cleanup
[2025-12-22T15:31:40.336+0000][299.481s][info ][safepoint     ] Leaving safepoint region
[2025-12-22T15:31:40.336+0000][299.481s][info ][safepoint     ] Total time for which application threads were stopped: 0.0007160 seconds, Stopping threads took: 0.0001682 seconds
[2025-12-22T15:31:41.336+0000][300.481s][debug][safepoint     ] Safepoint synchronization initiated. (262 threads)
[2025-12-22T15:31:41.336+0000][300.481s][info ][safepoint     ] Application time: 1.0003243 seconds
[2025-12-22T15:31:41.336+0000][300.482s][info ][safepoint     ] Entering safepoint region: Cleanup
[2025-12-22T15:31:41.337+0000][300.482s][info ][safepoint     ] Leaving safepoint region
[2025-12-22T15:31:41.337+0000][300.482s][info ][safepoint     ] Total time for which application threads were stopped: 0.0007347 seconds, Stopping threads took: 0.0002345 seconds
[2025-12-22T15:31:42.337+0000][301.482s][debug][safepoint     ] Safepoint synchronization initiated. (262 threads)
[2025-12-22T15:31:42.337+0000][301.482s][info ][safepoint     ] Application time: 1.0001743 seconds
[2025-12-22T15:31:42.337+0000][301.482s][info ][safepoint     ] Entering safepoint region: Cleanup
[2025-12-22T15:31:42.338+0000][301.483s][info ][safepoint     ] Leaving safepoint region
[2025-12-22T15:31:42.338+0000][301.483s][info ][safepoint     ] Total time for which application threads were stopped: 0.0006066 seconds, Stopping threads took: 0.0001397 seconds
[2025-12-22T15:31:43.338+0000][302.483s][debug][safepoint     ] Safepoint synchronization initiated. (261 threads)
[2025-12-22T15:31:43.338+0000][302.483s][info ][safepoint     ] Application time: 1.0002100 seconds
[2025-12-22T15:31:43.338+0000][302.483s][info ][safepoint     ] Entering safepoint region: Cleanup
[2025-12-22T15:31:43.338+0000][302.484s][info ][safepoint     ] Leaving safepoint region
[2025-12-22T15:31:43.339+0000][302.484s][info ][safepoint     ] Total time for which application threads were stopped: 0.0007039 seconds, Stopping threads took: 0.0002329 seconds
[2025-12-22T15:31:44.339+0000][303.484s][debug][safepoint     ] Safepoint synchronization initiated. (261 threads)
[2025-12-22T15:31:44.339+0000][303.484s][info ][safepoint     ] Application time: 1.0002874 seconds
[2025-12-22T15:31:44.339+0000][303.484s][info ][safepoint     ] Entering safepoint region: Cleanup
[2025-12-22T15:31:44.339+0000][303.485s][info ][safepoint     ] Leaving safepoint region
[2025-12-22T15:31:44.339+0000][303.485s][info ][safepoint     ] Total time for which application threads were stopped: 0.0006376 seconds, Stopping threads took: 0.0001141 seconds
[2025-12-22T15:31:45.340+0000][304.485s][debug][safepoint     ] Safepoint synchronization initiated. (261 threads)
[2025-12-22T15:31:45.340+0000][304.485s][info ][safepoint     ] Application time: 1.0003190 seconds
[2025-12-22T15:31:45.340+0000][304.485s][info ][safepoint     ] Entering safepoint region: Cleanup
[2025-12-22T15:31:45.341+0000][304.486s][info ][safepoint     ] Leaving safepoint region
[2025-12-22T15:31:45.341+0000][304.486s][info ][safepoint     ] Total time for which application threads were stopped: 0.0007787 seconds, Stopping threads took: 0.0002373 seconds
[2025-12-22T15:31:46.341+0000][305.486s][debug][safepoint     ] Safepoint synchronization initiated. (261 threads)
[2025-12-22T15:31:46.341+0000][305.486s][info ][safepoint     ] Application time: 1.0002331 seconds
[2025-12-22T15:31:46.341+0000][305.486s][info ][safepoint     ] Entering safepoint region: Cleanup
[2025-12-22T15:31:46.342+0000][305.487s][info ][safepoint     ] Leaving safepoint region
[2025-12-22T15:31:46.342+0000][305.487s][info ][safepoint     ] Total time for which application threads were stopped: 0.0007881 seconds, Stopping threads took: 0.0001730 seconds
[2025-12-22T15:31:47.342+0000][306.487s][debug][safepoint     ] Safepoint synchronization initiated. (261 threads)
[2025-12-22T15:31:47.342+0000][306.487s][info ][safepoint     ] Application time: 1.0001931 seconds
[2025-12-22T15:31:47.342+0000][306.487s][info ][safepoint     ] Entering safepoint region: Cleanup
[2025-12-22T15:31:47.343+0000][306.488s][info ][safepoint     ] Leaving safepoint region
[2025-12-22T15:31:47.343+0000][306.488s][info ][safepoint     ] Total time for which application threads were stopped: 0.0007012 seconds, Stopping threads took: 0.0001068 seconds
[2025-12-22T15:31:48.343+0000][307.488s][debug][safepoint     ] Safepoint synchronization initiated. (261 threads)
[2025-12-22T15:31:48.343+0000][307.488s][info ][safepoint     ] Application time: 1.0002949 seconds
[2025-12-22T15:31:48.343+0000][307.489s][info ][safepoint     ] Entering safepoint region: Cleanup
[2025-12-22T15:31:48.344+0000][307.489s][info ][safepoint     ] Leaving safepoint region
[2025-12-22T15:31:48.344+0000][307.489s][info ][safepoint     ] Total time for which application threads were stopped: 0.0008083 seconds, Stopping threads took: 0.0001786 seconds
[2025-12-22T15:31:49.344+0000][308.489s][debug][safepoint     ] Safepoint synchronization initiated. (261 threads)
[2025-12-22T15:31:49.344+0000][308.489s][info ][safepoint     ] Application time: 1.0002095 seconds
[2025-12-22T15:31:49.344+0000][308.490s][info ][safepoint     ] Entering safepoint region: Cleanup
[2025-12-22T15:31:49.345+0000][308.490s][info ][safepoint     ] Leaving safepoint region
[2025-12-22T15:31:49.345+0000][308.490s][info ][safepoint     ] Total time for which application threads were stopped: 0.0005766 seconds, Stopping threads took: 0.0001702 seconds
[2025-12-22T15:31:50.345+0000][309.490s][debug][safepoint     ] Safepoint synchronization initiated. (261 threads)
[2025-12-22T15:31:50.345+0000][309.490s][info ][safepoint     ] Application time: 1.0003158 seconds
[2025-12-22T15:31:50.345+0000][309.490s][info ][safepoint     ] Entering safepoint region: Cleanup
[2025-12-22T15:31:50.346+0000][309.491s][info ][safepoint     ] Leaving safepoint region
[2025-12-22T15:31:50.346+0000][309.491s][info ][safepoint     ] Total time for which application threads were stopped: 0.0005995 seconds, Stopping threads took: 0.0001346 seconds
[2025-12-22T15:31:51.346+0000][310.491s][debug][safepoint     ] Safepoint synchronization initiated. (261 threads)
[2025-12-22T15:31:51.346+0000][310.491s][info ][safepoint     ] Application time: 1.0002307 seconds
[2025-12-22T15:31:51.346+0000][310.491s][info ][safepoint     ] Entering safepoint region: Cleanup
[2025-12-22T15:31:51.346+0000][310.492s][info ][safepoint     ] Leaving safepoint region
[2025-12-22T15:31:51.347+0000][310.492s][info ][safepoint     ] Total time for which application threads were stopped: 0.0006960 seconds, Stopping threads took: 0.0001977 seconds
[2025-12-22T15:31:52.347+0000][311.492s][debug][safepoint     ] Safepoint synchronization initiated. (261 threads)
[2025-12-22T15:31:52.347+0000][311.492s][info ][safepoint     ] Application time: 1.0002011 seconds
[2025-12-22T15:31:52.347+0000][311.492s][info ][safepoint     ] Entering safepoint region: Cleanup
[2025-12-22T15:31:52.347+0000][311.493s][info ][safepoint     ] Leaving safepoint region
[2025-12-22T15:31:52.347+0000][311.493s][info ][safepoint     ] Total time for which application threads were stopped: 0.0004747 seconds, Stopping threads took: 0.0001522 seconds
[2025-12-22T15:31:53.348+0000][312.493s][debug][safepoint     ] Safepoint synchronization initiated. (261 threads)
[2025-12-22T15:31:53.348+0000][312.493s][info ][safepoint     ] Application time: 1.0002948 seconds
[2025-12-22T15:31:53.348+0000][312.493s][info ][safepoint     ] Entering safepoint region: Cleanup
[2025-12-22T15:31:53.348+0000][312.494s][info ][safepoint     ] Leaving safepoint region
[2025-12-22T15:31:53.348+0000][312.494s][info ][safepoint     ] Total time for which application threads were stopped: 0.0006633 seconds, Stopping threads took: 0.0001958 seconds
[2025-12-22T15:31:54.349+0000][313.494s][debug][safepoint     ] Safepoint synchronization initiated. (261 threads)
[2025-12-22T15:31:54.349+0000][313.494s][info ][safepoint     ] Application time: 1.0003156 seconds
[2025-12-22T15:31:54.349+0000][313.494s][info ][safepoint     ] Entering safepoint region: Cleanup
[2025-12-22T15:31:54.349+0000][313.495s][info ][safepoint     ] Leaving safepoint region
[2025-12-22T15:31:54.349+0000][313.495s][info ][safepoint     ] Total time for which application threads were stopped: 0.0007247 seconds, Stopping threads took: 0.0001513 seconds
[2025-12-22T15:31:55.350+0000][314.495s][debug][safepoint     ] Safepoint synchronization initiated. (261 threads)
[2025-12-22T15:31:55.350+0000][314.495s][info ][safepoint     ] Application time: 1.0002842 seconds
[2025-12-22T15:31:55.350+0000][314.495s][info ][safepoint     ] Entering safepoint region: Cleanup
[2025-12-22T15:31:55.350+0000][314.496s][info ][safepoint     ] Leaving safepoint region
[2025-12-22T15:31:55.351+0000][314.496s][info ][safepoint     ] Total time for which application threads were stopped: 0.0007662 seconds, Stopping threads took: 0.0001810 seconds
[2025-12-22T15:31:56.351+0000][315.496s][debug][safepoint     ] Safepoint synchronization initiated. (261 threads)
[2025-12-22T15:31:56.351+0000][315.496s][info ][safepoint     ] Application time: 1.0003658 seconds
[2025-12-22T15:31:56.351+0000][315.496s][info ][safepoint     ] Entering safepoint region: Cleanup
[2025-12-22T15:31:56.352+0000][315.497s][info ][safepoint     ] Leaving safepoint region
[2025-12-22T15:31:56.352+0000][315.497s][info ][safepoint     ] Total time for which application threads were stopped: 0.0009248 seconds, Stopping threads took: 0.0002023 seconds
[2025-12-22T15:31:57.352+0000][316.497s][debug][safepoint     ] Safepoint synchronization initiated. (261 threads)
[2025-12-22T15:31:57.352+0000][316.497s][info ][safepoint     ] Application time: 1.0001988 seconds
[2025-12-22T15:31:57.352+0000][316.498s][info ][safepoint     ] Entering safepoint region: Cleanup
[2025-12-22T15:31:57.353+0000][316.498s][info ][safepoint     ] Leaving safepoint region
[2025-12-22T15:31:57.353+0000][316.498s][info ][safepoint     ] Total time for which application threads were stopped: 0.0007865 seconds, Stopping threads took: 0.0002252 seconds
[2025-12-22T15:31:58.353+0000][317.498s][debug][safepoint     ] Safepoint synchronization initiated. (261 threads)
[2025-12-22T15:31:58.353+0000][317.499s][info ][safepoint     ] Application time: 1.0002290 seconds
[2025-12-22T15:31:58.353+0000][317.499s][info ][safepoint     ] Entering safepoint region: Cleanup
[2025-12-22T15:31:58.354+0000][317.499s][info ][safepoint     ] Leaving safepoint region
[2025-12-22T15:31:58.354+0000][317.499s][info ][safepoint     ] Total time for which application threads were stopped: 0.0006400 seconds, Stopping threads took: 0.0001726 seconds
[2025-12-22T15:31:59.354+0000][318.499s][debug][safepoint     ] Safepoint synchronization initiated. (261 threads)
[2025-12-22T15:31:59.354+0000][318.499s][info ][safepoint     ] Application time: 1.0002144 seconds
[2025-12-22T15:31:59.354+0000][318.500s][info ][safepoint     ] Entering safepoint region: Cleanup
[2025-12-22T15:31:59.355+0000][318.500s][info ][safepoint     ] Leaving safepoint region
[2025-12-22T15:31:59.355+0000][318.500s][info ][safepoint     ] Total time for which application threads were stopped: 0.0006719 seconds, Stopping threads took: 0.0001652 seconds
[2025-12-22T15:32:00.355+0000][319.500s][debug][safepoint     ] Safepoint synchronization initiated. (261 threads)
[2025-12-22T15:32:00.355+0000][319.500s][info ][safepoint     ] Application time: 1.0002198 seconds
[2025-12-22T15:32:00.355+0000][319.501s][info ][safepoint     ] Entering safepoint region: Cleanup
[2025-12-22T15:32:00.356+0000][319.501s][info ][safepoint     ] Leaving safepoint region
[2025-12-22T15:32:00.356+0000][319.501s][info ][safepoint     ] Total time for which application threads were stopped: 0.0008718 seconds, Stopping threads took: 0.0001686 seconds
[2025-12-22T15:32:01.356+0000][320.501s][debug][safepoint     ] Safepoint synchronization initiated. (261 threads)
[2025-12-22T15:32:01.356+0000][320.502s][info ][safepoint     ] Application time: 1.0002284 seconds
[2025-12-22T15:32:01.356+0000][320.502s][info ][safepoint     ] Entering safepoint region: Cleanup
[2025-12-22T15:32:01.357+0000][320.502s][info ][safepoint     ] Leaving safepoint region
[2025-12-22T15:32:01.357+0000][320.502s][info ][safepoint     ] Total time for which application threads were stopped: 0.0006523 seconds, Stopping threads took: 0.0001733 seconds
[2025-12-22T15:32:02.357+0000][321.502s][debug][safepoint     ] Safepoint synchronization initiated. (261 threads)
[2025-12-22T15:32:02.357+0000][321.503s][info ][safepoint     ] Application time: 1.0003092 seconds
[2025-12-22T15:32:02.357+0000][321.503s][info ][safepoint     ] Entering safepoint region: Cleanup
[2025-12-22T15:32:02.358+0000][321.503s][info ][safepoint     ] Leaving safepoint region
[2025-12-22T15:32:02.358+0000][321.503s][info ][safepoint     ] Total time for which application threads were stopped: 0.0008074 seconds, Stopping threads took: 0.0001792 seconds
[2025-12-22T15:32:03.358+0000][322.504s][debug][safepoint     ] Safepoint synchronization initiated. (261 threads)
[2025-12-22T15:32:03.358+0000][322.504s][info ][safepoint     ] Application time: 1.0003451 seconds
[2025-12-22T15:32:03.359+0000][322.504s][info ][safepoint     ] Entering safepoint region: Cleanup
[2025-12-22T15:32:03.359+0000][322.505s][info ][safepoint     ] Leaving safepoint region
[2025-12-22T15:32:03.359+0000][322.505s][info ][safepoint     ] Total time for which application threads were stopped: 0.0008948 seconds, Stopping threads took: 0.0002194 seconds
[2025-12-22T15:32:04.359+0000][323.505s][debug][safepoint     ] Safepoint synchronization initiated. (261 threads)
[2025-12-22T15:32:04.359+0000][323.505s][info ][safepoint     ] Application time: 1.0002164 seconds
[2025-12-22T15:32:04.360+0000][323.505s][info ][safepoint     ] Entering safepoint region: Cleanup
[2025-12-22T15:32:04.360+0000][323.506s][info ][safepoint     ] Leaving safepoint region
[2025-12-22T15:32:04.360+0000][323.506s][info ][safepoint     ] Total time for which application threads were stopped: 0.0006526 seconds, Stopping threads took: 0.0002545 seconds
[2025-12-22T15:32:05.110+0000][324.255s][debug][safepoint     ] Safepoint synchronization initiated. (261 threads)
[2025-12-22T15:32:05.110+0000][324.255s][info ][safepoint     ] Application time: 0.7497668 seconds
[2025-12-22T15:32:05.110+0000][324.255s][debug][safepoint     ] ... found polling page return exception at pc = 0x00007fb9d47e215b, stub =0x00007fb9cc824b00
[2025-12-22T15:32:05.110+0000][324.255s][debug][safepoint     ] ... found polling page return exception at pc = 0x00007fb9d4fb2ddb, stub =0x00007fb9cc824b00
[2025-12-22T15:32:05.110+0000][324.256s][debug][safepoint     ] Waiting for 3 thread(s) to block
[2025-12-22T15:32:05.110+0000][324.256s][info ][safepoint     ] Entering safepoint region: G1CollectForAllocation
[2025-12-22T15:32:05.111+0000][324.256s][info ][gc,start      ] GC(92) Pause Young (Normal) (G1 Evacuation Pause)
[2025-12-22T15:32:05.111+0000][324.256s][info ][gc,task       ] GC(92) Using 4 workers of 4 for evacuation
[2025-12-22T15:32:05.123+0000][324.268s][info ][gc,phases     ] GC(92)   Pre Evacuate Collection Set: 0.1ms
[2025-12-22T15:32:05.123+0000][324.268s][info ][gc,phases     ] GC(92)   Evacuate Collection Set: 7.0ms
[2025-12-22T15:32:05.123+0000][324.268s][info ][gc,phases     ] GC(92)   Post Evacuate Collection Set: 4.5ms
[2025-12-22T15:32:05.123+0000][324.268s][info ][gc,phases     ] GC(92)   Other: 0.5ms
[2025-12-22T15:32:05.123+0000][324.268s][info ][gc,heap       ] GC(92) Eden regions: 172->0(172)
[2025-12-22T15:32:05.123+0000][324.268s][info ][gc,heap       ] GC(92) Survivor regions: 6->6(23)
[2025-12-22T15:32:05.123+0000][324.268s][info ][gc,heap       ] GC(92) Old regions: 169->169
[2025-12-22T15:32:05.123+0000][324.268s][info ][gc,heap       ] GC(92) Humongous regions: 0->0
[2025-12-22T15:32:05.123+0000][324.268s][info ][gc,metaspace  ] GC(92) Metaspace: 176975K(182812K)->176975K(182812K) NonClass: 156425K(159952K)->156425K(159952K) Class: 20550K(22860K)->20550K(22860K)
[2025-12-22T15:32:05.123+0000][324.268s][info ][gc            ] GC(92) Pause Young (Normal) (G1 Evacuation Pause) 344M->173M(393M) 12.230ms
[2025-12-22T15:32:05.123+0000][324.269s][info ][gc,cpu        ] GC(92) User=0.03s Sys=0.01s Real=0.02s
[2025-12-22T15:32:05.123+0000][324.269s][info ][safepoint     ] Leaving safepoint region
[2025-12-22T15:32:05.123+0000][324.269s][info ][safepoint     ] Total time for which application threads were stopped: 0.0132893 seconds, Stopping threads took: 0.0004790 seconds
[2025-12-22T15:32:05.123+0000][324.269s][info ][gc,stringdedup] Concurrent String Deduplication (324.269s)
[2025-12-22T15:32:05.123+0000][324.269s][info ][gc,stringdedup] Concurrent String Deduplication 0.0B->0.0B(0.0B) avg 54.3% (324.269s, 324.269s) 0.037ms
[2025-12-22T15:32:06.124+0000][325.269s][debug][safepoint     ] Safepoint synchronization initiated. (261 threads)
[2025-12-22T15:32:06.124+0000][325.269s][info ][safepoint     ] Application time: 1.0003154 seconds
[2025-12-22T15:32:06.124+0000][325.269s][info ][safepoint     ] Entering safepoint region: Cleanup
[2025-12-22T15:32:06.124+0000][325.270s][info ][safepoint     ] Leaving safepoint region
[2025-12-22T15:32:06.124+0000][325.270s][info ][safepoint     ] Total time for which application threads were stopped: 0.0007394 seconds, Stopping threads took: 0.0001776 seconds
[2025-12-22T15:32:07.125+0000][326.270s][debug][safepoint     ] Safepoint synchronization initiated. (261 threads)
[2025-12-22T15:32:07.125+0000][326.270s][info ][safepoint     ] Application time: 1.0002948 seconds
[2025-12-22T15:32:07.125+0000][326.270s][info ][safepoint     ] Entering safepoint region: Cleanup
[2025-12-22T15:32:07.125+0000][326.271s][info ][safepoint     ] Leaving safepoint region
[2025-12-22T15:32:07.125+0000][326.271s][debug][safepoint     ] ... found polling page loop exception at pc = 0x00007fb9ce69577e, stub =0x00007fb9cc826680
[2025-12-22T15:32:07.125+0000][326.271s][info ][safepoint     ] Total time for which application threads were stopped: 0.0006477 seconds, Stopping threads took: 0.0001517 seconds
[2025-12-22T15:32:08.126+0000][327.271s][debug][safepoint     ] Safepoint synchronization initiated. (261 threads)
[2025-12-22T15:32:08.126+0000][327.271s][info ][safepoint     ] Application time: 1.0002813 seconds
[2025-12-22T15:32:08.126+0000][327.271s][debug][safepoint     ] ... found polling page return exception at pc = 0x00007fb9d4660d7f, stub =0x00007fb9cc824b00
[2025-12-22T15:32:08.126+0000][327.271s][debug][safepoint     ] Waiting for 1 thread(s) to block
[2025-12-22T15:32:08.126+0000][327.271s][info ][safepoint     ] Entering safepoint region: Cleanup
[2025-12-22T15:32:08.126+0000][327.272s][info ][safepoint     ] Leaving safepoint region
[2025-12-22T15:32:08.126+0000][327.272s][info ][safepoint     ] Total time for which application threads were stopped: 0.0006426 seconds, Stopping threads took: 0.0003133 seconds
[2025-12-22T15:32:09.127+0000][328.272s][debug][safepoint     ] Safepoint synchronization initiated. (261 threads)
[2025-12-22T15:32:09.127+0000][328.272s][info ][safepoint     ] Application time: 1.0003983 seconds
[2025-12-22T15:32:09.127+0000][328.272s][info ][safepoint     ] Entering safepoint region: Cleanup
[2025-12-22T15:32:09.128+0000][328.273s][info ][safepoint     ] Leaving safepoint region
[2025-12-22T15:32:09.128+0000][328.273s][info ][safepoint     ] Total time for which application threads were stopped: 0.0008133 seconds, Stopping threads took: 0.0001954 seconds
[2025-12-22T15:32:10.128+0000][329.273s][debug][safepoint     ] Safepoint synchronization initiated. (261 threads)
[2025-12-22T15:32:10.128+0000][329.273s][info ][safepoint     ] Application time: 1.0002641 seconds
[2025-12-22T15:32:10.128+0000][329.274s][info ][safepoint     ] Entering safepoint region: Cleanup
[2025-12-22T15:32:10.129+0000][329.274s][info ][safepoint     ] Leaving safepoint region
[2025-12-22T15:32:10.129+0000][329.274s][info ][safepoint     ] Total time for which application threads were stopped: 0.0006246 seconds, Stopping threads took: 0.0001551 seconds
[2025-12-22T15:32:11.129+0000][330.274s][debug][safepoint     ] Safepoint synchronization initiated. (261 threads)
[2025-12-22T15:32:11.129+0000][330.274s][info ][safepoint     ] Application time: 1.0003294 seconds
[2025-12-22T15:32:11.129+0000][330.275s][info ][safepoint     ] Entering safepoint region: Cleanup
[2025-12-22T15:32:11.130+0000][330.275s][info ][safepoint     ] Leaving safepoint region
[2025-12-22T15:32:11.130+0000][330.275s][info ][safepoint     ] Total time for which application threads were stopped: 0.0007476 seconds, Stopping threads took: 0.0002239 seconds
[2025-12-22T15:32:12.130+0000][331.275s][debug][safepoint     ] Safepoint synchronization initiated. (261 threads)
[2025-12-22T15:32:12.130+0000][331.275s][info ][safepoint     ] Application time: 1.0002561 seconds
[2025-12-22T15:32:12.130+0000][331.276s][info ][safepoint     ] Entering safepoint region: Cleanup
[2025-12-22T15:32:12.131+0000][331.276s][info ][safepoint     ] Leaving safepoint region
[2025-12-22T15:32:12.131+0000][331.276s][info ][safepoint     ] Total time for which application threads were stopped: 0.0007972 seconds, Stopping threads took: 0.0001646 seconds
[2025-12-22T15:32:13.131+0000][332.276s][debug][safepoint     ] Safepoint synchronization initiated. (261 threads)
[2025-12-22T15:32:13.131+0000][332.277s][info ][safepoint     ] Application time: 1.0002244 seconds
[2025-12-22T15:32:13.131+0000][332.277s][info ][safepoint     ] Entering safepoint region: Cleanup
[2025-12-22T15:32:13.132+0000][332.277s][info ][safepoint     ] Leaving safepoint region
[2025-12-22T15:32:13.132+0000][332.277s][info ][safepoint     ] Total time for which application threads were stopped: 0.0007883 seconds, Stopping threads took: 0.0002017 seconds
[2025-12-22T15:32:14.132+0000][333.278s][debug][safepoint     ] Safepoint synchronization initiated. (261 threads)
[2025-12-22T15:32:14.132+0000][333.278s][info ][safepoint     ] Application time: 1.0001924 seconds
[2025-12-22T15:32:14.132+0000][333.278s][info ][safepoint     ] Entering safepoint region: Cleanup
[2025-12-22T15:32:14.133+0000][333.278s][info ][safepoint     ] Leaving safepoint region
[2025-12-22T15:32:14.133+0000][333.278s][info ][safepoint     ] Total time for which application threads were stopped: 0.0006844 seconds, Stopping threads took: 0.0001380 seconds
[2025-12-22T15:32:14.220+0000][333.366s][debug][safepoint     ] Safepoint synchronization initiated. (261 threads)
[2025-12-22T15:32:14.220+0000][333.366s][info ][safepoint     ] Application time: 0.0873964 seconds
[2025-12-22T15:32:14.220+0000][333.366s][info ][safepoint     ] Entering safepoint region: Deoptimize
[2025-12-22T15:32:14.238+0000][333.384s][info ][safepoint     ] Leaving safepoint region
[2025-12-22T15:32:14.238+0000][333.384s][info ][safepoint     ] Total time for which application threads were stopped: 0.0180085 seconds, Stopping threads took: 0.0000582 seconds
[2025-12-22T15:32:15.239+0000][334.385s][debug][safepoint     ] Safepoint synchronization initiated. (261 threads)
[2025-12-22T15:32:15.239+0000][334.385s][info ][safepoint     ] Application time: 1.0008438 seconds
[2025-12-22T15:32:15.239+0000][334.385s][info ][safepoint     ] Entering safepoint region: Cleanup
[2025-12-22T15:32:15.240+0000][334.385s][info ][safepoint     ] Leaving safepoint region
[2025-12-22T15:32:15.240+0000][334.385s][info ][safepoint     ] Total time for which application threads were stopped: 0.0007260 seconds, Stopping threads took: 0.0001967 seconds
[2025-12-22T15:32:16.240+0000][335.386s][debug][safepoint     ] Safepoint synchronization initiated. (261 threads)
[2025-12-22T15:32:16.240+0000][335.386s][info ][safepoint     ] Application time: 1.0002531 seconds
[2025-12-22T15:32:16.240+0000][335.386s][info ][safepoint     ] Entering safepoint region: Cleanup
[2025-12-22T15:32:16.241+0000][335.386s][info ][safepoint     ] Leaving safepoint region
[2025-12-22T15:32:16.241+0000][335.386s][info ][safepoint     ] Total time for which application threads were stopped: 0.0006147 seconds, Stopping threads took: 0.0001465 seconds
[2025-12-22T15:32:17.241+0000][336.386s][debug][safepoint     ] Safepoint synchronization initiated. (261 threads)
[2025-12-22T15:32:17.241+0000][336.387s][info ][safepoint     ] Application time: 1.0002615 seconds
[2025-12-22T15:32:17.241+0000][336.387s][info ][safepoint     ] Entering safepoint region: Cleanup
[2025-12-22T15:32:17.242+0000][336.387s][info ][safepoint     ] Leaving safepoint region
[2025-12-22T15:32:17.242+0000][336.387s][info ][safepoint     ] Total time for which application threads were stopped: 0.0006903 seconds, Stopping threads took: 0.0002055 seconds
[2025-12-22T15:32:17.242+0000][336.387s][debug][safepoint     ] ... found polling page return exception at pc = 0x00007fb9d4676756, stub =0x00007fb9cc824b00
[2025-12-22T15:32:17.242+0000][336.387s][debug][safepoint     ] ... found polling page return exception at pc = 0x00007fb9d4676756, stub =0x00007fb9cc824b00
[2025-12-22T15:32:17.242+0000][336.387s][debug][safepoint     ] ... found polling page return exception at pc = 0x00007fb9d4676756, stub =0x00007fb9cc824b00
[2025-12-22T15:32:18.242+0000][337.388s][debug][safepoint     ] Safepoint synchronization initiated. (261 threads)
[2025-12-22T15:32:18.242+0000][337.388s][info ][safepoint     ] Application time: 1.0003235 seconds
[2025-12-22T15:32:18.242+0000][337.388s][info ][safepoint     ] Entering safepoint region: Cleanup
[2025-12-22T15:32:18.243+0000][337.388s][info ][safepoint     ] Leaving safepoint region
[2025-12-22T15:32:18.243+0000][337.388s][info ][safepoint     ] Total time for which application threads were stopped: 0.0007792 seconds, Stopping threads took: 0.0002285 seconds
[2025-12-22T15:32:19.243+0000][338.389s][debug][safepoint     ] Safepoint synchronization initiated. (261 threads)
[2025-12-22T15:32:19.243+0000][338.389s][info ][safepoint     ] Application time: 1.0002272 seconds
[2025-12-22T15:32:19.243+0000][338.389s][info ][safepoint     ] Entering safepoint region: Cleanup
[2025-12-22T15:32:19.244+0000][338.390s][info ][safepoint     ] Leaving safepoint region
[2025-12-22T15:32:19.244+0000][338.390s][info ][safepoint     ] Total time for which application threads were stopped: 0.0008443 seconds, Stopping threads took: 0.0002112 seconds
[2025-12-22T15:32:20.244+0000][339.390s][debug][safepoint     ] Safepoint synchronization initiated. (261 threads)
[2025-12-22T15:32:20.244+0000][339.390s][info ][safepoint     ] Application time: 1.0002224 seconds
[2025-12-22T15:32:20.245+0000][339.390s][info ][safepoint     ] Entering safepoint region: Cleanup
[2025-12-22T15:32:20.245+0000][339.390s][info ][safepoint     ] Leaving safepoint region
[2025-12-22T15:32:20.245+0000][339.390s][info ][safepoint     ] Total time for which application threads were stopped: 0.0005261 seconds, Stopping threads took: 0.0001571 seconds
[2025-12-22T15:32:21.245+0000][340.391s][debug][safepoint     ] Safepoint synchronization initiated. (261 threads)
[2025-12-22T15:32:21.245+0000][340.391s][info ][safepoint     ] Application time: 1.0002790 seconds
[2025-12-22T15:32:21.246+0000][340.391s][info ][safepoint     ] Entering safepoint region: Cleanup
[2025-12-22T15:32:21.246+0000][340.391s][info ][safepoint     ] Leaving safepoint region
[2025-12-22T15:32:21.246+0000][340.392s][info ][safepoint     ] Total time for which application threads were stopped: 0.0007522 seconds, Stopping threads took: 0.0001963 seconds
[2025-12-22T15:32:22.246+0000][341.392s][debug][safepoint     ] Safepoint synchronization initiated. (261 threads)
[2025-12-22T15:32:22.246+0000][341.392s][info ][safepoint     ] Application time: 1.0003372 seconds
[2025-12-22T15:32:22.247+0000][341.392s][info ][safepoint     ] Entering safepoint region: Cleanup
[2025-12-22T15:32:22.247+0000][341.393s][info ][safepoint     ] Leaving safepoint region
[2025-12-22T15:32:22.247+0000][341.393s][info ][safepoint     ] Total time for which application threads were stopped: 0.0007363 seconds, Stopping threads took: 0.0002357 seconds
[2025-12-22T15:32:23.248+0000][342.393s][debug][safepoint     ] Safepoint synchronization initiated. (261 threads)
[2025-12-22T15:32:23.248+0000][342.393s][info ][safepoint     ] Application time: 1.0003300 seconds
[2025-12-22T15:32:23.248+0000][342.393s][info ][safepoint     ] Entering safepoint region: Cleanup
[2025-12-22T15:32:23.248+0000][342.394s][info ][safepoint     ] Leaving safepoint region
[2025-12-22T15:32:23.248+0000][342.394s][info ][safepoint     ] Total time for which application threads were stopped: 0.0005691 seconds, Stopping threads took: 0.0001323 seconds
[2025-12-22T15:32:24.248+0000][343.394s][debug][safepoint     ] Safepoint synchronization initiated. (261 threads)
[2025-12-22T15:32:24.248+0000][343.394s][info ][safepoint     ] Application time: 1.0001911 seconds
[2025-12-22T15:32:24.249+0000][343.394s][info ][safepoint     ] Entering safepoint region: Cleanup
[2025-12-22T15:32:24.249+0000][343.394s][info ][safepoint     ] Leaving safepoint region
[2025-12-22T15:32:24.249+0000][343.394s][info ][safepoint     ] Total time for which application threads were stopped: 0.0004644 seconds, Stopping threads took: 0.0001561 seconds
[2025-12-22T15:32:25.249+0000][344.394s][debug][safepoint     ] Safepoint synchronization initiated. (261 threads)
[2025-12-22T15:32:25.249+0000][344.394s][info ][safepoint     ] Application time: 1.0001808 seconds
[2025-12-22T15:32:25.249+0000][344.395s][info ][safepoint     ] Entering safepoint region: Cleanup
[2025-12-22T15:32:25.249+0000][344.395s][info ][safepoint     ] Leaving safepoint region
[2025-12-22T15:32:25.249+0000][344.395s][info ][safepoint     ] Total time for which application threads were stopped: 0.0004003 seconds, Stopping threads took: 0.0001255 seconds
[2025-12-22T15:32:26.250+0000][345.395s][debug][safepoint     ] Safepoint synchronization initiated. (260 threads)
[2025-12-22T15:32:26.250+0000][345.395s][info ][safepoint     ] Application time: 1.0002036 seconds
[2025-12-22T15:32:26.250+0000][345.395s][info ][safepoint     ] Entering safepoint region: Cleanup
[2025-12-22T15:32:26.250+0000][345.396s][info ][safepoint     ] Leaving safepoint region
[2025-12-22T15:32:26.250+0000][345.396s][info ][safepoint     ] Total time for which application threads were stopped: 0.0007487 seconds, Stopping threads took: 0.0001534 seconds
[2025-12-22T15:32:27.251+0000][346.396s][debug][safepoint     ] Safepoint synchronization initiated. (260 threads)
[2025-12-22T15:32:27.251+0000][346.396s][info ][safepoint     ] Application time: 1.0002382 seconds
[2025-12-22T15:32:27.251+0000][346.396s][info ][safepoint     ] Entering safepoint region: Cleanup
[2025-12-22T15:32:27.252+0000][346.397s][info ][safepoint     ] Leaving safepoint region
[2025-12-22T15:32:27.252+0000][346.397s][info ][safepoint     ] Total time for which application threads were stopped: 0.0008140 seconds, Stopping threads took: 0.0002499 seconds
[2025-12-22T15:32:28.252+0000][347.397s][debug][safepoint     ] Safepoint synchronization initiated. (260 threads)
[2025-12-22T15:32:28.252+0000][347.397s][info ][safepoint     ] Application time: 1.0002557 seconds
[2025-12-22T15:32:28.252+0000][347.397s][info ][safepoint     ] Entering safepoint region: Cleanup
[2025-12-22T15:32:28.253+0000][347.398s][info ][safepoint     ] Leaving safepoint region
[2025-12-22T15:32:28.253+0000][347.398s][info ][safepoint     ] Total time for which application threads were stopped: 0.0008971 seconds, Stopping threads took: 0.0001778 seconds
[2025-12-22T15:32:29.253+0000][348.398s][debug][safepoint     ] Safepoint synchronization initiated. (260 threads)
[2025-12-22T15:32:29.253+0000][348.398s][info ][safepoint     ] Application time: 1.0002270 seconds
[2025-12-22T15:32:29.253+0000][348.399s][info ][safepoint     ] Entering safepoint region: Cleanup
[2025-12-22T15:32:29.254+0000][348.399s][info ][safepoint     ] Leaving safepoint region
[2025-12-22T15:32:29.254+0000][348.399s][info ][safepoint     ] Total time for which application threads were stopped: 0.0006386 seconds, Stopping threads took: 0.0001382 seconds
[2025-12-22T15:32:30.254+0000][349.399s][debug][safepoint     ] Safepoint synchronization initiated. (260 threads)
[2025-12-22T15:32:30.254+0000][349.399s][info ][safepoint     ] Application time: 1.0002344 seconds
[2025-12-22T15:32:30.254+0000][349.399s][debug][safepoint     ] ... found polling page return exception at pc = 0x00007fb9d46a818a, stub =0x00007fb9cc824b00
[2025-12-22T15:32:30.254+0000][349.400s][debug][safepoint     ] Waiting for 1 thread(s) to block
[2025-12-22T15:32:30.254+0000][349.400s][info ][safepoint     ] Entering safepoint region: Cleanup
[2025-12-22T15:32:30.255+0000][349.400s][info ][safepoint     ] Leaving safepoint region
[2025-12-22T15:32:30.255+0000][349.400s][info ][safepoint     ] Total time for which application threads were stopped: 0.0008801 seconds, Stopping threads took: 0.0004543 seconds
[2025-12-22T15:32:31.255+0000][350.400s][debug][safepoint     ] Safepoint synchronization initiated. (260 threads)
[2025-12-22T15:32:31.255+0000][350.401s][info ][safepoint     ] Application time: 1.0003251 seconds
[2025-12-22T15:32:31.255+0000][350.401s][info ][safepoint     ] Entering safepoint region: Cleanup
[2025-12-22T15:32:31.256+0000][350.401s][info ][safepoint     ] Leaving safepoint region
[2025-12-22T15:32:31.256+0000][350.401s][info ][safepoint     ] Total time for which application threads were stopped: 0.0006996 seconds, Stopping threads took: 0.0001924 seconds
[2025-12-22T15:32:31.339+0000][350.485s][debug][safepoint     ] Safepoint synchronization initiated. (260 threads)
[2025-12-22T15:32:31.340+0000][350.485s][info ][safepoint     ] Application time: 0.0836476 seconds
[2025-12-22T15:32:31.340+0000][350.485s][info ][safepoint     ] Entering safepoint region: G1CollectForAllocation
[2025-12-22T15:32:31.340+0000][350.486s][info ][gc,start      ] GC(93) Pause Young (Normal) (G1 Evacuation Pause)
[2025-12-22T15:32:31.340+0000][350.486s][info ][gc,task       ] GC(93) Using 4 workers of 4 for evacuation
[2025-12-22T15:32:31.354+0000][350.500s][info ][gc,phases     ] GC(93)   Pre Evacuate Collection Set: 0.0ms
[2025-12-22T15:32:31.354+0000][350.500s][info ][gc,phases     ] GC(93)   Evacuate Collection Set: 9.3ms
[2025-12-22T15:32:31.355+0000][350.500s][info ][gc,phases     ] GC(93)   Post Evacuate Collection Set: 4.5ms
[2025-12-22T15:32:31.355+0000][350.500s][info ][gc,phases     ] GC(93)   Other: 0.5ms
[2025-12-22T15:32:31.355+0000][350.500s][info ][gc,heap       ] GC(93) Eden regions: 172->0(173)
[2025-12-22T15:32:31.355+0000][350.500s][info ][gc,heap       ] GC(93) Survivor regions: 6->4(23)
[2025-12-22T15:32:31.355+0000][350.500s][info ][gc,heap       ] GC(93) Old regions: 169->172
[2025-12-22T15:32:31.355+0000][350.500s][info ][gc,heap       ] GC(93) Humongous regions: 0->0
[2025-12-22T15:32:31.355+0000][350.500s][info ][gc,metaspace  ] GC(93) Metaspace: 177074K(182812K)->177074K(182812K) NonClass: 156520K(159952K)->156520K(159952K) Class: 20553K(22860K)->20553K(22860K)
[2025-12-22T15:32:31.355+0000][350.500s][info ][gc            ] GC(93) Pause Young (Normal) (G1 Evacuation Pause) 345M->173M(393M) 14.538ms
[2025-12-22T15:32:31.355+0000][350.500s][info ][gc,cpu        ] GC(93) User=0.04s Sys=0.00s Real=0.01s
[2025-12-22T15:32:31.355+0000][350.500s][info ][safepoint     ] Leaving safepoint region
[2025-12-22T15:32:31.355+0000][350.500s][info ][safepoint     ] Total time for which application threads were stopped: 0.0152769 seconds, Stopping threads took: 0.0001455 seconds
[2025-12-22T15:32:31.355+0000][350.500s][info ][gc,stringdedup] Concurrent String Deduplication (350.500s)
[2025-12-22T15:32:31.355+0000][350.500s][info ][gc,stringdedup] Concurrent String Deduplication 352.0B->232.0B(120.0B) avg 54.3% (350.500s, 350.500s) 0.044ms
[2025-12-22T15:32:32.355+0000][351.500s][debug][safepoint     ] Safepoint synchronization initiated. (260 threads)
[2025-12-22T15:32:32.355+0000][351.500s][info ][safepoint     ] Application time: 1.0002136 seconds
[2025-12-22T15:32:32.355+0000][351.501s][info ][safepoint     ] Entering safepoint region: Cleanup
[2025-12-22T15:32:32.356+0000][351.501s][info ][safepoint     ] Leaving safepoint region
[2025-12-22T15:32:32.356+0000][351.501s][info ][safepoint     ] Total time for which application threads were stopped: 0.0007233 seconds, Stopping threads took: 0.0003839 seconds
[2025-12-22T15:32:33.356+0000][352.501s][debug][safepoint     ] Safepoint synchronization initiated. (260 threads)
[2025-12-22T15:32:33.356+0000][352.501s][info ][safepoint     ] Application time: 1.0002285 seconds
[2025-12-22T15:32:33.356+0000][352.502s][debug][safepoint     ] ... found polling page return exception at pc = 0x00007fb9d4a4371d, stub =0x00007fb9cc824b00
[2025-12-22T15:32:33.356+0000][352.502s][debug][safepoint     ] Waiting for 1 thread(s) to block
[2025-12-22T15:32:33.356+0000][352.502s][info ][safepoint     ] Entering safepoint region: Cleanup
[2025-12-22T15:32:33.357+0000][352.502s][info ][safepoint     ] Leaving safepoint region
[2025-12-22T15:32:33.357+0000][352.502s][info ][safepoint     ] Total time for which application threads were stopped: 0.0008107 seconds, Stopping threads took: 0.0003226 seconds
[2025-12-22T15:32:34.357+0000][353.502s][debug][safepoint     ] Safepoint synchronization initiated. (260 threads)
[2025-12-22T15:32:34.357+0000][353.503s][info ][safepoint     ] Application time: 1.0001908 seconds
[2025-12-22T15:32:34.357+0000][353.503s][info ][safepoint     ] Entering safepoint region: Cleanup
[2025-12-22T15:32:34.358+0000][353.503s][info ][safepoint     ] Leaving safepoint region
[2025-12-22T15:32:34.358+0000][353.503s][info ][safepoint     ] Total time for which application threads were stopped: 0.0005344 seconds, Stopping threads took: 0.0001230 seconds
[2025-12-22T15:32:35.358+0000][354.503s][debug][safepoint     ] Safepoint synchronization initiated. (260 threads)
[2025-12-22T15:32:35.358+0000][354.503s][info ][safepoint     ] Application time: 1.0002639 seconds
[2025-12-22T15:32:35.358+0000][354.503s][info ][safepoint     ] Entering safepoint region: Cleanup
[2025-12-22T15:32:35.359+0000][354.504s][info ][safepoint     ] Leaving safepoint region
[2025-12-22T15:32:35.359+0000][354.504s][info ][safepoint     ] Total time for which application threads were stopped: 0.0006882 seconds, Stopping threads took: 0.0001441 seconds
[2025-12-22T15:32:36.359+0000][355.504s][debug][safepoint     ] Safepoint synchronization initiated. (260 threads)
[2025-12-22T15:32:36.359+0000][355.504s][info ][safepoint     ] Application time: 1.0002023 seconds
[2025-12-22T15:32:36.359+0000][355.504s][info ][safepoint     ] Entering safepoint region: Cleanup
[2025-12-22T15:32:36.359+0000][355.505s][info ][safepoint     ] Leaving safepoint region
[2025-12-22T15:32:36.359+0000][355.505s][info ][safepoint     ] Total time for which application threads were stopped: 0.0003814 seconds, Stopping threads took: 0.0001199 seconds
[2025-12-22T15:32:37.359+0000][356.505s][debug][safepoint     ] Safepoint synchronization initiated. (260 threads)
[2025-12-22T15:32:37.359+0000][356.505s][info ][safepoint     ] Application time: 1.0001799 seconds
[2025-12-22T15:32:37.360+0000][356.505s][info ][safepoint     ] Entering safepoint region: Cleanup
[2025-12-22T15:32:37.360+0000][356.505s][info ][safepoint     ] Leaving safepoint region
[2025-12-22T15:32:37.360+0000][356.505s][info ][safepoint     ] Total time for which application threads were stopped: 0.0005236 seconds, Stopping threads took: 0.0001506 seconds
[2025-12-22T15:32:38.360+0000][357.506s][debug][safepoint     ] Safepoint synchronization initiated. (260 threads)
[2025-12-22T15:32:38.360+0000][357.506s][info ][safepoint     ] Application time: 1.0002457 seconds
[2025-12-22T15:32:38.360+0000][357.506s][info ][safepoint     ] Entering safepoint region: Cleanup
[2025-12-22T15:32:38.361+0000][357.506s][info ][safepoint     ] Leaving safepoint region
[2025-12-22T15:32:38.361+0000][357.506s][info ][safepoint     ] Total time for which application threads were stopped: 0.0005668 seconds, Stopping threads took: 0.0002110 seconds
[2025-12-22T15:32:39.361+0000][358.507s][debug][safepoint     ] Safepoint synchronization initiated. (260 threads)
[2025-12-22T15:32:39.361+0000][358.507s][info ][safepoint     ] Application time: 1.0002793 seconds
[2025-12-22T15:32:39.361+0000][358.507s][info ][safepoint     ] Entering safepoint region: Cleanup
[2025-12-22T15:32:39.362+0000][358.507s][info ][safepoint     ] Leaving safepoint region
[2025-12-22T15:32:39.362+0000][358.507s][info ][safepoint     ] Total time for which application threads were stopped: 0.0005721 seconds, Stopping threads took: 0.0001817 seconds
[2025-12-22T15:32:40.362+0000][359.507s][debug][safepoint     ] Safepoint synchronization initiated. (260 threads)
[2025-12-22T15:32:40.362+0000][359.507s][info ][safepoint     ] Application time: 1.0002866 seconds
[2025-12-22T15:32:40.362+0000][359.508s][info ][safepoint     ] Entering safepoint region: Cleanup
[2025-12-22T15:32:40.363+0000][359.508s][info ][safepoint     ] Leaving safepoint region
[2025-12-22T15:32:40.363+0000][359.508s][info ][safepoint     ] Total time for which application threads were stopped: 0.0005629 seconds, Stopping threads took: 0.0001343 seconds
[2025-12-22T15:32:41.363+0000][360.508s][debug][safepoint     ] Safepoint synchronization initiated. (260 threads)
[2025-12-22T15:32:41.364+0000][360.509s][info ][safepoint     ] Application time: 1.0007668 seconds
[2025-12-22T15:32:41.364+0000][360.509s][info ][safepoint     ] Entering safepoint region: Cleanup
[2025-12-22T15:32:41.364+0000][360.509s][info ][safepoint     ] Leaving safepoint region
[2025-12-22T15:32:41.364+0000][360.509s][info ][safepoint     ] Total time for which application threads were stopped: 0.0003945 seconds, Stopping threads took: 0.0001436 seconds
[2025-12-22T15:32:42.364+0000][361.510s][debug][safepoint     ] Safepoint synchronization initiated. (260 threads)
[2025-12-22T15:32:42.364+0000][361.510s][info ][safepoint     ] Application time: 1.0002352 seconds
[2025-12-22T15:32:42.364+0000][361.510s][info ][safepoint     ] Entering safepoint region: Cleanup
[2025-12-22T15:32:42.365+0000][361.510s][info ][safepoint     ] Leaving safepoint region
[2025-12-22T15:32:42.365+0000][361.510s][info ][safepoint     ] Total time for which application threads were stopped: 0.0005603 seconds, Stopping threads took: 0.0001413 seconds
[2025-12-22T15:32:43.365+0000][362.510s][debug][safepoint     ] Safepoint synchronization initiated. (259 threads)
[2025-12-22T15:32:43.365+0000][362.510s][info ][safepoint     ] Application time: 1.0002321 seconds
[2025-12-22T15:32:43.365+0000][362.511s][info ][safepoint     ] Entering safepoint region: Cleanup
[2025-12-22T15:32:43.366+0000][362.511s][info ][safepoint     ] Leaving safepoint region
[2025-12-22T15:32:43.366+0000][362.511s][info ][safepoint     ] Total time for which application threads were stopped: 0.0007280 seconds, Stopping threads took: 0.0001391 seconds
[2025-12-22T15:32:44.366+0000][363.511s][debug][safepoint     ] Safepoint synchronization initiated. (259 threads)
[2025-12-22T15:32:44.366+0000][363.511s][info ][safepoint     ] Application time: 1.0001727 seconds
[2025-12-22T15:32:44.366+0000][363.511s][info ][safepoint     ] Entering safepoint region: Cleanup
[2025-12-22T15:32:44.367+0000][363.512s][info ][safepoint     ] Leaving safepoint region
[2025-12-22T15:32:44.367+0000][363.512s][info ][safepoint     ] Total time for which application threads were stopped: 0.0005556 seconds, Stopping threads took: 0.0001319 seconds
[2025-12-22T15:32:45.367+0000][364.512s][debug][safepoint     ] Safepoint synchronization initiated. (259 threads)
[2025-12-22T15:32:45.367+0000][364.512s][info ][safepoint     ] Application time: 1.0002923 seconds
[2025-12-22T15:32:45.367+0000][364.512s][info ][safepoint     ] Entering safepoint region: Cleanup
[2025-12-22T15:32:45.368+0000][364.513s][info ][safepoint     ] Leaving safepoint region
[2025-12-22T15:32:45.368+0000][364.513s][info ][safepoint     ] Total time for which application threads were stopped: 0.0008021 seconds, Stopping threads took: 0.0001530 seconds
[2025-12-22T15:32:46.368+0000][365.513s][debug][safepoint     ] Safepoint synchronization initiated. (259 threads)
[2025-12-22T15:32:46.368+0000][365.513s][info ][safepoint     ] Application time: 1.0002723 seconds
[2025-12-22T15:32:46.368+0000][365.514s][info ][safepoint     ] Entering safepoint region: Cleanup
[2025-12-22T15:32:46.369+0000][365.514s][info ][safepoint     ] Leaving safepoint region
[2025-12-22T15:32:46.369+0000][365.514s][info ][safepoint     ] Total time for which application threads were stopped: 0.0006072 seconds, Stopping threads took: 0.0001656 seconds
[2025-12-22T15:32:47.369+0000][366.514s][debug][safepoint     ] Safepoint synchronization initiated. (259 threads)
[2025-12-22T15:32:47.369+0000][366.514s][info ][safepoint     ] Application time: 1.0003485 seconds
[2025-12-22T15:32:47.369+0000][366.515s][debug][safepoint     ] ... found polling page return exception at pc = 0x00007fb9d49acb39, stub =0x00007fb9cc824b00
[2025-12-22T15:32:47.369+0000][366.515s][debug][safepoint     ] Waiting for 1 thread(s) to block
[2025-12-22T15:32:47.369+0000][366.515s][info ][safepoint     ] Entering safepoint region: Cleanup
[2025-12-22T15:32:47.370+0000][366.515s][info ][safepoint     ] Leaving safepoint region
[2025-12-22T15:32:47.370+0000][366.515s][info ][safepoint     ] Total time for which application threads were stopped: 0.0007309 seconds, Stopping threads took: 0.0003634 seconds
[2025-12-22T15:32:48.370+0000][367.515s][debug][safepoint     ] Safepoint synchronization initiated. (259 threads)
[2025-12-22T15:32:48.370+0000][367.515s][info ][safepoint     ] Application time: 1.0001527 seconds
[2025-12-22T15:32:48.370+0000][367.515s][info ][safepoint     ] Entering safepoint region: Cleanup
[2025-12-22T15:32:48.370+0000][367.516s][info ][safepoint     ] Leaving safepoint region
[2025-12-22T15:32:48.370+0000][367.516s][info ][safepoint     ] Total time for which application threads were stopped: 0.0004406 seconds, Stopping threads took: 0.0001099 seconds
[2025-12-22T15:32:49.371+0000][368.516s][debug][safepoint     ] Safepoint synchronization initiated. (259 threads)
[2025-12-22T15:32:49.371+0000][368.516s][info ][safepoint     ] Application time: 1.0003213 seconds
[2025-12-22T15:32:49.371+0000][368.516s][info ][safepoint     ] Entering safepoint region: Cleanup
[2025-12-22T15:32:49.371+0000][368.517s][info ][safepoint     ] Leaving safepoint region
[2025-12-22T15:32:49.371+0000][368.517s][info ][safepoint     ] Total time for which application threads were stopped: 0.0006087 seconds, Stopping threads took: 0.0001812 seconds
[2025-12-22T15:32:50.372+0000][369.517s][debug][safepoint     ] Safepoint synchronization initiated. (259 threads)
[2025-12-22T15:32:50.372+0000][369.517s][info ][safepoint     ] Application time: 1.0001490 seconds
[2025-12-22T15:32:50.372+0000][369.517s][info ][safepoint     ] Entering safepoint region: Cleanup
[2025-12-22T15:32:50.372+0000][369.517s][info ][safepoint     ] Leaving safepoint region
[2025-12-22T15:32:50.372+0000][369.517s][info ][safepoint     ] Total time for which application threads were stopped: 0.0003937 seconds, Stopping threads took: 0.0001220 seconds
[2025-12-22T15:32:51.372+0000][370.518s][debug][safepoint     ] Safepoint synchronization initiated. (259 threads)
[2025-12-22T15:32:51.372+0000][370.518s][info ][safepoint     ] Application time: 1.0003702 seconds
[2025-12-22T15:32:51.373+0000][370.518s][info ][safepoint     ] Entering safepoint region: Cleanup
[2025-12-22T15:32:51.373+0000][370.518s][info ][safepoint     ] Leaving safepoint region
[2025-12-22T15:32:51.373+0000][370.518s][info ][safepoint     ] Total time for which application threads were stopped: 0.0005578 seconds, Stopping threads took: 0.0001703 seconds
[2025-12-22T15:32:52.373+0000][371.519s][debug][safepoint     ] Safepoint synchronization initiated. (259 threads)
[2025-12-22T15:32:52.373+0000][371.519s][info ][safepoint     ] Application time: 1.0002494 seconds
[2025-12-22T15:32:52.373+0000][371.519s][info ][safepoint     ] Entering safepoint region: Cleanup
[2025-12-22T15:32:52.374+0000][371.519s][info ][safepoint     ] Leaving safepoint region
[2025-12-22T15:32:52.374+0000][371.519s][info ][safepoint     ] Total time for which application threads were stopped: 0.0005700 seconds, Stopping threads took: 0.0001468 seconds
[2025-12-22T15:32:52.374+0000][371.519s][debug][safepoint     ] ... found polling page return exception at pc = 0x00007fb9d4676756, stub =0x00007fb9cc824b00
[2025-12-22T15:32:53.374+0000][372.519s][debug][safepoint     ] Safepoint synchronization initiated. (259 threads)
[2025-12-22T15:32:53.374+0000][372.520s][info ][safepoint     ] Application time: 1.0001988 seconds
[2025-12-22T15:32:53.374+0000][372.520s][info ][safepoint     ] Entering safepoint region: Cleanup
[2025-12-22T15:32:53.375+0000][372.520s][info ][safepoint     ] Leaving safepoint region
[2025-12-22T15:32:53.375+0000][372.520s][info ][safepoint     ] Total time for which application threads were stopped: 0.0004341 seconds, Stopping threads took: 0.0001373 seconds
[2025-12-22T15:32:54.375+0000][373.520s][debug][safepoint     ] Safepoint synchronization initiated. (259 threads)
[2025-12-22T15:32:54.375+0000][373.520s][info ][safepoint     ] Application time: 1.0002509 seconds
[2025-12-22T15:32:54.375+0000][373.520s][debug][safepoint     ] ... found polling page return exception at pc = 0x00007fb9d4aa61b0, stub =0x00007fb9cc824b00
[2025-12-22T15:32:54.375+0000][373.520s][debug][safepoint     ] ... found polling page return exception at pc = 0x00007fb9d47b4f84, stub =0x00007fb9cc824b00
[2025-12-22T15:32:54.375+0000][373.520s][debug][safepoint     ] ... found polling page return exception at pc = 0x00007fb9d49b3d9b, stub =0x00007fb9cc824b00
[2025-12-22T15:32:54.375+0000][373.521s][debug][safepoint     ] Waiting for 3 thread(s) to block
[2025-12-22T15:32:54.375+0000][373.521s][info ][safepoint     ] Entering safepoint region: Cleanup
[2025-12-22T15:32:54.376+0000][373.521s][info ][safepoint     ] Leaving safepoint region
[2025-12-22T15:32:54.376+0000][373.521s][info ][safepoint     ] Total time for which application threads were stopped: 0.0010093 seconds, Stopping threads took: 0.0004757 seconds
[2025-12-22T15:32:55.376+0000][374.522s][debug][safepoint     ] Safepoint synchronization initiated. (259 threads)
[2025-12-22T15:32:55.376+0000][374.522s][info ][safepoint     ] Application time: 1.0002854 seconds
[2025-12-22T15:32:55.376+0000][374.522s][info ][safepoint     ] Entering safepoint region: Cleanup
[2025-12-22T15:32:55.377+0000][374.522s][info ][safepoint     ] Leaving safepoint region
[2025-12-22T15:32:55.377+0000][374.522s][info ][safepoint     ] Total time for which application threads were stopped: 0.0004891 seconds, Stopping threads took: 0.0001319 seconds
[2025-12-22T15:32:56.377+0000][375.522s][debug][safepoint     ] Safepoint synchronization initiated. (259 threads)
[2025-12-22T15:32:56.377+0000][375.522s][info ][safepoint     ] Application time: 1.0002312 seconds
[2025-12-22T15:32:56.377+0000][375.523s][info ][safepoint     ] Entering safepoint region: Cleanup
[2025-12-22T15:32:56.378+0000][375.523s][info ][safepoint     ] Leaving safepoint region
[2025-12-22T15:32:56.378+0000][375.523s][info ][safepoint     ] Total time for which application threads were stopped: 0.0007300 seconds, Stopping threads took: 0.0001474 seconds
[2025-12-22T15:32:57.378+0000][376.523s][debug][safepoint     ] Safepoint synchronization initiated. (259 threads)
[2025-12-22T15:32:57.378+0000][376.523s][info ][safepoint     ] Application time: 1.0001831 seconds
[2025-12-22T15:32:57.378+0000][376.524s][info ][safepoint     ] Entering safepoint region: Cleanup
[2025-12-22T15:32:57.379+0000][376.524s][info ][safepoint     ] Leaving safepoint region
[2025-12-22T15:32:57.379+0000][376.524s][info ][safepoint     ] Total time for which application threads were stopped: 0.0006098 seconds, Stopping threads took: 0.0002119 seconds
[2025-12-22T15:32:58.379+0000][377.524s][debug][safepoint     ] Safepoint synchronization initiated. (259 threads)
[2025-12-22T15:32:58.379+0000][377.524s][info ][safepoint     ] Application time: 1.0002315 seconds
[2025-12-22T15:32:58.379+0000][377.524s][info ][safepoint     ] Entering safepoint region: Cleanup
[2025-12-22T15:32:58.380+0000][377.525s][info ][safepoint     ] Leaving safepoint region
[2025-12-22T15:32:58.380+0000][377.525s][info ][safepoint     ] Total time for which application threads were stopped: 0.0006865 seconds, Stopping threads took: 0.0001621 seconds
[2025-12-22T15:32:58.893+0000][378.039s][debug][safepoint     ] Safepoint synchronization initiated. (259 threads)
[2025-12-22T15:32:58.893+0000][378.039s][info ][safepoint     ] Application time: 0.5135228 seconds
[2025-12-22T15:32:58.893+0000][378.039s][info ][safepoint     ] Entering safepoint region: G1CollectForAllocation
[2025-12-22T15:32:58.894+0000][378.039s][info ][gc,start      ] GC(94) Pause Young (Normal) (G1 Evacuation Pause)
[2025-12-22T15:32:58.894+0000][378.039s][info ][gc,task       ] GC(94) Using 4 workers of 4 for evacuation
[2025-12-22T15:32:58.904+0000][378.050s][info ][gc,phases     ] GC(94)   Pre Evacuate Collection Set: 0.0ms
[2025-12-22T15:32:58.904+0000][378.050s][info ][gc,phases     ] GC(94)   Evacuate Collection Set: 5.8ms
[2025-12-22T15:32:58.904+0000][378.050s][info ][gc,phases     ] GC(94)   Post Evacuate Collection Set: 4.6ms
[2025-12-22T15:32:58.905+0000][378.050s][info ][gc,phases     ] GC(94)   Other: 0.4ms
[2025-12-22T15:32:58.905+0000][378.050s][info ][gc,heap       ] GC(94) Eden regions: 173->0(174)
[2025-12-22T15:32:58.905+0000][378.050s][info ][gc,heap       ] GC(94) Survivor regions: 4->1(23)
[2025-12-22T15:32:58.905+0000][378.050s][info ][gc,heap       ] GC(94) Old regions: 172->174
[2025-12-22T15:32:58.905+0000][378.050s][info ][gc,heap       ] GC(94) Humongous regions: 0->0
[2025-12-22T15:32:58.905+0000][378.050s][info ][gc,metaspace  ] GC(94) Metaspace: 177125K(183068K)->177125K(183068K) NonClass: 156570K(160208K)->156570K(160208K) Class: 20554K(22860K)->20554K(22860K)
[2025-12-22T15:32:58.905+0000][378.050s][info ][gc            ] GC(94) Pause Young (Normal) (G1 Evacuation Pause) 346M->173M(393M) 10.919ms
[2025-12-22T15:32:58.905+0000][378.050s][info ][gc,cpu        ] GC(94) User=0.04s Sys=0.00s Real=0.02s
[2025-12-22T15:32:58.905+0000][378.050s][info ][safepoint     ] Leaving safepoint region
[2025-12-22T15:32:58.905+0000][378.050s][info ][safepoint     ] Total time for which application threads were stopped: 0.0116124 seconds, Stopping threads took: 0.0001324 seconds
[2025-12-22T15:32:58.905+0000][378.050s][info ][gc,stringdedup] Concurrent String Deduplication (378.050s)
[2025-12-22T15:32:58.905+0000][378.050s][info ][gc,stringdedup] Concurrent String Deduplication 0.0B->0.0B(0.0B) avg 54.3% (378.050s, 378.050s) 0.042ms
[2025-12-22T15:32:59.905+0000][379.050s][debug][safepoint     ] Safepoint synchronization initiated. (259 threads)
[2025-12-22T15:32:59.905+0000][379.051s][info ][safepoint     ] Application time: 1.0002705 seconds
[2025-12-22T15:32:59.905+0000][379.051s][info ][safepoint     ] Entering safepoint region: Cleanup
[2025-12-22T15:32:59.906+0000][379.051s][info ][safepoint     ] Leaving safepoint region
[2025-12-22T15:32:59.906+0000][379.051s][info ][safepoint     ] Total time for which application threads were stopped: 0.0004974 seconds, Stopping threads took: 0.0001357 seconds
[2025-12-22T15:33:00.906+0000][380.051s][debug][safepoint     ] Safepoint synchronization initiated. (259 threads)
[2025-12-22T15:33:00.906+0000][380.051s][info ][safepoint     ] Application time: 1.0002920 seconds
[2025-12-22T15:33:00.906+0000][380.052s][info ][safepoint     ] Entering safepoint region: Cleanup
[2025-12-22T15:33:00.907+0000][380.052s][info ][safepoint     ] Leaving safepoint region
[2025-12-22T15:33:00.907+0000][380.052s][info ][safepoint     ] Total time for which application threads were stopped: 0.0007382 seconds, Stopping threads took: 0.0001647 seconds
[2025-12-22T15:33:01.907+0000][381.052s][debug][safepoint     ] Safepoint synchronization initiated. (259 threads)
[2025-12-22T15:33:01.907+0000][381.052s][info ][safepoint     ] Application time: 1.0002276 seconds
[2025-12-22T15:33:01.907+0000][381.052s][debug][safepoint     ] ... found polling page return exception at pc = 0x00007fb9d4b00ef2, stub =0x00007fb9cc824b00
[2025-12-22T15:33:01.907+0000][381.052s][debug][safepoint     ] ... found polling page return exception at pc = 0x00007fb9d4b00ef2, stub =0x00007fb9cc824b00
[2025-12-22T15:33:01.907+0000][381.053s][debug][safepoint     ] Waiting for 2 thread(s) to block
[2025-12-22T15:33:01.907+0000][381.053s][info ][safepoint     ] Entering safepoint region: Cleanup
[2025-12-22T15:33:01.908+0000][381.053s][info ][safepoint     ] Leaving safepoint region
[2025-12-22T15:33:01.908+0000][381.053s][info ][safepoint     ] Total time for which application threads were stopped: 0.0008078 seconds, Stopping threads took: 0.0003882 seconds
[2025-12-22T15:33:01.908+0000][381.053s][debug][safepoint     ] ... found polling page return exception at pc = 0x00007fb9d4676756, stub =0x00007fb9cc824b00
[2025-12-22T15:33:02.908+0000][382.053s][debug][safepoint     ] Safepoint synchronization initiated. (259 threads)
[2025-12-22T15:33:02.908+0000][382.053s][info ][safepoint     ] Application time: 1.0002663 seconds
[2025-12-22T15:33:02.908+0000][382.054s][info ][safepoint     ] Entering safepoint region: Cleanup
[2025-12-22T15:33:02.909+0000][382.055s][info ][safepoint     ] Leaving safepoint region
[2025-12-22T15:33:02.909+0000][382.055s][info ][safepoint     ] Total time for which application threads were stopped: 0.0013809 seconds, Stopping threads took: 0.0001588 seconds
[2025-12-22T15:33:03.910+0000][383.055s][debug][safepoint     ] Safepoint synchronization initiated. (259 threads)
[2025-12-22T15:33:03.910+0000][383.055s][info ][safepoint     ] Application time: 1.0002449 seconds
[2025-12-22T15:33:03.910+0000][383.055s][info ][safepoint     ] Entering safepoint region: Cleanup
[2025-12-22T15:33:03.910+0000][383.056s][info ][safepoint     ] Leaving safepoint region
[2025-12-22T15:33:03.910+0000][383.056s][info ][safepoint     ] Total time for which application threads were stopped: 0.0006663 seconds, Stopping threads took: 0.0001578 seconds
[2025-12-22T15:33:04.911+0000][384.056s][debug][safepoint     ] Safepoint synchronization initiated. (259 threads)
[2025-12-22T15:33:04.911+0000][384.056s][info ][safepoint     ] Application time: 1.0001696 seconds
[2025-12-22T15:33:04.911+0000][384.056s][info ][safepoint     ] Entering safepoint region: Cleanup
[2025-12-22T15:33:04.911+0000][384.057s][info ][safepoint     ] Leaving safepoint region
[2025-12-22T15:33:04.911+0000][384.057s][info ][safepoint     ] Total time for which application threads were stopped: 0.0005137 seconds, Stopping threads took: 0.0001838 seconds
[2025-12-22T15:33:05.911+0000][385.057s][debug][safepoint     ] Safepoint synchronization initiated. (259 threads)
[2025-12-22T15:33:05.912+0000][385.057s][info ][safepoint     ] Application time: 1.0003635 seconds
[2025-12-22T15:33:05.912+0000][385.057s][info ][safepoint     ] Entering safepoint region: Cleanup
[2025-12-22T15:33:05.912+0000][385.058s][info ][safepoint     ] Leaving safepoint region
[2025-12-22T15:33:05.913+0000][385.058s][info ][safepoint     ] Total time for which application threads were stopped: 0.0009032 seconds, Stopping threads took: 0.0002022 seconds
[2025-12-22T15:33:06.913+0000][386.058s][debug][safepoint     ] Safepoint synchronization initiated. (259 threads)
[2025-12-22T15:33:06.913+0000][386.058s][info ][safepoint     ] Application time: 1.0002580 seconds
[2025-12-22T15:33:06.913+0000][386.058s][info ][safepoint     ] Entering safepoint region: Cleanup
[2025-12-22T15:33:06.914+0000][386.059s][info ][safepoint     ] Leaving safepoint region
[2025-12-22T15:33:06.914+0000][386.059s][info ][safepoint     ] Total time for which application threads were stopped: 0.0008801 seconds, Stopping threads took: 0.0002011 seconds
[2025-12-22T15:33:07.914+0000][387.059s][debug][safepoint     ] Safepoint synchronization initiated. (259 threads)
[2025-12-22T15:33:07.914+0000][387.059s][info ][safepoint     ] Application time: 1.0002166 seconds
[2025-12-22T15:33:07.914+0000][387.060s][info ][safepoint     ] Entering safepoint region: Cleanup
[2025-12-22T15:33:07.915+0000][387.060s][info ][safepoint     ] Leaving safepoint region
[2025-12-22T15:33:07.915+0000][387.060s][info ][safepoint     ] Total time for which application threads were stopped: 0.0006057 seconds, Stopping threads took: 0.0001597 seconds
[2025-12-22T15:33:08.915+0000][388.060s][debug][safepoint     ] Safepoint synchronization initiated. (259 threads)
[2025-12-22T15:33:08.915+0000][388.060s][info ][safepoint     ] Application time: 1.0001244 seconds
[2025-12-22T15:33:08.915+0000][388.060s][debug][safepoint     ] ... found polling page return exception at pc = 0x00007fb9d48f2474, stub =0x00007fb9cc824b00
[2025-12-22T15:33:08.915+0000][388.060s][debug][safepoint     ] ... found polling page return exception at pc = 0x00007fb9d48f2474, stub =0x00007fb9cc824b00
[2025-12-22T15:33:08.915+0000][388.060s][debug][safepoint     ] Waiting for 3 thread(s) to block
[2025-12-22T15:33:08.915+0000][388.060s][info ][safepoint     ] Entering safepoint region: Cleanup
[2025-12-22T15:33:08.915+0000][388.061s][info ][safepoint     ] Leaving safepoint region
[2025-12-22T15:33:08.915+0000][388.061s][info ][safepoint     ] Total time for which application threads were stopped: 0.0006388 seconds, Stopping threads took: 0.0003544 seconds
[2025-12-22T15:33:09.916+0000][389.061s][debug][safepoint     ] Safepoint synchronization initiated. (259 threads)
[2025-12-22T15:33:09.916+0000][389.061s][info ][safepoint     ] Application time: 1.0002163 seconds
[2025-12-22T15:33:09.916+0000][389.061s][info ][safepoint     ] Entering safepoint region: Cleanup
[2025-12-22T15:33:09.916+0000][389.061s][info ][safepoint     ] Leaving safepoint region
[2025-12-22T15:33:09.916+0000][389.061s][info ][safepoint     ] Total time for which application threads were stopped: 0.0004447 seconds, Stopping threads took: 0.0001313 seconds
[2025-12-22T15:33:10.916+0000][390.062s][debug][safepoint     ] Safepoint synchronization initiated. (259 threads)
[2025-12-22T15:33:10.916+0000][390.062s][info ][safepoint     ] Application time: 1.0002635 seconds
[2025-12-22T15:33:10.917+0000][390.062s][info ][safepoint     ] Entering safepoint region: Cleanup
[2025-12-22T15:33:10.917+0000][390.063s][info ][safepoint     ] Leaving safepoint region
[2025-12-22T15:33:10.917+0000][390.063s][info ][safepoint     ] Total time for which application threads were stopped: 0.0008065 seconds, Stopping threads took: 0.0001854 seconds
[2025-12-22T15:33:11.917+0000][391.063s][debug][safepoint     ] Safepoint synchronization initiated. (259 threads)
[2025-12-22T15:33:11.917+0000][391.063s][info ][safepoint     ] Application time: 1.0001822 seconds
[2025-12-22T15:33:11.918+0000][391.063s][info ][safepoint     ] Entering safepoint region: Cleanup
[2025-12-22T15:33:11.918+0000][391.063s][info ][safepoint     ] Leaving safepoint region
[2025-12-22T15:33:11.918+0000][391.063s][info ][safepoint     ] Total time for which application threads were stopped: 0.0005465 seconds, Stopping threads took: 0.0001941 seconds
[2025-12-22T15:33:12.918+0000][392.064s][debug][safepoint     ] Safepoint synchronization initiated. (259 threads)
[2025-12-22T15:33:12.918+0000][392.064s][info ][safepoint     ] Application time: 1.0002518 seconds
[2025-12-22T15:33:12.918+0000][392.064s][info ][safepoint     ] Entering safepoint region: Cleanup
[2025-12-22T15:33:12.919+0000][392.064s][info ][safepoint     ] Leaving safepoint region
[2025-12-22T15:33:12.919+0000][392.064s][info ][safepoint     ] Total time for which application threads were stopped: 0.0007618 seconds, Stopping threads took: 0.0001714 seconds
[2025-12-22T15:33:13.919+0000][393.065s][debug][safepoint     ] Safepoint synchronization initiated. (259 threads)
[2025-12-22T15:33:13.919+0000][393.065s][info ][safepoint     ] Application time: 1.0001659 seconds
[2025-12-22T15:33:13.919+0000][393.065s][info ][safepoint     ] Entering safepoint region: Cleanup
[2025-12-22T15:33:13.920+0000][393.065s][info ][safepoint     ] Leaving safepoint region
[2025-12-22T15:33:13.920+0000][393.065s][info ][safepoint     ] Total time for which application threads were stopped: 0.0004978 seconds, Stopping threads took: 0.0001156 seconds
[2025-12-22T15:33:14.920+0000][394.065s][debug][safepoint     ] Safepoint synchronization initiated. (259 threads)
[2025-12-22T15:33:14.920+0000][394.065s][info ][safepoint     ] Application time: 1.0001477 seconds
[2025-12-22T15:33:14.920+0000][394.065s][info ][safepoint     ] Entering safepoint region: Cleanup
[2025-12-22T15:33:14.920+0000][394.066s][info ][safepoint     ] Leaving safepoint region
[2025-12-22T15:33:14.920+0000][394.066s][info ][safepoint     ] Total time for which application threads were stopped: 0.0004136 seconds, Stopping threads took: 0.0001220 seconds
[2025-12-22T15:33:15.920+0000][395.066s][debug][safepoint     ] Safepoint synchronization initiated. (259 threads)
[2025-12-22T15:33:15.920+0000][395.066s][info ][safepoint     ] Application time: 1.0001892 seconds
[2025-12-22T15:33:15.921+0000][395.066s][info ][safepoint     ] Entering safepoint region: Cleanup
[2025-12-22T15:33:15.921+0000][395.066s][info ][safepoint     ] Leaving safepoint region
[2025-12-22T15:33:15.921+0000][395.066s][info ][safepoint     ] Total time for which application threads were stopped: 0.0005681 seconds, Stopping threads took: 0.0001323 seconds
[2025-12-22T15:33:16.921+0000][396.067s][debug][safepoint     ] Safepoint synchronization initiated. (259 threads)
[2025-12-22T15:33:16.921+0000][396.067s][info ][safepoint     ] Application time: 1.0002998 seconds
[2025-12-22T15:33:16.922+0000][396.067s][info ][safepoint     ] Entering safepoint region: Cleanup
[2025-12-22T15:33:16.922+0000][396.067s][info ][safepoint     ] Leaving safepoint region
[2025-12-22T15:33:16.922+0000][396.067s][info ][safepoint     ] Total time for which application threads were stopped: 0.0005052 seconds, Stopping threads took: 0.0001258 seconds
[2025-12-22T15:33:17.922+0000][397.068s][debug][safepoint     ] Safepoint synchronization initiated. (259 threads)
[2025-12-22T15:33:17.922+0000][397.068s][info ][safepoint     ] Application time: 1.0002381 seconds
[2025-12-22T15:33:17.922+0000][397.068s][info ][safepoint     ] Entering safepoint region: Cleanup
[2025-12-22T15:33:17.923+0000][397.068s][info ][safepoint     ] Leaving safepoint region
[2025-12-22T15:33:17.923+0000][397.068s][info ][safepoint     ] Total time for which application threads were stopped: 0.0006059 seconds, Stopping threads took: 0.0001112 seconds
[2025-12-22T15:33:18.923+0000][398.068s][debug][safepoint     ] Safepoint synchronization initiated. (259 threads)
[2025-12-22T15:33:18.923+0000][398.068s][info ][safepoint     ] Application time: 1.0001676 seconds
[2025-12-22T15:33:18.923+0000][398.069s][info ][safepoint     ] Entering safepoint region: Cleanup
[2025-12-22T15:33:18.924+0000][398.069s][info ][safepoint     ] Leaving safepoint region
[2025-12-22T15:33:18.924+0000][398.069s][info ][safepoint     ] Total time for which application threads were stopped: 0.0007645 seconds, Stopping threads took: 0.0001482 seconds
[2025-12-22T15:33:19.924+0000][399.069s][debug][safepoint     ] Safepoint synchronization initiated. (259 threads)
[2025-12-22T15:33:19.924+0000][399.069s][info ][safepoint     ] Application time: 1.0002708 seconds
[2025-12-22T15:33:19.924+0000][399.070s][info ][safepoint     ] Entering safepoint region: Cleanup
[2025-12-22T15:33:19.925+0000][399.070s][info ][safepoint     ] Leaving safepoint region
[2025-12-22T15:33:19.925+0000][399.070s][info ][safepoint     ] Total time for which application threads were stopped: 0.0007239 seconds, Stopping threads took: 0.0001848 seconds
[2025-12-22T15:33:20.925+0000][400.071s][debug][safepoint     ] Safepoint synchronization initiated. (259 threads)
[2025-12-22T15:33:20.925+0000][400.071s][info ][safepoint     ] Application time: 1.0003243 seconds
[2025-12-22T15:33:20.925+0000][400.071s][info ][safepoint     ] Entering safepoint region: Cleanup
[2025-12-22T15:33:20.926+0000][400.071s][info ][safepoint     ] Leaving safepoint region
[2025-12-22T15:33:20.926+0000][400.071s][info ][safepoint     ] Total time for which application threads were stopped: 0.0005902 seconds, Stopping threads took: 0.0001291 seconds
[2025-12-22T15:33:21.926+0000][401.071s][debug][safepoint     ] Safepoint synchronization initiated. (259 threads)
[2025-12-22T15:33:21.926+0000][401.071s][info ][safepoint     ] Application time: 1.0002093 seconds
[2025-12-22T15:33:21.926+0000][401.072s][debug][safepoint     ] ... found polling page return exception at pc = 0x00007fb9d4740e86, stub =0x00007fb9cc824b00
[2025-12-22T15:33:21.926+0000][401.072s][debug][safepoint     ] ... found polling page return exception at pc = 0x00007fb9d49b3d9b, stub =0x00007fb9cc824b00
[2025-12-22T15:33:21.926+0000][401.072s][debug][safepoint     ] ... found polling page return exception at pc = 0x00007fb9d4b00ef2, stub =0x00007fb9cc824b00
[2025-12-22T15:33:21.926+0000][401.072s][debug][safepoint     ] Waiting for 3 thread(s) to block
[2025-12-22T15:33:21.926+0000][401.072s][info ][safepoint     ] Entering safepoint region: Cleanup
[2025-12-22T15:33:21.927+0000][401.072s][info ][safepoint     ] Leaving safepoint region
[2025-12-22T15:33:21.927+0000][401.072s][info ][safepoint     ] Total time for which application threads were stopped: 0.0007509 seconds, Stopping threads took: 0.0004464 seconds
[2025-12-22T15:33:22.927+0000][402.072s][debug][safepoint     ] Safepoint synchronization initiated. (259 threads)
[2025-12-22T15:33:22.927+0000][402.072s][info ][safepoint     ] Application time: 1.0001916 seconds
[2025-12-22T15:33:22.927+0000][402.073s][info ][safepoint     ] Entering safepoint region: Cleanup
[2025-12-22T15:33:22.928+0000][402.073s][info ][safepoint     ] Leaving safepoint region
[2025-12-22T15:33:22.928+0000][402.073s][info ][safepoint     ] Total time for which application threads were stopped: 0.0007400 seconds, Stopping threads took: 0.0001773 seconds
[2025-12-22T15:33:23.928+0000][403.073s][debug][safepoint     ] Safepoint synchronization initiated. (259 threads)
[2025-12-22T15:33:23.928+0000][403.073s][info ][safepoint     ] Application time: 1.0002312 seconds
[2025-12-22T15:33:23.928+0000][403.074s][info ][safepoint     ] Entering safepoint region: Cleanup
[2025-12-22T15:33:23.929+0000][403.074s][info ][safepoint     ] Leaving safepoint region
[2025-12-22T15:33:23.929+0000][403.074s][info ][safepoint     ] Total time for which application threads were stopped: 0.0005916 seconds, Stopping threads took: 0.0001434 seconds
[2025-12-22T15:33:24.929+0000][404.074s][debug][safepoint     ] Safepoint synchronization initiated. (259 threads)
[2025-12-22T15:33:24.929+0000][404.074s][info ][safepoint     ] Application time: 1.0003167 seconds
[2025-12-22T15:33:24.929+0000][404.075s][info ][safepoint     ] Entering safepoint region: Cleanup
[2025-12-22T15:33:24.930+0000][404.075s][info ][safepoint     ] Leaving safepoint region
[2025-12-22T15:33:24.930+0000][404.075s][info ][safepoint     ] Total time for which application threads were stopped: 0.0007972 seconds, Stopping threads took: 0.0001699 seconds
[2025-12-22T15:33:25.930+0000][405.075s][debug][safepoint     ] Safepoint synchronization initiated. (259 threads)
[2025-12-22T15:33:25.930+0000][405.076s][info ][safepoint     ] Application time: 1.0003206 seconds
[2025-12-22T15:33:25.930+0000][405.076s][info ][safepoint     ] Entering safepoint region: Cleanup
[2025-12-22T15:33:25.931+0000][405.076s][info ][safepoint     ] Leaving safepoint region
[2025-12-22T15:33:25.931+0000][405.076s][info ][safepoint     ] Total time for which application threads were stopped: 0.0008635 seconds, Stopping threads took: 0.0002129 seconds
[2025-12-22T15:33:26.639+0000][405.784s][debug][safepoint     ] Safepoint synchronization initiated. (258 threads)
[2025-12-22T15:33:26.639+0000][405.784s][info ][safepoint     ] Application time: 0.7076270 seconds
[2025-12-22T15:33:26.639+0000][405.784s][debug][safepoint     ] ... found polling page return exception at pc = 0x00007fb9d43bff1f, stub =0x00007fb9cc824b00
[2025-12-22T15:33:26.639+0000][405.784s][debug][safepoint     ] ... found polling page return exception at pc = 0x00007fb9d4740e86, stub =0x00007fb9cc824b00
[2025-12-22T15:33:26.639+0000][405.784s][debug][safepoint     ] Waiting for 2 thread(s) to block
[2025-12-22T15:33:26.639+0000][405.785s][info ][safepoint     ] Entering safepoint region: G1CollectForAllocation
[2025-12-22T15:33:26.640+0000][405.785s][info ][gc,start      ] GC(95) Pause Young (Normal) (G1 Evacuation Pause)
[2025-12-22T15:33:26.640+0000][405.785s][info ][gc,task       ] GC(95) Using 4 workers of 4 for evacuation
[2025-12-22T15:33:26.648+0000][405.793s][info ][gc,phases     ] GC(95)   Pre Evacuate Collection Set: 0.0ms
[2025-12-22T15:33:26.648+0000][405.793s][info ][gc,phases     ] GC(95)   Evacuate Collection Set: 3.2ms
[2025-12-22T15:33:26.648+0000][405.793s][info ][gc,phases     ] GC(95)   Post Evacuate Collection Set: 4.6ms
[2025-12-22T15:33:26.648+0000][405.793s][info ][gc,phases     ] GC(95)   Other: 0.5ms
[2025-12-22T15:33:26.648+0000][405.793s][info ][gc,heap       ] GC(95) Eden regions: 174->0(174)
[2025-12-22T15:33:26.648+0000][405.793s][info ][gc,heap       ] GC(95) Survivor regions: 1->1(22)
[2025-12-22T15:33:26.648+0000][405.793s][info ][gc,heap       ] GC(95) Old regions: 174->174
[2025-12-22T15:33:26.648+0000][405.793s][info ][gc,heap       ] GC(95) Humongous regions: 0->0
[2025-12-22T15:33:26.648+0000][405.793s][info ][gc,metaspace  ] GC(95) Metaspace: 177160K(183068K)->177160K(183068K) NonClass: 156606K(160208K)->156606K(160208K) Class: 20554K(22860K)->20554K(22860K)
[2025-12-22T15:33:26.648+0000][405.794s][info ][gc            ] GC(95) Pause Young (Normal) (G1 Evacuation Pause) 347M->173M(393M) 8.441ms
[2025-12-22T15:33:26.648+0000][405.794s][info ][gc,cpu        ] GC(95) User=0.02s Sys=0.01s Real=0.01s
[2025-12-22T15:33:26.648+0000][405.794s][info ][safepoint     ] Leaving safepoint region
[2025-12-22T15:33:26.648+0000][405.794s][info ][safepoint     ] Total time for which application threads were stopped: 0.0095457 seconds, Stopping threads took: 0.0004527 seconds
[2025-12-22T15:33:26.648+0000][405.794s][info ][gc,stringdedup] Concurrent String Deduplication (405.794s)
[2025-12-22T15:33:26.649+0000][405.794s][info ][gc,stringdedup] Concurrent String Deduplication 99424.0B->1816.0B(97608.0B) avg 54.5% (405.794s, 405.794s) 0.600ms
[2025-12-22T15:33:27.649+0000][406.794s][debug][safepoint     ] Safepoint synchronization initiated. (258 threads)
[2025-12-22T15:33:27.649+0000][406.794s][info ][safepoint     ] Application time: 1.0003763 seconds
[2025-12-22T15:33:27.649+0000][406.794s][info ][safepoint     ] Entering safepoint region: Cleanup
[2025-12-22T15:33:27.649+0000][406.795s][info ][safepoint     ] Leaving safepoint region
[2025-12-22T15:33:27.650+0000][406.795s][info ][safepoint     ] Total time for which application threads were stopped: 0.0008116 seconds, Stopping threads took: 0.0002231 seconds
[2025-12-22T15:33:28.650+0000][407.795s][debug][safepoint     ] Safepoint synchronization initiated. (258 threads)
[2025-12-22T15:33:28.650+0000][407.795s][info ][safepoint     ] Application time: 1.0002873 seconds
[2025-12-22T15:33:28.650+0000][407.795s][info ][safepoint     ] Entering safepoint region: Cleanup
[2025-12-22T15:33:28.651+0000][407.796s][info ][safepoint     ] Leaving safepoint region
[2025-12-22T15:33:28.651+0000][407.796s][info ][safepoint     ] Total time for which application threads were stopped: 0.0007551 seconds, Stopping threads took: 0.0001949 seconds
[2025-12-22T15:33:29.651+0000][408.796s][debug][safepoint     ] Safepoint synchronization initiated. (258 threads)
[2025-12-22T15:33:29.651+0000][408.796s][info ][safepoint     ] Application time: 1.0002615 seconds
[2025-12-22T15:33:29.651+0000][408.796s][info ][safepoint     ] Entering safepoint region: Cleanup
[2025-12-22T15:33:29.651+0000][408.797s][info ][safepoint     ] Leaving safepoint region
[2025-12-22T15:33:29.651+0000][408.797s][info ][safepoint     ] Total time for which application threads were stopped: 0.0005273 seconds, Stopping threads took: 0.0001191 seconds
[2025-12-22T15:33:30.652+0000][409.797s][debug][safepoint     ] Safepoint synchronization initiated. (258 threads)
[2025-12-22T15:33:30.652+0000][409.797s][info ][safepoint     ] Application time: 1.0001644 seconds
[2025-12-22T15:33:30.652+0000][409.797s][info ][safepoint     ] Entering safepoint region: Cleanup
[2025-12-22T15:33:30.652+0000][409.798s][info ][safepoint     ] Leaving safepoint region
[2025-12-22T15:33:30.652+0000][409.798s][info ][safepoint     ] Total time for which application threads were stopped: 0.0007184 seconds, Stopping threads took: 0.0002130 seconds
[2025-12-22T15:33:31.652+0000][410.798s][debug][safepoint     ] Safepoint synchronization initiated. (258 threads)
[2025-12-22T15:33:31.653+0000][410.798s][info ][safepoint     ] Application time: 1.0002044 seconds
[2025-12-22T15:33:31.653+0000][410.798s][info ][safepoint     ] Entering safepoint region: Cleanup
[2025-12-22T15:33:31.653+0000][410.799s][info ][safepoint     ] Leaving safepoint region
[2025-12-22T15:33:31.653+0000][410.799s][info ][safepoint     ] Total time for which application threads were stopped: 0.0007239 seconds, Stopping threads took: 0.0001829 seconds
[2025-12-22T15:33:31.653+0000][410.799s][debug][safepoint     ] ... found polling page return exception at pc = 0x00007fb9d4676756, stub =0x00007fb9cc824b00
[2025-12-22T15:33:32.654+0000][411.799s][debug][safepoint     ] Safepoint synchronization initiated. (258 threads)
[2025-12-22T15:33:32.654+0000][411.799s][info ][safepoint     ] Application time: 1.0003306 seconds
[2025-12-22T15:33:32.654+0000][411.799s][info ][safepoint     ] Entering safepoint region: Cleanup
[2025-12-22T15:33:32.654+0000][411.800s][info ][safepoint     ] Leaving safepoint region
[2025-12-22T15:33:32.654+0000][411.800s][info ][safepoint     ] Total time for which application threads were stopped: 0.0006309 seconds, Stopping threads took: 0.0001887 seconds
[2025-12-22T15:33:33.654+0000][412.800s][debug][safepoint     ] Safepoint synchronization initiated. (258 threads)
[2025-12-22T15:33:33.655+0000][412.800s][info ][safepoint     ] Application time: 1.0001789 seconds
[2025-12-22T15:33:33.655+0000][412.800s][debug][safepoint     ] ... found polling page return exception at pc = 0x00007fb9d4660d7f, stub =0x00007fb9cc824b00
[2025-12-22T15:33:33.655+0000][412.800s][debug][safepoint     ] Waiting for 1 thread(s) to block
[2025-12-22T15:33:33.655+0000][412.800s][info ][safepoint     ] Entering safepoint region: Cleanup
[2025-12-22T15:33:33.655+0000][412.801s][info ][safepoint     ] Leaving safepoint region
[2025-12-22T15:33:33.655+0000][412.801s][info ][safepoint     ] Total time for which application threads were stopped: 0.0006808 seconds, Stopping threads took: 0.0002580 seconds
[2025-12-22T15:33:34.655+0000][413.801s][debug][safepoint     ] Safepoint synchronization initiated. (258 threads)
[2025-12-22T15:33:34.655+0000][413.801s][info ][safepoint     ] Application time: 1.0002060 seconds
[2025-12-22T15:33:34.656+0000][413.801s][info ][safepoint     ] Entering safepoint region: Cleanup
[2025-12-22T15:33:34.656+0000][413.802s][info ][safepoint     ] Leaving safepoint region
[2025-12-22T15:33:34.656+0000][413.802s][info ][safepoint     ] Total time for which application threads were stopped: 0.0007146 seconds, Stopping threads took: 0.0001527 seconds
[2025-12-22T15:33:35.656+0000][414.802s][debug][safepoint     ] Safepoint synchronization initiated. (258 threads)
[2025-12-22T15:33:35.656+0000][414.802s][info ][safepoint     ] Application time: 1.0001626 seconds
[2025-12-22T15:33:35.657+0000][414.802s][info ][safepoint     ] Entering safepoint region: Cleanup
[2025-12-22T15:33:35.657+0000][414.802s][info ][safepoint     ] Leaving safepoint region
[2025-12-22T15:33:35.657+0000][414.802s][info ][safepoint     ] Total time for which application threads were stopped: 0.0006230 seconds, Stopping threads took: 0.0001731 seconds
[2025-12-22T15:33:36.657+0000][415.803s][debug][safepoint     ] Safepoint synchronization initiated. (258 threads)
[2025-12-22T15:33:36.657+0000][415.803s][info ][safepoint     ] Application time: 1.0001818 seconds
[2025-12-22T15:33:36.657+0000][415.803s][info ][safepoint     ] Entering safepoint region: Cleanup
[2025-12-22T15:33:36.658+0000][415.803s][info ][safepoint     ] Leaving safepoint region
[2025-12-22T15:33:36.658+0000][415.803s][info ][safepoint     ] Total time for which application threads were stopped: 0.0005598 seconds, Stopping threads took: 0.0001693 seconds
[2025-12-22T15:33:37.658+0000][416.803s][debug][safepoint     ] Safepoint synchronization initiated. (258 threads)
[2025-12-22T15:33:37.658+0000][416.803s][info ][safepoint     ] Application time: 1.0001789 seconds
[2025-12-22T15:33:37.658+0000][416.803s][debug][safepoint     ] ... found polling page loop exception at pc = 0x00007fb9d4aa6224, stub =0x00007fb9cc826680
[2025-12-22T15:33:37.658+0000][416.803s][debug][safepoint     ] Waiting for 1 thread(s) to block
[2025-12-22T15:33:37.658+0000][416.804s][info ][safepoint     ] Entering safepoint region: Cleanup
[2025-12-22T15:33:37.659+0000][416.804s][info ][safepoint     ] Leaving safepoint region
[2025-12-22T15:33:37.659+0000][416.804s][info ][safepoint     ] Total time for which application threads were stopped: 0.0006660 seconds, Stopping threads took: 0.0002393 seconds
[2025-12-22T15:33:38.659+0000][417.804s][debug][safepoint     ] Safepoint synchronization initiated. (258 threads)
[2025-12-22T15:33:38.659+0000][417.804s][info ][safepoint     ] Application time: 1.0002178 seconds
[2025-12-22T15:33:38.659+0000][417.804s][info ][safepoint     ] Entering safepoint region: Cleanup
[2025-12-22T15:33:38.659+0000][417.805s][info ][safepoint     ] Leaving safepoint region
[2025-12-22T15:33:38.659+0000][417.805s][info ][safepoint     ] Total time for which application threads were stopped: 0.0006306 seconds, Stopping threads took: 0.0001974 seconds
[2025-12-22T15:33:39.660+0000][418.805s][debug][safepoint     ] Safepoint synchronization initiated. (258 threads)
[2025-12-22T15:33:39.660+0000][418.805s][info ][safepoint     ] Application time: 1.0002571 seconds
[2025-12-22T15:33:39.660+0000][418.805s][info ][safepoint     ] Entering safepoint region: Cleanup
[2025-12-22T15:33:39.660+0000][418.806s][info ][safepoint     ] Leaving safepoint region
[2025-12-22T15:33:39.660+0000][418.806s][info ][safepoint     ] Total time for which application threads were stopped: 0.0006315 seconds, Stopping threads took: 0.0001576 seconds
[2025-12-22T15:33:40.661+0000][419.806s][debug][safepoint     ] Safepoint synchronization initiated. (258 threads)
[2025-12-22T15:33:40.661+0000][419.806s][info ][safepoint     ] Application time: 1.0001994 seconds
[2025-12-22T15:33:40.661+0000][419.806s][debug][safepoint     ] ... found polling page return exception at pc = 0x00007fb9d4682543, stub =0x00007fb9cc824b00
[2025-12-22T15:33:40.661+0000][419.806s][debug][safepoint     ] Waiting for 1 thread(s) to block
[2025-12-22T15:33:40.661+0000][419.806s][info ][safepoint     ] Entering safepoint region: Cleanup
[2025-12-22T15:33:40.661+0000][419.807s][info ][safepoint     ] Leaving safepoint region
[2025-12-22T15:33:40.661+0000][419.807s][info ][safepoint     ] Total time for which application threads were stopped: 0.0008164 seconds, Stopping threads took: 0.0003023 seconds
[2025-12-22T15:33:41.662+0000][420.807s][debug][safepoint     ] Safepoint synchronization initiated. (258 threads)
[2025-12-22T15:33:41.662+0000][420.807s][info ][safepoint     ] Application time: 1.0001438 seconds
[2025-12-22T15:33:41.662+0000][420.807s][info ][safepoint     ] Entering safepoint region: Cleanup
[2025-12-22T15:33:41.662+0000][420.808s][info ][safepoint     ] Leaving safepoint region
[2025-12-22T15:33:41.662+0000][420.808s][info ][safepoint     ] Total time for which application threads were stopped: 0.0006161 seconds, Stopping threads took: 0.0001807 seconds
[2025-12-22T15:33:41.662+0000][420.808s][debug][safepoint     ] ... found polling page return exception at pc = 0x00007fb9d4676756, stub =0x00007fb9cc824b00
[2025-12-22T15:33:42.662+0000][421.808s][debug][safepoint     ] Safepoint synchronization initiated. (257 threads)
[2025-12-22T15:33:42.662+0000][421.808s][info ][safepoint     ] Application time: 1.0001819 seconds
[2025-12-22T15:33:42.663+0000][421.808s][info ][safepoint     ] Entering safepoint region: Cleanup
[2025-12-22T15:33:42.663+0000][421.808s][info ][safepoint     ] Leaving safepoint region
[2025-12-22T15:33:42.663+0000][421.808s][info ][safepoint     ] Total time for which application threads were stopped: 0.0005908 seconds, Stopping threads took: 0.0001272 seconds
[2025-12-22T15:33:43.663+0000][422.809s][debug][safepoint     ] Safepoint synchronization initiated. (257 threads)
[2025-12-22T15:33:43.663+0000][422.809s][info ][safepoint     ] Application time: 1.0001549 seconds
[2025-12-22T15:33:43.663+0000][422.809s][info ][safepoint     ] Entering safepoint region: Cleanup
[2025-12-22T15:33:43.664+0000][422.809s][info ][safepoint     ] Leaving safepoint region
[2025-12-22T15:33:43.664+0000][422.809s][info ][safepoint     ] Total time for which application threads were stopped: 0.0005978 seconds, Stopping threads took: 0.0001514 seconds
[2025-12-22T15:33:44.664+0000][423.809s][debug][safepoint     ] Safepoint synchronization initiated. (257 threads)
[2025-12-22T15:33:44.664+0000][423.809s][info ][safepoint     ] Application time: 1.0001725 seconds
[2025-12-22T15:33:44.664+0000][423.810s][info ][safepoint     ] Entering safepoint region: Cleanup
[2025-12-22T15:33:44.665+0000][423.810s][info ][safepoint     ] Leaving safepoint region
[2025-12-22T15:33:44.665+0000][423.810s][info ][safepoint     ] Total time for which application threads were stopped: 0.0005581 seconds, Stopping threads took: 0.0001383 seconds
[2025-12-22T15:33:45.665+0000][424.810s][debug][safepoint     ] Safepoint synchronization initiated. (257 threads)
[2025-12-22T15:33:45.665+0000][424.810s][info ][safepoint     ] Application time: 1.0002057 seconds
[2025-12-22T15:33:45.665+0000][424.810s][debug][safepoint     ] ... found polling page return exception at pc = 0x00007fb9d44dca99, stub =0x00007fb9cc824b00
[2025-12-22T15:33:45.665+0000][424.810s][debug][safepoint     ] Waiting for 1 thread(s) to block
[2025-12-22T15:33:45.665+0000][424.811s][info ][safepoint     ] Entering safepoint region: Cleanup
[2025-12-22T15:33:45.666+0000][424.811s][info ][safepoint     ] Leaving safepoint region
[2025-12-22T15:33:45.666+0000][424.811s][info ][safepoint     ] Total time for which application threads were stopped: 0.0006873 seconds, Stopping threads took: 0.0003244 seconds
[2025-12-22T15:33:46.666+0000][425.811s][debug][safepoint     ] Safepoint synchronization initiated. (257 threads)
[2025-12-22T15:33:46.666+0000][425.811s][info ][safepoint     ] Application time: 1.0002464 seconds
[2025-12-22T15:33:46.666+0000][425.811s][info ][safepoint     ] Entering safepoint region: Cleanup
[2025-12-22T15:33:46.666+0000][425.812s][info ][safepoint     ] Leaving safepoint region
[2025-12-22T15:33:46.667+0000][425.812s][info ][safepoint     ] Total time for which application threads were stopped: 0.0006703 seconds, Stopping threads took: 0.0001541 seconds
[2025-12-22T15:33:47.667+0000][426.812s][debug][safepoint     ] Safepoint synchronization initiated. (257 threads)
[2025-12-22T15:33:47.667+0000][426.812s][info ][safepoint     ] Application time: 1.0001641 seconds
[2025-12-22T15:33:47.667+0000][426.812s][info ][safepoint     ] Entering safepoint region: Cleanup
[2025-12-22T15:33:47.667+0000][426.813s][info ][safepoint     ] Leaving safepoint region
[2025-12-22T15:33:47.667+0000][426.813s][info ][safepoint     ] Total time for which application threads were stopped: 0.0006458 seconds, Stopping threads took: 0.0002232 seconds
[2025-12-22T15:33:48.668+0000][427.813s][debug][safepoint     ] Safepoint synchronization initiated. (255 threads)
[2025-12-22T15:33:48.668+0000][427.813s][info ][safepoint     ] Application time: 1.0002601 seconds
[2025-12-22T15:33:48.668+0000][427.813s][info ][safepoint     ] Entering safepoint region: Cleanup
[2025-12-22T15:33:48.668+0000][427.814s][info ][safepoint     ] Leaving safepoint region
[2025-12-22T15:33:48.668+0000][427.814s][info ][safepoint     ] Total time for which application threads were stopped: 0.0005211 seconds, Stopping threads took: 0.0001281 seconds
[2025-12-22T15:33:49.668+0000][428.814s][debug][safepoint     ] Safepoint synchronization initiated. (255 threads)
[2025-12-22T15:33:49.668+0000][428.814s][info ][safepoint     ] Application time: 1.0001727 seconds
[2025-12-22T15:33:49.669+0000][428.814s][info ][safepoint     ] Entering safepoint region: Cleanup
[2025-12-22T15:33:49.669+0000][428.814s][info ][safepoint     ] Leaving safepoint region
[2025-12-22T15:33:49.669+0000][428.814s][info ][safepoint     ] Total time for which application threads were stopped: 0.0005659 seconds, Stopping threads took: 0.0001637 seconds
[2025-12-22T15:33:50.669+0000][429.815s][debug][safepoint     ] Safepoint synchronization initiated. (255 threads)
[2025-12-22T15:33:50.669+0000][429.815s][info ][safepoint     ] Application time: 1.0002857 seconds
[2025-12-22T15:33:50.669+0000][429.815s][info ][safepoint     ] Entering safepoint region: Cleanup
[2025-12-22T15:33:50.670+0000][429.815s][info ][safepoint     ] Leaving safepoint region
[2025-12-22T15:33:50.670+0000][429.815s][info ][safepoint     ] Total time for which application threads were stopped: 0.0006591 seconds, Stopping threads took: 0.0002290 seconds
[2025-12-22T15:33:51.670+0000][430.815s][debug][safepoint     ] Safepoint synchronization initiated. (255 threads)
[2025-12-22T15:33:51.670+0000][430.816s][info ][safepoint     ] Application time: 1.0001969 seconds
[2025-12-22T15:33:51.670+0000][430.816s][info ][safepoint     ] Entering safepoint region: Cleanup
[2025-12-22T15:33:51.671+0000][430.816s][info ][safepoint     ] Leaving safepoint region
[2025-12-22T15:33:51.671+0000][430.816s][info ][safepoint     ] Total time for which application threads were stopped: 0.0007468 seconds, Stopping threads took: 0.0001805 seconds
[2025-12-22T15:33:52.671+0000][431.816s][debug][safepoint     ] Safepoint synchronization initiated. (255 threads)
[2025-12-22T15:33:52.671+0000][431.817s][info ][safepoint     ] Application time: 1.0002024 seconds
[2025-12-22T15:33:52.671+0000][431.817s][info ][safepoint     ] Entering safepoint region: Cleanup
[2025-12-22T15:33:52.672+0000][431.817s][info ][safepoint     ] Leaving safepoint region
[2025-12-22T15:33:52.672+0000][431.817s][info ][safepoint     ] Total time for which application threads were stopped: 0.0008440 seconds, Stopping threads took: 0.0001568 seconds
[2025-12-22T15:33:53.539+0000][432.685s][debug][safepoint     ] Safepoint synchronization initiated. (255 threads)
[2025-12-22T15:33:53.540+0000][432.685s][info ][safepoint     ] Application time: 0.8674964 seconds
[2025-12-22T15:33:53.540+0000][432.685s][info ][safepoint     ] Entering safepoint region: G1CollectForAllocation
[2025-12-22T15:33:53.540+0000][432.686s][info ][gc,start      ] GC(96) Pause Young (Normal) (G1 Evacuation Pause)
[2025-12-22T15:33:53.540+0000][432.686s][info ][gc,task       ] GC(96) Using 4 workers of 4 for evacuation
[2025-12-22T15:33:53.550+0000][432.695s][info ][gc,phases     ] GC(96)   Pre Evacuate Collection Set: 0.0ms
[2025-12-22T15:33:53.550+0000][432.695s][info ][gc,phases     ] GC(96)   Evacuate Collection Set: 4.2ms
[2025-12-22T15:33:53.550+0000][432.695s][info ][gc,phases     ] GC(96)   Post Evacuate Collection Set: 5.0ms
[2025-12-22T15:33:53.550+0000][432.695s][info ][gc,phases     ] GC(96)   Other: 0.5ms
[2025-12-22T15:33:53.550+0000][432.695s][info ][gc,heap       ] GC(96) Eden regions: 174->0(174)
[2025-12-22T15:33:53.550+0000][432.695s][info ][gc,heap       ] GC(96) Survivor regions: 1->1(22)
[2025-12-22T15:33:53.550+0000][432.695s][info ][gc,heap       ] GC(96) Old regions: 174->174
[2025-12-22T15:33:53.550+0000][432.695s][info ][gc,heap       ] GC(96) Humongous regions: 0->0
[2025-12-22T15:33:53.550+0000][432.695s][info ][gc,metaspace  ] GC(96) Metaspace: 177229K(183068K)->177229K(183068K) NonClass: 156673K(160208K)->156673K(160208K) Class: 20556K(22860K)->20556K(22860K)
[2025-12-22T15:33:53.550+0000][432.695s][info ][gc            ] GC(96) Pause Young (Normal) (G1 Evacuation Pause) 347M->173M(393M) 9.824ms
[2025-12-22T15:33:53.550+0000][432.695s][info ][gc,cpu        ] GC(96) User=0.02s Sys=0.00s Real=0.01s
[2025-12-22T15:33:53.550+0000][432.696s][info ][safepoint     ] Leaving safepoint region
[2025-12-22T15:33:53.550+0000][432.696s][info ][safepoint     ] Total time for which application threads were stopped: 0.0106447 seconds, Stopping threads took: 0.0001496 seconds
[2025-12-22T15:33:53.550+0000][432.696s][info ][gc,stringdedup] Concurrent String Deduplication (432.696s)
[2025-12-22T15:33:53.550+0000][432.696s][info ][gc,stringdedup] Concurrent String Deduplication 8472.0B->296.0B(8176.0B) avg 54.5% (432.696s, 432.696s) 0.099ms
[2025-12-22T15:33:54.550+0000][433.696s][debug][safepoint     ] Safepoint synchronization initiated. (255 threads)
[2025-12-22T15:33:54.550+0000][433.696s][info ][safepoint     ] Application time: 1.0003039 seconds
[2025-12-22T15:33:54.551+0000][433.696s][info ][safepoint     ] Entering safepoint region: Cleanup
[2025-12-22T15:33:54.551+0000][433.697s][info ][safepoint     ] Leaving safepoint region
[2025-12-22T15:33:54.551+0000][433.697s][info ][safepoint     ] Total time for which application threads were stopped: 0.0006888 seconds, Stopping threads took: 0.0001641 seconds
[2025-12-22T15:33:55.551+0000][434.697s][debug][safepoint     ] Safepoint synchronization initiated. (255 threads)
[2025-12-22T15:33:55.551+0000][434.697s][info ][safepoint     ] Application time: 1.0001863 seconds
[2025-12-22T15:33:55.552+0000][434.697s][info ][safepoint     ] Entering safepoint region: Cleanup
[2025-12-22T15:33:55.552+0000][434.697s][info ][safepoint     ] Leaving safepoint region
[2025-12-22T15:33:55.552+0000][434.698s][info ][safepoint     ] Total time for which application threads were stopped: 0.0006783 seconds, Stopping threads took: 0.0001853 seconds
[2025-12-22T15:33:56.552+0000][435.698s][debug][safepoint     ] Safepoint synchronization initiated. (255 threads)
[2025-12-22T15:33:56.552+0000][435.698s][info ][safepoint     ] Application time: 1.0001913 seconds
[2025-12-22T15:33:56.552+0000][435.698s][info ][safepoint     ] Entering safepoint region: Cleanup
[2025-12-22T15:33:56.553+0000][435.698s][info ][safepoint     ] Leaving safepoint region
[2025-12-22T15:33:56.553+0000][435.698s][info ][safepoint     ] Total time for which application threads were stopped: 0.0006945 seconds, Stopping threads took: 0.0001707 seconds
[2025-12-22T15:33:57.553+0000][436.699s][debug][safepoint     ] Safepoint synchronization initiated. (255 threads)
[2025-12-22T15:33:57.553+0000][436.699s][info ][safepoint     ] Application time: 1.0001562 seconds
[2025-12-22T15:33:57.553+0000][436.699s][debug][safepoint     ] Waiting for 1 thread(s) to block
[2025-12-22T15:33:57.553+0000][436.699s][info ][safepoint     ] Entering safepoint region: Cleanup
[2025-12-22T15:33:57.554+0000][436.699s][debug][safepoint     ] ... found polling page loop exception at pc = 0x00007fb9ce69577e, stub =0x00007fb9cc826680
[2025-12-22T15:33:57.554+0000][436.699s][debug][safepoint     ] ... found polling page return exception at pc = 0x00007fb9d4966551, stub =0x00007fb9cc824b00
[2025-12-22T15:33:57.554+0000][436.699s][info ][safepoint     ] Leaving safepoint region
[2025-12-22T15:33:57.554+0000][436.699s][info ][safepoint     ] Total time for which application threads were stopped: 0.0008537 seconds, Stopping threads took: 0.0002637 seconds
[2025-12-22T15:33:58.554+0000][437.700s][debug][safepoint     ] Safepoint synchronization initiated. (255 threads)
[2025-12-22T15:33:58.554+0000][437.700s][info ][safepoint     ] Application time: 1.0002674 seconds
[2025-12-22T15:33:58.555+0000][437.700s][info ][safepoint     ] Entering safepoint region: Cleanup
[2025-12-22T15:33:58.555+0000][437.700s][info ][safepoint     ] Leaving safepoint region
[2025-12-22T15:33:58.555+0000][437.701s][info ][safepoint     ] Total time for which application threads were stopped: 0.0007545 seconds, Stopping threads took: 0.0001733 seconds
[2025-12-22T15:33:59.555+0000][438.701s][debug][safepoint     ] Safepoint synchronization initiated. (255 threads)
[2025-12-22T15:33:59.555+0000][438.701s][info ][safepoint     ] Application time: 1.0001650 seconds
[2025-12-22T15:33:59.555+0000][438.701s][info ][safepoint     ] Entering safepoint region: Cleanup
[2025-12-22T15:33:59.556+0000][438.701s][info ][safepoint     ] Leaving safepoint region
[2025-12-22T15:33:59.556+0000][438.701s][info ][safepoint     ] Total time for which application threads were stopped: 0.0007504 seconds, Stopping threads took: 0.0001546 seconds
[2025-12-22T15:34:00.556+0000][439.702s][debug][safepoint     ] Safepoint synchronization initiated. (255 threads)
[2025-12-22T15:34:00.556+0000][439.702s][info ][safepoint     ] Application time: 1.0002059 seconds
[2025-12-22T15:34:00.556+0000][439.702s][info ][safepoint     ] Entering safepoint region: Cleanup
[2025-12-22T15:34:00.557+0000][439.702s][info ][safepoint     ] Leaving safepoint region
[2025-12-22T15:34:00.557+0000][439.702s][info ][safepoint     ] Total time for which application threads were stopped: 0.0006419 seconds, Stopping threads took: 0.0002238 seconds
[2025-12-22T15:34:01.557+0000][440.702s][debug][safepoint     ] Safepoint synchronization initiated. (255 threads)
[2025-12-22T15:34:01.557+0000][440.703s][info ][safepoint     ] Application time: 1.0001784 seconds
[2025-12-22T15:34:01.557+0000][440.703s][debug][safepoint     ] ... found polling page return exception at pc = 0x00007fb9d43e5590, stub =0x00007fb9cc824b00
[2025-12-22T15:34:01.557+0000][440.703s][debug][safepoint     ] Waiting for 1 thread(s) to block
[2025-12-22T15:34:01.557+0000][440.703s][info ][safepoint     ] Entering safepoint region: Cleanup
[2025-12-22T15:34:01.558+0000][440.703s][info ][safepoint     ] Leaving safepoint region
[2025-12-22T15:34:01.558+0000][440.703s][debug][safepoint     ] ... found polling page return exception at pc = 0x00007fb9d4676756, stub =0x00007fb9cc824b00
[2025-12-22T15:34:01.558+0000][440.703s][info ][safepoint     ] Total time for which application threads were stopped: 0.0007156 seconds, Stopping threads took: 0.0002965 seconds
[2025-12-22T15:34:02.558+0000][441.704s][debug][safepoint     ] Safepoint synchronization initiated. (255 threads)
[2025-12-22T15:34:02.558+0000][441.704s][info ][safepoint     ] Application time: 1.0003213 seconds
[2025-12-22T15:34:02.558+0000][441.704s][info ][safepoint     ] Entering safepoint region: Cleanup
[2025-12-22T15:34:02.559+0000][441.704s][info ][safepoint     ] Leaving safepoint region
[2025-12-22T15:34:02.559+0000][441.704s][info ][safepoint     ] Total time for which application threads were stopped: 0.0007287 seconds, Stopping threads took: 0.0002231 seconds
[2025-12-22T15:34:03.559+0000][442.705s][debug][safepoint     ] Safepoint synchronization initiated. (255 threads)
[2025-12-22T15:34:03.559+0000][442.705s][info ][safepoint     ] Application time: 1.0002130 seconds
[2025-12-22T15:34:03.559+0000][442.705s][info ][safepoint     ] Entering safepoint region: Cleanup
[2025-12-22T15:34:03.560+0000][442.705s][info ][safepoint     ] Leaving safepoint region
[2025-12-22T15:34:03.560+0000][442.705s][info ][safepoint     ] Total time for which application threads were stopped: 0.0005583 seconds, Stopping threads took: 0.0001542 seconds
[2025-12-22T15:34:04.560+0000][443.705s][debug][safepoint     ] Safepoint synchronization initiated. (255 threads)
[2025-12-22T15:34:04.560+0000][443.705s][info ][safepoint     ] Application time: 1.0001639 seconds
[2025-12-22T15:34:04.560+0000][443.706s][info ][safepoint     ] Entering safepoint region: Cleanup
[2025-12-22T15:34:04.561+0000][443.706s][info ][safepoint     ] Leaving safepoint region
[2025-12-22T15:34:04.561+0000][443.706s][info ][safepoint     ] Total time for which application threads were stopped: 0.0006110 seconds, Stopping threads took: 0.0001173 seconds
[2025-12-22T15:34:05.561+0000][444.706s][debug][safepoint     ] Safepoint synchronization initiated. (255 threads)
[2025-12-22T15:34:05.561+0000][444.706s][info ][safepoint     ] Application time: 1.0002327 seconds
[2025-12-22T15:34:05.561+0000][444.706s][info ][safepoint     ] Entering safepoint region: Cleanup
[2025-12-22T15:34:05.561+0000][444.707s][info ][safepoint     ] Leaving safepoint region
[2025-12-22T15:34:05.561+0000][444.707s][info ][safepoint     ] Total time for which application threads were stopped: 0.0005089 seconds, Stopping threads took: 0.0001334 seconds
[2025-12-22T15:34:06.562+0000][445.707s][debug][safepoint     ] Safepoint synchronization initiated. (255 threads)
[2025-12-22T15:34:06.562+0000][445.707s][info ][safepoint     ] Application time: 1.0001813 seconds
[2025-12-22T15:34:06.562+0000][445.707s][info ][safepoint     ] Entering safepoint region: Cleanup
[2025-12-22T15:34:06.562+0000][445.708s][info ][safepoint     ] Leaving safepoint region
[2025-12-22T15:34:06.562+0000][445.708s][info ][safepoint     ] Total time for which application threads were stopped: 0.0005820 seconds, Stopping threads took: 0.0001466 seconds
[2025-12-22T15:34:07.562+0000][446.708s][debug][safepoint     ] Safepoint synchronization initiated. (255 threads)
[2025-12-22T15:34:07.563+0000][446.708s][info ][safepoint     ] Application time: 1.0003467 seconds
[2025-12-22T15:34:07.563+0000][446.708s][info ][safepoint     ] Entering safepoint region: Cleanup
[2025-12-22T15:34:07.563+0000][446.709s][debug][safepoint     ] ... found polling page loop exception at pc = 0x00007fb9d48c5dc6, stub =0x00007fb9cc826680
[2025-12-22T15:34:07.563+0000][446.709s][info ][safepoint     ] Leaving safepoint region
[2025-12-22T15:34:07.564+0000][446.709s][info ][safepoint     ] Total time for which application threads were stopped: 0.0009819 seconds, Stopping threads took: 0.0002630 seconds
[2025-12-22T15:34:08.564+0000][447.709s][debug][safepoint     ] Safepoint synchronization initiated. (255 threads)
[2025-12-22T15:34:08.564+0000][447.709s][info ][safepoint     ] Application time: 1.0002333 seconds
[2025-12-22T15:34:08.564+0000][447.709s][info ][safepoint     ] Entering safepoint region: Cleanup
[2025-12-22T15:34:08.565+0000][447.710s][info ][safepoint     ] Leaving safepoint region
[2025-12-22T15:34:08.565+0000][447.710s][info ][safepoint     ] Total time for which application threads were stopped: 0.0007877 seconds, Stopping threads took: 0.0002137 seconds
[2025-12-22T15:34:09.565+0000][448.710s][debug][safepoint     ] Safepoint synchronization initiated. (255 threads)
[2025-12-22T15:34:09.565+0000][448.710s][info ][safepoint     ] Application time: 1.0002943 seconds
[2025-12-22T15:34:09.565+0000][448.711s][info ][safepoint     ] Entering safepoint region: Cleanup
[2025-12-22T15:34:09.566+0000][448.711s][info ][safepoint     ] Leaving safepoint region
[2025-12-22T15:34:09.566+0000][448.711s][info ][safepoint     ] Total time for which application threads were stopped: 0.0007068 seconds, Stopping threads took: 0.0001789 seconds
[2025-12-22T15:34:10.566+0000][449.711s][debug][safepoint     ] Safepoint synchronization initiated. (255 threads)
[2025-12-22T15:34:10.566+0000][449.711s][info ][safepoint     ] Application time: 1.0001824 seconds
[2025-12-22T15:34:10.566+0000][449.712s][info ][safepoint     ] Entering safepoint region: Cleanup
[2025-12-22T15:34:10.567+0000][449.712s][info ][safepoint     ] Leaving safepoint region
[2025-12-22T15:34:10.567+0000][449.712s][info ][safepoint     ] Total time for which application threads were stopped: 0.0007055 seconds, Stopping threads took: 0.0002180 seconds
[2025-12-22T15:34:11.567+0000][450.712s][debug][safepoint     ] Safepoint synchronization initiated. (255 threads)
[2025-12-22T15:34:11.567+0000][450.712s][info ][safepoint     ] Application time: 1.0003002 seconds
[2025-12-22T15:34:11.567+0000][450.713s][info ][safepoint     ] Entering safepoint region: Cleanup
[2025-12-22T15:34:11.568+0000][450.713s][info ][safepoint     ] Leaving safepoint region
[2025-12-22T15:34:11.568+0000][450.713s][info ][safepoint     ] Total time for which application threads were stopped: 0.0007198 seconds, Stopping threads took: 0.0001779 seconds
[2025-12-22T15:34:12.568+0000][451.713s][debug][safepoint     ] Safepoint synchronization initiated. (255 threads)
[2025-12-22T15:34:12.568+0000][451.713s][info ][safepoint     ] Application time: 1.0002156 seconds
[2025-12-22T15:34:12.568+0000][451.714s][info ][safepoint     ] Entering safepoint region: Cleanup
[2025-12-22T15:34:12.569+0000][451.714s][info ][safepoint     ] Leaving safepoint region
[2025-12-22T15:34:12.569+0000][451.714s][info ][safepoint     ] Total time for which application threads were stopped: 0.0007231 seconds, Stopping threads took: 0.0001636 seconds
[2025-12-22T15:34:13.569+0000][452.714s][debug][safepoint     ] Safepoint synchronization initiated. (255 threads)
[2025-12-22T15:34:13.569+0000][452.714s][info ][safepoint     ] Application time: 1.0002785 seconds
[2025-12-22T15:34:13.569+0000][452.715s][info ][safepoint     ] Entering safepoint region: Cleanup
[2025-12-22T15:34:13.570+0000][452.715s][info ][safepoint     ] Leaving safepoint region
[2025-12-22T15:34:13.570+0000][452.715s][info ][safepoint     ] Total time for which application threads were stopped: 0.0006138 seconds, Stopping threads took: 0.0001653 seconds
[2025-12-22T15:34:14.570+0000][453.715s][debug][safepoint     ] Safepoint synchronization initiated. (255 threads)
[2025-12-22T15:34:14.570+0000][453.715s][info ][safepoint     ] Application time: 1.0002098 seconds
[2025-12-22T15:34:14.570+0000][453.715s][debug][safepoint     ] ... found polling page return exception at pc = 0x00007fb9d4a81872, stub =0x00007fb9cc824b00
[2025-12-22T15:34:14.570+0000][453.715s][debug][safepoint     ] Waiting for 1 thread(s) to block
[2025-12-22T15:34:14.570+0000][453.716s][info ][safepoint     ] Entering safepoint region: Cleanup
[2025-12-22T15:34:14.570+0000][453.716s][info ][safepoint     ] Leaving safepoint region
[2025-12-22T15:34:14.571+0000][453.716s][info ][safepoint     ] Total time for which application threads were stopped: 0.0006109 seconds, Stopping threads took: 0.0002494 seconds
[2025-12-22T15:34:15.571+0000][454.716s][debug][safepoint     ] Safepoint synchronization initiated. (255 threads)
[2025-12-22T15:34:15.571+0000][454.716s][info ][safepoint     ] Application time: 1.0001871 seconds
[2025-12-22T15:34:15.571+0000][454.716s][info ][safepoint     ] Entering safepoint region: Cleanup
[2025-12-22T15:34:15.571+0000][454.717s][info ][safepoint     ] Leaving safepoint region
[2025-12-22T15:34:15.571+0000][454.717s][info ][safepoint     ] Total time for which application threads were stopped: 0.0006762 seconds, Stopping threads took: 0.0002341 seconds
[2025-12-22T15:34:16.572+0000][455.717s][debug][safepoint     ] Safepoint synchronization initiated. (255 threads)
[2025-12-22T15:34:16.572+0000][455.717s][info ][safepoint     ] Application time: 1.0003048 seconds
[2025-12-22T15:34:16.572+0000][455.717s][info ][safepoint     ] Entering safepoint region: Cleanup
[2025-12-22T15:34:16.573+0000][455.718s][info ][safepoint     ] Leaving safepoint region
[2025-12-22T15:34:16.573+0000][455.718s][info ][safepoint     ] Total time for which application threads were stopped: 0.0008168 seconds, Stopping threads took: 0.0003234 seconds
[2025-12-22T15:34:17.573+0000][456.718s][debug][safepoint     ] Safepoint synchronization initiated. (255 threads)
[2025-12-22T15:34:17.573+0000][456.718s][info ][safepoint     ] Application time: 1.0002316 seconds
[2025-12-22T15:34:17.573+0000][456.718s][info ][safepoint     ] Entering safepoint region: Cleanup
[2025-12-22T15:34:17.574+0000][456.719s][info ][safepoint     ] Leaving safepoint region
[2025-12-22T15:34:17.574+0000][456.719s][info ][safepoint     ] Total time for which application threads were stopped: 0.0006612 seconds, Stopping threads took: 0.0001438 seconds
[2025-12-22T15:34:18.574+0000][457.719s][debug][safepoint     ] Safepoint synchronization initiated. (255 threads)
[2025-12-22T15:34:18.574+0000][457.719s][info ][safepoint     ] Application time: 1.0001901 seconds
[2025-12-22T15:34:18.574+0000][457.719s][debug][safepoint     ] ... found polling page loop exception at pc = 0x00007fb9d44dfe31, stub =0x00007fb9cc826680
[2025-12-22T15:34:18.574+0000][457.719s][debug][safepoint     ] Waiting for 1 thread(s) to block
[2025-12-22T15:34:18.574+0000][457.720s][info ][safepoint     ] Entering safepoint region: Cleanup
[2025-12-22T15:34:18.575+0000][457.720s][info ][safepoint     ] Leaving safepoint region
[2025-12-22T15:34:18.575+0000][457.720s][info ][safepoint     ] Total time for which application threads were stopped: 0.0007916 seconds, Stopping threads took: 0.0003397 seconds
[2025-12-22T15:34:19.575+0000][458.720s][debug][safepoint     ] Safepoint synchronization initiated. (255 threads)
[2025-12-22T15:34:19.575+0000][458.720s][info ][safepoint     ] Application time: 1.0001841 seconds
[2025-12-22T15:34:19.575+0000][458.720s][info ][safepoint     ] Entering safepoint region: Cleanup
[2025-12-22T15:34:19.575+0000][458.721s][info ][safepoint     ] Leaving safepoint region
[2025-12-22T15:34:19.575+0000][458.721s][info ][safepoint     ] Total time for which application threads were stopped: 0.0005021 seconds, Stopping threads took: 0.0001417 seconds
[2025-12-22T15:34:20.575+0000][459.721s][debug][safepoint     ] Safepoint synchronization initiated. (255 threads)
[2025-12-22T15:34:20.576+0000][459.721s][info ][safepoint     ] Application time: 1.0001891 seconds
[2025-12-22T15:34:20.576+0000][459.721s][info ][safepoint     ] Entering safepoint region: Cleanup
[2025-12-22T15:34:20.576+0000][459.721s][info ][safepoint     ] Leaving safepoint region
[2025-12-22T15:34:20.576+0000][459.722s][info ][safepoint     ] Total time for which application threads were stopped: 0.0005440 seconds, Stopping threads took: 0.0001492 seconds
[2025-12-22T15:34:21.161+0000][460.306s][debug][safepoint     ] Safepoint synchronization initiated. (255 threads)
[2025-12-22T15:34:21.161+0000][460.306s][info ][safepoint     ] Application time: 0.5846721 seconds
[2025-12-22T15:34:21.161+0000][460.306s][info ][safepoint     ] Entering safepoint region: G1CollectForAllocation
[2025-12-22T15:34:21.162+0000][460.307s][info ][gc,start      ] GC(97) Pause Young (Normal) (G1 Evacuation Pause)
[2025-12-22T15:34:21.162+0000][460.307s][info ][gc,task       ] GC(97) Using 4 workers of 4 for evacuation
[2025-12-22T15:34:21.173+0000][460.319s][info ][gc,phases     ] GC(97)   Pre Evacuate Collection Set: 0.0ms
[2025-12-22T15:34:21.173+0000][460.319s][info ][gc,phases     ] GC(97)   Evacuate Collection Set: 4.8ms
[2025-12-22T15:34:21.173+0000][460.319s][info ][gc,phases     ] GC(97)   Post Evacuate Collection Set: 6.5ms
[2025-12-22T15:34:21.173+0000][460.319s][info ][gc,phases     ] GC(97)   Other: 0.5ms
[2025-12-22T15:34:21.174+0000][460.319s][info ][gc,heap       ] GC(97) Eden regions: 174->0(174)
[2025-12-22T15:34:21.174+0000][460.319s][info ][gc,heap       ] GC(97) Survivor regions: 1->1(22)
[2025-12-22T15:34:21.174+0000][460.319s][info ][gc,heap       ] GC(97) Old regions: 174->174
[2025-12-22T15:34:21.174+0000][460.319s][info ][gc,heap       ] GC(97) Humongous regions: 0->0
[2025-12-22T15:34:21.174+0000][460.319s][info ][gc,metaspace  ] GC(97) Metaspace: 177249K(183068K)->177249K(183068K) NonClass: 156692K(160208K)->156692K(160208K) Class: 20557K(22860K)->20557K(22860K)
[2025-12-22T15:34:21.174+0000][460.319s][info ][gc            ] GC(97) Pause Young (Normal) (G1 Evacuation Pause) 347M->173M(393M) 11.918ms
[2025-12-22T15:34:21.174+0000][460.319s][info ][gc,cpu        ] GC(97) User=0.03s Sys=0.01s Real=0.01s
[2025-12-22T15:34:21.174+0000][460.319s][info ][safepoint     ] Leaving safepoint region
[2025-12-22T15:34:21.174+0000][460.319s][info ][safepoint     ] Total time for which application threads were stopped: 0.0129287 seconds, Stopping threads took: 0.0001776 seconds
[2025-12-22T15:34:21.174+0000][460.319s][info ][gc,stringdedup] Concurrent String Deduplication (460.319s)
[2025-12-22T15:34:21.174+0000][460.319s][info ][gc,stringdedup] Concurrent String Deduplication 96.0B->96.0B(0.0B) avg 54.5% (460.319s, 460.319s) 0.042ms
[2025-12-22T15:34:22.174+0000][461.319s][debug][safepoint     ] Safepoint synchronization initiated. (255 threads)
[2025-12-22T15:34:22.174+0000][461.320s][info ][safepoint     ] Application time: 1.0003499 seconds
[2025-12-22T15:34:22.174+0000][461.320s][info ][safepoint     ] Entering safepoint region: Cleanup
[2025-12-22T15:34:22.175+0000][461.320s][info ][safepoint     ] Leaving safepoint region
[2025-12-22T15:34:22.175+0000][461.321s][info ][safepoint     ] Total time for which application threads were stopped: 0.0009997 seconds, Stopping threads took: 0.0001792 seconds
[2025-12-22T15:34:23.175+0000][462.321s][debug][safepoint     ] Safepoint synchronization initiated. (255 threads)
[2025-12-22T15:34:23.175+0000][462.321s][info ][safepoint     ] Application time: 1.0001736 seconds
[2025-12-22T15:34:23.176+0000][462.321s][info ][safepoint     ] Entering safepoint region: Cleanup
[2025-12-22T15:34:23.176+0000][462.321s][info ][safepoint     ] Leaving safepoint region
[2025-12-22T15:34:23.176+0000][462.321s][info ][safepoint     ] Total time for which application threads were stopped: 0.0006955 seconds, Stopping threads took: 0.0001896 seconds
[2025-12-22T15:34:24.176+0000][463.322s][debug][safepoint     ] Safepoint synchronization initiated. (255 threads)
[2025-12-22T15:34:24.176+0000][463.322s][info ][safepoint     ] Application time: 1.0001736 seconds
[2025-12-22T15:34:24.176+0000][463.322s][info ][safepoint     ] Entering safepoint region: Cleanup
[2025-12-22T15:34:24.177+0000][463.322s][info ][safepoint     ] Leaving safepoint region
[2025-12-22T15:34:24.177+0000][463.322s][info ][safepoint     ] Total time for which application threads were stopped: 0.0005613 seconds, Stopping threads took: 0.0001510 seconds
[2025-12-22T15:34:25.177+0000][464.322s][debug][safepoint     ] Safepoint synchronization initiated. (255 threads)
[2025-12-22T15:34:25.177+0000][464.322s][info ][safepoint     ] Application time: 1.0001756 seconds
[2025-12-22T15:34:25.177+0000][464.323s][info ][safepoint     ] Entering safepoint region: Cleanup
[2025-12-22T15:34:25.178+0000][464.323s][info ][safepoint     ] Leaving safepoint region
[2025-12-22T15:34:25.178+0000][464.323s][info ][safepoint     ] Total time for which application threads were stopped: 0.0006550 seconds, Stopping threads took: 0.0001729 seconds
[2025-12-22T15:34:26.178+0000][465.323s][debug][safepoint     ] Safepoint synchronization initiated. (254 threads)
[2025-12-22T15:34:26.178+0000][465.323s][info ][safepoint     ] Application time: 1.0001879 seconds
[2025-12-22T15:34:26.178+0000][465.323s][info ][safepoint     ] Entering safepoint region: Cleanup
[2025-12-22T15:34:26.178+0000][465.324s][info ][safepoint     ] Leaving safepoint region
[2025-12-22T15:34:26.179+0000][465.324s][info ][safepoint     ] Total time for which application threads were stopped: 0.0006433 seconds, Stopping threads took: 0.0001581 seconds
[2025-12-22T15:34:27.179+0000][466.324s][debug][safepoint     ] Safepoint synchronization initiated. (254 threads)
[2025-12-22T15:34:27.179+0000][466.324s][info ][safepoint     ] Application time: 1.0001553 seconds
[2025-12-22T15:34:27.179+0000][466.324s][info ][safepoint     ] Entering safepoint region: Cleanup
[2025-12-22T15:34:27.179+0000][466.325s][info ][safepoint     ] Leaving safepoint region
[2025-12-22T15:34:27.179+0000][466.325s][info ][safepoint     ] Total time for which application threads were stopped: 0.0006086 seconds, Stopping threads took: 0.0002039 seconds
[2025-12-22T15:34:27.179+0000][466.325s][debug][safepoint     ] ... found polling page return exception at pc = 0x00007fb9d4676756, stub =0x00007fb9cc824b00
[2025-12-22T15:34:28.179+0000][467.325s][debug][safepoint     ] Safepoint synchronization initiated. (254 threads)
[2025-12-22T15:34:28.180+0000][467.325s][info ][safepoint     ] Application time: 1.0001987 seconds
[2025-12-22T15:34:28.180+0000][467.325s][info ][safepoint     ] Entering safepoint region: Cleanup
[2025-12-22T15:34:28.180+0000][467.326s][info ][safepoint     ] Leaving safepoint region
[2025-12-22T15:34:28.180+0000][467.326s][info ][safepoint     ] Total time for which application threads were stopped: 0.0006032 seconds, Stopping threads took: 0.0001687 seconds
[2025-12-22T15:34:28.180+0000][467.326s][debug][safepoint     ] ... found polling page return exception at pc = 0x00007fb9d4676756, stub =0x00007fb9cc824b00
[2025-12-22T15:34:29.180+0000][468.326s][debug][safepoint     ] Safepoint synchronization initiated. (254 threads)
[2025-12-22T15:34:29.180+0000][468.326s][info ][safepoint     ] Application time: 1.0002054 seconds
[2025-12-22T15:34:29.181+0000][468.326s][info ][safepoint     ] Entering safepoint region: Cleanup
[2025-12-22T15:34:29.181+0000][468.327s][info ][safepoint     ] Leaving safepoint region
[2025-12-22T15:34:29.181+0000][468.327s][info ][safepoint     ] Total time for which application threads were stopped: 0.0010570 seconds, Stopping threads took: 0.0001749 seconds
[2025-12-22T15:34:30.182+0000][469.327s][debug][safepoint     ] Safepoint synchronization initiated. (254 threads)
[2025-12-22T15:34:30.182+0000][469.327s][info ][safepoint     ] Application time: 1.0001778 seconds
[2025-12-22T15:34:30.182+0000][469.327s][info ][safepoint     ] Entering safepoint region: Cleanup
[2025-12-22T15:34:30.182+0000][469.328s][info ][safepoint     ] Leaving safepoint region
[2025-12-22T15:34:30.182+0000][469.328s][info ][safepoint     ] Total time for which application threads were stopped: 0.0006923 seconds, Stopping threads took: 0.0001473 seconds
[2025-12-22T15:34:31.183+0000][470.328s][debug][safepoint     ] Safepoint synchronization initiated. (254 threads)
[2025-12-22T15:34:31.183+0000][470.328s][info ][safepoint     ] Application time: 1.0003312 seconds
[2025-12-22T15:34:31.183+0000][470.328s][info ][safepoint     ] Entering safepoint region: Cleanup
[2025-12-22T15:34:31.184+0000][470.329s][info ][safepoint     ] Leaving safepoint region
[2025-12-22T15:34:31.184+0000][470.329s][info ][safepoint     ] Total time for which application threads were stopped: 0.0009222 seconds, Stopping threads took: 0.0002796 seconds
[2025-12-22T15:34:32.184+0000][471.329s][debug][safepoint     ] Safepoint synchronization initiated. (254 threads)
[2025-12-22T15:34:32.184+0000][471.329s][info ][safepoint     ] Application time: 1.0002257 seconds
[2025-12-22T15:34:32.184+0000][471.329s][info ][safepoint     ] Entering safepoint region: Cleanup
[2025-12-22T15:34:32.185+0000][471.330s][info ][safepoint     ] Leaving safepoint region
[2025-12-22T15:34:32.185+0000][471.330s][info ][safepoint     ] Total time for which application threads were stopped: 0.0007424 seconds, Stopping threads took: 0.0001745 seconds
[2025-12-22T15:34:33.185+0000][472.330s][debug][safepoint     ] Safepoint synchronization initiated. (254 threads)
[2025-12-22T15:34:33.185+0000][472.330s][info ][safepoint     ] Application time: 1.0003461 seconds
[2025-12-22T15:34:33.185+0000][472.331s][info ][safepoint     ] Entering safepoint region: Cleanup
[2025-12-22T15:34:33.186+0000][472.331s][info ][safepoint     ] Leaving safepoint region
[2025-12-22T15:34:33.186+0000][472.331s][info ][safepoint     ] Total time for which application threads were stopped: 0.0007006 seconds, Stopping threads took: 0.0001864 seconds
[2025-12-22T15:34:34.186+0000][473.331s][debug][safepoint     ] Safepoint synchronization initiated. (254 threads)
[2025-12-22T15:34:34.186+0000][473.331s][info ][safepoint     ] Application time: 1.0002633 seconds
[2025-12-22T15:34:34.186+0000][473.332s][info ][safepoint     ] Entering safepoint region: Cleanup
[2025-12-22T15:34:34.187+0000][473.332s][info ][safepoint     ] Leaving safepoint region
[2025-12-22T15:34:34.187+0000][473.332s][info ][safepoint     ] Total time for which application threads were stopped: 0.0005919 seconds, Stopping threads took: 0.0001515 seconds
[2025-12-22T15:34:35.187+0000][474.332s][debug][safepoint     ] Safepoint synchronization initiated. (254 threads)
[2025-12-22T15:34:35.187+0000][474.332s][info ][safepoint     ] Application time: 1.0002802 seconds
[2025-12-22T15:34:35.187+0000][474.333s][info ][safepoint     ] Entering safepoint region: Cleanup
[2025-12-22T15:34:35.188+0000][474.333s][info ][safepoint     ] Leaving safepoint region
[2025-12-22T15:34:35.188+0000][474.333s][info ][safepoint     ] Total time for which application threads were stopped: 0.0008287 seconds, Stopping threads took: 0.0002191 seconds
[2025-12-22T15:34:36.188+0000][475.333s][debug][safepoint     ] Safepoint synchronization initiated. (254 threads)
[2025-12-22T15:34:36.188+0000][475.333s][info ][safepoint     ] Application time: 1.0001857 seconds
[2025-12-22T15:34:36.188+0000][475.334s][info ][safepoint     ] Entering safepoint region: Cleanup
[2025-12-22T15:34:36.188+0000][475.334s][info ][safepoint     ] Leaving safepoint region
[2025-12-22T15:34:36.188+0000][475.334s][info ][safepoint     ] Total time for which application threads were stopped: 0.0004638 seconds, Stopping threads took: 0.0001296 seconds
[2025-12-22T15:34:37.189+0000][476.334s][debug][safepoint     ] Safepoint synchronization initiated. (254 threads)
[2025-12-22T15:34:37.189+0000][476.334s][info ][safepoint     ] Application time: 1.0002721 seconds
[2025-12-22T15:34:37.189+0000][476.334s][info ][safepoint     ] Entering safepoint region: Cleanup
[2025-12-22T15:34:37.190+0000][476.335s][info ][safepoint     ] Leaving safepoint region
[2025-12-22T15:34:37.190+0000][476.335s][info ][safepoint     ] Total time for which application threads were stopped: 0.0008132 seconds, Stopping threads took: 0.0001900 seconds
[2025-12-22T15:34:38.190+0000][477.335s][debug][safepoint     ] Safepoint synchronization initiated. (254 threads)
[2025-12-22T15:34:38.190+0000][477.335s][info ][safepoint     ] Application time: 1.0002836 seconds
[2025-12-22T15:34:38.190+0000][477.335s][info ][safepoint     ] Entering safepoint region: Cleanup
[2025-12-22T15:34:38.191+0000][477.336s][info ][safepoint     ] Leaving safepoint region
[2025-12-22T15:34:38.191+0000][477.336s][info ][safepoint     ] Total time for which application threads were stopped: 0.0008717 seconds, Stopping threads took: 0.0001777 seconds
[2025-12-22T15:34:39.191+0000][478.336s][debug][safepoint     ] Safepoint synchronization initiated. (254 threads)
[2025-12-22T15:34:39.191+0000][478.336s][info ][safepoint     ] Application time: 1.0001789 seconds
[2025-12-22T15:34:39.191+0000][478.337s][info ][safepoint     ] Entering safepoint region: Cleanup
[2025-12-22T15:34:39.192+0000][478.337s][info ][safepoint     ] Leaving safepoint region
[2025-12-22T15:34:39.192+0000][478.337s][info ][safepoint     ] Total time for which application threads were stopped: 0.0005893 seconds, Stopping threads took: 0.0001578 seconds
[2025-12-22T15:34:40.192+0000][479.337s][debug][safepoint     ] Safepoint synchronization initiated. (254 threads)
[2025-12-22T15:34:40.192+0000][479.337s][info ][safepoint     ] Application time: 1.0002191 seconds
[2025-12-22T15:34:40.192+0000][479.337s][info ][safepoint     ] Entering safepoint region: Cleanup
[2025-12-22T15:34:40.192+0000][479.338s][debug][safepoint     ] ... found polling page return exception at pc = 0x00007fb9d4676756, stub =0x00007fb9cc824b00
[2025-12-22T15:34:40.192+0000][479.338s][info ][safepoint     ] Leaving safepoint region
[2025-12-22T15:34:40.193+0000][479.338s][info ][safepoint     ] Total time for which application threads were stopped: 0.0006304 seconds, Stopping threads took: 0.0001536 seconds
[2025-12-22T15:34:41.193+0000][480.338s][debug][safepoint     ] Safepoint synchronization initiated. (254 threads)
[2025-12-22T15:34:41.193+0000][480.338s][info ][safepoint     ] Application time: 1.0001993 seconds
[2025-12-22T15:34:41.193+0000][480.338s][info ][safepoint     ] Entering safepoint region: Cleanup
[2025-12-22T15:34:41.193+0000][480.339s][info ][safepoint     ] Leaving safepoint region
[2025-12-22T15:34:41.193+0000][480.339s][info ][safepoint     ] Total time for which application threads were stopped: 0.0006067 seconds, Stopping threads took: 0.0001447 seconds
[2025-12-22T15:34:42.194+0000][481.339s][debug][safepoint     ] Safepoint synchronization initiated. (254 threads)
[2025-12-22T15:34:42.194+0000][481.339s][info ][safepoint     ] Application time: 1.0003875 seconds
[2025-12-22T15:34:42.194+0000][481.339s][info ][safepoint     ] Entering safepoint region: Cleanup
[2025-12-22T15:34:42.195+0000][481.340s][info ][safepoint     ] Leaving safepoint region
[2025-12-22T15:34:42.195+0000][481.340s][info ][safepoint     ] Total time for which application threads were stopped: 0.0007950 seconds, Stopping threads took: 0.0001927 seconds
[2025-12-22T15:34:43.195+0000][482.340s][debug][safepoint     ] Safepoint synchronization initiated. (253 threads)
[2025-12-22T15:34:43.195+0000][482.340s][info ][safepoint     ] Application time: 1.0002362 seconds
[2025-12-22T15:34:43.195+0000][482.340s][info ][safepoint     ] Entering safepoint region: Cleanup
[2025-12-22T15:34:43.195+0000][482.341s][info ][safepoint     ] Leaving safepoint region
[2025-12-22T15:34:43.195+0000][482.341s][info ][safepoint     ] Total time for which application threads were stopped: 0.0003904 seconds, Stopping threads took: 0.0001195 seconds
[2025-12-22T15:34:44.195+0000][483.341s][debug][safepoint     ] Safepoint synchronization initiated. (253 threads)
[2025-12-22T15:34:44.195+0000][483.341s][info ][safepoint     ] Application time: 1.0001763 seconds
[2025-12-22T15:34:44.196+0000][483.341s][info ][safepoint     ] Entering safepoint region: Cleanup
[2025-12-22T15:34:44.196+0000][483.341s][info ][safepoint     ] Leaving safepoint region
[2025-12-22T15:34:44.196+0000][483.341s][info ][safepoint     ] Total time for which application threads were stopped: 0.0003674 seconds, Stopping threads took: 0.0001087 seconds
[2025-12-22T15:34:45.196+0000][484.341s][debug][safepoint     ] Safepoint synchronization initiated. (253 threads)
[2025-12-22T15:34:45.196+0000][484.341s][info ][safepoint     ] Application time: 1.0001841 seconds
[2025-12-22T15:34:45.196+0000][484.342s][info ][safepoint     ] Entering safepoint region: Cleanup
[2025-12-22T15:34:45.197+0000][484.342s][info ][safepoint     ] Leaving safepoint region
[2025-12-22T15:34:45.197+0000][484.342s][info ][safepoint     ] Total time for which application threads were stopped: 0.0005623 seconds, Stopping threads took: 0.0001321 seconds
[2025-12-22T15:34:46.197+0000][485.342s][debug][safepoint     ] Safepoint synchronization initiated. (253 threads)
[2025-12-22T15:34:46.197+0000][485.342s][info ][safepoint     ] Application time: 1.0002339 seconds
[2025-12-22T15:34:46.197+0000][485.342s][info ][safepoint     ] Entering safepoint region: Cleanup
[2025-12-22T15:34:46.197+0000][485.343s][info ][safepoint     ] Leaving safepoint region
[2025-12-22T15:34:46.197+0000][485.343s][info ][safepoint     ] Total time for which application threads were stopped: 0.0005282 seconds, Stopping threads took: 0.0001835 seconds
[2025-12-22T15:34:47.198+0000][486.343s][debug][safepoint     ] Safepoint synchronization initiated. (253 threads)
[2025-12-22T15:34:47.198+0000][486.343s][info ][safepoint     ] Application time: 1.0001997 seconds
[2025-12-22T15:34:47.198+0000][486.343s][info ][safepoint     ] Entering safepoint region: Cleanup
[2025-12-22T15:34:47.198+0000][486.344s][info ][safepoint     ] Leaving safepoint region
[2025-12-22T15:34:47.198+0000][486.344s][info ][safepoint     ] Total time for which application threads were stopped: 0.0006295 seconds, Stopping threads took: 0.0001824 seconds
[2025-12-22T15:34:48.198+0000][487.344s][debug][safepoint     ] Safepoint synchronization initiated. (253 threads)
[2025-12-22T15:34:48.198+0000][487.344s][info ][safepoint     ] Application time: 1.0001877 seconds
[2025-12-22T15:34:48.199+0000][487.344s][info ][safepoint     ] Entering safepoint region: Cleanup
[2025-12-22T15:34:48.199+0000][487.345s][info ][safepoint     ] Leaving safepoint region
[2025-12-22T15:34:48.199+0000][487.345s][info ][safepoint     ] Total time for which application threads were stopped: 0.0006398 seconds, Stopping threads took: 0.0001663 seconds
[2025-12-22T15:34:48.558+0000][487.703s][debug][safepoint     ] Safepoint synchronization initiated. (253 threads)
[2025-12-22T15:34:48.558+0000][487.703s][info ][safepoint     ] Application time: 0.3584436 seconds
[2025-12-22T15:34:48.558+0000][487.703s][info ][safepoint     ] Entering safepoint region: G1CollectForAllocation
[2025-12-22T15:34:48.558+0000][487.704s][info ][gc,start      ] GC(98) Pause Young (Normal) (G1 Evacuation Pause)
[2025-12-22T15:34:48.558+0000][487.704s][info ][gc,task       ] GC(98) Using 4 workers of 4 for evacuation
[2025-12-22T15:34:48.567+0000][487.713s][info ][gc,phases     ] GC(98)   Pre Evacuate Collection Set: 0.0ms
[2025-12-22T15:34:48.568+0000][487.713s][info ][gc,phases     ] GC(98)   Evacuate Collection Set: 3.7ms
[2025-12-22T15:34:48.568+0000][487.713s][info ][gc,phases     ] GC(98)   Post Evacuate Collection Set: 5.1ms
[2025-12-22T15:34:48.568+0000][487.713s][info ][gc,phases     ] GC(98)   Other: 0.4ms
[2025-12-22T15:34:48.568+0000][487.713s][info ][gc,heap       ] GC(98) Eden regions: 174->0(174)
[2025-12-22T15:34:48.568+0000][487.713s][info ][gc,heap       ] GC(98) Survivor regions: 1->1(22)
[2025-12-22T15:34:48.568+0000][487.713s][info ][gc,heap       ] GC(98) Old regions: 174->174
[2025-12-22T15:34:48.568+0000][487.713s][info ][gc,heap       ] GC(98) Humongous regions: 0->0
[2025-12-22T15:34:48.568+0000][487.713s][info ][gc,metaspace  ] GC(98) Metaspace: 177273K(183324K)->177273K(183324K) NonClass: 156716K(160464K)->156716K(160464K) Class: 20557K(22860K)->20557K(22860K)
[2025-12-22T15:34:48.568+0000][487.713s][info ][gc            ] GC(98) Pause Young (Normal) (G1 Evacuation Pause) 347M->173M(393M) 9.463ms
[2025-12-22T15:34:48.568+0000][487.713s][info ][gc,cpu        ] GC(98) User=0.03s Sys=0.00s Real=0.01s
[2025-12-22T15:34:48.568+0000][487.713s][info ][safepoint     ] Leaving safepoint region
[2025-12-22T15:34:48.568+0000][487.713s][info ][safepoint     ] Total time for which application threads were stopped: 0.0101795 seconds, Stopping threads took: 0.0001217 seconds
[2025-12-22T15:34:48.568+0000][487.713s][info ][gc,stringdedup] Concurrent String Deduplication (487.713s)
[2025-12-22T15:34:48.568+0000][487.713s][info ][gc,stringdedup] Concurrent String Deduplication 496.0B->320.0B(176.0B) avg 54.5% (487.713s, 487.713s) 0.075ms
[2025-12-22T15:34:49.568+0000][488.713s][debug][safepoint     ] Safepoint synchronization initiated. (253 threads)
[2025-12-22T15:34:49.568+0000][488.713s][info ][safepoint     ] Application time: 1.0001967 seconds
[2025-12-22T15:34:49.568+0000][488.714s][info ][safepoint     ] Entering safepoint region: Cleanup
[2025-12-22T15:34:49.569+0000][488.714s][info ][safepoint     ] Leaving safepoint region
[2025-12-22T15:34:49.569+0000][488.714s][info ][safepoint     ] Total time for which application threads were stopped: 0.0006830 seconds, Stopping threads took: 0.0001528 seconds
[2025-12-22T15:34:50.569+0000][489.714s][debug][safepoint     ] Safepoint synchronization initiated. (253 threads)
[2025-12-22T15:34:50.569+0000][489.714s][info ][safepoint     ] Application time: 1.0001488 seconds
[2025-12-22T15:34:50.569+0000][489.714s][info ][safepoint     ] Entering safepoint region: Cleanup
[2025-12-22T15:34:50.569+0000][489.715s][info ][safepoint     ] Leaving safepoint region
[2025-12-22T15:34:50.569+0000][489.715s][info ][safepoint     ] Total time for which application threads were stopped: 0.0004752 seconds, Stopping threads took: 0.0001269 seconds
[2025-12-22T15:34:51.569+0000][490.715s][debug][safepoint     ] Safepoint synchronization initiated. (253 threads)
[2025-12-22T15:34:51.570+0000][490.715s][info ][safepoint     ] Application time: 1.0001413 seconds
[2025-12-22T15:34:51.570+0000][490.715s][info ][safepoint     ] Entering safepoint region: Cleanup
[2025-12-22T15:34:51.570+0000][490.715s][info ][safepoint     ] Leaving safepoint region
[2025-12-22T15:34:51.570+0000][490.715s][info ][safepoint     ] Total time for which application threads were stopped: 0.0004808 seconds, Stopping threads took: 0.0001275 seconds
[2025-12-22T15:34:52.570+0000][491.716s][debug][safepoint     ] Safepoint synchronization initiated. (253 threads)
[2025-12-22T15:34:52.570+0000][491.716s][info ][safepoint     ] Application time: 1.0001421 seconds
[2025-12-22T15:34:52.570+0000][491.716s][info ][safepoint     ] Entering safepoint region: Cleanup
[2025-12-22T15:34:52.571+0000][491.716s][info ][safepoint     ] Leaving safepoint region
[2025-12-22T15:34:52.571+0000][491.716s][info ][safepoint     ] Total time for which application threads were stopped: 0.0004299 seconds, Stopping threads took: 0.0001208 seconds
[2025-12-22T15:34:53.571+0000][492.716s][debug][safepoint     ] Safepoint synchronization initiated. (253 threads)
[2025-12-22T15:34:53.571+0000][492.716s][info ][safepoint     ] Application time: 1.0002815 seconds
[2025-12-22T15:34:53.571+0000][492.717s][info ][safepoint     ] Entering safepoint region: Cleanup
[2025-12-22T15:34:53.572+0000][492.717s][info ][safepoint     ] Leaving safepoint region
[2025-12-22T15:34:53.572+0000][492.717s][info ][safepoint     ] Total time for which application threads were stopped: 0.0009115 seconds, Stopping threads took: 0.0002052 seconds
[2025-12-22T15:34:54.572+0000][493.718s][debug][safepoint     ] Safepoint synchronization initiated. (253 threads)
[2025-12-22T15:34:54.572+0000][493.718s][info ][safepoint     ] Application time: 1.0002796 seconds
[2025-12-22T15:34:54.572+0000][493.718s][info ][safepoint     ] Entering safepoint region: Cleanup
[2025-12-22T15:34:54.573+0000][493.718s][info ][safepoint     ] Leaving safepoint region
[2025-12-22T15:34:54.573+0000][493.718s][info ][safepoint     ] Total time for which application threads were stopped: 0.0005699 seconds, Stopping threads took: 0.0001705 seconds
[2025-12-22T15:34:55.573+0000][494.718s][debug][safepoint     ] Safepoint synchronization initiated. (253 threads)
[2025-12-22T15:34:55.573+0000][494.718s][info ][safepoint     ] Application time: 1.0001536 seconds
[2025-12-22T15:34:55.573+0000][494.718s][info ][safepoint     ] Entering safepoint region: Cleanup
[2025-12-22T15:34:55.573+0000][494.719s][info ][safepoint     ] Leaving safepoint region
[2025-12-22T15:34:55.574+0000][494.719s][info ][safepoint     ] Total time for which application threads were stopped: 0.0005843 seconds, Stopping threads took: 0.0001209 seconds
[2025-12-22T15:34:56.574+0000][495.719s][debug][safepoint     ] Safepoint synchronization initiated. (253 threads)
[2025-12-22T15:34:56.574+0000][495.719s][info ][safepoint     ] Application time: 1.0001931 seconds
[2025-12-22T15:34:56.574+0000][495.719s][info ][safepoint     ] Entering safepoint region: Cleanup
[2025-12-22T15:34:56.575+0000][495.720s][info ][safepoint     ] Leaving safepoint region
[2025-12-22T15:34:56.575+0000][495.720s][info ][safepoint     ] Total time for which application threads were stopped: 0.0007859 seconds, Stopping threads took: 0.0001644 seconds
[2025-12-22T15:34:57.575+0000][496.720s][debug][safepoint     ] Safepoint synchronization initiated. (253 threads)
[2025-12-22T15:34:57.575+0000][496.720s][info ][safepoint     ] Application time: 1.0002512 seconds
[2025-12-22T15:34:57.575+0000][496.720s][info ][safepoint     ] Entering safepoint region: Cleanup
[2025-12-22T15:34:57.575+0000][496.721s][info ][safepoint     ] Leaving safepoint region
[2025-12-22T15:34:57.575+0000][496.721s][info ][safepoint     ] Total time for which application threads were stopped: 0.0005439 seconds, Stopping threads took: 0.0001504 seconds
[2025-12-22T15:34:58.576+0000][497.721s][debug][safepoint     ] Safepoint synchronization initiated. (253 threads)
[2025-12-22T15:34:58.576+0000][497.721s][info ][safepoint     ] Application time: 1.0002321 seconds
[2025-12-22T15:34:58.576+0000][497.721s][info ][safepoint     ] Entering safepoint region: Cleanup
[2025-12-22T15:34:58.576+0000][497.722s][info ][safepoint     ] Leaving safepoint region
[2025-12-22T15:34:58.576+0000][497.722s][info ][safepoint     ] Total time for which application threads were stopped: 0.0007950 seconds, Stopping threads took: 0.0001910 seconds
[2025-12-22T15:34:59.577+0000][498.722s][debug][safepoint     ] Safepoint synchronization initiated. (253 threads)
[2025-12-22T15:34:59.577+0000][498.722s][info ][safepoint     ] Application time: 1.0002105 seconds
[2025-12-22T15:34:59.577+0000][498.722s][info ][safepoint     ] Entering safepoint region: Cleanup
[2025-12-22T15:34:59.577+0000][498.723s][info ][safepoint     ] Leaving safepoint region
[2025-12-22T15:34:59.578+0000][498.723s][info ][safepoint     ] Total time for which application threads were stopped: 0.0008247 seconds, Stopping threads took: 0.0002009 seconds
[2025-12-22T15:35:00.578+0000][499.723s][debug][safepoint     ] Safepoint synchronization initiated. (253 threads)
[2025-12-22T15:35:00.578+0000][499.723s][info ][safepoint     ] Application time: 1.0001865 seconds
[2025-12-22T15:35:00.578+0000][499.723s][info ][safepoint     ] Entering safepoint region: Cleanup
[2025-12-22T15:35:00.579+0000][499.724s][info ][safepoint     ] Leaving safepoint region
[2025-12-22T15:35:00.579+0000][499.724s][info ][safepoint     ] Total time for which application threads were stopped: 0.0008068 seconds, Stopping threads took: 0.0001607 seconds
[2025-12-22T15:35:01.579+0000][500.724s][debug][safepoint     ] Safepoint synchronization initiated. (253 threads)
[2025-12-22T15:35:01.579+0000][500.724s][info ][safepoint     ] Application time: 1.0003189 seconds
[2025-12-22T15:35:01.579+0000][500.724s][info ][safepoint     ] Entering safepoint region: Cleanup
[2025-12-22T15:35:01.579+0000][500.725s][info ][safepoint     ] Leaving safepoint region
[2025-12-22T15:35:01.580+0000][500.725s][info ][safepoint     ] Total time for which application threads were stopped: 0.0006212 seconds, Stopping threads took: 0.0001734 seconds
[2025-12-22T15:35:02.580+0000][501.725s][debug][safepoint     ] Safepoint synchronization initiated. (253 threads)
[2025-12-22T15:35:02.580+0000][501.725s][info ][safepoint     ] Application time: 1.0001707 seconds
[2025-12-22T15:35:02.580+0000][501.725s][info ][safepoint     ] Entering safepoint region: Cleanup
[2025-12-22T15:35:02.580+0000][501.725s][info ][safepoint     ] Leaving safepoint region
[2025-12-22T15:35:02.580+0000][501.725s][info ][safepoint     ] Total time for which application threads were stopped: 0.0003637 seconds, Stopping threads took: 0.0001066 seconds
[2025-12-22T15:35:03.580+0000][502.726s][debug][safepoint     ] Safepoint synchronization initiated. (253 threads)
[2025-12-22T15:35:03.580+0000][502.726s][info ][safepoint     ] Application time: 1.0001447 seconds
[2025-12-22T15:35:03.580+0000][502.726s][info ][safepoint     ] Entering safepoint region: Cleanup
[2025-12-22T15:35:03.581+0000][502.726s][info ][safepoint     ] Leaving safepoint region
[2025-12-22T15:35:03.581+0000][502.726s][info ][safepoint     ] Total time for which application threads were stopped: 0.0003986 seconds, Stopping threads took: 0.0001089 seconds
[2025-12-22T15:35:04.581+0000][503.726s][debug][safepoint     ] Safepoint synchronization initiated. (253 threads)
[2025-12-22T15:35:04.581+0000][503.726s][info ][safepoint     ] Application time: 1.0002037 seconds
[2025-12-22T15:35:04.581+0000][503.726s][info ][safepoint     ] Entering safepoint region: Cleanup
[2025-12-22T15:35:04.581+0000][503.727s][info ][safepoint     ] Leaving safepoint region
[2025-12-22T15:35:04.581+0000][503.727s][info ][safepoint     ] Total time for which application threads were stopped: 0.0004197 seconds, Stopping threads took: 0.0001139 seconds
[2025-12-22T15:35:05.581+0000][504.727s][debug][safepoint     ] Safepoint synchronization initiated. (253 threads)
[2025-12-22T15:35:05.582+0000][504.727s][info ][safepoint     ] Application time: 1.0002644 seconds
[2025-12-22T15:35:05.582+0000][504.727s][info ][safepoint     ] Entering safepoint region: Cleanup
[2025-12-22T15:35:05.582+0000][504.727s][info ][safepoint     ] Leaving safepoint region
[2025-12-22T15:35:05.582+0000][504.727s][info ][safepoint     ] Total time for which application threads were stopped: 0.0004363 seconds, Stopping threads took: 0.0001469 seconds
[2025-12-22T15:35:06.582+0000][505.728s][debug][safepoint     ] Safepoint synchronization initiated. (253 threads)
[2025-12-22T15:35:06.582+0000][505.728s][info ][safepoint     ] Application time: 1.0001735 seconds
[2025-12-22T15:35:06.582+0000][505.728s][info ][safepoint     ] Entering safepoint region: Cleanup
[2025-12-22T15:35:06.583+0000][505.728s][info ][safepoint     ] Leaving safepoint region
[2025-12-22T15:35:06.583+0000][505.728s][info ][safepoint     ] Total time for which application threads were stopped: 0.0006762 seconds, Stopping threads took: 0.0001872 seconds
[2025-12-22T15:35:07.583+0000][506.728s][debug][safepoint     ] Safepoint synchronization initiated. (253 threads)
[2025-12-22T15:35:07.583+0000][506.729s][info ][safepoint     ] Application time: 1.0001768 seconds
[2025-12-22T15:35:07.583+0000][506.729s][info ][safepoint     ] Entering safepoint region: Cleanup
[2025-12-22T15:35:07.584+0000][506.729s][info ][safepoint     ] Leaving safepoint region
[2025-12-22T15:35:07.584+0000][506.729s][info ][safepoint     ] Total time for which application threads were stopped: 0.0007193 seconds, Stopping threads took: 0.0001540 seconds
[2025-12-22T15:35:08.584+0000][507.729s][debug][safepoint     ] Safepoint synchronization initiated. (253 threads)
[2025-12-22T15:35:08.584+0000][507.730s][info ][safepoint     ] Application time: 1.0002632 seconds
[2025-12-22T15:35:08.584+0000][507.730s][info ][safepoint     ] Entering safepoint region: Cleanup
[2025-12-22T15:35:08.585+0000][507.730s][info ][safepoint     ] Leaving safepoint region
[2025-12-22T15:35:08.585+0000][507.730s][info ][safepoint     ] Total time for which application threads were stopped: 0.0006470 seconds, Stopping threads took: 0.0001833 seconds
[2025-12-22T15:35:08.585+0000][507.730s][debug][safepoint     ] ... found polling page return exception at pc = 0x00007fb9d4676756, stub =0x00007fb9cc824b00
[2025-12-22T15:35:09.585+0000][508.730s][debug][safepoint     ] Safepoint synchronization initiated. (253 threads)
[2025-12-22T15:35:09.585+0000][508.730s][info ][safepoint     ] Application time: 1.0001929 seconds
[2025-12-22T15:35:09.585+0000][508.731s][info ][safepoint     ] Entering safepoint region: Cleanup
[2025-12-22T15:35:09.586+0000][508.731s][info ][safepoint     ] Leaving safepoint region
[2025-12-22T15:35:09.586+0000][508.731s][info ][safepoint     ] Total time for which application threads were stopped: 0.0006622 seconds, Stopping threads took: 0.0001540 seconds
[2025-12-22T15:35:10.586+0000][509.731s][debug][safepoint     ] Safepoint synchronization initiated. (253 threads)
[2025-12-22T15:35:10.586+0000][509.731s][info ][safepoint     ] Application time: 1.0001671 seconds
[2025-12-22T15:35:10.586+0000][509.731s][info ][safepoint     ] Entering safepoint region: Cleanup
[2025-12-22T15:35:10.586+0000][509.732s][info ][safepoint     ] Leaving safepoint region
[2025-12-22T15:35:10.586+0000][509.732s][info ][safepoint     ] Total time for which application threads were stopped: 0.0005765 seconds, Stopping threads took: 0.0001454 seconds
[2025-12-22T15:35:11.587+0000][510.732s][debug][safepoint     ] Safepoint synchronization initiated. (253 threads)
[2025-12-22T15:35:11.587+0000][510.732s][info ][safepoint     ] Application time: 1.0002435 seconds
[2025-12-22T15:35:11.587+0000][510.732s][info ][safepoint     ] Entering safepoint region: Cleanup
[2025-12-22T15:35:11.587+0000][510.733s][info ][safepoint     ] Leaving safepoint region
[2025-12-22T15:35:11.587+0000][510.733s][info ][safepoint     ] Total time for which application threads were stopped: 0.0006383 seconds, Stopping threads took: 0.0001723 seconds
[2025-12-22T15:35:12.588+0000][511.733s][debug][safepoint     ] Safepoint synchronization initiated. (253 threads)
[2025-12-22T15:35:12.588+0000][511.733s][info ][safepoint     ] Application time: 1.0001675 seconds
[2025-12-22T15:35:12.588+0000][511.733s][info ][safepoint     ] Entering safepoint region: Cleanup
[2025-12-22T15:35:12.588+0000][511.734s][info ][safepoint     ] Leaving safepoint region
[2025-12-22T15:35:12.588+0000][511.734s][info ][safepoint     ] Total time for which application threads were stopped: 0.0007043 seconds, Stopping threads took: 0.0001573 seconds
[2025-12-22T15:35:13.589+0000][512.734s][debug][safepoint     ] Safepoint synchronization initiated. (253 threads)
[2025-12-22T15:35:13.589+0000][512.734s][info ][safepoint     ] Application time: 1.0003017 seconds
[2025-12-22T15:35:13.589+0000][512.734s][info ][safepoint     ] Entering safepoint region: Cleanup
[2025-12-22T15:35:13.589+0000][512.735s][info ][safepoint     ] Leaving safepoint region
[2025-12-22T15:35:13.589+0000][512.735s][info ][safepoint     ] Total time for which application threads were stopped: 0.0006314 seconds, Stopping threads took: 0.0001631 seconds
[2025-12-22T15:35:14.590+0000][513.735s][debug][safepoint     ] Safepoint synchronization initiated. (253 threads)
[2025-12-22T15:35:14.590+0000][513.735s][info ][safepoint     ] Application time: 1.0003217 seconds
[2025-12-22T15:35:14.590+0000][513.735s][info ][safepoint     ] Entering safepoint region: Cleanup
[2025-12-22T15:35:14.590+0000][513.736s][info ][safepoint     ] Leaving safepoint region
[2025-12-22T15:35:14.590+0000][513.736s][info ][safepoint     ] Total time for which application threads were stopped: 0.0005991 seconds, Stopping threads took: 0.0001498 seconds
[2025-12-22T15:35:15.590+0000][514.736s][debug][safepoint     ] Safepoint synchronization initiated. (253 threads)
[2025-12-22T15:35:15.591+0000][514.736s][info ][safepoint     ] Application time: 1.0002859 seconds
[2025-12-22T15:35:15.591+0000][514.736s][info ][safepoint     ] Entering safepoint region: Cleanup
[2025-12-22T15:35:15.591+0000][514.737s][info ][safepoint     ] Leaving safepoint region
[2025-12-22T15:35:15.591+0000][514.737s][info ][safepoint     ] Total time for which application threads were stopped: 0.0008249 seconds, Stopping threads took: 0.0002470 seconds
[2025-12-22T15:35:15.692+0000][514.837s][debug][safepoint     ] Safepoint synchronization initiated. (253 threads)
[2025-12-22T15:35:15.692+0000][514.837s][info ][safepoint     ] Application time: 0.1003442 seconds
[2025-12-22T15:35:15.692+0000][514.837s][debug][safepoint     ] ... found polling page return exception at pc = 0x00007fb9d49b3d9b, stub =0x00007fb9cc824b00
[2025-12-22T15:35:15.692+0000][514.837s][debug][safepoint     ] Waiting for 1 thread(s) to block
[2025-12-22T15:35:15.692+0000][514.837s][info ][safepoint     ] Entering safepoint region: G1CollectForAllocation
[2025-12-22T15:35:15.693+0000][514.838s][info ][gc,start      ] GC(99) Pause Young (Normal) (G1 Evacuation Pause)
[2025-12-22T15:35:15.693+0000][514.838s][info ][gc,task       ] GC(99) Using 4 workers of 4 for evacuation
[2025-12-22T15:35:15.702+0000][514.847s][info ][gc,phases     ] GC(99)   Pre Evacuate Collection Set: 0.1ms
[2025-12-22T15:35:15.702+0000][514.847s][info ][gc,phases     ] GC(99)   Evacuate Collection Set: 3.7ms
[2025-12-22T15:35:15.702+0000][514.847s][info ][gc,phases     ] GC(99)   Post Evacuate Collection Set: 5.1ms
[2025-12-22T15:35:15.702+0000][514.847s][info ][gc,phases     ] GC(99)   Other: 0.5ms
[2025-12-22T15:35:15.702+0000][514.847s][info ][gc,heap       ] GC(99) Eden regions: 174->0(174)
[2025-12-22T15:35:15.702+0000][514.847s][info ][gc,heap       ] GC(99) Survivor regions: 1->1(22)
[2025-12-22T15:35:15.702+0000][514.847s][info ][gc,heap       ] GC(99) Old regions: 174->174
[2025-12-22T15:35:15.702+0000][514.847s][info ][gc,heap       ] GC(99) Humongous regions: 0->0
[2025-12-22T15:35:15.702+0000][514.847s][info ][gc,metaspace  ] GC(99) Metaspace: 177294K(183324K)->177294K(183324K) NonClass: 156736K(160464K)->156736K(160464K) Class: 20557K(22860K)->20557K(22860K)
[2025-12-22T15:35:15.702+0000][514.847s][info ][gc            ] GC(99) Pause Young (Normal) (G1 Evacuation Pause) 347M->173M(393M) 9.488ms
[2025-12-22T15:35:15.702+0000][514.847s][info ][gc,cpu        ] GC(99) User=0.03s Sys=0.00s Real=0.01s
[2025-12-22T15:35:15.702+0000][514.848s][info ][safepoint     ] Leaving safepoint region
[2025-12-22T15:35:15.702+0000][514.848s][info ][safepoint     ] Total time for which application threads were stopped: 0.0104856 seconds, Stopping threads took: 0.0002666 seconds
[2025-12-22T15:35:15.702+0000][514.848s][info ][gc,stringdedup] Concurrent String Deduplication (514.848s)
[2025-12-22T15:35:15.702+0000][514.848s][info ][gc,stringdedup] Concurrent String Deduplication 232.0B->232.0B(0.0B) avg 54.5% (514.848s, 514.848s) 0.056ms
[2025-12-22T15:35:16.702+0000][515.848s][debug][safepoint     ] Safepoint synchronization initiated. (253 threads)
[2025-12-22T15:35:16.702+0000][515.848s][info ][safepoint     ] Application time: 1.0002385 seconds
[2025-12-22T15:35:16.703+0000][515.848s][info ][safepoint     ] Entering safepoint region: Cleanup
[2025-12-22T15:35:16.703+0000][515.848s][info ][safepoint     ] Leaving safepoint region
[2025-12-22T15:35:16.703+0000][515.849s][info ][safepoint     ] Total time for which application threads were stopped: 0.0006101 seconds, Stopping threads took: 0.0001538 seconds
[2025-12-22T15:35:17.703+0000][516.849s][debug][safepoint     ] Safepoint synchronization initiated. (253 threads)
[2025-12-22T15:35:17.703+0000][516.849s][info ][safepoint     ] Application time: 1.0001868 seconds
[2025-12-22T15:35:17.703+0000][516.849s][info ][safepoint     ] Entering safepoint region: Cleanup
[2025-12-22T15:35:17.704+0000][516.849s][info ][safepoint     ] Leaving safepoint region
[2025-12-22T15:35:17.704+0000][516.849s][info ][safepoint     ] Total time for which application threads were stopped: 0.0005918 seconds, Stopping threads took: 0.0001640 seconds
[2025-12-22T15:35:18.704+0000][517.850s][debug][safepoint     ] Safepoint synchronization initiated. (253 threads)
[2025-12-22T15:35:18.704+0000][517.850s][info ][safepoint     ] Application time: 1.0004073 seconds
[2025-12-22T15:35:18.704+0000][517.850s][debug][safepoint     ] ... found polling page return exception at pc = 0x00007fb9d4b00ef2, stub =0x00007fb9cc824b00
[2025-12-22T15:35:18.705+0000][517.850s][debug][safepoint     ] ... found polling page return exception at pc = 0x00007fb9d4fb2ddb, stub =0x00007fb9cc824b00
[2025-12-22T15:35:18.705+0000][517.850s][debug][safepoint     ] ... found polling page return exception at pc = 0x00007fb9d49acb39, stub =0x00007fb9cc824b00
[2025-12-22T15:35:18.705+0000][517.851s][debug][safepoint     ] Waiting for 3 thread(s) to block
[2025-12-22T15:35:18.705+0000][517.851s][info ][safepoint     ] Entering safepoint region: Cleanup
[2025-12-22T15:35:18.706+0000][517.851s][info ][safepoint     ] Leaving safepoint region
[2025-12-22T15:35:18.706+0000][517.851s][info ][safepoint     ] Total time for which application threads were stopped: 0.0013761 seconds, Stopping threads took: 0.0010358 seconds
[2025-12-22T15:35:19.706+0000][518.851s][debug][safepoint     ] Safepoint synchronization initiated. (253 threads)
[2025-12-22T15:35:19.706+0000][518.851s][info ][safepoint     ] Application time: 1.0001760 seconds
[2025-12-22T15:35:19.706+0000][518.851s][info ][safepoint     ] Entering safepoint region: Cleanup
[2025-12-22T15:35:19.707+0000][518.852s][info ][safepoint     ] Leaving safepoint region
[2025-12-22T15:35:19.707+0000][518.852s][info ][safepoint     ] Total time for which application threads were stopped: 0.0007748 seconds, Stopping threads took: 0.0001778 seconds
[2025-12-22T15:35:20.707+0000][519.852s][debug][safepoint     ] Safepoint synchronization initiated. (253 threads)
[2025-12-22T15:35:20.707+0000][519.852s][info ][safepoint     ] Application time: 1.0002091 seconds
[2025-12-22T15:35:20.707+0000][519.852s][debug][safepoint     ] ... found polling page return exception at pc = 0x00007fb9d443e4b8, stub =0x00007fb9cc824b00
[2025-12-22T15:35:20.707+0000][519.853s][debug][safepoint     ] Waiting for 1 thread(s) to block
[2025-12-22T15:35:20.707+0000][519.853s][info ][safepoint     ] Entering safepoint region: Cleanup
[2025-12-22T15:35:20.708+0000][519.853s][info ][safepoint     ] Leaving safepoint region
[2025-12-22T15:35:20.708+0000][519.853s][info ][safepoint     ] Total time for which application threads were stopped: 0.0007832 seconds, Stopping threads took: 0.0002892 seconds
[2025-12-22T15:35:21.711+0000][520.856s][debug][safepoint     ] Safepoint synchronization initiated. (253 threads)
[2025-12-22T15:35:21.711+0000][520.856s][info ][safepoint     ] Application time: 1.0032071 seconds
[2025-12-22T15:35:21.711+0000][520.856s][debug][safepoint     ] ... found polling page loop exception at pc = 0x00007fb9ce69577e, stub =0x00007fb9cc826680
[2025-12-22T15:35:21.714+0000][520.859s][debug][safepoint     ] ... found polling page return exception at pc = 0x00007fb9d43aa51f, stub =0x00007fb9cc824b00
[2025-12-22T15:35:21.714+0000][520.859s][debug][safepoint     ] Waiting for 2 thread(s) to block
[2025-12-22T15:35:21.714+0000][520.859s][info ][safepoint     ] Entering safepoint region: Cleanup
[2025-12-22T15:35:21.714+0000][520.860s][info ][safepoint     ] Leaving safepoint region
[2025-12-22T15:35:21.714+0000][520.860s][info ][safepoint     ] Total time for which application threads were stopped: 0.0034845 seconds, Stopping threads took: 0.0029874 seconds
[2025-12-22T15:35:22.715+0000][521.860s][debug][safepoint     ] Safepoint synchronization initiated. (253 threads)
[2025-12-22T15:35:22.715+0000][521.860s][info ][safepoint     ] Application time: 1.0003453 seconds
[2025-12-22T15:35:22.715+0000][521.860s][info ][safepoint     ] Entering safepoint region: Cleanup
[2025-12-22T15:35:22.716+0000][521.861s][info ][safepoint     ] Leaving safepoint region
[2025-12-22T15:35:22.716+0000][521.861s][info ][safepoint     ] Total time for which application threads were stopped: 0.0009744 seconds, Stopping threads took: 0.0001849 seconds
[2025-12-22T15:35:23.716+0000][522.861s][debug][safepoint     ] Safepoint synchronization initiated. (253 threads)
[2025-12-22T15:35:23.716+0000][522.861s][info ][safepoint     ] Application time: 1.0002348 seconds
[2025-12-22T15:35:23.716+0000][522.862s][info ][safepoint     ] Entering safepoint region: Cleanup
[2025-12-22T15:35:23.717+0000][522.862s][debug][safepoint     ] ... found polling page loop exception at pc = 0x00007fb9ce69577e, stub =0x00007fb9cc826680
[2025-12-22T15:35:23.717+0000][522.862s][info ][safepoint     ] Leaving safepoint region
[2025-12-22T15:35:23.717+0000][522.863s][info ][safepoint     ] Total time for which application threads were stopped: 0.0009753 seconds, Stopping threads took: 0.0002447 seconds
[2025-12-22T15:35:24.717+0000][523.863s][debug][safepoint     ] Safepoint synchronization initiated. (253 threads)
[2025-12-22T15:35:24.717+0000][523.863s][info ][safepoint     ] Application time: 1.0001911 seconds
[2025-12-22T15:35:24.717+0000][523.863s][info ][safepoint     ] Entering safepoint region: Cleanup
[2025-12-22T15:35:24.718+0000][523.863s][info ][safepoint     ] Leaving safepoint region
[2025-12-22T15:35:24.718+0000][523.863s][info ][safepoint     ] Total time for which application threads were stopped: 0.0006551 seconds, Stopping threads took: 0.0001538 seconds
[2025-12-22T15:35:25.718+0000][524.864s][debug][safepoint     ] Safepoint synchronization initiated. (253 threads)
[2025-12-22T15:35:25.718+0000][524.864s][info ][safepoint     ] Application time: 1.0001842 seconds
[2025-12-22T15:35:25.718+0000][524.864s][debug][safepoint     ] ... found polling page loop exception at pc = 0x00007fb9d49634f6, stub =0x00007fb9cc826680
[2025-12-22T15:35:25.718+0000][524.864s][debug][safepoint     ] Waiting for 1 thread(s) to block
[2025-12-22T15:35:25.719+0000][524.864s][info ][safepoint     ] Entering safepoint region: Cleanup
[2025-12-22T15:35:25.719+0000][524.864s][info ][safepoint     ] Leaving safepoint region
[2025-12-22T15:35:25.719+0000][524.864s][info ][safepoint     ] Total time for which application threads were stopped: 0.0008262 seconds, Stopping threads took: 0.0004046 seconds
[2025-12-22T15:35:26.719+0000][525.865s][debug][safepoint     ] Safepoint synchronization initiated. (252 threads)
[2025-12-22T15:35:26.719+0000][525.865s][info ][safepoint     ] Application time: 1.0001929 seconds
[2025-12-22T15:35:26.719+0000][525.865s][debug][safepoint     ] ... found polling page loop exception at pc = 0x00007fb9d49634f6, stub =0x00007fb9cc826680
[2025-12-22T15:35:26.719+0000][525.865s][debug][safepoint     ] Waiting for 1 thread(s) to block
[2025-12-22T15:35:26.720+0000][525.865s][info ][safepoint     ] Entering safepoint region: Cleanup
[2025-12-22T15:35:26.720+0000][525.865s][info ][safepoint     ] Leaving safepoint region
[2025-12-22T15:35:26.720+0000][525.865s][info ][safepoint     ] Total time for which application threads were stopped: 0.0006908 seconds, Stopping threads took: 0.0003390 seconds
[2025-12-22T15:35:27.720+0000][526.866s][debug][safepoint     ] Safepoint synchronization initiated. (252 threads)
[2025-12-22T15:35:27.720+0000][526.866s][info ][safepoint     ] Application time: 1.0001983 seconds
[2025-12-22T15:35:27.720+0000][526.866s][debug][safepoint     ] Waiting for 1 thread(s) to block
[2025-12-22T15:35:27.721+0000][526.866s][info ][safepoint     ] Entering safepoint region: Cleanup
[2025-12-22T15:35:27.721+0000][526.867s][debug][safepoint     ] ... found polling page return exception at pc = 0x00007fb9d4676756, stub =0x00007fb9cc824b00
[2025-12-22T15:35:27.721+0000][526.867s][info ][safepoint     ] Leaving safepoint region
[2025-12-22T15:35:27.722+0000][526.867s][info ][safepoint     ] Total time for which application threads were stopped: 0.0013227 seconds, Stopping threads took: 0.0008979 seconds
[2025-12-22T15:35:28.722+0000][527.867s][debug][safepoint     ] Safepoint synchronization initiated. (252 threads)
[2025-12-22T15:35:28.722+0000][527.867s][info ][safepoint     ] Application time: 1.0001911 seconds
[2025-12-22T15:35:28.722+0000][527.867s][info ][safepoint     ] Entering safepoint region: Cleanup
[2025-12-22T15:35:28.722+0000][527.868s][info ][safepoint     ] Leaving safepoint region
[2025-12-22T15:35:28.722+0000][527.868s][info ][safepoint     ] Total time for which application threads were stopped: 0.0007159 seconds, Stopping threads took: 0.0001939 seconds
[2025-12-22T15:35:29.723+0000][528.868s][debug][safepoint     ] Safepoint synchronization initiated. (252 threads)
[2025-12-22T15:35:29.723+0000][528.868s][info ][safepoint     ] Application time: 1.0001896 seconds
[2025-12-22T15:35:29.723+0000][528.868s][debug][safepoint     ] ... found polling page return exception at pc = 0x00007fb9d431a0d4, stub =0x00007fb9cc824b00
[2025-12-22T15:35:29.723+0000][528.868s][debug][safepoint     ] Waiting for 1 thread(s) to block
[2025-12-22T15:35:29.723+0000][528.868s][info ][safepoint     ] Entering safepoint region: Cleanup
[2025-12-22T15:35:29.723+0000][528.869s][info ][safepoint     ] Leaving safepoint region
[2025-12-22T15:35:29.723+0000][528.869s][info ][safepoint     ] Total time for which application threads were stopped: 0.0007407 seconds, Stopping threads took: 0.0003749 seconds
[2025-12-22T15:35:30.724+0000][529.869s][debug][safepoint     ] Safepoint synchronization initiated. (252 threads)
[2025-12-22T15:35:30.724+0000][529.869s][info ][safepoint     ] Application time: 1.0002135 seconds
[2025-12-22T15:35:30.724+0000][529.869s][info ][safepoint     ] Entering safepoint region: Cleanup
[2025-12-22T15:35:30.724+0000][529.870s][info ][safepoint     ] Leaving safepoint region
[2025-12-22T15:35:30.724+0000][529.870s][info ][safepoint     ] Total time for which application threads were stopped: 0.0005677 seconds, Stopping threads took: 0.0001937 seconds
[2025-12-22T15:35:31.724+0000][530.870s][debug][safepoint     ] Safepoint synchronization initiated. (252 threads)
[2025-12-22T15:35:31.724+0000][530.870s][info ][safepoint     ] Application time: 1.0002233 seconds
[2025-12-22T15:35:31.725+0000][530.870s][info ][safepoint     ] Entering safepoint region: Cleanup
[2025-12-22T15:35:31.725+0000][530.871s][info ][safepoint     ] Leaving safepoint region
[2025-12-22T15:35:31.725+0000][530.871s][info ][safepoint     ] Total time for which application threads were stopped: 0.0006840 seconds, Stopping threads took: 0.0001440 seconds
[2025-12-22T15:35:32.725+0000][531.871s][debug][safepoint     ] Safepoint synchronization initiated. (252 threads)
[2025-12-22T15:35:32.725+0000][531.871s][info ][safepoint     ] Application time: 1.0001925 seconds
[2025-12-22T15:35:32.726+0000][531.871s][info ][safepoint     ] Entering safepoint region: Cleanup
[2025-12-22T15:35:32.726+0000][531.871s][info ][safepoint     ] Leaving safepoint region
[2025-12-22T15:35:32.726+0000][531.871s][info ][safepoint     ] Total time for which application threads were stopped: 0.0007087 seconds, Stopping threads took: 0.0002467 seconds
[2025-12-22T15:35:33.726+0000][532.872s][debug][safepoint     ] Safepoint synchronization initiated. (252 threads)
[2025-12-22T15:35:33.726+0000][532.872s][info ][safepoint     ] Application time: 1.0001950 seconds
[2025-12-22T15:35:33.726+0000][532.872s][info ][safepoint     ] Entering safepoint region: Cleanup
[2025-12-22T15:35:33.727+0000][532.872s][info ][safepoint     ] Leaving safepoint region
[2025-12-22T15:35:33.727+0000][532.872s][info ][safepoint     ] Total time for which application threads were stopped: 0.0007023 seconds, Stopping threads took: 0.0001803 seconds
[2025-12-22T15:35:34.727+0000][533.873s][debug][safepoint     ] Safepoint synchronization initiated. (252 threads)
[2025-12-22T15:35:34.727+0000][533.873s][info ][safepoint     ] Application time: 1.0001643 seconds
[2025-12-22T15:35:34.727+0000][533.873s][info ][safepoint     ] Entering safepoint region: Cleanup
[2025-12-22T15:35:34.728+0000][533.873s][info ][safepoint     ] Leaving safepoint region
[2025-12-22T15:35:34.728+0000][533.873s][info ][safepoint     ] Total time for which application threads were stopped: 0.0007538 seconds, Stopping threads took: 0.0001624 seconds
[2025-12-22T15:35:35.728+0000][534.874s][debug][safepoint     ] Safepoint synchronization initiated. (252 threads)
[2025-12-22T15:35:35.728+0000][534.874s][info ][safepoint     ] Application time: 1.0001944 seconds
[2025-12-22T15:35:35.728+0000][534.874s][info ][safepoint     ] Entering safepoint region: Cleanup
[2025-12-22T15:35:35.729+0000][534.874s][info ][safepoint     ] Leaving safepoint region
[2025-12-22T15:35:35.729+0000][534.874s][info ][safepoint     ] Total time for which application threads were stopped: 0.0006289 seconds, Stopping threads took: 0.0001530 seconds
[2025-12-22T15:35:36.729+0000][535.874s][debug][safepoint     ] Safepoint synchronization initiated. (252 threads)
[2025-12-22T15:35:36.729+0000][535.874s][info ][safepoint     ] Application time: 1.0001938 seconds
[2025-12-22T15:35:36.729+0000][535.875s][info ][safepoint     ] Entering safepoint region: Cleanup
[2025-12-22T15:35:36.730+0000][535.875s][info ][safepoint     ] Leaving safepoint region
[2025-12-22T15:35:36.730+0000][535.875s][info ][safepoint     ] Total time for which application threads were stopped: 0.0007081 seconds, Stopping threads took: 0.0001632 seconds
[2025-12-22T15:35:37.730+0000][536.875s][debug][safepoint     ] Safepoint synchronization initiated. (252 threads)
[2025-12-22T15:35:37.730+0000][536.875s][info ][safepoint     ] Application time: 1.0002030 seconds
[2025-12-22T15:35:37.730+0000][536.875s][debug][safepoint     ] ... found polling page return exception at pc = 0x00007fb9d4fb2ddb, stub =0x00007fb9cc824b00
[2025-12-22T15:35:37.730+0000][536.876s][debug][safepoint     ] Waiting for 1 thread(s) to block
[2025-12-22T15:35:37.731+0000][536.876s][info ][safepoint     ] Entering safepoint region: Cleanup
[2025-12-22T15:35:37.731+0000][536.876s][debug][safepoint     ] ... found polling page return exception at pc = 0x00007fb9d4676756, stub =0x00007fb9cc824b00
[2025-12-22T15:35:37.731+0000][536.876s][info ][safepoint     ] Leaving safepoint region
[2025-12-22T15:35:37.731+0000][536.876s][info ][safepoint     ] Total time for which application threads were stopped: 0.0010992 seconds, Stopping threads took: 0.0006301 seconds
[2025-12-22T15:35:38.731+0000][537.877s][debug][safepoint     ] Safepoint synchronization initiated. (252 threads)
[2025-12-22T15:35:38.731+0000][537.877s][info ][safepoint     ] Application time: 1.0001735 seconds
[2025-12-22T15:35:38.731+0000][537.877s][info ][safepoint     ] Entering safepoint region: Cleanup
[2025-12-22T15:35:38.732+0000][537.877s][info ][safepoint     ] Leaving safepoint region
[2025-12-22T15:35:38.732+0000][537.877s][info ][safepoint     ] Total time for which application threads were stopped: 0.0008249 seconds, Stopping threads took: 0.0001993 seconds
[2025-12-22T15:35:39.732+0000][538.878s][debug][safepoint     ] Safepoint synchronization initiated. (252 threads)
[2025-12-22T15:35:39.732+0000][538.878s][info ][safepoint     ] Application time: 1.0001777 seconds
[2025-12-22T15:35:39.732+0000][538.878s][debug][safepoint     ] ... found polling page return exception at pc = 0x00007fb9d4740e86, stub =0x00007fb9cc824b00
[2025-12-22T15:35:39.733+0000][538.878s][debug][safepoint     ] Waiting for 1 thread(s) to block
[2025-12-22T15:35:39.733+0000][538.878s][info ][safepoint     ] Entering safepoint region: Cleanup
[2025-12-22T15:35:39.733+0000][538.878s][info ][safepoint     ] Leaving safepoint region
[2025-12-22T15:35:39.733+0000][538.879s][info ][safepoint     ] Total time for which application threads were stopped: 0.0008326 seconds, Stopping threads took: 0.0003632 seconds
[2025-12-22T15:35:40.733+0000][539.879s][debug][safepoint     ] Safepoint synchronization initiated. (252 threads)
[2025-12-22T15:35:40.733+0000][539.879s][info ][safepoint     ] Application time: 1.0002059 seconds
[2025-12-22T15:35:40.734+0000][539.879s][info ][safepoint     ] Entering safepoint region: Cleanup
[2025-12-22T15:35:40.734+0000][539.879s][info ][safepoint     ] Leaving safepoint region
[2025-12-22T15:35:40.734+0000][539.879s][info ][safepoint     ] Total time for which application threads were stopped: 0.0007064 seconds, Stopping threads took: 0.0002154 seconds
[2025-12-22T15:35:41.734+0000][540.880s][debug][safepoint     ] Safepoint synchronization initiated. (252 threads)
[2025-12-22T15:35:41.734+0000][540.880s][info ][safepoint     ] Application time: 1.0002102 seconds
[2025-12-22T15:35:41.734+0000][540.880s][info ][safepoint     ] Entering safepoint region: Cleanup
[2025-12-22T15:35:41.735+0000][540.881s][info ][safepoint     ] Leaving safepoint region
[2025-12-22T15:35:41.735+0000][540.881s][info ][safepoint     ] Total time for which application threads were stopped: 0.0010076 seconds, Stopping threads took: 0.0001818 seconds
[2025-12-22T15:35:42.735+0000][541.881s][debug][safepoint     ] Safepoint synchronization initiated. (251 threads)
[2025-12-22T15:35:42.736+0000][541.881s][info ][safepoint     ] Application time: 1.0002013 seconds
[2025-12-22T15:35:42.736+0000][541.881s][debug][safepoint     ] ... found polling page return exception at pc = 0x00007fb9d47b1871, stub =0x00007fb9cc824b00
[2025-12-22T15:35:42.736+0000][541.881s][debug][safepoint     ] ... found polling page return exception at pc = 0x00007fb9d49b3d9b, stub =0x00007fb9cc824b00
[2025-12-22T15:35:42.736+0000][541.881s][debug][safepoint     ] Waiting for 2 thread(s) to block
[2025-12-22T15:35:42.736+0000][541.881s][info ][safepoint     ] Entering safepoint region: Cleanup
[2025-12-22T15:35:42.736+0000][541.882s][info ][safepoint     ] Leaving safepoint region
[2025-12-22T15:35:42.736+0000][541.882s][info ][safepoint     ] Total time for which application threads were stopped: 0.0008497 seconds, Stopping threads took: 0.0003746 seconds
[2025-12-22T15:35:42.838+0000][541.983s][debug][safepoint     ] Safepoint synchronization initiated. (251 threads)
[2025-12-22T15:35:42.838+0000][541.983s][info ][safepoint     ] Application time: 0.1013256 seconds
[2025-12-22T15:35:42.838+0000][541.983s][info ][safepoint     ] Entering safepoint region: G1CollectForAllocation
[2025-12-22T15:35:42.838+0000][541.984s][info ][gc,start      ] GC(100) Pause Young (Normal) (G1 Evacuation Pause)
[2025-12-22T15:35:42.838+0000][541.984s][info ][gc,task       ] GC(100) Using 4 workers of 4 for evacuation
[2025-12-22T15:35:42.847+0000][541.993s][info ][gc,phases     ] GC(100)   Pre Evacuate Collection Set: 0.0ms
[2025-12-22T15:35:42.847+0000][541.993s][info ][gc,phases     ] GC(100)   Evacuate Collection Set: 3.6ms
[2025-12-22T15:35:42.847+0000][541.993s][info ][gc,phases     ] GC(100)   Post Evacuate Collection Set: 5.0ms
[2025-12-22T15:35:42.847+0000][541.993s][info ][gc,phases     ] GC(100)   Other: 0.5ms
[2025-12-22T15:35:42.847+0000][541.993s][info ][gc,heap       ] GC(100) Eden regions: 174->0(174)
[2025-12-22T15:35:42.848+0000][541.993s][info ][gc,heap       ] GC(100) Survivor regions: 1->1(22)
[2025-12-22T15:35:42.848+0000][541.993s][info ][gc,heap       ] GC(100) Old regions: 174->174
[2025-12-22T15:35:42.848+0000][541.993s][info ][gc,heap       ] GC(100) Humongous regions: 0->0
[2025-12-22T15:35:42.848+0000][541.993s][info ][gc,metaspace  ] GC(100) Metaspace: 177311K(183324K)->177311K(183324K) NonClass: 156753K(160464K)->156753K(160464K) Class: 20557K(22860K)->20557K(22860K)
[2025-12-22T15:35:42.848+0000][541.993s][info ][gc            ] GC(100) Pause Young (Normal) (G1 Evacuation Pause) 347M->173M(393M) 9.326ms
[2025-12-22T15:35:42.848+0000][541.993s][info ][gc,cpu        ] GC(100) User=0.03s Sys=0.00s Real=0.01s
[2025-12-22T15:35:42.848+0000][541.993s][info ][safepoint     ] Leaving safepoint region
[2025-12-22T15:35:42.848+0000][541.993s][info ][safepoint     ] Total time for which application threads were stopped: 0.0100291 seconds, Stopping threads took: 0.0001212 seconds
[2025-12-22T15:35:42.848+0000][541.993s][info ][gc,stringdedup] Concurrent String Deduplication (541.993s)
[2025-12-22T15:35:42.848+0000][541.993s][info ][gc,stringdedup] Concurrent String Deduplication 0.0B->0.0B(0.0B) avg 54.5% (541.993s, 541.993s) 0.052ms
[2025-12-22T15:35:43.848+0000][542.993s][debug][safepoint     ] Safepoint synchronization initiated. (251 threads)
[2025-12-22T15:35:43.848+0000][542.993s][info ][safepoint     ] Application time: 1.0001968 seconds
[2025-12-22T15:35:43.848+0000][542.994s][info ][safepoint     ] Entering safepoint region: Cleanup
[2025-12-22T15:35:43.849+0000][542.994s][info ][safepoint     ] Leaving safepoint region
[2025-12-22T15:35:43.849+0000][542.994s][info ][safepoint     ] Total time for which application threads were stopped: 0.0006520 seconds, Stopping threads took: 0.0001610 seconds
[2025-12-22T15:35:44.849+0000][543.994s][debug][safepoint     ] Safepoint synchronization initiated. (251 threads)
[2025-12-22T15:35:44.849+0000][543.994s][info ][safepoint     ] Application time: 1.0001623 seconds
[2025-12-22T15:35:44.849+0000][543.994s][debug][safepoint     ] ... found polling page return exception at pc = 0x00007fb9d46a818a, stub =0x00007fb9cc824b00
[2025-12-22T15:35:44.849+0000][543.994s][debug][safepoint     ] Waiting for 1 thread(s) to block
[2025-12-22T15:35:44.849+0000][543.994s][info ][safepoint     ] Entering safepoint region: Cleanup
[2025-12-22T15:35:44.850+0000][543.995s][info ][safepoint     ] Leaving safepoint region
[2025-12-22T15:35:44.850+0000][543.995s][info ][safepoint     ] Total time for which application threads were stopped: 0.0008905 seconds, Stopping threads took: 0.0002700 seconds
[2025-12-22T15:35:44.850+0000][543.995s][debug][safepoint     ] ... found polling page return exception at pc = 0x00007fb9d4676756, stub =0x00007fb9cc824b00
[2025-12-22T15:35:45.850+0000][544.995s][debug][safepoint     ] Safepoint synchronization initiated. (251 threads)
[2025-12-22T15:35:45.850+0000][544.995s][info ][safepoint     ] Application time: 1.0002337 seconds
[2025-12-22T15:35:45.850+0000][544.996s][info ][safepoint     ] Entering safepoint region: Cleanup
[2025-12-22T15:35:45.851+0000][544.996s][info ][safepoint     ] Leaving safepoint region
[2025-12-22T15:35:45.851+0000][544.996s][info ][safepoint     ] Total time for which application threads were stopped: 0.0007372 seconds, Stopping threads took: 0.0001529 seconds
[2025-12-22T15:35:46.851+0000][545.996s][debug][safepoint     ] Safepoint synchronization initiated. (251 threads)
[2025-12-22T15:35:46.851+0000][545.996s][info ][safepoint     ] Application time: 1.0003027 seconds
[2025-12-22T15:35:46.851+0000][545.997s][info ][safepoint     ] Entering safepoint region: Cleanup
[2025-12-22T15:35:46.852+0000][545.997s][info ][safepoint     ] Leaving safepoint region
[2025-12-22T15:35:46.852+0000][545.997s][info ][safepoint     ] Total time for which application threads were stopped: 0.0006611 seconds, Stopping threads took: 0.0002070 seconds
[2025-12-22T15:35:47.852+0000][546.997s][debug][safepoint     ] Safepoint synchronization initiated. (251 threads)
[2025-12-22T15:35:47.852+0000][546.997s][info ][safepoint     ] Application time: 1.0002627 seconds
[2025-12-22T15:35:47.852+0000][546.998s][info ][safepoint     ] Entering safepoint region: Cleanup
[2025-12-22T15:35:47.853+0000][546.998s][info ][safepoint     ] Leaving safepoint region
[2025-12-22T15:35:47.853+0000][546.998s][info ][safepoint     ] Total time for which application threads were stopped: 0.0006776 seconds, Stopping threads took: 0.0001651 seconds
[2025-12-22T15:35:48.853+0000][547.998s][debug][safepoint     ] Safepoint synchronization initiated. (251 threads)
[2025-12-22T15:35:48.853+0000][547.998s][info ][safepoint     ] Application time: 1.0002106 seconds
[2025-12-22T15:35:48.853+0000][547.999s][info ][safepoint     ] Entering safepoint region: Cleanup
[2025-12-22T15:35:48.854+0000][547.999s][info ][safepoint     ] Leaving safepoint region
[2025-12-22T15:35:48.854+0000][547.999s][info ][safepoint     ] Total time for which application threads were stopped: 0.0007241 seconds, Stopping threads took: 0.0002098 seconds
[2025-12-22T15:35:49.854+0000][548.999s][debug][safepoint     ] Safepoint synchronization initiated. (251 threads)
[2025-12-22T15:35:49.854+0000][548.999s][info ][safepoint     ] Application time: 1.0002183 seconds
[2025-12-22T15:35:49.854+0000][549.000s][info ][safepoint     ] Entering safepoint region: Cleanup
[2025-12-22T15:35:49.855+0000][549.000s][info ][safepoint     ] Leaving safepoint region
[2025-12-22T15:35:49.855+0000][549.000s][info ][safepoint     ] Total time for which application threads were stopped: 0.0006856 seconds, Stopping threads took: 0.0001727 seconds
[2025-12-22T15:35:50.855+0000][550.000s][debug][safepoint     ] Safepoint synchronization initiated. (251 threads)
[2025-12-22T15:35:50.855+0000][550.000s][info ][safepoint     ] Application time: 1.0001911 seconds
[2025-12-22T15:35:50.855+0000][550.000s][info ][safepoint     ] Entering safepoint region: Cleanup
[2025-12-22T15:35:50.856+0000][550.001s][info ][safepoint     ] Leaving safepoint region
[2025-12-22T15:35:50.856+0000][550.001s][info ][safepoint     ] Total time for which application threads were stopped: 0.0006467 seconds, Stopping threads took: 0.0001425 seconds
[2025-12-22T15:35:51.856+0000][551.001s][debug][safepoint     ] Safepoint synchronization initiated. (251 threads)
[2025-12-22T15:35:51.856+0000][551.001s][info ][safepoint     ] Application time: 1.0002334 seconds
[2025-12-22T15:35:51.856+0000][551.001s][debug][safepoint     ] ... found polling page return exception at pc = 0x00007fb9d446fa68, stub =0x00007fb9cc824b00
[2025-12-22T15:35:51.856+0000][551.001s][debug][safepoint     ] Waiting for 1 thread(s) to block
[2025-12-22T15:35:51.856+0000][551.001s][info ][safepoint     ] Entering safepoint region: Cleanup
[2025-12-22T15:35:51.857+0000][551.002s][debug][safepoint     ] ... found polling page loop exception at pc = 0x00007fb9d4af8a30, stub =0x00007fb9cc826680
[2025-12-22T15:35:51.857+0000][551.002s][info ][safepoint     ] Leaving safepoint region
[2025-12-22T15:35:51.857+0000][551.002s][info ][safepoint     ] Total time for which application threads were stopped: 0.0009235 seconds, Stopping threads took: 0.0002800 seconds
[2025-12-22T15:35:52.857+0000][552.002s][debug][safepoint     ] Safepoint synchronization initiated. (251 threads)
[2025-12-22T15:35:52.857+0000][552.002s][info ][safepoint     ] Application time: 1.0003045 seconds
[2025-12-22T15:35:52.857+0000][552.003s][info ][safepoint     ] Entering safepoint region: Cleanup
[2025-12-22T15:35:52.858+0000][552.003s][info ][safepoint     ] Leaving safepoint region
[2025-12-22T15:35:52.858+0000][552.003s][info ][safepoint     ] Total time for which application threads were stopped: 0.0007070 seconds, Stopping threads took: 0.0001712 seconds
[2025-12-22T15:35:53.858+0000][553.003s][debug][safepoint     ] Safepoint synchronization initiated. (251 threads)
[2025-12-22T15:35:53.858+0000][553.003s][info ][safepoint     ] Application time: 1.0002143 seconds
[2025-12-22T15:35:53.858+0000][553.004s][info ][safepoint     ] Entering safepoint region: Cleanup
[2025-12-22T15:35:53.859+0000][553.004s][info ][safepoint     ] Leaving safepoint region
[2025-12-22T15:35:53.859+0000][553.004s][info ][safepoint     ] Total time for which application threads were stopped: 0.0006941 seconds, Stopping threads took: 0.0001364 seconds
[2025-12-22T15:35:54.859+0000][554.004s][debug][safepoint     ] Safepoint synchronization initiated. (251 threads)
[2025-12-22T15:35:54.859+0000][554.004s][info ][safepoint     ] Application time: 1.0002535 seconds
[2025-12-22T15:35:54.859+0000][554.005s][info ][safepoint     ] Entering safepoint region: Cleanup
[2025-12-22T15:35:54.860+0000][554.005s][info ][safepoint     ] Leaving safepoint region
[2025-12-22T15:35:54.860+0000][554.005s][info ][safepoint     ] Total time for which application threads were stopped: 0.0006515 seconds, Stopping threads took: 0.0001875 seconds
[2025-12-22T15:35:55.860+0000][555.005s][debug][safepoint     ] Safepoint synchronization initiated. (251 threads)
[2025-12-22T15:35:55.860+0000][555.005s][info ][safepoint     ] Application time: 1.0002272 seconds
[2025-12-22T15:35:55.860+0000][555.006s][info ][safepoint     ] Entering safepoint region: Cleanup
[2025-12-22T15:35:55.861+0000][555.006s][info ][safepoint     ] Leaving safepoint region
[2025-12-22T15:35:55.861+0000][555.006s][info ][safepoint     ] Total time for which application threads were stopped: 0.0006192 seconds, Stopping threads took: 0.0001516 seconds
[2025-12-22T15:35:56.861+0000][556.006s][debug][safepoint     ] Safepoint synchronization initiated. (251 threads)
[2025-12-22T15:35:56.861+0000][556.006s][info ][safepoint     ] Application time: 1.0002318 seconds
[2025-12-22T15:35:56.861+0000][556.006s][debug][safepoint     ] Waiting for 1 thread(s) to block
[2025-12-22T15:35:56.861+0000][556.007s][info ][safepoint     ] Entering safepoint region: Cleanup
[2025-12-22T15:35:56.862+0000][556.007s][info ][safepoint     ] Leaving safepoint region
[2025-12-22T15:35:56.862+0000][556.007s][info ][safepoint     ] Total time for which application threads were stopped: 0.0006515 seconds, Stopping threads took: 0.0002440 seconds
[2025-12-22T15:35:57.862+0000][557.007s][debug][safepoint     ] Safepoint synchronization initiated. (251 threads)
[2025-12-22T15:35:57.862+0000][557.007s][info ][safepoint     ] Application time: 1.0003123 seconds
[2025-12-22T15:35:57.862+0000][557.007s][debug][safepoint     ] Waiting for 1 thread(s) to block
[2025-12-22T15:35:57.862+0000][557.008s][info ][safepoint     ] Entering safepoint region: Cleanup
[2025-12-22T15:35:57.863+0000][557.008s][info ][safepoint     ] Leaving safepoint region
[2025-12-22T15:35:57.863+0000][557.008s][info ][safepoint     ] Total time for which application threads were stopped: 0.0011091 seconds, Stopping threads took: 0.0002601 seconds
[2025-12-22T15:35:58.863+0000][558.009s][debug][safepoint     ] Safepoint synchronization initiated. (251 threads)
[2025-12-22T15:35:58.863+0000][558.009s][info ][safepoint     ] Application time: 1.0002898 seconds
[2025-12-22T15:35:58.864+0000][558.009s][info ][safepoint     ] Entering safepoint region: Cleanup
[2025-12-22T15:35:58.864+0000][558.010s][info ][safepoint     ] Leaving safepoint region
[2025-12-22T15:35:58.864+0000][558.010s][info ][safepoint     ] Total time for which application threads were stopped: 0.0007652 seconds, Stopping threads took: 0.0002626 seconds
[2025-12-22T15:35:59.864+0000][559.010s][debug][safepoint     ] Safepoint synchronization initiated. (251 threads)
[2025-12-22T15:35:59.864+0000][559.010s][info ][safepoint     ] Application time: 1.0002825 seconds
[2025-12-22T15:35:59.865+0000][559.010s][info ][safepoint     ] Entering safepoint region: Cleanup
[2025-12-22T15:35:59.865+0000][559.011s][info ][safepoint     ] Leaving safepoint region
[2025-12-22T15:35:59.865+0000][559.011s][info ][safepoint     ] Total time for which application threads were stopped: 0.0007528 seconds, Stopping threads took: 0.0002174 seconds
[2025-12-22T15:36:00.865+0000][560.011s][debug][safepoint     ] Safepoint synchronization initiated. (251 threads)
[2025-12-22T15:36:00.865+0000][560.011s][info ][safepoint     ] Application time: 1.0002450 seconds
[2025-12-22T15:36:00.866+0000][560.011s][info ][safepoint     ] Entering safepoint region: Cleanup
[2025-12-22T15:36:00.866+0000][560.011s][info ][safepoint     ] Leaving safepoint region
[2025-12-22T15:36:00.866+0000][560.011s][info ][safepoint     ] Total time for which application threads were stopped: 0.0004651 seconds, Stopping threads took: 0.0001146 seconds
[2025-12-22T15:36:01.866+0000][561.012s][debug][safepoint     ] Safepoint synchronization initiated. (251 threads)
[2025-12-22T15:36:01.866+0000][561.012s][info ][safepoint     ] Application time: 1.0002287 seconds
[2025-12-22T15:36:01.866+0000][561.012s][info ][safepoint     ] Entering safepoint region: Cleanup
[2025-12-22T15:36:01.867+0000][561.012s][info ][safepoint     ] Leaving safepoint region
[2025-12-22T15:36:01.867+0000][561.012s][info ][safepoint     ] Total time for which application threads were stopped: 0.0006721 seconds, Stopping threads took: 0.0002244 seconds
[2025-12-22T15:36:02.867+0000][562.013s][debug][safepoint     ] Safepoint synchronization initiated. (251 threads)
[2025-12-22T15:36:02.867+0000][562.013s][info ][safepoint     ] Application time: 1.0003075 seconds
[2025-12-22T15:36:02.867+0000][562.013s][info ][safepoint     ] Entering safepoint region: Cleanup
[2025-12-22T15:36:02.868+0000][562.013s][info ][safepoint     ] Leaving safepoint region
[2025-12-22T15:36:02.868+0000][562.014s][info ][safepoint     ] Total time for which application threads were stopped: 0.0008679 seconds, Stopping threads took: 0.0002254 seconds
[2025-12-22T15:36:03.868+0000][563.014s][debug][safepoint     ] Safepoint synchronization initiated. (251 threads)
[2025-12-22T15:36:03.868+0000][563.014s][info ][safepoint     ] Application time: 1.0002438 seconds
[2025-12-22T15:36:03.869+0000][563.014s][info ][safepoint     ] Entering safepoint region: Cleanup
[2025-12-22T15:36:03.869+0000][563.014s][info ][safepoint     ] Leaving safepoint region
[2025-12-22T15:36:03.869+0000][563.014s][info ][safepoint     ] Total time for which application threads were stopped: 0.0006517 seconds, Stopping threads took: 0.0001695 seconds
[2025-12-22T15:36:04.869+0000][564.015s][debug][safepoint     ] Safepoint synchronization initiated. (251 threads)
[2025-12-22T15:36:04.869+0000][564.015s][info ][safepoint     ] Application time: 1.0001837 seconds
[2025-12-22T15:36:04.869+0000][564.015s][debug][safepoint     ] ... found polling page return exception at pc = 0x00007fb9d4a4371d, stub =0x00007fb9cc824b00
[2025-12-22T15:36:04.869+0000][564.015s][debug][safepoint     ] Waiting for 1 thread(s) to block
[2025-12-22T15:36:04.870+0000][564.015s][info ][safepoint     ] Entering safepoint region: Cleanup
[2025-12-22T15:36:04.870+0000][564.015s][debug][safepoint     ] ... found polling page return exception at pc = 0x00007fb9d4676756, stub =0x00007fb9cc824b00
[2025-12-22T15:36:04.870+0000][564.015s][info ][safepoint     ] Leaving safepoint region
[2025-12-22T15:36:04.870+0000][564.016s][info ][safepoint     ] Total time for which application threads were stopped: 0.0009025 seconds, Stopping threads took: 0.0003472 seconds
[2025-12-22T15:36:05.870+0000][565.016s][debug][safepoint     ] Safepoint synchronization initiated. (251 threads)
[2025-12-22T15:36:05.870+0000][565.016s][info ][safepoint     ] Application time: 1.0002744 seconds
[2025-12-22T15:36:05.871+0000][565.016s][info ][safepoint     ] Entering safepoint region: Cleanup
[2025-12-22T15:36:05.871+0000][565.017s][info ][safepoint     ] Leaving safepoint region
[2025-12-22T15:36:05.871+0000][565.017s][info ][safepoint     ] Total time for which application threads were stopped: 0.0006699 seconds, Stopping threads took: 0.0001832 seconds
[2025-12-22T15:36:06.871+0000][566.017s][debug][safepoint     ] Safepoint synchronization initiated. (251 threads)
[2025-12-22T15:36:06.871+0000][566.017s][info ][safepoint     ] Application time: 1.0002724 seconds
[2025-12-22T15:36:06.872+0000][566.017s][info ][safepoint     ] Entering safepoint region: Cleanup
[2025-12-22T15:36:06.872+0000][566.017s][info ][safepoint     ] Leaving safepoint region
[2025-12-22T15:36:06.872+0000][566.018s][info ][safepoint     ] Total time for which application threads were stopped: 0.0006115 seconds, Stopping threads took: 0.0001635 seconds
[2025-12-22T15:36:07.872+0000][567.018s][debug][safepoint     ] Safepoint synchronization initiated. (251 threads)
[2025-12-22T15:36:07.872+0000][567.018s][info ][safepoint     ] Application time: 1.0001862 seconds
[2025-12-22T15:36:07.873+0000][567.018s][info ][safepoint     ] Entering safepoint region: Cleanup
[2025-12-22T15:36:07.873+0000][567.018s][info ][safepoint     ] Leaving safepoint region
[2025-12-22T15:36:07.873+0000][567.019s][info ][safepoint     ] Total time for which application threads were stopped: 0.0007796 seconds, Stopping threads took: 0.0002234 seconds
[2025-12-22T15:36:07.873+0000][567.019s][debug][safepoint     ] ... found polling page return exception at pc = 0x00007fb9d4676756, stub =0x00007fb9cc824b00
[2025-12-22T15:36:08.873+0000][568.019s][debug][safepoint     ] Safepoint synchronization initiated. (251 threads)
[2025-12-22T15:36:08.873+0000][568.019s][info ][safepoint     ] Application time: 1.0002060 seconds
[2025-12-22T15:36:08.874+0000][568.019s][info ][safepoint     ] Entering safepoint region: Cleanup
[2025-12-22T15:36:08.874+0000][568.019s][info ][safepoint     ] Leaving safepoint region
[2025-12-22T15:36:08.874+0000][568.020s][info ][safepoint     ] Total time for which application threads were stopped: 0.0006935 seconds, Stopping threads took: 0.0001461 seconds
[2025-12-22T15:36:09.874+0000][569.020s][debug][safepoint     ] Safepoint synchronization initiated. (251 threads)
[2025-12-22T15:36:09.874+0000][569.020s][info ][safepoint     ] Application time: 1.0002124 seconds
[2025-12-22T15:36:09.874+0000][569.020s][info ][safepoint     ] Entering safepoint region: Cleanup
[2025-12-22T15:36:09.875+0000][569.020s][info ][safepoint     ] Leaving safepoint region
[2025-12-22T15:36:09.875+0000][569.020s][info ][safepoint     ] Total time for which application threads were stopped: 0.0006203 seconds, Stopping threads took: 0.0001672 seconds
[2025-12-22T15:36:10.036+0000][569.181s][debug][safepoint     ] Safepoint synchronization initiated. (251 threads)
[2025-12-22T15:36:10.036+0000][569.181s][info ][safepoint     ] Application time: 0.1608709 seconds
[2025-12-22T15:36:10.036+0000][569.181s][info ][safepoint     ] Entering safepoint region: G1CollectForAllocation
[2025-12-22T15:36:10.037+0000][569.182s][info ][gc,start      ] GC(101) Pause Young (Normal) (G1 Evacuation Pause)
[2025-12-22T15:36:10.037+0000][569.182s][info ][gc,task       ] GC(101) Using 4 workers of 4 for evacuation
[2025-12-22T15:36:10.046+0000][569.191s][info ][gc,phases     ] GC(101)   Pre Evacuate Collection Set: 0.0ms
[2025-12-22T15:36:10.046+0000][569.191s][info ][gc,phases     ] GC(101)   Evacuate Collection Set: 3.1ms
[2025-12-22T15:36:10.046+0000][569.191s][info ][gc,phases     ] GC(101)   Post Evacuate Collection Set: 5.6ms
[2025-12-22T15:36:10.046+0000][569.191s][info ][gc,phases     ] GC(101)   Other: 0.5ms
[2025-12-22T15:36:10.046+0000][569.191s][info ][gc,heap       ] GC(101) Eden regions: 174->0(175)
[2025-12-22T15:36:10.046+0000][569.191s][info ][gc,heap       ] GC(101) Survivor regions: 1->1(22)
[2025-12-22T15:36:10.046+0000][569.191s][info ][gc,heap       ] GC(101) Old regions: 174->174
[2025-12-22T15:36:10.046+0000][569.191s][info ][gc,heap       ] GC(101) Humongous regions: 0->0
[2025-12-22T15:36:10.046+0000][569.191s][info ][gc,metaspace  ] GC(101) Metaspace: 177361K(183324K)->177361K(183324K) NonClass: 156803K(160464K)->156803K(160464K) Class: 20558K(22860K)->20558K(22860K)
[2025-12-22T15:36:10.046+0000][569.191s][info ][gc            ] GC(101) Pause Young (Normal) (G1 Evacuation Pause) 347M->173M(393M) 9.395ms
[2025-12-22T15:36:10.046+0000][569.191s][info ][gc,cpu        ] GC(101) User=0.04s Sys=0.00s Real=0.01s
[2025-12-22T15:36:10.046+0000][569.191s][info ][safepoint     ] Leaving safepoint region
[2025-12-22T15:36:10.046+0000][569.191s][info ][safepoint     ] Total time for which application threads were stopped: 0.0101889 seconds, Stopping threads took: 0.0001985 seconds
[2025-12-22T15:36:10.046+0000][569.192s][info ][gc,stringdedup] Concurrent String Deduplication (569.192s)
[2025-12-22T15:36:10.046+0000][569.192s][info ][gc,stringdedup] Concurrent String Deduplication 480.0B->72.0B(408.0B) avg 54.5% (569.192s, 569.192s) 0.045ms
[2025-12-22T15:36:11.046+0000][570.192s][debug][safepoint     ] Safepoint synchronization initiated. (251 threads)
[2025-12-22T15:36:11.046+0000][570.192s][info ][safepoint     ] Application time: 1.0002100 seconds
[2025-12-22T15:36:11.046+0000][570.192s][info ][safepoint     ] Entering safepoint region: Cleanup
[2025-12-22T15:36:11.047+0000][570.192s][info ][safepoint     ] Leaving safepoint region
[2025-12-22T15:36:11.047+0000][570.192s][info ][safepoint     ] Total time for which application threads were stopped: 0.0006943 seconds, Stopping threads took: 0.0001826 seconds
[2025-12-22T15:36:12.047+0000][571.193s][debug][safepoint     ] Safepoint synchronization initiated. (251 threads)
[2025-12-22T15:36:12.047+0000][571.193s][info ][safepoint     ] Application time: 1.0001839 seconds
[2025-12-22T15:36:12.047+0000][571.193s][info ][safepoint     ] Entering safepoint region: Cleanup
[2025-12-22T15:36:12.048+0000][571.193s][info ][safepoint     ] Leaving safepoint region
[2025-12-22T15:36:12.048+0000][571.193s][info ][safepoint     ] Total time for which application threads were stopped: 0.0005932 seconds, Stopping threads took: 0.0001604 seconds
[2025-12-22T15:36:13.048+0000][572.193s][debug][safepoint     ] Safepoint synchronization initiated. (251 threads)
[2025-12-22T15:36:13.048+0000][572.193s][info ][safepoint     ] Application time: 1.0002026 seconds
[2025-12-22T15:36:13.048+0000][572.194s][info ][safepoint     ] Entering safepoint region: Cleanup
[2025-12-22T15:36:13.049+0000][572.194s][info ][safepoint     ] Leaving safepoint region
[2025-12-22T15:36:13.049+0000][572.194s][info ][safepoint     ] Total time for which application threads were stopped: 0.0006622 seconds, Stopping threads took: 0.0002235 seconds
[2025-12-22T15:36:14.049+0000][573.194s][debug][safepoint     ] Safepoint synchronization initiated. (251 threads)
[2025-12-22T15:36:14.049+0000][573.194s][info ][safepoint     ] Application time: 1.0002160 seconds
[2025-12-22T15:36:14.049+0000][573.195s][info ][safepoint     ] Entering safepoint region: Cleanup
[2025-12-22T15:36:14.050+0000][573.195s][info ][safepoint     ] Leaving safepoint region
[2025-12-22T15:36:14.050+0000][573.195s][info ][safepoint     ] Total time for which application threads were stopped: 0.0007402 seconds, Stopping threads took: 0.0001765 seconds
[2025-12-22T15:36:15.050+0000][574.195s][debug][safepoint     ] Safepoint synchronization initiated. (251 threads)
[2025-12-22T15:36:15.050+0000][574.195s][info ][safepoint     ] Application time: 1.0001859 seconds
[2025-12-22T15:36:15.050+0000][574.195s][info ][safepoint     ] Entering safepoint region: Cleanup
[2025-12-22T15:36:15.051+0000][574.196s][info ][safepoint     ] Leaving safepoint region
[2025-12-22T15:36:15.051+0000][574.196s][info ][safepoint     ] Total time for which application threads were stopped: 0.0007194 seconds, Stopping threads took: 0.0001744 seconds
[2025-12-22T15:36:16.051+0000][575.196s][debug][safepoint     ] Safepoint synchronization initiated. (251 threads)
[2025-12-22T15:36:16.051+0000][575.196s][info ][safepoint     ] Application time: 1.0002095 seconds
[2025-12-22T15:36:16.051+0000][575.196s][debug][safepoint     ] Waiting for 1 thread(s) to block
[2025-12-22T15:36:16.051+0000][575.197s][info ][safepoint     ] Entering safepoint region: Cleanup
[2025-12-22T15:36:16.052+0000][575.197s][info ][safepoint     ] Leaving safepoint region
[2025-12-22T15:36:16.052+0000][575.197s][info ][safepoint     ] Total time for which application threads were stopped: 0.0007037 seconds, Stopping threads took: 0.0002824 seconds
[2025-12-22T15:36:17.052+0000][576.197s][debug][safepoint     ] Safepoint synchronization initiated. (251 threads)
[2025-12-22T15:36:17.052+0000][576.197s][info ][safepoint     ] Application time: 1.0001940 seconds
[2025-12-22T15:36:17.052+0000][576.197s][info ][safepoint     ] Entering safepoint region: Cleanup
[2025-12-22T15:36:17.052+0000][576.198s][info ][safepoint     ] Leaving safepoint region
[2025-12-22T15:36:17.052+0000][576.198s][info ][safepoint     ] Total time for which application threads were stopped: 0.0005054 seconds, Stopping threads took: 0.0001264 seconds
[2025-12-22T15:36:18.053+0000][577.198s][debug][safepoint     ] Safepoint synchronization initiated. (251 threads)
[2025-12-22T15:36:18.053+0000][577.198s][info ][safepoint     ] Application time: 1.0003320 seconds
[2025-12-22T15:36:18.053+0000][577.198s][info ][safepoint     ] Entering safepoint region: Cleanup
[2025-12-22T15:36:18.053+0000][577.199s][info ][safepoint     ] Leaving safepoint region
[2025-12-22T15:36:18.053+0000][577.199s][info ][safepoint     ] Total time for which application threads were stopped: 0.0007618 seconds, Stopping threads took: 0.0001939 seconds
[2025-12-22T15:36:19.054+0000][578.199s][debug][safepoint     ] Safepoint synchronization initiated. (251 threads)
[2025-12-22T15:36:19.054+0000][578.199s][info ][safepoint     ] Application time: 1.0002339 seconds
[2025-12-22T15:36:19.054+0000][578.199s][info ][safepoint     ] Entering safepoint region: Cleanup
[2025-12-22T15:36:19.054+0000][578.200s][info ][safepoint     ] Leaving safepoint region
[2025-12-22T15:36:19.054+0000][578.200s][info ][safepoint     ] Total time for which application threads were stopped: 0.0005183 seconds, Stopping threads took: 0.0001497 seconds
[2025-12-22T15:36:20.054+0000][579.200s][debug][safepoint     ] Safepoint synchronization initiated. (251 threads)
[2025-12-22T15:36:20.055+0000][579.200s][info ][safepoint     ] Application time: 1.0002691 seconds
[2025-12-22T15:36:20.055+0000][579.200s][info ][safepoint     ] Entering safepoint region: Cleanup
[2025-12-22T15:36:20.055+0000][579.201s][info ][safepoint     ] Leaving safepoint region
[2025-12-22T15:36:20.055+0000][579.201s][info ][safepoint     ] Total time for which application threads were stopped: 0.0006323 seconds, Stopping threads took: 0.0001496 seconds
[2025-12-22T15:36:21.055+0000][580.201s][debug][safepoint     ] Safepoint synchronization initiated. (251 threads)
[2025-12-22T15:36:21.055+0000][580.201s][info ][safepoint     ] Application time: 1.0002579 seconds
[2025-12-22T15:36:21.056+0000][580.201s][info ][safepoint     ] Entering safepoint region: Cleanup
[2025-12-22T15:36:21.056+0000][580.201s][info ][safepoint     ] Leaving safepoint region
[2025-12-22T15:36:21.056+0000][580.201s][info ][safepoint     ] Total time for which application threads were stopped: 0.0005921 seconds, Stopping threads took: 0.0001812 seconds
[2025-12-22T15:36:22.056+0000][581.202s][debug][safepoint     ] Safepoint synchronization initiated. (251 threads)
[2025-12-22T15:36:22.056+0000][581.202s][info ][safepoint     ] Application time: 1.0003734 seconds
[2025-12-22T15:36:22.057+0000][581.202s][info ][safepoint     ] Entering safepoint region: Cleanup
[2025-12-22T15:36:22.057+0000][581.202s][info ][safepoint     ] Leaving safepoint region
[2025-12-22T15:36:22.057+0000][581.203s][info ][safepoint     ] Total time for which application threads were stopped: 0.0005960 seconds, Stopping threads took: 0.0001753 seconds
[2025-12-22T15:36:23.057+0000][582.203s][debug][safepoint     ] Safepoint synchronization initiated. (251 threads)
[2025-12-22T15:36:23.057+0000][582.203s][info ][safepoint     ] Application time: 1.0002675 seconds
[2025-12-22T15:36:23.058+0000][582.203s][info ][safepoint     ] Entering safepoint region: Cleanup
[2025-12-22T15:36:23.058+0000][582.204s][info ][safepoint     ] Leaving safepoint region
[2025-12-22T15:36:23.058+0000][582.204s][info ][safepoint     ] Total time for which application threads were stopped: 0.0008366 seconds, Stopping threads took: 0.0001768 seconds
[2025-12-22T15:36:24.059+0000][583.204s][debug][safepoint     ] Safepoint synchronization initiated. (251 threads)
[2025-12-22T15:36:24.059+0000][583.204s][info ][safepoint     ] Application time: 1.0003310 seconds
[2025-12-22T15:36:24.059+0000][583.204s][info ][safepoint     ] Entering safepoint region: Cleanup
[2025-12-22T15:36:24.059+0000][583.205s][info ][safepoint     ] Leaving safepoint region
[2025-12-22T15:36:24.059+0000][583.205s][info ][safepoint     ] Total time for which application threads were stopped: 0.0008633 seconds, Stopping threads took: 0.0002294 seconds
[2025-12-22T15:36:25.060+0000][584.205s][debug][safepoint     ] Safepoint synchronization initiated. (251 threads)
[2025-12-22T15:36:25.060+0000][584.205s][info ][safepoint     ] Application time: 1.0002083 seconds
[2025-12-22T15:36:25.060+0000][584.205s][info ][safepoint     ] Entering safepoint region: Cleanup
[2025-12-22T15:36:25.060+0000][584.206s][debug][safepoint     ] ... found polling page return exception at pc = 0x00007fb9d4676756, stub =0x00007fb9cc824b00
[2025-12-22T15:36:25.060+0000][584.206s][info ][safepoint     ] Leaving safepoint region
[2025-12-22T15:36:25.060+0000][584.206s][info ][safepoint     ] Total time for which application threads were stopped: 0.0005253 seconds, Stopping threads took: 0.0001649 seconds
[2025-12-22T15:36:26.061+0000][585.206s][debug][safepoint     ] Safepoint synchronization initiated. (251 threads)
[2025-12-22T15:36:26.061+0000][585.206s][info ][safepoint     ] Application time: 1.0003171 seconds
[2025-12-22T15:36:26.061+0000][585.206s][info ][safepoint     ] Entering safepoint region: Cleanup
[2025-12-22T15:36:26.061+0000][585.207s][info ][safepoint     ] Leaving safepoint region
[2025-12-22T15:36:26.061+0000][585.207s][info ][safepoint     ] Total time for which application threads were stopped: 0.0007286 seconds, Stopping threads took: 0.0001891 seconds
[2025-12-22T15:36:27.062+0000][586.207s][debug][safepoint     ] Safepoint synchronization initiated. (251 threads)
[2025-12-22T15:36:27.062+0000][586.207s][info ][safepoint     ] Application time: 1.0002597 seconds
[2025-12-22T15:36:27.062+0000][586.207s][info ][safepoint     ] Entering safepoint region: Cleanup
[2025-12-22T15:36:27.062+0000][586.208s][info ][safepoint     ] Leaving safepoint region
[2025-12-22T15:36:27.063+0000][586.208s][info ][safepoint     ] Total time for which application threads were stopped: 0.0008562 seconds, Stopping threads took: 0.0001741 seconds
[2025-12-22T15:36:28.063+0000][587.208s][debug][safepoint     ] Safepoint synchronization initiated. (251 threads)
[2025-12-22T15:36:28.063+0000][587.208s][info ][safepoint     ] Application time: 1.0003139 seconds
[2025-12-22T15:36:28.063+0000][587.208s][info ][safepoint     ] Entering safepoint region: Cleanup
[2025-12-22T15:36:28.064+0000][587.209s][info ][safepoint     ] Leaving safepoint region
[2025-12-22T15:36:28.064+0000][587.209s][info ][safepoint     ] Total time for which application threads were stopped: 0.0007231 seconds, Stopping threads took: 0.0001426 seconds
[2025-12-22T15:36:29.064+0000][588.209s][debug][safepoint     ] Safepoint synchronization initiated. (251 threads)
[2025-12-22T15:36:29.064+0000][588.209s][info ][safepoint     ] Application time: 1.0002381 seconds
[2025-12-22T15:36:29.064+0000][588.209s][debug][safepoint     ] ... found polling page return exception at pc = 0x00007fb9d47c27ac, stub =0x00007fb9cc824b00
[2025-12-22T15:36:29.064+0000][588.210s][debug][safepoint     ] Waiting for 2 thread(s) to block
[2025-12-22T15:36:29.064+0000][588.210s][info ][safepoint     ] Entering safepoint region: Cleanup
[2025-12-22T15:36:29.065+0000][588.210s][debug][safepoint     ] ... found polling page loop exception at pc = 0x00007fb9d4af8a30, stub =0x00007fb9cc826680
[2025-12-22T15:36:29.065+0000][588.210s][info ][safepoint     ] Leaving safepoint region
[2025-12-22T15:36:29.065+0000][588.210s][info ][safepoint     ] Total time for which application threads were stopped: 0.0008155 seconds, Stopping threads took: 0.0003263 seconds
[2025-12-22T15:36:30.065+0000][589.210s][debug][safepoint     ] Safepoint synchronization initiated. (251 threads)
[2025-12-22T15:36:30.065+0000][589.210s][info ][safepoint     ] Application time: 1.0001871 seconds
[2025-12-22T15:36:30.065+0000][589.210s][info ][safepoint     ] Entering safepoint region: Cleanup
[2025-12-22T15:36:30.066+0000][589.211s][info ][safepoint     ] Leaving safepoint region
[2025-12-22T15:36:30.066+0000][589.211s][info ][safepoint     ] Total time for which application threads were stopped: 0.0006188 seconds, Stopping threads took: 0.0001515 seconds
[2025-12-22T15:36:31.066+0000][590.211s][debug][safepoint     ] Safepoint synchronization initiated. (251 threads)
[2025-12-22T15:36:31.066+0000][590.211s][info ][safepoint     ] Application time: 1.0002111 seconds
[2025-12-22T15:36:31.066+0000][590.211s][info ][safepoint     ] Entering safepoint region: Cleanup
[2025-12-22T15:36:31.066+0000][590.212s][info ][safepoint     ] Leaving safepoint region
[2025-12-22T15:36:31.066+0000][590.212s][info ][safepoint     ] Total time for which application threads were stopped: 0.0006186 seconds, Stopping threads took: 0.0001600 seconds
[2025-12-22T15:36:32.067+0000][591.212s][debug][safepoint     ] Safepoint synchronization initiated. (251 threads)
[2025-12-22T15:36:32.067+0000][591.212s][info ][safepoint     ] Application time: 1.0002100 seconds
[2025-12-22T15:36:32.067+0000][591.212s][info ][safepoint     ] Entering safepoint region: Cleanup
[2025-12-22T15:36:32.067+0000][591.213s][info ][safepoint     ] Leaving safepoint region
[2025-12-22T15:36:32.067+0000][591.213s][info ][safepoint     ] Total time for which application threads were stopped: 0.0006243 seconds, Stopping threads took: 0.0002242 seconds
[2025-12-22T15:36:33.067+0000][592.213s][debug][safepoint     ] Safepoint synchronization initiated. (251 threads)
[2025-12-22T15:36:33.067+0000][592.213s][info ][safepoint     ] Application time: 1.0001896 seconds
[2025-12-22T15:36:33.068+0000][592.213s][info ][safepoint     ] Entering safepoint region: Cleanup
[2025-12-22T15:36:33.068+0000][592.214s][info ][safepoint     ] Leaving safepoint region
[2025-12-22T15:36:33.068+0000][592.214s][info ][safepoint     ] Total time for which application threads were stopped: 0.0007715 seconds, Stopping threads took: 0.0001742 seconds
[2025-12-22T15:36:33.068+0000][592.214s][debug][safepoint     ] ... found polling page return exception at pc = 0x00007fb9d4676756, stub =0x00007fb9cc824b00
[2025-12-22T15:36:33.068+0000][592.214s][debug][safepoint     ] ... found polling page return exception at pc = 0x00007fb9d4676756, stub =0x00007fb9cc824b00
[2025-12-22T15:36:34.068+0000][593.214s][debug][safepoint     ] Safepoint synchronization initiated. (251 threads)
[2025-12-22T15:36:34.069+0000][593.214s][info ][safepoint     ] Application time: 1.0002258 seconds
[2025-12-22T15:36:34.069+0000][593.214s][info ][safepoint     ] Entering safepoint region: Cleanup
[2025-12-22T15:36:34.069+0000][593.215s][info ][safepoint     ] Leaving safepoint region
[2025-12-22T15:36:34.069+0000][593.215s][info ][safepoint     ] Total time for which application threads were stopped: 0.0006506 seconds, Stopping threads took: 0.0001637 seconds
[2025-12-22T15:36:35.069+0000][594.215s][debug][safepoint     ] Safepoint synchronization initiated. (251 threads)
[2025-12-22T15:36:35.069+0000][594.215s][info ][safepoint     ] Application time: 1.0001861 seconds
[2025-12-22T15:36:35.070+0000][594.215s][info ][safepoint     ] Entering safepoint region: Cleanup
[2025-12-22T15:36:35.070+0000][594.216s][info ][safepoint     ] Leaving safepoint region
[2025-12-22T15:36:35.070+0000][594.216s][info ][safepoint     ] Total time for which application threads were stopped: 0.0007563 seconds, Stopping threads took: 0.0001722 seconds
[2025-12-22T15:36:36.070+0000][595.216s][debug][safepoint     ] Safepoint synchronization initiated. (251 threads)
[2025-12-22T15:36:36.070+0000][595.216s][info ][safepoint     ] Application time: 1.0001738 seconds
[2025-12-22T15:36:36.071+0000][595.216s][info ][safepoint     ] Entering safepoint region: Cleanup
[2025-12-22T15:36:36.071+0000][595.216s][info ][safepoint     ] Leaving safepoint region
[2025-12-22T15:36:36.071+0000][595.216s][info ][safepoint     ] Total time for which application threads were stopped: 0.0007105 seconds, Stopping threads took: 0.0001888 seconds
[2025-12-22T15:36:37.071+0000][596.217s][debug][safepoint     ] Safepoint synchronization initiated. (251 threads)
[2025-12-22T15:36:37.071+0000][596.217s][info ][safepoint     ] Application time: 1.0002336 seconds
[2025-12-22T15:36:37.071+0000][596.217s][debug][safepoint     ] ... found polling page return exception at pc = 0x00007fb9d4682543, stub =0x00007fb9cc824b00
[2025-12-22T15:36:37.072+0000][596.217s][debug][safepoint     ] Waiting for 1 thread(s) to block
[2025-12-22T15:36:37.072+0000][596.217s][info ][safepoint     ] Entering safepoint region: Cleanup
[2025-12-22T15:36:37.072+0000][596.218s][info ][safepoint     ] Leaving safepoint region
[2025-12-22T15:36:37.072+0000][596.218s][info ][safepoint     ] Total time for which application threads were stopped: 0.0008071 seconds, Stopping threads took: 0.0003766 seconds
[2025-12-22T15:36:37.219+0000][596.365s][debug][safepoint     ] Safepoint synchronization initiated. (251 threads)
[2025-12-22T15:36:37.219+0000][596.365s][info ][safepoint     ] Application time: 0.1470337 seconds
[2025-12-22T15:36:37.219+0000][596.365s][info ][safepoint     ] Entering safepoint region: G1CollectForAllocation
[2025-12-22T15:36:37.220+0000][596.365s][info ][gc,start      ] GC(102) Pause Young (Normal) (G1 Evacuation Pause)
[2025-12-22T15:36:37.220+0000][596.365s][info ][gc,task       ] GC(102) Using 4 workers of 4 for evacuation
[2025-12-22T15:36:37.229+0000][596.374s][info ][gc,phases     ] GC(102)   Pre Evacuate Collection Set: 0.0ms
[2025-12-22T15:36:37.229+0000][596.374s][info ][gc,phases     ] GC(102)   Evacuate Collection Set: 3.3ms
[2025-12-22T15:36:37.229+0000][596.374s][info ][gc,phases     ] GC(102)   Post Evacuate Collection Set: 5.1ms
[2025-12-22T15:36:37.229+0000][596.374s][info ][gc,phases     ] GC(102)   Other: 0.6ms
[2025-12-22T15:36:37.229+0000][596.374s][info ][gc,heap       ] GC(102) Eden regions: 175->0(175)
[2025-12-22T15:36:37.229+0000][596.374s][info ][gc,heap       ] GC(102) Survivor regions: 1->1(22)
[2025-12-22T15:36:37.229+0000][596.374s][info ][gc,heap       ] GC(102) Old regions: 174->174
[2025-12-22T15:36:37.229+0000][596.374s][info ][gc,heap       ] GC(102) Humongous regions: 0->0
[2025-12-22T15:36:37.229+0000][596.374s][info ][gc,metaspace  ] GC(102) Metaspace: 177404K(183324K)->177404K(183324K) NonClass: 156845K(160464K)->156845K(160464K) Class: 20558K(22860K)->20558K(22860K)
[2025-12-22T15:36:37.229+0000][596.374s][info ][gc            ] GC(102) Pause Young (Normal) (G1 Evacuation Pause) 348M->173M(393M) 9.138ms
[2025-12-22T15:36:37.229+0000][596.375s][info ][gc,cpu        ] GC(102) User=0.03s Sys=0.00s Real=0.01s
[2025-12-22T15:36:37.229+0000][596.375s][info ][safepoint     ] Leaving safepoint region
[2025-12-22T15:36:37.229+0000][596.375s][info ][safepoint     ] Total time for which application threads were stopped: 0.0099661 seconds, Stopping threads took: 0.0002294 seconds
[2025-12-22T15:36:37.229+0000][596.375s][info ][gc,stringdedup] Concurrent String Deduplication (596.375s)
[2025-12-22T15:36:37.229+0000][596.375s][info ][gc,stringdedup] Concurrent String Deduplication 0.0B->0.0B(0.0B) avg 54.5% (596.375s, 596.375s) 0.037ms
[2025-12-22T15:36:38.229+0000][597.375s][debug][safepoint     ] Safepoint synchronization initiated. (251 threads)
[2025-12-22T15:36:38.230+0000][597.375s][info ][safepoint     ] Application time: 1.0003263 seconds
[2025-12-22T15:36:38.230+0000][597.375s][info ][safepoint     ] Entering safepoint region: Cleanup
[2025-12-22T15:36:38.230+0000][597.376s][info ][safepoint     ] Leaving safepoint region
[2025-12-22T15:36:38.230+0000][597.376s][info ][safepoint     ] Total time for which application threads were stopped: 0.0008010 seconds, Stopping threads took: 0.0001968 seconds
[2025-12-22T15:36:39.231+0000][598.376s][debug][safepoint     ] Safepoint synchronization initiated. (251 threads)
[2025-12-22T15:36:39.231+0000][598.376s][info ][safepoint     ] Application time: 1.0002646 seconds
[2025-12-22T15:36:39.231+0000][598.376s][info ][safepoint     ] Entering safepoint region: Cleanup
[2025-12-22T15:36:39.231+0000][598.377s][info ][safepoint     ] Leaving safepoint region
[2025-12-22T15:36:39.231+0000][598.377s][info ][safepoint     ] Total time for which application threads were stopped: 0.0005200 seconds, Stopping threads took: 0.0001827 seconds
[2025-12-22T15:36:40.231+0000][599.377s][debug][safepoint     ] Safepoint synchronization initiated. (251 threads)
[2025-12-22T15:36:40.232+0000][599.377s][info ][safepoint     ] Application time: 1.0003113 seconds
[2025-12-22T15:36:40.232+0000][599.377s][debug][safepoint     ] ... found polling page return exception at pc = 0x00007fb9d43bff1f, stub =0x00007fb9cc824b00
[2025-12-22T15:36:40.232+0000][599.377s][debug][safepoint     ] Waiting for 2 thread(s) to block
[2025-12-22T15:36:40.232+0000][599.377s][info ][safepoint     ] Entering safepoint region: Cleanup
[2025-12-22T15:36:40.232+0000][599.377s][info ][safepoint     ] Leaving safepoint region
[2025-12-22T15:36:40.232+0000][599.377s][info ][safepoint     ] Total time for which application threads were stopped: 0.0004780 seconds, Stopping threads took: 0.0002172 seconds
[2025-12-22T15:36:41.232+0000][600.378s][debug][safepoint     ] Safepoint synchronization initiated. (251 threads)
[2025-12-22T15:36:41.232+0000][600.378s][info ][safepoint     ] Application time: 1.0003345 seconds
[2025-12-22T15:36:41.233+0000][600.378s][info ][safepoint     ] Entering safepoint region: Cleanup
[2025-12-22T15:36:41.233+0000][600.378s][info ][safepoint     ] Leaving safepoint region
[2025-12-22T15:36:41.233+0000][600.378s][info ][safepoint     ] Total time for which application threads were stopped: 0.0005692 seconds, Stopping threads took: 0.0001595 seconds
[2025-12-22T15:36:42.233+0000][601.379s][debug][safepoint     ] Safepoint synchronization initiated. (251 threads)
[2025-12-22T15:36:42.233+0000][601.379s][info ][safepoint     ] Application time: 1.0001813 seconds
[2025-12-22T15:36:42.233+0000][601.379s][info ][safepoint     ] Entering safepoint region: Cleanup
[2025-12-22T15:36:42.234+0000][601.379s][info ][safepoint     ] Leaving safepoint region
[2025-12-22T15:36:42.234+0000][601.379s][info ][safepoint     ] Total time for which application threads were stopped: 0.0004429 seconds, Stopping threads took: 0.0001166 seconds
[2025-12-22T15:36:43.234+0000][602.379s][debug][safepoint     ] Safepoint synchronization initiated. (249 threads)
[2025-12-22T15:36:43.234+0000][602.379s][info ][safepoint     ] Application time: 1.0001891 seconds
[2025-12-22T15:36:43.234+0000][602.379s][debug][safepoint     ] ... found polling page return exception at pc = 0x00007fb9d4a4371d, stub =0x00007fb9cc824b00
[2025-12-22T15:36:43.234+0000][602.379s][debug][safepoint     ] Waiting for 1 thread(s) to block
[2025-12-22T15:36:43.234+0000][602.380s][info ][safepoint     ] Entering safepoint region: Cleanup
[2025-12-22T15:36:43.235+0000][602.380s][info ][safepoint     ] Leaving safepoint region
[2025-12-22T15:36:43.235+0000][602.380s][info ][safepoint     ] Total time for which application threads were stopped: 0.0006475 seconds, Stopping threads took: 0.0002964 seconds
[2025-12-22T15:36:44.235+0000][603.380s][debug][safepoint     ] Safepoint synchronization initiated. (249 threads)
[2025-12-22T15:36:44.235+0000][603.380s][info ][safepoint     ] Application time: 1.0003325 seconds
[2025-12-22T15:36:44.235+0000][603.380s][info ][safepoint     ] Entering safepoint region: Cleanup
[2025-12-22T15:36:44.236+0000][603.381s][info ][safepoint     ] Leaving safepoint region
[2025-12-22T15:36:44.236+0000][603.381s][info ][safepoint     ] Total time for which application threads were stopped: 0.0009546 seconds, Stopping threads took: 0.0001871 seconds
[2025-12-22T15:36:45.236+0000][604.382s][debug][safepoint     ] Safepoint synchronization initiated. (249 threads)
[2025-12-22T15:36:45.236+0000][604.382s][info ][safepoint     ] Application time: 1.0002919 seconds
[2025-12-22T15:36:45.236+0000][604.382s][info ][safepoint     ] Entering safepoint region: Cleanup
[2025-12-22T15:36:45.237+0000][604.382s][info ][safepoint     ] Leaving safepoint region
[2025-12-22T15:36:45.237+0000][604.382s][info ][safepoint     ] Total time for which application threads were stopped: 0.0007407 seconds, Stopping threads took: 0.0001483 seconds
[2025-12-22T15:36:46.237+0000][605.383s][debug][safepoint     ] Safepoint synchronization initiated. (249 threads)
[2025-12-22T15:36:46.238+0000][605.383s][info ][safepoint     ] Application time: 1.0009260 seconds
[2025-12-22T15:36:46.238+0000][605.383s][info ][safepoint     ] Entering safepoint region: Cleanup
[2025-12-22T15:36:46.238+0000][605.384s][info ][safepoint     ] Leaving safepoint region
[2025-12-22T15:36:46.238+0000][605.384s][info ][safepoint     ] Total time for which application threads were stopped: 0.0004865 seconds, Stopping threads took: 0.0001470 seconds
[2025-12-22T15:36:47.239+0000][606.384s][debug][safepoint     ] Safepoint synchronization initiated. (249 threads)
[2025-12-22T15:36:47.239+0000][606.384s][info ][safepoint     ] Application time: 1.0002896 seconds
[2025-12-22T15:36:47.239+0000][606.384s][info ][safepoint     ] Entering safepoint region: Cleanup
[2025-12-22T15:36:47.239+0000][606.385s][info ][safepoint     ] Leaving safepoint region
[2025-12-22T15:36:47.240+0000][606.385s][info ][safepoint     ] Total time for which application threads were stopped: 0.0006601 seconds, Stopping threads took: 0.0001619 seconds
[2025-12-22T15:36:48.240+0000][607.385s][debug][safepoint     ] Safepoint synchronization initiated. (249 threads)
[2025-12-22T15:36:48.240+0000][607.385s][info ][safepoint     ] Application time: 1.0003961 seconds
[2025-12-22T15:36:48.240+0000][607.386s][info ][safepoint     ] Entering safepoint region: Cleanup
[2025-12-22T15:36:48.241+0000][607.386s][info ][safepoint     ] Leaving safepoint region
[2025-12-22T15:36:48.241+0000][607.386s][info ][safepoint     ] Total time for which application threads were stopped: 0.0006763 seconds, Stopping threads took: 0.0001662 seconds
[2025-12-22T15:36:49.241+0000][608.386s][debug][safepoint     ] Safepoint synchronization initiated. (249 threads)
[2025-12-22T15:36:49.241+0000][608.386s][info ][safepoint     ] Application time: 1.0002600 seconds
[2025-12-22T15:36:49.241+0000][608.387s][info ][safepoint     ] Entering safepoint region: Cleanup
[2025-12-22T15:36:49.242+0000][608.387s][info ][safepoint     ] Leaving safepoint region
[2025-12-22T15:36:49.242+0000][608.387s][info ][safepoint     ] Total time for which application threads were stopped: 0.0007354 seconds, Stopping threads took: 0.0001880 seconds
[2025-12-22T15:36:49.242+0000][608.387s][debug][safepoint     ] ... found polling page return exception at pc = 0x00007fb9d4676756, stub =0x00007fb9cc824b00
[2025-12-22T15:36:50.242+0000][609.387s][debug][safepoint     ] Safepoint synchronization initiated. (249 threads)
[2025-12-22T15:36:50.242+0000][609.387s][info ][safepoint     ] Application time: 1.0002483 seconds
[2025-12-22T15:36:50.242+0000][609.388s][info ][safepoint     ] Entering safepoint region: Cleanup
[2025-12-22T15:36:50.243+0000][609.388s][info ][safepoint     ] Leaving safepoint region
[2025-12-22T15:36:50.243+0000][609.388s][info ][safepoint     ] Total time for which application threads were stopped: 0.0005457 seconds, Stopping threads took: 0.0001375 seconds
[2025-12-22T15:36:51.243+0000][610.388s][debug][safepoint     ] Safepoint synchronization initiated. (249 threads)
[2025-12-22T15:36:51.243+0000][610.388s][info ][safepoint     ] Application time: 1.0003293 seconds
[2025-12-22T15:36:51.243+0000][610.388s][info ][safepoint     ] Entering safepoint region: Cleanup
[2025-12-22T15:36:51.244+0000][610.389s][info ][safepoint     ] Leaving safepoint region
[2025-12-22T15:36:51.244+0000][610.389s][info ][safepoint     ] Total time for which application threads were stopped: 0.0007186 seconds, Stopping threads took: 0.0001888 seconds
[2025-12-22T15:36:52.244+0000][611.389s][debug][safepoint     ] Safepoint synchronization initiated. (251 threads)
[2025-12-22T15:36:52.244+0000][611.389s][info ][safepoint     ] Application time: 1.0002640 seconds
[2025-12-22T15:36:52.244+0000][611.390s][info ][safepoint     ] Entering safepoint region: Cleanup
[2025-12-22T15:36:52.245+0000][611.390s][info ][safepoint     ] Leaving safepoint region
[2025-12-22T15:36:52.245+0000][611.390s][info ][safepoint     ] Total time for which application threads were stopped: 0.0007613 seconds, Stopping threads took: 0.0002228 seconds
[2025-12-22T15:36:53.245+0000][612.390s][debug][safepoint     ] Safepoint synchronization initiated. (251 threads)
[2025-12-22T15:36:53.245+0000][612.390s][info ][safepoint     ] Application time: 1.0003053 seconds
[2025-12-22T15:36:53.245+0000][612.391s][info ][safepoint     ] Entering safepoint region: Cleanup
[2025-12-22T15:36:53.246+0000][612.391s][info ][safepoint     ] Leaving safepoint region
[2025-12-22T15:36:53.246+0000][612.391s][info ][safepoint     ] Total time for which application threads were stopped: 0.0006481 seconds, Stopping threads took: 0.0001538 seconds
[2025-12-22T15:36:54.246+0000][613.391s][debug][safepoint     ] Safepoint synchronization initiated. (251 threads)
[2025-12-22T15:36:54.246+0000][613.391s][info ][safepoint     ] Application time: 1.0001665 seconds
[2025-12-22T15:36:54.246+0000][613.391s][info ][safepoint     ] Entering safepoint region: Cleanup
[2025-12-22T15:36:54.246+0000][613.392s][info ][safepoint     ] Leaving safepoint region
[2025-12-22T15:36:54.246+0000][613.392s][info ][safepoint     ] Total time for which application threads were stopped: 0.0004544 seconds, Stopping threads took: 0.0001549 seconds
[2025-12-22T15:36:55.247+0000][614.392s][debug][safepoint     ] Safepoint synchronization initiated. (251 threads)
[2025-12-22T15:36:55.247+0000][614.393s][info ][safepoint     ] Application time: 1.0007252 seconds
[2025-12-22T15:36:55.247+0000][614.393s][info ][safepoint     ] Entering safepoint region: Cleanup
[2025-12-22T15:36:55.248+0000][614.393s][info ][safepoint     ] Leaving safepoint region
[2025-12-22T15:36:55.248+0000][614.393s][info ][safepoint     ] Total time for which application threads were stopped: 0.0008490 seconds, Stopping threads took: 0.0002932 seconds
[2025-12-22T15:36:56.248+0000][615.394s][debug][safepoint     ] Safepoint synchronization initiated. (251 threads)
[2025-12-22T15:36:56.248+0000][615.394s][info ][safepoint     ] Application time: 1.0002376 seconds
[2025-12-22T15:36:56.248+0000][615.394s][info ][safepoint     ] Entering safepoint region: Cleanup
[2025-12-22T15:36:56.249+0000][615.394s][info ][safepoint     ] Leaving safepoint region
[2025-12-22T15:36:56.249+0000][615.394s][info ][safepoint     ] Total time for which application threads were stopped: 0.0005756 seconds, Stopping threads took: 0.0001652 seconds
[2025-12-22T15:36:57.249+0000][616.394s][debug][safepoint     ] Safepoint synchronization initiated. (251 threads)
[2025-12-22T15:36:57.249+0000][616.395s][info ][safepoint     ] Application time: 1.0002241 seconds
[2025-12-22T15:36:57.249+0000][616.395s][info ][safepoint     ] Entering safepoint region: Cleanup
[2025-12-22T15:36:57.250+0000][616.395s][info ][safepoint     ] Leaving safepoint region
[2025-12-22T15:36:57.250+0000][616.395s][info ][safepoint     ] Total time for which application threads were stopped: 0.0004539 seconds, Stopping threads took: 0.0001373 seconds
[2025-12-22T15:36:58.250+0000][617.395s][debug][safepoint     ] Safepoint synchronization initiated. (251 threads)
[2025-12-22T15:36:58.250+0000][617.395s][info ][safepoint     ] Application time: 1.0003163 seconds
[2025-12-22T15:36:58.250+0000][617.396s][info ][safepoint     ] Entering safepoint region: Cleanup
[2025-12-22T15:36:58.251+0000][617.396s][info ][safepoint     ] Leaving safepoint region
[2025-12-22T15:36:58.251+0000][617.396s][info ][safepoint     ] Total time for which application threads were stopped: 0.0007228 seconds, Stopping threads took: 0.0002018 seconds
[2025-12-22T15:36:59.251+0000][618.396s][debug][safepoint     ] Safepoint synchronization initiated. (251 threads)
[2025-12-22T15:36:59.251+0000][618.396s][info ][safepoint     ] Application time: 1.0002750 seconds
[2025-12-22T15:36:59.251+0000][618.397s][info ][safepoint     ] Entering safepoint region: Cleanup
[2025-12-22T15:36:59.252+0000][618.397s][info ][safepoint     ] Leaving safepoint region
[2025-12-22T15:36:59.252+0000][618.397s][info ][safepoint     ] Total time for which application threads were stopped: 0.0006378 seconds, Stopping threads took: 0.0001991 seconds
[2025-12-22T15:37:00.252+0000][619.397s][debug][safepoint     ] Safepoint synchronization initiated. (251 threads)
[2025-12-22T15:37:00.252+0000][619.397s][info ][safepoint     ] Application time: 1.0002437 seconds
[2025-12-22T15:37:00.252+0000][619.398s][info ][safepoint     ] Entering safepoint region: Cleanup
[2025-12-22T15:37:00.253+0000][619.398s][info ][safepoint     ] Leaving safepoint region
[2025-12-22T15:37:00.253+0000][619.398s][info ][safepoint     ] Total time for which application threads were stopped: 0.0005384 seconds, Stopping threads took: 0.0001309 seconds
[2025-12-22T15:37:01.253+0000][620.398s][debug][safepoint     ] Safepoint synchronization initiated. (251 threads)
[2025-12-22T15:37:01.253+0000][620.398s][info ][safepoint     ] Application time: 1.0001940 seconds
[2025-12-22T15:37:01.253+0000][620.398s][info ][safepoint     ] Entering safepoint region: Cleanup
[2025-12-22T15:37:01.254+0000][620.399s][info ][safepoint     ] Leaving safepoint region
[2025-12-22T15:37:01.254+0000][620.399s][info ][safepoint     ] Total time for which application threads were stopped: 0.0008884 seconds, Stopping threads took: 0.0001584 seconds
[2025-12-22T15:37:02.254+0000][621.399s][debug][safepoint     ] Safepoint synchronization initiated. (251 threads)
[2025-12-22T15:37:02.254+0000][621.399s][info ][safepoint     ] Application time: 1.0002044 seconds
[2025-12-22T15:37:02.254+0000][621.399s][info ][safepoint     ] Entering safepoint region: Cleanup
[2025-12-22T15:37:02.255+0000][621.400s][info ][safepoint     ] Leaving safepoint region
[2025-12-22T15:37:02.255+0000][621.400s][info ][safepoint     ] Total time for which application threads were stopped: 0.0007765 seconds, Stopping threads took: 0.0001697 seconds
[2025-12-22T15:37:03.255+0000][622.400s][debug][safepoint     ] Safepoint synchronization initiated. (251 threads)
[2025-12-22T15:37:03.255+0000][622.400s][info ][safepoint     ] Application time: 1.0002004 seconds
[2025-12-22T15:37:03.255+0000][622.400s][info ][safepoint     ] Entering safepoint region: Cleanup
[2025-12-22T15:37:03.256+0000][622.401s][info ][safepoint     ] Leaving safepoint region
[2025-12-22T15:37:03.256+0000][622.401s][info ][safepoint     ] Total time for which application threads were stopped: 0.0007155 seconds, Stopping threads took: 0.0001564 seconds
[2025-12-22T15:37:04.256+0000][623.401s][debug][safepoint     ] Safepoint synchronization initiated. (251 threads)
[2025-12-22T15:37:04.256+0000][623.401s][info ][safepoint     ] Application time: 1.0002835 seconds
[2025-12-22T15:37:04.256+0000][623.401s][info ][safepoint     ] Entering safepoint region: Cleanup
[2025-12-22T15:37:04.256+0000][623.402s][info ][safepoint     ] Leaving safepoint region
[2025-12-22T15:37:04.256+0000][623.402s][info ][safepoint     ] Total time for which application threads were stopped: 0.0004226 seconds, Stopping threads took: 0.0001218 seconds
[2025-12-22T15:37:04.936+0000][624.081s][debug][safepoint     ] Safepoint synchronization initiated. (251 threads)
[2025-12-22T15:37:04.936+0000][624.081s][info ][safepoint     ] Application time: 0.6791736 seconds
[2025-12-22T15:37:04.936+0000][624.081s][info ][safepoint     ] Entering safepoint region: G1CollectForAllocation
[2025-12-22T15:37:04.936+0000][624.082s][info ][gc,start      ] GC(103) Pause Young (Normal) (G1 Evacuation Pause)
[2025-12-22T15:37:04.936+0000][624.082s][info ][gc,task       ] GC(103) Using 4 workers of 4 for evacuation
[2025-12-22T15:37:04.944+0000][624.090s][info ][gc,phases     ] GC(103)   Pre Evacuate Collection Set: 0.0ms
[2025-12-22T15:37:04.944+0000][624.090s][info ][gc,phases     ] GC(103)   Evacuate Collection Set: 3.1ms
[2025-12-22T15:37:04.944+0000][624.090s][info ][gc,phases     ] GC(103)   Post Evacuate Collection Set: 4.6ms
[2025-12-22T15:37:04.944+0000][624.090s][info ][gc,phases     ] GC(103)   Other: 0.6ms
[2025-12-22T15:37:04.944+0000][624.090s][info ][gc,heap       ] GC(103) Eden regions: 175->0(174)
[2025-12-22T15:37:04.945+0000][624.090s][info ][gc,heap       ] GC(103) Survivor regions: 1->1(22)
[2025-12-22T15:37:04.945+0000][624.090s][info ][gc,heap       ] GC(103) Old regions: 174->175
[2025-12-22T15:37:04.945+0000][624.090s][info ][gc,heap       ] GC(103) Humongous regions: 0->0
[2025-12-22T15:37:04.945+0000][624.090s][info ][gc,metaspace  ] GC(103) Metaspace: 177435K(183324K)->177435K(183324K) NonClass: 156877K(160464K)->156877K(160464K) Class: 20558K(22860K)->20558K(22860K)
[2025-12-22T15:37:04.945+0000][624.090s][info ][gc            ] GC(103) Pause Young (Normal) (G1 Evacuation Pause) 348M->173M(393M) 8.494ms
[2025-12-22T15:37:04.945+0000][624.090s][info ][gc,cpu        ] GC(103) User=0.03s Sys=0.00s Real=0.01s
[2025-12-22T15:37:04.945+0000][624.090s][info ][safepoint     ] Leaving safepoint region
[2025-12-22T15:37:04.945+0000][624.090s][info ][safepoint     ] Total time for which application threads were stopped: 0.0092034 seconds, Stopping threads took: 0.0001433 seconds
[2025-12-22T15:37:04.945+0000][624.090s][info ][gc,stringdedup] Concurrent String Deduplication (624.090s)
[2025-12-22T15:37:04.945+0000][624.090s][info ][gc,stringdedup] Concurrent String Deduplication 152.0B->80.0B(72.0B) avg 54.5% (624.090s, 624.090s) 0.040ms
[2025-12-22T15:37:05.945+0000][625.090s][debug][safepoint     ] Safepoint synchronization initiated. (251 threads)
[2025-12-22T15:37:05.945+0000][625.090s][info ][safepoint     ] Application time: 1.0002570 seconds
[2025-12-22T15:37:05.945+0000][625.091s][info ][safepoint     ] Entering safepoint region: Cleanup
[2025-12-22T15:37:05.946+0000][625.091s][info ][safepoint     ] Leaving safepoint region
[2025-12-22T15:37:05.946+0000][625.091s][info ][safepoint     ] Total time for which application threads were stopped: 0.0006176 seconds, Stopping threads took: 0.0001824 seconds
[2025-12-22T15:37:06.946+0000][626.091s][debug][safepoint     ] Safepoint synchronization initiated. (251 threads)
[2025-12-22T15:37:06.946+0000][626.091s][info ][safepoint     ] Application time: 1.0003092 seconds
[2025-12-22T15:37:06.946+0000][626.092s][debug][safepoint     ] ... found polling page return exception at pc = 0x00007fb9d449ca03, stub =0x00007fb9cc824b00
[2025-12-22T15:37:06.946+0000][626.092s][debug][safepoint     ] Waiting for 1 thread(s) to block
[2025-12-22T15:37:06.946+0000][626.092s][info ][safepoint     ] Entering safepoint region: Cleanup
[2025-12-22T15:37:06.947+0000][626.092s][info ][safepoint     ] Leaving safepoint region
[2025-12-22T15:37:06.947+0000][626.092s][info ][safepoint     ] Total time for which application threads were stopped: 0.0009262 seconds, Stopping threads took: 0.0003080 seconds
[2025-12-22T15:37:07.947+0000][627.093s][debug][safepoint     ] Safepoint synchronization initiated. (251 threads)
[2025-12-22T15:37:07.947+0000][627.093s][info ][safepoint     ] Application time: 1.0002109 seconds
[2025-12-22T15:37:07.947+0000][627.093s][info ][safepoint     ] Entering safepoint region: Cleanup
[2025-12-22T15:37:07.948+0000][627.093s][info ][safepoint     ] Leaving safepoint region
[2025-12-22T15:37:07.948+0000][627.093s][info ][safepoint     ] Total time for which application threads were stopped: 0.0006089 seconds, Stopping threads took: 0.0001323 seconds
[2025-12-22T15:37:08.948+0000][628.093s][debug][safepoint     ] Safepoint synchronization initiated. (251 threads)
[2025-12-22T15:37:08.948+0000][628.094s][info ][safepoint     ] Application time: 1.0002682 seconds
[2025-12-22T15:37:08.948+0000][628.094s][info ][safepoint     ] Entering safepoint region: Cleanup
[2025-12-22T15:37:08.949+0000][628.094s][info ][safepoint     ] Leaving safepoint region
[2025-12-22T15:37:08.949+0000][628.094s][info ][safepoint     ] Total time for which application threads were stopped: 0.0006656 seconds, Stopping threads took: 0.0002206 seconds
[2025-12-22T15:37:08.949+0000][628.094s][debug][safepoint     ] ... found polling page return exception at pc = 0x00007fb9d4676756, stub =0x00007fb9cc824b00
[2025-12-22T15:37:08.949+0000][628.094s][debug][safepoint     ] ... found polling page return exception at pc = 0x00007fb9d4676756, stub =0x00007fb9cc824b00
[2025-12-22T15:37:09.949+0000][629.094s][debug][safepoint     ] Safepoint synchronization initiated. (251 threads)
[2025-12-22T15:37:09.949+0000][629.094s][info ][safepoint     ] Application time: 1.0002052 seconds
[2025-12-22T15:37:09.949+0000][629.095s][info ][safepoint     ] Entering safepoint region: Cleanup
[2025-12-22T15:37:09.950+0000][629.095s][info ][safepoint     ] Leaving safepoint region
[2025-12-22T15:37:09.950+0000][629.095s][info ][safepoint     ] Total time for which application threads were stopped: 0.0006293 seconds, Stopping threads took: 0.0001482 seconds
[2025-12-22T15:37:10.950+0000][630.095s][debug][safepoint     ] Safepoint synchronization initiated. (251 threads)
[2025-12-22T15:37:10.950+0000][630.095s][info ][safepoint     ] Application time: 1.0002873 seconds
[2025-12-22T15:37:10.950+0000][630.096s][info ][safepoint     ] Entering safepoint region: Cleanup
[2025-12-22T15:37:10.951+0000][630.096s][info ][safepoint     ] Leaving safepoint region
[2025-12-22T15:37:10.951+0000][630.096s][info ][safepoint     ] Total time for which application threads were stopped: 0.0007228 seconds, Stopping threads took: 0.0001673 seconds
[2025-12-22T15:37:11.951+0000][631.096s][debug][safepoint     ] Safepoint synchronization initiated. (251 threads)
[2025-12-22T15:37:11.951+0000][631.097s][info ][safepoint     ] Application time: 1.0003029 seconds
[2025-12-22T15:37:11.951+0000][631.097s][info ][safepoint     ] Entering safepoint region: Cleanup
[2025-12-22T15:37:11.952+0000][631.097s][info ][safepoint     ] Leaving safepoint region
[2025-12-22T15:37:11.952+0000][631.097s][info ][safepoint     ] Total time for which application threads were stopped: 0.0007165 seconds, Stopping threads took: 0.0001658 seconds
[2025-12-22T15:37:12.952+0000][632.097s][debug][safepoint     ] Safepoint synchronization initiated. (251 threads)
[2025-12-22T15:37:12.952+0000][632.098s][info ][safepoint     ] Application time: 1.0002311 seconds
[2025-12-22T15:37:12.952+0000][632.098s][info ][safepoint     ] Entering safepoint region: Cleanup
[2025-12-22T15:37:12.953+0000][632.098s][info ][safepoint     ] Leaving safepoint region
[2025-12-22T15:37:12.953+0000][632.098s][info ][safepoint     ] Total time for which application threads were stopped: 0.0007130 seconds, Stopping threads took: 0.0001852 seconds
[2025-12-22T15:37:13.953+0000][633.098s][debug][safepoint     ] Safepoint synchronization initiated. (254 threads)
[2025-12-22T15:37:13.953+0000][633.098s][info ][safepoint     ] Application time: 1.0002175 seconds
[2025-12-22T15:37:13.953+0000][633.099s][info ][safepoint     ] Entering safepoint region: Cleanup
[2025-12-22T15:37:13.954+0000][633.099s][info ][safepoint     ] Leaving safepoint region
[2025-12-22T15:37:13.954+0000][633.099s][info ][safepoint     ] Total time for which application threads were stopped: 0.0007559 seconds, Stopping threads took: 0.0001492 seconds
[2025-12-22T15:37:14.954+0000][634.099s][debug][safepoint     ] Safepoint synchronization initiated. (254 threads)
[2025-12-22T15:37:14.954+0000][634.099s][info ][safepoint     ] Application time: 1.0001523 seconds
[2025-12-22T15:37:14.954+0000][634.100s][info ][safepoint     ] Entering safepoint region: Cleanup
[2025-12-22T15:37:14.955+0000][634.100s][info ][safepoint     ] Leaving safepoint region
[2025-12-22T15:37:14.955+0000][634.100s][info ][safepoint     ] Total time for which application threads were stopped: 0.0007579 seconds, Stopping threads took: 0.0001228 seconds
[2025-12-22T15:37:15.924+0000][635.070s][debug][safepoint     ] Safepoint synchronization initiated. (254 threads)
[2025-12-22T15:37:15.924+0000][635.070s][info ][safepoint     ] Application time: 0.9695483 seconds
[2025-12-22T15:37:15.925+0000][635.070s][info ][safepoint     ] Entering safepoint region: Deoptimize
[2025-12-22T15:37:15.928+0000][635.074s][info ][safepoint     ] Leaving safepoint region
[2025-12-22T15:37:15.928+0000][635.074s][info ][safepoint     ] Total time for which application threads were stopped: 0.0038262 seconds, Stopping threads took: 0.0001353 seconds
[2025-12-22T15:37:15.972+0000][635.117s][debug][safepoint     ] Safepoint synchronization initiated. (254 threads)
[2025-12-22T15:37:15.972+0000][635.117s][info ][safepoint     ] Application time: 0.0437555 seconds
[2025-12-22T15:37:15.972+0000][635.118s][info ][safepoint     ] Entering safepoint region: Deoptimize
[2025-12-22T15:37:15.976+0000][635.122s][info ][safepoint     ] Leaving safepoint region
[2025-12-22T15:37:15.976+0000][635.122s][info ][safepoint     ] Total time for which application threads were stopped: 0.0042148 seconds, Stopping threads took: 0.0001127 seconds
[2025-12-22T15:37:15.978+0000][635.123s][debug][safepoint     ] Safepoint synchronization initiated. (254 threads)
[2025-12-22T15:37:15.978+0000][635.123s][info ][safepoint     ] Application time: 0.0015539 seconds
[2025-12-22T15:37:15.978+0000][635.123s][info ][safepoint     ] Entering safepoint region: Deoptimize
[2025-12-22T15:37:15.979+0000][635.125s][info ][safepoint     ] Leaving safepoint region
[2025-12-22T15:37:15.979+0000][635.125s][info ][safepoint     ] Total time for which application threads were stopped: 0.0014075 seconds, Stopping threads took: 0.0000613 seconds
[2025-12-22T15:37:15.979+0000][635.125s][debug][safepoint     ] ... found polling page return exception at pc = 0x00007fb9d4676756, stub =0x00007fb9cc824b00
[2025-12-22T15:37:15.985+0000][635.131s][debug][safepoint     ] Safepoint synchronization initiated. (254 threads)
[2025-12-22T15:37:15.985+0000][635.131s][info ][safepoint     ] Application time: 0.0060460 seconds
[2025-12-22T15:37:15.985+0000][635.131s][info ][safepoint     ] Entering safepoint region: Deoptimize
[2025-12-22T15:37:15.989+0000][635.135s][info ][safepoint     ] Leaving safepoint region
[2025-12-22T15:37:15.989+0000][635.135s][info ][safepoint     ] Total time for which application threads were stopped: 0.0038466 seconds, Stopping threads took: 0.0000575 seconds
[2025-12-22T15:37:16.094+0000][635.239s][debug][safepoint     ] Safepoint synchronization initiated. (254 threads)
[2025-12-22T15:37:16.094+0000][635.239s][info ][safepoint     ] Application time: 0.1048726 seconds
[2025-12-22T15:37:16.094+0000][635.240s][info ][safepoint     ] Entering safepoint region: Deoptimize
[2025-12-22T15:37:16.098+0000][635.243s][info ][safepoint     ] Leaving safepoint region
[2025-12-22T15:37:16.098+0000][635.244s][info ][safepoint     ] Total time for which application threads were stopped: 0.0040768 seconds, Stopping threads took: 0.0001404 seconds
[2025-12-22T15:37:16.107+0000][635.252s][debug][safepoint     ] Safepoint synchronization initiated. (254 threads)
[2025-12-22T15:37:16.107+0000][635.252s][info ][safepoint     ] Application time: 0.0085300 seconds
[2025-12-22T15:37:16.107+0000][635.252s][info ][safepoint     ] Entering safepoint region: Deoptimize
[2025-12-22T15:37:16.110+0000][635.255s][info ][safepoint     ] Leaving safepoint region
[2025-12-22T15:37:16.110+0000][635.255s][info ][safepoint     ] Total time for which application threads were stopped: 0.0031140 seconds, Stopping threads took: 0.0001304 seconds
[2025-12-22T15:37:16.133+0000][635.279s][debug][safepoint     ] Safepoint synchronization initiated. (254 threads)
[2025-12-22T15:37:16.133+0000][635.279s][info ][safepoint     ] Application time: 0.0235556 seconds
[2025-12-22T15:37:16.133+0000][635.279s][info ][safepoint     ] Entering safepoint region: Deoptimize
[2025-12-22T15:37:16.136+0000][635.282s][info ][safepoint     ] Leaving safepoint region
[2025-12-22T15:37:16.136+0000][635.282s][info ][safepoint     ] Total time for which application threads were stopped: 0.0031004 seconds, Stopping threads took: 0.0000951 seconds
[2025-12-22T15:37:17.137+0000][636.282s][debug][safepoint     ] Safepoint synchronization initiated. (254 threads)
[2025-12-22T15:37:17.137+0000][636.282s][info ][safepoint     ] Application time: 1.0002483 seconds
[2025-12-22T15:37:17.137+0000][636.282s][info ][safepoint     ] Entering safepoint region: Cleanup
[2025-12-22T15:37:17.138+0000][636.283s][info ][safepoint     ] Leaving safepoint region
[2025-12-22T15:37:17.138+0000][636.283s][info ][safepoint     ] Total time for which application threads were stopped: 0.0008947 seconds, Stopping threads took: 0.0001857 seconds
[2025-12-22T15:37:18.138+0000][637.283s][debug][safepoint     ] Safepoint synchronization initiated. (302 threads)
[2025-12-22T15:37:18.138+0000][637.283s][info ][safepoint     ] Application time: 1.0002367 seconds
[2025-12-22T15:37:18.138+0000][637.284s][info ][safepoint     ] Entering safepoint region: Cleanup
[2025-12-22T15:37:18.139+0000][637.284s][info ][safepoint     ] Leaving safepoint region
[2025-12-22T15:37:18.139+0000][637.284s][info ][safepoint     ] Total time for which application threads were stopped: 0.0010235 seconds, Stopping threads took: 0.0002020 seconds
[2025-12-22T15:37:19.139+0000][638.284s][debug][safepoint     ] Safepoint synchronization initiated. (302 threads)
[2025-12-22T15:37:19.139+0000][638.285s][info ][safepoint     ] Application time: 1.0001436 seconds
[2025-12-22T15:37:19.139+0000][638.285s][info ][safepoint     ] Entering safepoint region: Cleanup
[2025-12-22T15:37:19.140+0000][638.285s][info ][safepoint     ] Leaving safepoint region
[2025-12-22T15:37:19.140+0000][638.285s][info ][safepoint     ] Total time for which application threads were stopped: 0.0004772 seconds, Stopping threads took: 0.0001330 seconds
[2025-12-22T15:37:20.140+0000][639.285s][debug][safepoint     ] Safepoint synchronization initiated. (302 threads)
[2025-12-22T15:37:20.140+0000][639.285s][info ][safepoint     ] Application time: 1.0001921 seconds
[2025-12-22T15:37:20.140+0000][639.285s][info ][safepoint     ] Entering safepoint region: Cleanup
[2025-12-22T15:37:20.140+0000][639.286s][info ][safepoint     ] Leaving safepoint region
[2025-12-22T15:37:20.141+0000][639.286s][info ][safepoint     ] Total time for which application threads were stopped: 0.0006806 seconds, Stopping threads took: 0.0001778 seconds
[2025-12-22T15:37:20.141+0000][639.286s][debug][safepoint     ] Safepoint synchronization initiated. (302 threads)
[2025-12-22T15:37:20.141+0000][639.286s][info ][safepoint     ] Application time: 0.0005213 seconds
[2025-12-22T15:37:20.141+0000][639.287s][info ][safepoint     ] Entering safepoint region: G1CollectForAllocation
[2025-12-22T15:37:20.142+0000][639.287s][info ][gc,start      ] GC(104) Pause Young (Normal) (G1 Evacuation Pause)
[2025-12-22T15:37:20.142+0000][639.287s][info ][gc,task       ] GC(104) Using 4 workers of 4 for evacuation
[2025-12-22T15:37:20.155+0000][639.300s][info ][gc,phases     ] GC(104)   Pre Evacuate Collection Set: 0.0ms
[2025-12-22T15:37:20.155+0000][639.300s][info ][gc,phases     ] GC(104)   Evacuate Collection Set: 7.6ms
[2025-12-22T15:37:20.155+0000][639.300s][info ][gc,phases     ] GC(104)   Post Evacuate Collection Set: 5.1ms
[2025-12-22T15:37:20.155+0000][639.301s][info ][gc,phases     ] GC(104)   Other: 0.6ms
[2025-12-22T15:37:20.155+0000][639.301s][info ][gc,heap       ] GC(104) Eden regions: 174->0(169)
[2025-12-22T15:37:20.155+0000][639.301s][info ][gc,heap       ] GC(104) Survivor regions: 1->4(22)
[2025-12-22T15:37:20.155+0000][639.301s][info ][gc,heap       ] GC(104) Old regions: 175->175
[2025-12-22T15:37:20.155+0000][639.301s][info ][gc,heap       ] GC(104) Humongous regions: 0->0
[2025-12-22T15:37:20.155+0000][639.301s][info ][gc,metaspace  ] GC(104) Metaspace: 180640K(186652K)->180640K(186652K) NonClass: 159716K(163280K)->159716K(163280K) Class: 20923K(23372K)->20923K(23372K)
[2025-12-22T15:37:20.155+0000][639.301s][info ][gc            ] GC(104) Pause Young (Normal) (G1 Evacuation Pause) 347M->176M(393M) 13.481ms
[2025-12-22T15:37:20.155+0000][639.301s][info ][gc,cpu        ] GC(104) User=0.05s Sys=0.00s Real=0.02s
[2025-12-22T15:37:20.155+0000][639.301s][info ][safepoint     ] Leaving safepoint region
[2025-12-22T15:37:20.155+0000][639.301s][info ][safepoint     ] Total time for which application threads were stopped: 0.0143330 seconds, Stopping threads took: 0.0001164 seconds
[2025-12-22T15:37:20.156+0000][639.301s][info ][gc,stringdedup] Concurrent String Deduplication (639.301s)
[2025-12-22T15:37:20.156+0000][639.301s][info ][gc,stringdedup] Concurrent String Deduplication 1608.0B->184.0B(1424.0B) avg 54.5% (639.301s, 639.301s) 0.055ms
[2025-12-22T15:37:21.156+0000][640.301s][debug][safepoint     ] Safepoint synchronization initiated. (302 threads)
[2025-12-22T15:37:21.156+0000][640.301s][info ][safepoint     ] Application time: 1.0003617 seconds
[2025-12-22T15:37:21.156+0000][640.301s][info ][safepoint     ] Entering safepoint region: Cleanup
[2025-12-22T15:37:21.157+0000][640.302s][info ][safepoint     ] Leaving safepoint region
[2025-12-22T15:37:21.157+0000][640.302s][info ][safepoint     ] Total time for which application threads were stopped: 0.0007355 seconds, Stopping threads took: 0.0002228 seconds
[2025-12-22T15:37:22.157+0000][641.302s][debug][safepoint     ] Safepoint synchronization initiated. (309 threads)
[2025-12-22T15:37:22.157+0000][641.302s][info ][safepoint     ] Application time: 1.0001697 seconds
[2025-12-22T15:37:22.157+0000][641.302s][info ][safepoint     ] Entering safepoint region: Cleanup
[2025-12-22T15:37:22.157+0000][641.303s][info ][safepoint     ] Leaving safepoint region
[2025-12-22T15:37:22.157+0000][641.303s][info ][safepoint     ] Total time for which application threads were stopped: 0.0006615 seconds, Stopping threads took: 0.0002015 seconds
[2025-12-22T15:37:22.157+0000][641.303s][debug][safepoint     ] ... found polling page return exception at pc = 0x00007fb9d4676756, stub =0x00007fb9cc824b00
[2025-12-22T15:37:22.157+0000][641.303s][debug][safepoint     ] ... found polling page return exception at pc = 0x00007fb9d4676756, stub =0x00007fb9cc824b00
[2025-12-22T15:37:23.158+0000][642.303s][debug][safepoint     ] Safepoint synchronization initiated. (309 threads)
[2025-12-22T15:37:23.158+0000][642.303s][info ][safepoint     ] Application time: 1.0002392 seconds
[2025-12-22T15:37:23.158+0000][642.303s][info ][safepoint     ] Entering safepoint region: Cleanup
[2025-12-22T15:37:23.158+0000][642.304s][info ][safepoint     ] Leaving safepoint region
[2025-12-22T15:37:23.158+0000][642.304s][info ][safepoint     ] Total time for which application threads were stopped: 0.0006383 seconds, Stopping threads took: 0.0001898 seconds
[2025-12-22T15:37:24.159+0000][643.304s][debug][safepoint     ] Safepoint synchronization initiated. (309 threads)
[2025-12-22T15:37:24.159+0000][643.304s][info ][safepoint     ] Application time: 1.0003170 seconds
[2025-12-22T15:37:24.159+0000][643.304s][info ][safepoint     ] Entering safepoint region: Cleanup
[2025-12-22T15:37:24.160+0000][643.305s][info ][safepoint     ] Leaving safepoint region
[2025-12-22T15:37:24.160+0000][643.305s][info ][safepoint     ] Total time for which application threads were stopped: 0.0010838 seconds, Stopping threads took: 0.0003982 seconds
[2025-12-22T15:37:25.160+0000][644.305s][debug][safepoint     ] Safepoint synchronization initiated. (309 threads)
[2025-12-22T15:37:25.160+0000][644.305s][info ][safepoint     ] Application time: 1.0002525 seconds
[2025-12-22T15:37:25.160+0000][644.306s][debug][safepoint     ] ... found polling page return exception at pc = 0x00007fb9d43d4504, stub =0x00007fb9cc824b00
[2025-12-22T15:37:25.160+0000][644.306s][debug][safepoint     ] Waiting for 1 thread(s) to block
[2025-12-22T15:37:25.160+0000][644.306s][info ][safepoint     ] Entering safepoint region: Cleanup
[2025-12-22T15:37:25.161+0000][644.306s][info ][safepoint     ] Leaving safepoint region
[2025-12-22T15:37:25.161+0000][644.306s][info ][safepoint     ] Total time for which application threads were stopped: 0.0006186 seconds, Stopping threads took: 0.0002676 seconds
[2025-12-22T15:37:26.161+0000][645.306s][debug][safepoint     ] Safepoint synchronization initiated. (309 threads)
[2025-12-22T15:37:26.161+0000][645.306s][info ][safepoint     ] Application time: 1.0001877 seconds
[2025-12-22T15:37:26.161+0000][645.307s][debug][safepoint     ] ... found polling page return exception at pc = 0x00007fb9d4afed1f, stub =0x00007fb9cc824b00
[2025-12-22T15:37:26.161+0000][645.307s][debug][safepoint     ] Waiting for 1 thread(s) to block
[2025-12-22T15:37:26.161+0000][645.307s][info ][safepoint     ] Entering safepoint region: Cleanup
[2025-12-22T15:37:26.162+0000][645.307s][debug][safepoint     ] ... found polling page return exception at pc = 0x00007fb9d4676756, stub =0x00007fb9cc824b00
[2025-12-22T15:37:26.162+0000][645.307s][info ][safepoint     ] Leaving safepoint region
[2025-12-22T15:37:26.162+0000][645.307s][info ][safepoint     ] Total time for which application threads were stopped: 0.0010526 seconds, Stopping threads took: 0.0005770 seconds
[2025-12-22T15:37:27.162+0000][646.308s][debug][safepoint     ] Safepoint synchronization initiated. (309 threads)
[2025-12-22T15:37:27.162+0000][646.308s][info ][safepoint     ] Application time: 1.0002781 seconds
[2025-12-22T15:37:27.162+0000][646.308s][info ][safepoint     ] Entering safepoint region: Cleanup
[2025-12-22T15:37:27.163+0000][646.308s][info ][safepoint     ] Leaving safepoint region
[2025-12-22T15:37:27.163+0000][646.309s][info ][safepoint     ] Total time for which application threads were stopped: 0.0007780 seconds, Stopping threads took: 0.0002082 seconds
[2025-12-22T15:37:28.163+0000][647.309s][debug][safepoint     ] Safepoint synchronization initiated. (309 threads)
[2025-12-22T15:37:28.163+0000][647.309s][info ][safepoint     ] Application time: 1.0002321 seconds
[2025-12-22T15:37:28.164+0000][647.309s][info ][safepoint     ] Entering safepoint region: Cleanup
[2025-12-22T15:37:28.164+0000][647.309s][info ][safepoint     ] Leaving safepoint region
[2025-12-22T15:37:28.164+0000][647.309s][info ][safepoint     ] Total time for which application threads were stopped: 0.0006015 seconds, Stopping threads took: 0.0002336 seconds
[2025-12-22T15:37:29.164+0000][648.310s][debug][safepoint     ] Safepoint synchronization initiated. (309 threads)
[2025-12-22T15:37:29.164+0000][648.310s][info ][safepoint     ] Application time: 1.0002594 seconds
[2025-12-22T15:37:29.164+0000][648.310s][debug][safepoint     ] ... found polling page return exception at pc = 0x00007fb9d4b9e7d8, stub =0x00007fb9cc824b00
[2025-12-22T15:37:29.164+0000][648.310s][debug][safepoint     ] ... found polling page return exception at pc = 0x00007fb9d475c305, stub =0x00007fb9cc824b00
[2025-12-22T15:37:29.165+0000][648.310s][debug][safepoint     ] Waiting for 2 thread(s) to block
[2025-12-22T15:37:29.165+0000][648.310s][info ][safepoint     ] Entering safepoint region: Cleanup
[2025-12-22T15:37:29.165+0000][648.311s][debug][safepoint     ] ... found polling page return exception at pc = 0x00007fb9d4676756, stub =0x00007fb9cc824b00
[2025-12-22T15:37:29.165+0000][648.311s][info ][safepoint     ] Leaving safepoint region
[2025-12-22T15:37:29.165+0000][648.311s][info ][safepoint     ] Total time for which application threads were stopped: 0.0010115 seconds, Stopping threads took: 0.0005452 seconds
[2025-12-22T15:37:30.166+0000][649.311s][debug][safepoint     ] Safepoint synchronization initiated. (309 threads)
[2025-12-22T15:37:30.166+0000][649.311s][info ][safepoint     ] Application time: 1.0002871 seconds
[2025-12-22T15:37:30.166+0000][649.311s][info ][safepoint     ] Entering safepoint region: Cleanup
[2025-12-22T15:37:30.166+0000][649.312s][info ][safepoint     ] Leaving safepoint region
[2025-12-22T15:37:30.166+0000][649.312s][info ][safepoint     ] Total time for which application threads were stopped: 0.0005824 seconds, Stopping threads took: 0.0002042 seconds
[2025-12-22T15:37:31.166+0000][650.312s][debug][safepoint     ] Safepoint synchronization initiated. (309 threads)
[2025-12-22T15:37:31.167+0000][650.312s][info ][safepoint     ] Application time: 1.0003126 seconds
[2025-12-22T15:37:31.167+0000][650.312s][info ][safepoint     ] Entering safepoint region: Cleanup
[2025-12-22T15:37:31.167+0000][650.313s][info ][safepoint     ] Leaving safepoint region
[2025-12-22T15:37:31.167+0000][650.313s][info ][safepoint     ] Total time for which application threads were stopped: 0.0008647 seconds, Stopping threads took: 0.0003914 seconds
[2025-12-22T15:37:32.168+0000][651.313s][debug][safepoint     ] Safepoint synchronization initiated. (309 threads)
[2025-12-22T15:37:32.168+0000][651.313s][info ][safepoint     ] Application time: 1.0002313 seconds
[2025-12-22T15:37:32.168+0000][651.313s][info ][safepoint     ] Entering safepoint region: Cleanup
[2025-12-22T15:37:32.168+0000][651.314s][info ][safepoint     ] Leaving safepoint region
[2025-12-22T15:37:32.168+0000][651.314s][info ][safepoint     ] Total time for which application threads were stopped: 0.0005995 seconds, Stopping threads took: 0.0002096 seconds
[2025-12-22T15:37:33.169+0000][652.314s][debug][safepoint     ] Safepoint synchronization initiated. (309 threads)
[2025-12-22T15:37:33.169+0000][652.314s][info ][safepoint     ] Application time: 1.0003849 seconds
[2025-12-22T15:37:33.169+0000][652.314s][info ][safepoint     ] Entering safepoint region: Cleanup
[2025-12-22T15:37:33.169+0000][652.315s][info ][safepoint     ] Leaving safepoint region
[2025-12-22T15:37:33.170+0000][652.315s][info ][safepoint     ] Total time for which application threads were stopped: 0.0007711 seconds, Stopping threads took: 0.0002380 seconds
[2025-12-22T15:37:34.170+0000][653.315s][debug][safepoint     ] Safepoint synchronization initiated. (309 threads)
[2025-12-22T15:37:34.170+0000][653.315s][info ][safepoint     ] Application time: 1.0002213 seconds
[2025-12-22T15:37:34.170+0000][653.316s][info ][safepoint     ] Entering safepoint region: Cleanup
[2025-12-22T15:37:34.171+0000][653.316s][info ][safepoint     ] Leaving safepoint region
[2025-12-22T15:37:34.171+0000][653.316s][info ][safepoint     ] Total time for which application threads were stopped: 0.0011532 seconds, Stopping threads took: 0.0005596 seconds
[2025-12-22T15:37:35.171+0000][654.316s][debug][safepoint     ] Safepoint synchronization initiated. (309 threads)
[2025-12-22T15:37:35.171+0000][654.317s][info ][safepoint     ] Application time: 1.0001856 seconds
[2025-12-22T15:37:35.171+0000][654.317s][info ][safepoint     ] Entering safepoint region: Cleanup
[2025-12-22T15:37:35.172+0000][654.317s][info ][safepoint     ] Leaving safepoint region
[2025-12-22T15:37:35.172+0000][654.317s][info ][safepoint     ] Total time for which application threads were stopped: 0.0005987 seconds, Stopping threads took: 0.0001740 seconds
[2025-12-22T15:37:36.172+0000][655.317s][debug][safepoint     ] Safepoint synchronization initiated. (309 threads)
[2025-12-22T15:37:36.172+0000][655.317s][info ][safepoint     ] Application time: 1.0002330 seconds
[2025-12-22T15:37:36.172+0000][655.318s][info ][safepoint     ] Entering safepoint region: Cleanup
[2025-12-22T15:37:36.173+0000][655.318s][info ][safepoint     ] Leaving safepoint region
[2025-12-22T15:37:36.173+0000][655.318s][info ][safepoint     ] Total time for which application threads were stopped: 0.0007044 seconds, Stopping threads took: 0.0002022 seconds
[2025-12-22T15:37:37.173+0000][656.318s][debug][safepoint     ] Safepoint synchronization initiated. (309 threads)
[2025-12-22T15:37:37.173+0000][656.318s][info ][safepoint     ] Application time: 1.0002889 seconds
[2025-12-22T15:37:37.173+0000][656.319s][info ][safepoint     ] Entering safepoint region: Cleanup
[2025-12-22T15:37:37.174+0000][656.319s][info ][safepoint     ] Leaving safepoint region
[2025-12-22T15:37:37.174+0000][656.319s][info ][safepoint     ] Total time for which application threads were stopped: 0.0009063 seconds, Stopping threads took: 0.0002181 seconds
[2025-12-22T15:37:38.174+0000][657.320s][debug][safepoint     ] Safepoint synchronization initiated. (309 threads)
[2025-12-22T15:37:38.174+0000][657.320s][info ][safepoint     ] Application time: 1.0002514 seconds
[2025-12-22T15:37:38.175+0000][657.320s][info ][safepoint     ] Entering safepoint region: Cleanup
[2025-12-22T15:37:38.176+0000][657.321s][info ][safepoint     ] Leaving safepoint region
[2025-12-22T15:37:38.176+0000][657.321s][info ][safepoint     ] Total time for which application threads were stopped: 0.0012689 seconds, Stopping threads took: 0.0003880 seconds
[2025-12-22T15:37:39.176+0000][658.321s][debug][safepoint     ] Safepoint synchronization initiated. (309 threads)
[2025-12-22T15:37:39.176+0000][658.321s][info ][safepoint     ] Application time: 1.0002828 seconds
[2025-12-22T15:37:39.176+0000][658.321s][info ][safepoint     ] Entering safepoint region: Cleanup
[2025-12-22T15:37:39.176+0000][658.322s][info ][safepoint     ] Leaving safepoint region
[2025-12-22T15:37:39.177+0000][658.322s][debug][safepoint     ] ... found polling page loop exception at pc = 0x00007fb9d4af8a30, stub =0x00007fb9cc826680
[2025-12-22T15:37:39.177+0000][658.322s][info ][safepoint     ] Total time for which application threads were stopped: 0.0006383 seconds, Stopping threads took: 0.0001953 seconds
[2025-12-22T15:37:39.177+0000][658.322s][debug][safepoint     ] ... found polling page loop exception at pc = 0x00007fb9ce69577e, stub =0x00007fb9cc826680
[2025-12-22T15:37:40.177+0000][659.322s][debug][safepoint     ] Safepoint synchronization initiated. (309 threads)
[2025-12-22T15:37:40.177+0000][659.322s][info ][safepoint     ] Application time: 1.0001770 seconds
[2025-12-22T15:37:40.177+0000][659.323s][info ][safepoint     ] Entering safepoint region: Cleanup
[2025-12-22T15:37:40.178+0000][659.323s][info ][safepoint     ] Leaving safepoint region
[2025-12-22T15:37:40.178+0000][659.323s][info ][safepoint     ] Total time for which application threads were stopped: 0.0010979 seconds, Stopping threads took: 0.0003209 seconds
[2025-12-22T15:37:41.178+0000][660.324s][debug][safepoint     ] Safepoint synchronization initiated. (309 threads)
[2025-12-22T15:37:41.178+0000][660.324s][info ][safepoint     ] Application time: 1.0002775 seconds
[2025-12-22T15:37:41.178+0000][660.324s][info ][safepoint     ] Entering safepoint region: Cleanup
[2025-12-22T15:37:41.179+0000][660.324s][info ][safepoint     ] Leaving safepoint region
[2025-12-22T15:37:41.179+0000][660.324s][info ][safepoint     ] Total time for which application threads were stopped: 0.0008024 seconds, Stopping threads took: 0.0002109 seconds
[2025-12-22T15:37:42.179+0000][661.325s][debug][safepoint     ] Safepoint synchronization initiated. (309 threads)
[2025-12-22T15:37:42.179+0000][661.325s][info ][safepoint     ] Application time: 1.0002384 seconds
[2025-12-22T15:37:42.180+0000][661.325s][info ][safepoint     ] Entering safepoint region: Cleanup
[2025-12-22T15:37:42.180+0000][661.325s][info ][safepoint     ] Leaving safepoint region
[2025-12-22T15:37:42.180+0000][661.325s][info ][safepoint     ] Total time for which application threads were stopped: 0.0005860 seconds, Stopping threads took: 0.0002087 seconds
[2025-12-22T15:37:43.180+0000][662.326s][debug][safepoint     ] Safepoint synchronization initiated. (308 threads)
[2025-12-22T15:37:43.180+0000][662.326s][info ][safepoint     ] Application time: 1.0003156 seconds
[2025-12-22T15:37:43.181+0000][662.326s][info ][safepoint     ] Entering safepoint region: Cleanup
[2025-12-22T15:37:43.181+0000][662.327s][info ][safepoint     ] Leaving safepoint region
[2025-12-22T15:37:43.181+0000][662.327s][info ][safepoint     ] Total time for which application threads were stopped: 0.0008954 seconds, Stopping threads took: 0.0002899 seconds
[2025-12-22T15:37:44.143+0000][663.288s][debug][safepoint     ] Safepoint synchronization initiated. (308 threads)
[2025-12-22T15:37:44.143+0000][663.288s][info ][safepoint     ] Application time: 0.9616255 seconds
[2025-12-22T15:37:44.143+0000][663.288s][info ][safepoint     ] Entering safepoint region: G1CollectForAllocation
[2025-12-22T15:37:44.145+0000][663.290s][info ][gc,start      ] GC(105) Pause Young (Normal) (G1 Evacuation Pause)
[2025-12-22T15:37:44.145+0000][663.290s][info ][gc,task       ] GC(105) Using 4 workers of 4 for evacuation
[2025-12-22T15:37:44.165+0000][663.310s][info ][gc,phases     ] GC(105)   Pre Evacuate Collection Set: 0.2ms
[2025-12-22T15:37:44.165+0000][663.310s][info ][gc,phases     ] GC(105)   Evacuate Collection Set: 11.4ms
[2025-12-22T15:37:44.165+0000][663.310s][info ][gc,phases     ] GC(105)   Post Evacuate Collection Set: 8.2ms
[2025-12-22T15:37:44.165+0000][663.311s][info ][gc,phases     ] GC(105)   Other: 1.1ms
[2025-12-22T15:37:44.165+0000][663.311s][info ][gc,heap       ] GC(105) Eden regions: 169->0(168)
[2025-12-22T15:37:44.165+0000][663.311s][info ][gc,heap       ] GC(105) Survivor regions: 4->5(22)
[2025-12-22T15:37:44.165+0000][663.311s][info ][gc,heap       ] GC(105) Old regions: 175->175
[2025-12-22T15:37:44.165+0000][663.311s][info ][gc,heap       ] GC(105) Humongous regions: 0->0
[2025-12-22T15:37:44.165+0000][663.311s][info ][gc,metaspace  ] GC(105) Metaspace: 181251K(187420K)->181251K(187420K) NonClass: 160320K(164048K)->160320K(164048K) Class: 20931K(23372K)->20931K(23372K)
[2025-12-22T15:37:44.165+0000][663.311s][info ][gc            ] GC(105) Pause Young (Normal) (G1 Evacuation Pause) 345M->177M(393M) 20.702ms
[2025-12-22T15:37:44.165+0000][663.311s][info ][gc,cpu        ] GC(105) User=0.07s Sys=0.00s Real=0.02s
[2025-12-22T15:37:44.165+0000][663.311s][debug][safepoint     ] ... found polling page loop exception at pc = 0x00007fb9d4af8a30, stub =0x00007fb9cc826680
[2025-12-22T15:37:44.165+0000][663.311s][info ][safepoint     ] Leaving safepoint region
[2025-12-22T15:37:44.166+0000][663.311s][info ][safepoint     ] Total time for which application threads were stopped: 0.0226453 seconds, Stopping threads took: 0.0001709 seconds
[2025-12-22T15:37:44.166+0000][663.311s][info ][gc,stringdedup] Concurrent String Deduplication (663.311s)
[2025-12-22T15:37:44.166+0000][663.311s][info ][gc,stringdedup] Concurrent String Deduplication 7000.0B->80.0B(6920.0B) avg 54.5% (663.311s, 663.311s) 0.079ms
[2025-12-22T15:37:45.166+0000][664.311s][debug][safepoint     ] Safepoint synchronization initiated. (308 threads)
[2025-12-22T15:37:45.166+0000][664.311s][info ][safepoint     ] Application time: 1.0002342 seconds
[2025-12-22T15:37:45.166+0000][664.311s][info ][safepoint     ] Entering safepoint region: Cleanup
[2025-12-22T15:37:45.167+0000][664.312s][info ][safepoint     ] Leaving safepoint region
[2025-12-22T15:37:45.167+0000][664.312s][info ][safepoint     ] Total time for which application threads were stopped: 0.0007547 seconds, Stopping threads took: 0.0002025 seconds
[2025-12-22T15:37:46.167+0000][665.312s][debug][safepoint     ] Safepoint synchronization initiated. (308 threads)
[2025-12-22T15:37:46.167+0000][665.312s][info ][safepoint     ] Application time: 1.0002108 seconds
[2025-12-22T15:37:46.167+0000][665.312s][info ][safepoint     ] Entering safepoint region: Cleanup
[2025-12-22T15:37:46.167+0000][665.313s][info ][safepoint     ] Leaving safepoint region
[2025-12-22T15:37:46.167+0000][665.313s][info ][safepoint     ] Total time for which application threads were stopped: 0.0006626 seconds, Stopping threads took: 0.0001607 seconds
[2025-12-22T15:37:47.168+0000][666.313s][debug][safepoint     ] Safepoint synchronization initiated. (307 threads)
[2025-12-22T15:37:47.168+0000][666.313s][info ][safepoint     ] Application time: 1.0002167 seconds
[2025-12-22T15:37:47.168+0000][666.313s][info ][safepoint     ] Entering safepoint region: Cleanup
[2025-12-22T15:37:47.169+0000][666.314s][info ][safepoint     ] Leaving safepoint region
[2025-12-22T15:37:47.169+0000][666.314s][info ][safepoint     ] Total time for which application threads were stopped: 0.0009426 seconds, Stopping threads took: 0.0002115 seconds
[2025-12-22T15:37:48.169+0000][667.314s][debug][safepoint     ] Safepoint synchronization initiated. (307 threads)
[2025-12-22T15:37:48.169+0000][667.314s][info ][safepoint     ] Application time: 1.0002848 seconds
[2025-12-22T15:37:48.169+0000][667.315s][info ][safepoint     ] Entering safepoint region: Cleanup
[2025-12-22T15:37:48.170+0000][667.315s][info ][safepoint     ] Leaving safepoint region
[2025-12-22T15:37:48.170+0000][667.315s][info ][safepoint     ] Total time for which application threads were stopped: 0.0010194 seconds, Stopping threads took: 0.0004240 seconds
[2025-12-22T15:37:49.170+0000][668.316s][debug][safepoint     ] Safepoint synchronization initiated. (307 threads)
[2025-12-22T15:37:49.170+0000][668.316s][info ][safepoint     ] Application time: 1.0002968 seconds
[2025-12-22T15:37:49.171+0000][668.316s][info ][safepoint     ] Entering safepoint region: Cleanup
[2025-12-22T15:37:49.171+0000][668.317s][info ][safepoint     ] Leaving safepoint region
[2025-12-22T15:37:49.171+0000][668.317s][info ][safepoint     ] Total time for which application threads were stopped: 0.0010359 seconds, Stopping threads took: 0.0004694 seconds
[2025-12-22T15:37:50.172+0000][669.317s][debug][safepoint     ] Safepoint synchronization initiated. (307 threads)
[2025-12-22T15:37:50.172+0000][669.317s][info ][safepoint     ] Application time: 1.0002051 seconds
[2025-12-22T15:37:50.172+0000][669.317s][info ][safepoint     ] Entering safepoint region: Cleanup
[2025-12-22T15:37:50.173+0000][669.318s][info ][safepoint     ] Leaving safepoint region
[2025-12-22T15:37:50.173+0000][669.318s][info ][safepoint     ] Total time for which application threads were stopped: 0.0009198 seconds, Stopping threads took: 0.0002323 seconds
[2025-12-22T15:37:51.173+0000][670.318s][debug][safepoint     ] Safepoint synchronization initiated. (307 threads)
[2025-12-22T15:37:51.173+0000][670.318s][info ][safepoint     ] Application time: 1.0002026 seconds
[2025-12-22T15:37:51.173+0000][670.318s][info ][safepoint     ] Entering safepoint region: Cleanup
[2025-12-22T15:37:51.174+0000][670.319s][info ][safepoint     ] Leaving safepoint region
[2025-12-22T15:37:51.174+0000][670.319s][info ][safepoint     ] Total time for which application threads were stopped: 0.0006886 seconds, Stopping threads took: 0.0001992 seconds
[2025-12-22T15:37:52.174+0000][671.319s][debug][safepoint     ] Safepoint synchronization initiated. (307 threads)
[2025-12-22T15:37:52.174+0000][671.319s][info ][safepoint     ] Application time: 1.0002239 seconds
[2025-12-22T15:37:52.174+0000][671.319s][info ][safepoint     ] Entering safepoint region: Cleanup
[2025-12-22T15:37:52.175+0000][671.320s][info ][safepoint     ] Leaving safepoint region
[2025-12-22T15:37:52.175+0000][671.320s][info ][safepoint     ] Total time for which application threads were stopped: 0.0009863 seconds, Stopping threads took: 0.0003055 seconds
[2025-12-22T15:37:53.175+0000][672.320s][debug][safepoint     ] Safepoint synchronization initiated. (307 threads)
[2025-12-22T15:37:53.175+0000][672.320s][info ][safepoint     ] Application time: 1.0002194 seconds
[2025-12-22T15:37:53.175+0000][672.321s][info ][safepoint     ] Entering safepoint region: Cleanup
[2025-12-22T15:37:53.176+0000][672.321s][info ][safepoint     ] Leaving safepoint region
[2025-12-22T15:37:53.176+0000][672.321s][info ][safepoint     ] Total time for which application threads were stopped: 0.0008410 seconds, Stopping threads took: 0.0002432 seconds
[2025-12-22T15:37:54.176+0000][673.322s][debug][safepoint     ] Safepoint synchronization initiated. (307 threads)
[2025-12-22T15:37:54.176+0000][673.322s][info ][safepoint     ] Application time: 1.0001966 seconds
[2025-12-22T15:37:54.176+0000][673.322s][info ][safepoint     ] Entering safepoint region: Cleanup
[2025-12-22T15:37:54.177+0000][673.322s][info ][safepoint     ] Leaving safepoint region
[2025-12-22T15:37:54.177+0000][673.322s][info ][safepoint     ] Total time for which application threads were stopped: 0.0008959 seconds, Stopping threads took: 0.0002263 seconds
[2025-12-22T15:37:55.177+0000][674.323s][debug][safepoint     ] Safepoint synchronization initiated. (307 threads)
[2025-12-22T15:37:55.177+0000][674.323s][info ][safepoint     ] Application time: 1.0002349 seconds
[2025-12-22T15:37:55.178+0000][674.323s][info ][safepoint     ] Entering safepoint region: Cleanup
[2025-12-22T15:37:55.178+0000][674.324s][info ][safepoint     ] Leaving safepoint region
[2025-12-22T15:37:55.178+0000][674.324s][info ][safepoint     ] Total time for which application threads were stopped: 0.0007771 seconds, Stopping threads took: 0.0003537 seconds
[2025-12-22T15:37:56.180+0000][675.326s][debug][safepoint     ] Safepoint synchronization initiated. (307 threads)
[2025-12-22T15:37:56.181+0000][675.326s][info ][safepoint     ] Application time: 1.0024597 seconds
[2025-12-22T15:37:56.184+0000][675.329s][info ][safepoint     ] Entering safepoint region: Cleanup
[2025-12-22T15:37:56.185+0000][675.331s][info ][safepoint     ] Leaving safepoint region
[2025-12-22T15:37:56.185+0000][675.331s][info ][safepoint     ] Total time for which application threads were stopped: 0.0045852 seconds, Stopping threads took: 0.0034616 seconds
[2025-12-22T15:37:57.186+0000][676.331s][debug][safepoint     ] Safepoint synchronization initiated. (307 threads)
[2025-12-22T15:37:57.186+0000][676.331s][info ][safepoint     ] Application time: 1.0003625 seconds
[2025-12-22T15:37:57.186+0000][676.331s][info ][safepoint     ] Entering safepoint region: Cleanup
[2025-12-22T15:37:57.187+0000][676.332s][info ][safepoint     ] Leaving safepoint region
[2025-12-22T15:37:57.187+0000][676.332s][info ][safepoint     ] Total time for which application threads were stopped: 0.0011941 seconds, Stopping threads took: 0.0003989 seconds
[2025-12-22T15:37:58.187+0000][677.332s][debug][safepoint     ] Safepoint synchronization initiated. (307 threads)
[2025-12-22T15:37:58.187+0000][677.332s][info ][safepoint     ] Application time: 1.0001922 seconds
[2025-12-22T15:37:58.189+0000][677.334s][info ][safepoint     ] Entering safepoint region: Cleanup
[2025-12-22T15:37:58.189+0000][677.335s][info ][safepoint     ] Leaving safepoint region
[2025-12-22T15:37:58.189+0000][677.335s][info ][safepoint     ] Total time for which application threads were stopped: 0.0022024 seconds, Stopping threads took: 0.0014920 seconds
[2025-12-22T15:37:59.189+0000][678.335s][debug][safepoint     ] Safepoint synchronization initiated. (307 threads)
[2025-12-22T15:37:59.190+0000][678.335s][info ][safepoint     ] Application time: 1.0002479 seconds
[2025-12-22T15:37:59.190+0000][678.335s][info ][safepoint     ] Entering safepoint region: Cleanup
[2025-12-22T15:37:59.190+0000][678.336s][info ][safepoint     ] Leaving safepoint region
[2025-12-22T15:37:59.190+0000][678.336s][info ][safepoint     ] Total time for which application threads were stopped: 0.0007515 seconds, Stopping threads took: 0.0001765 seconds
[2025-12-22T15:38:00.190+0000][679.336s][debug][safepoint     ] Safepoint synchronization initiated. (307 threads)
[2025-12-22T15:38:00.191+0000][679.336s][info ][safepoint     ] Application time: 1.0002126 seconds
[2025-12-22T15:38:00.191+0000][679.336s][info ][safepoint     ] Entering safepoint region: Cleanup
[2025-12-22T15:38:00.191+0000][679.336s][info ][safepoint     ] Leaving safepoint region
[2025-12-22T15:38:00.191+0000][679.336s][info ][safepoint     ] Total time for which application threads were stopped: 0.0004759 seconds, Stopping threads took: 0.0001395 seconds
[2025-12-22T15:38:01.191+0000][680.337s][debug][safepoint     ] Safepoint synchronization initiated. (307 threads)
[2025-12-22T15:38:01.191+0000][680.337s][info ][safepoint     ] Application time: 1.0002909 seconds
[2025-12-22T15:38:01.192+0000][680.337s][info ][safepoint     ] Entering safepoint region: Cleanup
[2025-12-22T15:38:01.192+0000][680.337s][info ][safepoint     ] Leaving safepoint region
[2025-12-22T15:38:01.192+0000][680.338s][info ][safepoint     ] Total time for which application threads were stopped: 0.0007236 seconds, Stopping threads took: 0.0003002 seconds
[2025-12-22T15:38:02.192+0000][681.338s][debug][safepoint     ] Safepoint synchronization initiated. (307 threads)
[2025-12-22T15:38:02.194+0000][681.340s][info ][safepoint     ] Application time: 1.0022767 seconds
[2025-12-22T15:38:02.195+0000][681.341s][info ][safepoint     ] Entering safepoint region: Cleanup
[2025-12-22T15:38:02.196+0000][681.341s][info ][safepoint     ] Leaving safepoint region
[2025-12-22T15:38:02.196+0000][681.341s][info ][safepoint     ] Total time for which application threads were stopped: 0.0012606 seconds, Stopping threads took: 0.0009561 seconds
[2025-12-22T15:38:03.196+0000][682.341s][debug][safepoint     ] Safepoint synchronization initiated. (307 threads)
[2025-12-22T15:38:03.196+0000][682.341s][info ][safepoint     ] Application time: 1.0001791 seconds
[2025-12-22T15:38:03.196+0000][682.341s][info ][safepoint     ] Entering safepoint region: Cleanup
[2025-12-22T15:38:03.196+0000][682.342s][info ][safepoint     ] Leaving safepoint region
[2025-12-22T15:38:03.196+0000][682.342s][info ][safepoint     ] Total time for which application threads were stopped: 0.0005495 seconds, Stopping threads took: 0.0001717 seconds
[2025-12-22T15:38:04.197+0000][683.342s][debug][safepoint     ] Safepoint synchronization initiated. (307 threads)
[2025-12-22T15:38:04.197+0000][683.342s][info ][safepoint     ] Application time: 1.0002259 seconds
[2025-12-22T15:38:04.197+0000][683.342s][debug][safepoint     ] ... found polling page return exception at pc = 0x00007fb9d43bff1f, stub =0x00007fb9cc824b00
[2025-12-22T15:38:04.197+0000][683.342s][debug][safepoint     ] Waiting for 1 thread(s) to block
[2025-12-22T15:38:04.197+0000][683.342s][info ][safepoint     ] Entering safepoint region: Cleanup
[2025-12-22T15:38:04.198+0000][683.343s][info ][safepoint     ] Leaving safepoint region
[2025-12-22T15:38:04.198+0000][683.343s][info ][safepoint     ] Total time for which application threads were stopped: 0.0013728 seconds, Stopping threads took: 0.0003433 seconds
[2025-12-22T15:38:04.700+0000][683.846s][debug][safepoint     ] Safepoint synchronization initiated. (307 threads)
[2025-12-22T15:38:04.701+0000][683.846s][info ][safepoint     ] Application time: 0.5024727 seconds
[2025-12-22T15:38:04.701+0000][683.846s][info ][safepoint     ] Entering safepoint region: G1CollectForAllocation
[2025-12-22T15:38:04.701+0000][683.847s][info ][gc,start      ] GC(106) Pause Young (Normal) (G1 Evacuation Pause)
[2025-12-22T15:38:04.701+0000][683.847s][info ][gc,task       ] GC(106) Using 4 workers of 4 for evacuation
[2025-12-22T15:38:04.717+0000][683.862s][info ][gc,phases     ] GC(106)   Pre Evacuate Collection Set: 0.1ms
[2025-12-22T15:38:04.717+0000][683.862s][info ][gc,phases     ] GC(106)   Evacuate Collection Set: 8.7ms
[2025-12-22T15:38:04.717+0000][683.862s][info ][gc,phases     ] GC(106)   Post Evacuate Collection Set: 6.3ms
[2025-12-22T15:38:04.717+0000][683.863s][info ][gc,phases     ] GC(106)   Other: 0.8ms
[2025-12-22T15:38:04.717+0000][683.863s][info ][gc,heap       ] GC(106) Eden regions: 168->0(168)
[2025-12-22T15:38:04.717+0000][683.863s][info ][gc,heap       ] GC(106) Survivor regions: 5->5(22)
[2025-12-22T15:38:04.717+0000][683.863s][info ][gc,heap       ] GC(106) Old regions: 175->175
[2025-12-22T15:38:04.717+0000][683.863s][info ][gc,heap       ] GC(106) Humongous regions: 0->0
[2025-12-22T15:38:04.717+0000][683.863s][info ][gc,metaspace  ] GC(106) Metaspace: 181680K(187932K)->181680K(187932K) NonClass: 160719K(164560K)->160719K(164560K) Class: 20961K(23372K)->20961K(23372K)
[2025-12-22T15:38:04.717+0000][683.863s][info ][gc            ] GC(106) Pause Young (Normal) (G1 Evacuation Pause) 345M->177M(393M) 15.959ms
[2025-12-22T15:38:04.717+0000][683.863s][info ][gc,cpu        ] GC(106) User=0.06s Sys=0.00s Real=0.02s
[2025-12-22T15:38:04.717+0000][683.863s][info ][safepoint     ] Leaving safepoint region
[2025-12-22T15:38:04.717+0000][683.863s][info ][safepoint     ] Total time for which application threads were stopped: 0.0168921 seconds, Stopping threads took: 0.0002288 seconds
[2025-12-22T15:38:04.718+0000][683.863s][info ][gc,stringdedup] Concurrent String Deduplication (683.863s)
[2025-12-22T15:38:04.720+0000][683.866s][info ][gc,stringdedup] Concurrent String Deduplication 264.0K->104.5K(159.5K) avg 54.6% (683.863s, 683.866s) 2.860ms
[2025-12-22T15:38:05.718+0000][684.863s][debug][safepoint     ] Safepoint synchronization initiated. (307 threads)
[2025-12-22T15:38:05.718+0000][684.863s][info ][safepoint     ] Application time: 1.0003014 seconds
[2025-12-22T15:38:05.718+0000][684.863s][info ][safepoint     ] Entering safepoint region: Cleanup
[2025-12-22T15:38:05.718+0000][684.864s][info ][safepoint     ] Leaving safepoint region
[2025-12-22T15:38:05.719+0000][684.864s][info ][safepoint     ] Total time for which application threads were stopped: 0.0006938 seconds, Stopping threads took: 0.0002086 seconds
[2025-12-22T15:38:06.719+0000][685.864s][debug][safepoint     ] Safepoint synchronization initiated. (307 threads)
[2025-12-22T15:38:06.719+0000][685.864s][info ][safepoint     ] Application time: 1.0002737 seconds
[2025-12-22T15:38:06.719+0000][685.865s][info ][safepoint     ] Entering safepoint region: Cleanup
[2025-12-22T15:38:06.720+0000][685.865s][info ][safepoint     ] Leaving safepoint region
[2025-12-22T15:38:06.720+0000][685.865s][info ][safepoint     ] Total time for which application threads were stopped: 0.0008788 seconds, Stopping threads took: 0.0003405 seconds
[2025-12-22T15:38:06.720+0000][685.865s][debug][safepoint     ] ... found polling page return exception at pc = 0x00007fb9d4676756, stub =0x00007fb9cc824b00
[2025-12-22T15:38:07.720+0000][686.865s][debug][safepoint     ] Safepoint synchronization initiated. (307 threads)
[2025-12-22T15:38:07.720+0000][686.865s][info ][safepoint     ] Application time: 1.0002646 seconds
[2025-12-22T15:38:07.720+0000][686.866s][info ][safepoint     ] Entering safepoint region: Cleanup
[2025-12-22T15:38:07.721+0000][686.866s][info ][safepoint     ] Leaving safepoint region
[2025-12-22T15:38:07.721+0000][686.866s][info ][safepoint     ] Total time for which application threads were stopped: 0.0008201 seconds, Stopping threads took: 0.0002298 seconds
[2025-12-22T15:38:07.721+0000][686.866s][debug][safepoint     ] ... found polling page return exception at pc = 0x00007fb9d4676756, stub =0x00007fb9cc824b00
[2025-12-22T15:38:08.721+0000][687.866s][debug][safepoint     ] Safepoint synchronization initiated. (307 threads)
[2025-12-22T15:38:08.721+0000][687.867s][info ][safepoint     ] Application time: 1.0002392 seconds
[2025-12-22T15:38:08.721+0000][687.867s][info ][safepoint     ] Entering safepoint region: Cleanup
[2025-12-22T15:38:08.722+0000][687.867s][info ][safepoint     ] Leaving safepoint region
[2025-12-22T15:38:08.722+0000][687.867s][info ][safepoint     ] Total time for which application threads were stopped: 0.0007754 seconds, Stopping threads took: 0.0001632 seconds
[2025-12-22T15:38:09.722+0000][688.868s][debug][safepoint     ] Safepoint synchronization initiated. (307 threads)
[2025-12-22T15:38:09.722+0000][688.868s][info ][safepoint     ] Application time: 1.0003138 seconds
[2025-12-22T15:38:09.723+0000][688.868s][info ][safepoint     ] Entering safepoint region: Cleanup
[2025-12-22T15:38:09.723+0000][688.868s][info ][safepoint     ] Leaving safepoint region
[2025-12-22T15:38:09.723+0000][688.868s][info ][safepoint     ] Total time for which application threads were stopped: 0.0006794 seconds, Stopping threads took: 0.0002821 seconds
[2025-12-22T15:38:10.723+0000][689.869s][debug][safepoint     ] Safepoint synchronization initiated. (307 threads)
[2025-12-22T15:38:10.723+0000][689.869s][info ][safepoint     ] Application time: 1.0003008 seconds
[2025-12-22T15:38:10.724+0000][689.869s][info ][safepoint     ] Entering safepoint region: Cleanup
[2025-12-22T15:38:10.725+0000][689.871s][info ][safepoint     ] Leaving safepoint region
[2025-12-22T15:38:10.725+0000][689.871s][info ][safepoint     ] Total time for which application threads were stopped: 0.0018838 seconds, Stopping threads took: 0.0004919 seconds
[2025-12-22T15:38:11.725+0000][690.871s][debug][safepoint     ] Safepoint synchronization initiated. (307 threads)
[2025-12-22T15:38:11.725+0000][690.871s][info ][safepoint     ] Application time: 1.0002839 seconds
[2025-12-22T15:38:11.726+0000][690.871s][info ][safepoint     ] Entering safepoint region: Cleanup
[2025-12-22T15:38:11.726+0000][690.872s][info ][safepoint     ] Leaving safepoint region
[2025-12-22T15:38:11.726+0000][690.872s][info ][safepoint     ] Total time for which application threads were stopped: 0.0007600 seconds, Stopping threads took: 0.0001664 seconds
[2025-12-22T15:38:12.726+0000][691.872s][debug][safepoint     ] Safepoint synchronization initiated. (307 threads)
[2025-12-22T15:38:12.727+0000][691.872s][info ][safepoint     ] Application time: 1.0002585 seconds
[2025-12-22T15:38:12.727+0000][691.872s][info ][safepoint     ] Entering safepoint region: Cleanup
[2025-12-22T15:38:12.727+0000][691.873s][info ][safepoint     ] Leaving safepoint region
[2025-12-22T15:38:12.727+0000][691.873s][info ][safepoint     ] Total time for which application threads were stopped: 0.0007907 seconds, Stopping threads took: 0.0003156 seconds
[2025-12-22T15:38:13.728+0000][692.873s][debug][safepoint     ] Safepoint synchronization initiated. (307 threads)
[2025-12-22T15:38:13.728+0000][692.873s][info ][safepoint     ] Application time: 1.0002215 seconds
[2025-12-22T15:38:13.729+0000][692.874s][info ][safepoint     ] Entering safepoint region: Cleanup
[2025-12-22T15:38:13.731+0000][692.876s][info ][safepoint     ] Leaving safepoint region
[2025-12-22T15:38:13.731+0000][692.876s][info ][safepoint     ] Total time for which application threads were stopped: 0.0029100 seconds, Stopping threads took: 0.0013494 seconds
[2025-12-22T15:38:14.731+0000][693.876s][debug][safepoint     ] Safepoint synchronization initiated. (307 threads)
[2025-12-22T15:38:14.731+0000][693.876s][info ][safepoint     ] Application time: 1.0001736 seconds
[2025-12-22T15:38:14.731+0000][693.876s][info ][safepoint     ] Entering safepoint region: Cleanup
[2025-12-22T15:38:14.731+0000][693.877s][info ][safepoint     ] Leaving safepoint region
[2025-12-22T15:38:14.731+0000][693.877s][info ][safepoint     ] Total time for which application threads were stopped: 0.0006753 seconds, Stopping threads took: 0.0002213 seconds
[2025-12-22T15:38:15.732+0000][694.877s][debug][safepoint     ] Safepoint synchronization initiated. (307 threads)
[2025-12-22T15:38:15.732+0000][694.877s][info ][safepoint     ] Application time: 1.0001995 seconds
[2025-12-22T15:38:15.732+0000][694.877s][info ][safepoint     ] Entering safepoint region: Cleanup
[2025-12-22T15:38:15.732+0000][694.878s][info ][safepoint     ] Leaving safepoint region
[2025-12-22T15:38:15.732+0000][694.878s][info ][safepoint     ] Total time for which application threads were stopped: 0.0006567 seconds, Stopping threads took: 0.0001791 seconds
[2025-12-22T15:38:16.733+0000][695.878s][debug][safepoint     ] Safepoint synchronization initiated. (307 threads)
[2025-12-22T15:38:16.733+0000][695.878s][info ][safepoint     ] Application time: 1.0002501 seconds
[2025-12-22T15:38:16.734+0000][695.879s][info ][safepoint     ] Entering safepoint region: Cleanup
[2025-12-22T15:38:16.734+0000][695.879s][info ][safepoint     ] Leaving safepoint region
[2025-12-22T15:38:16.734+0000][695.880s][info ][safepoint     ] Total time for which application threads were stopped: 0.0015344 seconds, Stopping threads took: 0.0011582 seconds
[2025-12-22T15:38:17.734+0000][696.880s][debug][safepoint     ] Safepoint synchronization initiated. (307 threads)
[2025-12-22T15:38:17.734+0000][696.880s][info ][safepoint     ] Application time: 1.0002044 seconds
[2025-12-22T15:38:17.735+0000][696.880s][info ][safepoint     ] Entering safepoint region: Cleanup
[2025-12-22T15:38:17.735+0000][696.880s][info ][safepoint     ] Leaving safepoint region
[2025-12-22T15:38:17.735+0000][696.881s][info ][safepoint     ] Total time for which application threads were stopped: 0.0007442 seconds, Stopping threads took: 0.0002283 seconds
[2025-12-22T15:38:18.735+0000][697.881s][debug][safepoint     ] Safepoint synchronization initiated. (307 threads)
[2025-12-22T15:38:18.735+0000][697.881s][info ][safepoint     ] Application time: 1.0002910 seconds
[2025-12-22T15:38:18.736+0000][697.881s][info ][safepoint     ] Entering safepoint region: Cleanup
[2025-12-22T15:38:18.737+0000][697.883s][info ][safepoint     ] Leaving safepoint region
[2025-12-22T15:38:18.737+0000][697.883s][info ][safepoint     ] Total time for which application threads were stopped: 0.0018520 seconds, Stopping threads took: 0.0003052 seconds
[2025-12-22T15:38:19.737+0000][698.883s][debug][safepoint     ] Safepoint synchronization initiated. (307 threads)
[2025-12-22T15:38:19.738+0000][698.883s][info ][safepoint     ] Application time: 1.0002117 seconds
[2025-12-22T15:38:19.738+0000][698.883s][debug][safepoint     ] ... found polling page return exception at pc = 0x00007fb9d48f2474, stub =0x00007fb9cc824b00
[2025-12-22T15:38:19.738+0000][698.883s][debug][safepoint     ] Waiting for 1 thread(s) to block
[2025-12-22T15:38:19.738+0000][698.883s][info ][safepoint     ] Entering safepoint region: Cleanup
[2025-12-22T15:38:19.739+0000][698.884s][info ][safepoint     ] Leaving safepoint region
[2025-12-22T15:38:19.739+0000][698.884s][info ][safepoint     ] Total time for which application threads were stopped: 0.0011081 seconds, Stopping threads took: 0.0004961 seconds
[2025-12-22T15:38:20.739+0000][699.884s][debug][safepoint     ] Safepoint synchronization initiated. (307 threads)
[2025-12-22T15:38:20.739+0000][699.884s][info ][safepoint     ] Application time: 1.0003085 seconds
[2025-12-22T15:38:20.739+0000][699.885s][info ][safepoint     ] Entering safepoint region: Cleanup
[2025-12-22T15:38:20.740+0000][699.885s][info ][safepoint     ] Leaving safepoint region
[2025-12-22T15:38:20.740+0000][699.885s][info ][safepoint     ] Total time for which application threads were stopped: 0.0008415 seconds, Stopping threads took: 0.0002486 seconds
[2025-12-22T15:38:21.740+0000][700.885s][debug][safepoint     ] Safepoint synchronization initiated. (307 threads)
[2025-12-22T15:38:21.740+0000][700.886s][info ][safepoint     ] Application time: 1.0002317 seconds
[2025-12-22T15:38:21.740+0000][700.886s][info ][safepoint     ] Entering safepoint region: Cleanup
[2025-12-22T15:38:21.741+0000][700.886s][info ][safepoint     ] Leaving safepoint region
[2025-12-22T15:38:21.741+0000][700.886s][info ][safepoint     ] Total time for which application threads were stopped: 0.0006154 seconds, Stopping threads took: 0.0001740 seconds
[2025-12-22T15:38:22.741+0000][701.886s][debug][safepoint     ] Safepoint synchronization initiated. (307 threads)
[2025-12-22T15:38:22.741+0000][701.886s][info ][safepoint     ] Application time: 1.0002523 seconds
[2025-12-22T15:38:22.741+0000][701.887s][info ][safepoint     ] Entering safepoint region: Cleanup
[2025-12-22T15:38:22.742+0000][701.887s][info ][safepoint     ] Leaving safepoint region
[2025-12-22T15:38:22.742+0000][701.887s][info ][safepoint     ] Total time for which application threads were stopped: 0.0005634 seconds, Stopping threads took: 0.0001369 seconds
[2025-12-22T15:38:23.742+0000][702.887s][debug][safepoint     ] Safepoint synchronization initiated. (306 threads)
[2025-12-22T15:38:23.742+0000][702.887s][info ][safepoint     ] Application time: 1.0001582 seconds
[2025-12-22T15:38:23.742+0000][702.887s][info ][safepoint     ] Entering safepoint region: Cleanup
[2025-12-22T15:38:23.742+0000][702.888s][info ][safepoint     ] Leaving safepoint region
[2025-12-22T15:38:23.742+0000][702.888s][info ][safepoint     ] Total time for which application threads were stopped: 0.0004930 seconds, Stopping threads took: 0.0001392 seconds
[2025-12-22T15:38:24.742+0000][703.888s][debug][safepoint     ] Safepoint synchronization initiated. (306 threads)
[2025-12-22T15:38:24.742+0000][703.888s][info ][safepoint     ] Application time: 1.0001940 seconds
[2025-12-22T15:38:24.743+0000][703.888s][info ][safepoint     ] Entering safepoint region: Cleanup
[2025-12-22T15:38:24.743+0000][703.888s][info ][safepoint     ] Leaving safepoint region
[2025-12-22T15:38:24.743+0000][703.888s][info ][safepoint     ] Total time for which application threads were stopped: 0.0004597 seconds, Stopping threads took: 0.0001366 seconds
[2025-12-22T15:38:25.743+0000][704.889s][debug][safepoint     ] Safepoint synchronization initiated. (306 threads)
[2025-12-22T15:38:25.743+0000][704.889s][info ][safepoint     ] Application time: 1.0002220 seconds
[2025-12-22T15:38:25.743+0000][704.889s][info ][safepoint     ] Entering safepoint region: Cleanup
[2025-12-22T15:38:25.744+0000][704.889s][info ][safepoint     ] Leaving safepoint region
[2025-12-22T15:38:25.744+0000][704.889s][info ][safepoint     ] Total time for which application threads were stopped: 0.0006751 seconds, Stopping threads took: 0.0002545 seconds
[2025-12-22T15:38:26.744+0000][705.890s][debug][safepoint     ] Safepoint synchronization initiated. (306 threads)
[2025-12-22T15:38:26.744+0000][705.890s][info ][safepoint     ] Application time: 1.0002736 seconds
[2025-12-22T15:38:26.744+0000][705.890s][info ][safepoint     ] Entering safepoint region: Cleanup
[2025-12-22T15:38:26.745+0000][705.890s][info ][safepoint     ] Leaving safepoint region
[2025-12-22T15:38:26.745+0000][705.890s][info ][safepoint     ] Total time for which application threads were stopped: 0.0005320 seconds, Stopping threads took: 0.0001822 seconds
[2025-12-22T15:38:27.745+0000][706.890s][debug][safepoint     ] Safepoint synchronization initiated. (306 threads)
[2025-12-22T15:38:27.745+0000][706.890s][info ][safepoint     ] Application time: 1.0002323 seconds
[2025-12-22T15:38:27.745+0000][706.891s][info ][safepoint     ] Entering safepoint region: Cleanup
[2025-12-22T15:38:27.745+0000][706.891s][info ][safepoint     ] Leaving safepoint region
[2025-12-22T15:38:27.745+0000][706.891s][debug][safepoint     ] ... found polling page return exception at pc = 0x00007fb9d4676756, stub =0x00007fb9cc824b00
[2025-12-22T15:38:27.745+0000][706.891s][debug][safepoint     ] ... found polling page return exception at pc = 0x00007fb9d4676756, stub =0x00007fb9cc824b00
[2025-12-22T15:38:27.746+0000][706.891s][info ][safepoint     ] Total time for which application threads were stopped: 0.0004841 seconds, Stopping threads took: 0.0001497 seconds
[2025-12-22T15:38:28.746+0000][707.891s][debug][safepoint     ] Safepoint synchronization initiated. (306 threads)
[2025-12-22T15:38:28.746+0000][707.891s][info ][safepoint     ] Application time: 1.0002222 seconds
[2025-12-22T15:38:28.746+0000][707.891s][info ][safepoint     ] Entering safepoint region: Cleanup
[2025-12-22T15:38:28.746+0000][707.892s][info ][safepoint     ] Leaving safepoint region
[2025-12-22T15:38:28.746+0000][707.892s][info ][safepoint     ] Total time for which application threads were stopped: 0.0004771 seconds, Stopping threads took: 0.0001689 seconds
[2025-12-22T15:38:29.747+0000][708.892s][debug][safepoint     ] Safepoint synchronization initiated. (306 threads)
[2025-12-22T15:38:29.747+0000][708.892s][info ][safepoint     ] Application time: 1.0003006 seconds
[2025-12-22T15:38:29.747+0000][708.892s][info ][safepoint     ] Entering safepoint region: Cleanup
[2025-12-22T15:38:29.747+0000][708.893s][info ][safepoint     ] Leaving safepoint region
[2025-12-22T15:38:29.747+0000][708.893s][info ][safepoint     ] Total time for which application threads were stopped: 0.0007194 seconds, Stopping threads took: 0.0002742 seconds
[2025-12-22T15:38:30.749+0000][709.894s][debug][safepoint     ] Safepoint synchronization initiated. (306 threads)
[2025-12-22T15:38:30.749+0000][709.894s][info ][safepoint     ] Application time: 1.0015282 seconds
[2025-12-22T15:38:30.749+0000][709.894s][debug][safepoint     ] ... found polling page return exception at pc = 0x00007fb9d43d4504, stub =0x00007fb9cc824b00
[2025-12-22T15:38:30.749+0000][709.895s][debug][safepoint     ] Waiting for 1 thread(s) to block
[2025-12-22T15:38:30.749+0000][709.895s][info ][safepoint     ] Entering safepoint region: Cleanup
[2025-12-22T15:38:30.750+0000][709.895s][debug][safepoint     ] ... found polling page return exception at pc = 0x00007fb9d4676756, stub =0x00007fb9cc824b00
[2025-12-22T15:38:30.750+0000][709.895s][info ][safepoint     ] Leaving safepoint region
[2025-12-22T15:38:30.750+0000][709.895s][info ][safepoint     ] Total time for which application threads were stopped: 0.0009603 seconds, Stopping threads took: 0.0003249 seconds
[2025-12-22T15:38:30.774+0000][709.919s][debug][safepoint     ] Safepoint synchronization initiated. (306 threads)
[2025-12-22T15:38:30.774+0000][709.919s][info ][safepoint     ] Application time: 0.0241653 seconds
[2025-12-22T15:38:30.774+0000][709.920s][info ][safepoint     ] Entering safepoint region: G1CollectForAllocation
[2025-12-22T15:38:30.775+0000][709.920s][info ][gc,start      ] GC(107) Pause Young (Normal) (G1 Evacuation Pause)
[2025-12-22T15:38:30.775+0000][709.920s][info ][gc,task       ] GC(107) Using 4 workers of 4 for evacuation
[2025-12-22T15:38:30.798+0000][709.944s][info ][gc,phases     ] GC(107)   Pre Evacuate Collection Set: 0.1ms
[2025-12-22T15:38:30.798+0000][709.944s][info ][gc,phases     ] GC(107)   Evacuate Collection Set: 14.6ms
[2025-12-22T15:38:30.798+0000][709.944s][info ][gc,phases     ] GC(107)   Post Evacuate Collection Set: 8.2ms
[2025-12-22T15:38:30.798+0000][709.944s][info ][gc,phases     ] GC(107)   Other: 0.8ms
[2025-12-22T15:38:30.798+0000][709.944s][info ][gc,heap       ] GC(107) Eden regions: 168->0(168)
[2025-12-22T15:38:30.798+0000][709.944s][info ][gc,heap       ] GC(107) Survivor regions: 5->5(22)
[2025-12-22T15:38:30.798+0000][709.944s][info ][gc,heap       ] GC(107) Old regions: 175->175
[2025-12-22T15:38:30.798+0000][709.944s][info ][gc,heap       ] GC(107) Humongous regions: 0->0
[2025-12-22T15:38:30.798+0000][709.944s][info ][gc,metaspace  ] GC(107) Metaspace: 181710K(187932K)->181710K(187932K) NonClass: 160749K(164560K)->160749K(164560K) Class: 20961K(23372K)->20961K(23372K)
[2025-12-22T15:38:30.799+0000][709.944s][info ][gc            ] GC(107) Pause Young (Normal) (G1 Evacuation Pause) 345M->177M(393M) 23.803ms
[2025-12-22T15:38:30.799+0000][709.944s][info ][gc,cpu        ] GC(107) User=0.05s Sys=0.00s Real=0.03s
[2025-12-22T15:38:30.799+0000][709.944s][debug][safepoint     ] ... found polling page return exception at pc = 0x00007fb9d4676756, stub =0x00007fb9cc824b00
[2025-12-22T15:38:30.799+0000][709.944s][debug][safepoint     ] ... found polling page return exception at pc = 0x00007fb9d47dc0f3, stub =0x00007fb9cc824b00
[2025-12-22T15:38:30.799+0000][709.944s][debug][safepoint     ] ... found polling page return exception at pc = 0x00007fb9d45ddaee, stub =0x00007fb9cc824b00
[2025-12-22T15:38:30.799+0000][709.944s][debug][safepoint     ] ... found polling page return exception at pc = 0x00007fb9d43bff1f, stub =0x00007fb9cc824b00
[2025-12-22T15:38:30.799+0000][709.944s][debug][safepoint     ] ... found polling page return exception at pc = 0x00007fb9d443e4b8, stub =0x00007fb9cc824b00
[2025-12-22T15:38:30.799+0000][709.944s][debug][safepoint     ] ... found polling page return exception at pc = 0x00007fb9d4b00ef2, stub =0x00007fb9cc824b00
[2025-12-22T15:38:30.799+0000][709.944s][debug][safepoint     ] ... found polling page return exception at pc = 0x00007fb9d4676756, stub =0x00007fb9cc824b00
[2025-12-22T15:38:30.799+0000][709.944s][debug][safepoint     ] ... found polling page return exception at pc = 0x00007fb9d47dc0f3, stub =0x00007fb9cc824b00
[2025-12-22T15:38:30.799+0000][709.945s][info ][safepoint     ] Leaving safepoint region
[2025-12-22T15:38:30.799+0000][709.945s][info ][safepoint     ] Total time for which application threads were stopped: 0.0250539 seconds, Stopping threads took: 0.0001302 seconds
[2025-12-22T15:38:30.799+0000][709.944s][debug][safepoint     ] ... found polling page return exception at pc = 0x00007fb9d4676756, stub =0x00007fb9cc824b00
[2025-12-22T15:38:30.799+0000][709.945s][info ][gc,stringdedup] Concurrent String Deduplication (709.945s)
[2025-12-22T15:38:30.799+0000][709.944s][debug][safepoint     ] ... found polling page return exception at pc = 0x00007fb9d43e5590, stub =0x00007fb9cc824b00
[2025-12-22T15:38:30.799+0000][709.945s][info ][gc,stringdedup] Concurrent String Deduplication 87040.0B->38888.0B(48152.0B) avg 54.6% (709.945s, 709.945s) 0.205ms
[2025-12-22T15:38:31.799+0000][710.945s][debug][safepoint     ] Safepoint synchronization initiated. (306 threads)
[2025-12-22T15:38:31.799+0000][710.945s][info ][safepoint     ] Application time: 1.0001973 seconds
[2025-12-22T15:38:31.800+0000][710.945s][info ][safepoint     ] Entering safepoint region: Cleanup
[2025-12-22T15:38:31.801+0000][710.947s][info ][safepoint     ] Leaving safepoint region
[2025-12-22T15:38:31.801+0000][710.947s][info ][safepoint     ] Total time for which application threads were stopped: 0.0017802 seconds, Stopping threads took: 0.0010124 seconds
[2025-12-22T15:38:32.801+0000][711.947s][debug][safepoint     ] Safepoint synchronization initiated. (306 threads)
[2025-12-22T15:38:32.801+0000][711.947s][info ][safepoint     ] Application time: 1.0002177 seconds
[2025-12-22T15:38:32.802+0000][711.947s][info ][safepoint     ] Entering safepoint region: Cleanup
[2025-12-22T15:38:32.802+0000][711.948s][info ][safepoint     ] Leaving safepoint region
[2025-12-22T15:38:32.802+0000][711.948s][info ][safepoint     ] Total time for which application threads were stopped: 0.0009075 seconds, Stopping threads took: 0.0002068 seconds
[2025-12-22T15:38:33.802+0000][712.948s][debug][safepoint     ] Safepoint synchronization initiated. (306 threads)
[2025-12-22T15:38:33.803+0000][712.948s][info ][safepoint     ] Application time: 1.0002058 seconds
[2025-12-22T15:38:33.803+0000][712.948s][info ][safepoint     ] Entering safepoint region: Cleanup
[2025-12-22T15:38:33.803+0000][712.949s][info ][safepoint     ] Leaving safepoint region
[2025-12-22T15:38:33.803+0000][712.949s][info ][safepoint     ] Total time for which application threads were stopped: 0.0006847 seconds, Stopping threads took: 0.0002546 seconds
[2025-12-22T15:38:34.803+0000][713.949s][debug][safepoint     ] Safepoint synchronization initiated. (306 threads)
[2025-12-22T15:38:34.803+0000][713.949s][info ][safepoint     ] Application time: 1.0001687 seconds
[2025-12-22T15:38:34.804+0000][713.949s][info ][safepoint     ] Entering safepoint region: Cleanup
[2025-12-22T15:38:34.804+0000][713.949s][info ][safepoint     ] Leaving safepoint region
[2025-12-22T15:38:34.804+0000][713.950s][info ][safepoint     ] Total time for which application threads were stopped: 0.0006582 seconds, Stopping threads took: 0.0001885 seconds
[2025-12-22T15:38:35.804+0000][714.950s][debug][safepoint     ] Safepoint synchronization initiated. (306 threads)
[2025-12-22T15:38:35.804+0000][714.950s][info ][safepoint     ] Application time: 1.0001950 seconds
[2025-12-22T15:38:35.805+0000][714.950s][info ][safepoint     ] Entering safepoint region: Cleanup
[2025-12-22T15:38:35.805+0000][714.950s][info ][safepoint     ] Leaving safepoint region
[2025-12-22T15:38:35.805+0000][714.950s][info ][safepoint     ] Total time for which application threads were stopped: 0.0006745 seconds, Stopping threads took: 0.0002034 seconds
[2025-12-22T15:38:35.805+0000][714.950s][debug][safepoint     ] ... found polling page loop exception at pc = 0x00007fb9ce69577e, stub =0x00007fb9cc826680
[2025-12-22T15:38:36.805+0000][715.951s][debug][safepoint     ] Safepoint synchronization initiated. (306 threads)
[2025-12-22T15:38:36.805+0000][715.951s][info ][safepoint     ] Application time: 1.0001580 seconds
[2025-12-22T15:38:36.805+0000][715.951s][info ][safepoint     ] Entering safepoint region: Cleanup
[2025-12-22T15:38:36.806+0000][715.951s][info ][safepoint     ] Leaving safepoint region
[2025-12-22T15:38:36.806+0000][715.951s][info ][safepoint     ] Total time for which application threads were stopped: 0.0004861 seconds, Stopping threads took: 0.0001394 seconds
[2025-12-22T15:38:37.806+0000][716.951s][debug][safepoint     ] Safepoint synchronization initiated. (306 threads)
[2025-12-22T15:38:37.806+0000][716.951s][info ][safepoint     ] Application time: 1.0001528 seconds
[2025-12-22T15:38:37.806+0000][716.951s][info ][safepoint     ] Entering safepoint region: Cleanup
[2025-12-22T15:38:37.806+0000][716.952s][info ][safepoint     ] Leaving safepoint region
[2025-12-22T15:38:37.806+0000][716.952s][info ][safepoint     ] Total time for which application threads were stopped: 0.0004336 seconds, Stopping threads took: 0.0001338 seconds
[2025-12-22T15:38:38.806+0000][717.952s][debug][safepoint     ] Safepoint synchronization initiated. (306 threads)
[2025-12-22T15:38:38.806+0000][717.952s][info ][safepoint     ] Application time: 1.0001843 seconds
[2025-12-22T15:38:38.807+0000][717.952s][info ][safepoint     ] Entering safepoint region: Cleanup
[2025-12-22T15:38:38.807+0000][717.953s][info ][safepoint     ] Leaving safepoint region
[2025-12-22T15:38:38.807+0000][717.953s][info ][safepoint     ] Total time for which application threads were stopped: 0.0006471 seconds, Stopping threads took: 0.0001921 seconds
[2025-12-22T15:38:39.807+0000][718.953s][debug][safepoint     ] Safepoint synchronization initiated. (305 threads)
[2025-12-22T15:38:39.807+0000][718.953s][info ][safepoint     ] Application time: 1.0001820 seconds
[2025-12-22T15:38:39.808+0000][718.953s][info ][safepoint     ] Entering safepoint region: Cleanup
[2025-12-22T15:38:39.808+0000][718.954s][info ][safepoint     ] Leaving safepoint region
[2025-12-22T15:38:39.808+0000][718.954s][info ][safepoint     ] Total time for which application threads were stopped: 0.0009579 seconds, Stopping threads took: 0.0001953 seconds
[2025-12-22T15:38:40.808+0000][719.954s][debug][safepoint     ] Safepoint synchronization initiated. (305 threads)
[2025-12-22T15:38:40.809+0000][719.954s][info ][safepoint     ] Application time: 1.0001756 seconds
[2025-12-22T15:38:40.809+0000][719.954s][info ][safepoint     ] Entering safepoint region: Cleanup
[2025-12-22T15:38:40.809+0000][719.955s][info ][safepoint     ] Leaving safepoint region
[2025-12-22T15:38:40.809+0000][719.955s][info ][safepoint     ] Total time for which application threads were stopped: 0.0007769 seconds, Stopping threads took: 0.0001401 seconds
