2025-12-22 15:26:46,640 [background-preinit] INFO  o.h.validator.internal.util.Version - HV000001: Hibernate Validator 6.0.20.Final
2025-12-22 15:26:46,739 [main] INFO  o.t.s.ThingsboardServerApplication - Starting ThingsboardServerApplication v3.6.4 using Java 11.0.22 on a202f400e838 with PID 230 (/usr/share/thingsboard/bin/thingsboard.jar started by thingsboard in /)
2025-12-22 15:26:46,741 [main] INFO  o.t.s.ThingsboardServerApplication - No active profile set, falling back to 1 default profile: "default"
2025-12-22 15:26:53,841 [main] INFO  o.s.d.r.c.RepositoryConfigurationDelegate - Multiple Spring Data modules found, entering strict repository configuration mode
2025-12-22 15:26:53,842 [main] INFO  o.s.d.r.c.RepositoryConfigurationDelegate - Bootstrapping Spring Data JPA repositories in DEFAULT mode.
2025-12-22 15:26:54,389 [main] INFO  o.s.d.r.c.RepositoryConfigurationDelegate - Finished Spring Data repository scanning in 524 ms. Found 1 JPA repository interfaces.
2025-12-22 15:26:54,393 [main] INFO  o.s.d.r.c.RepositoryConfigurationDelegate - Multiple Spring Data modules found, entering strict repository configuration mode
2025-12-22 15:26:54,394 [main] INFO  o.s.d.r.c.RepositoryConfigurationDelegate - Bootstrapping Spring Data JPA repositories in DEFAULT mode.
2025-12-22 15:26:55,029 [main] INFO  o.s.d.r.c.RepositoryConfigurationDelegate - Finished Spring Data repository scanning in 634 ms. Found 54 JPA repository interfaces.
2025-12-22 15:26:55,032 [main] INFO  o.s.d.r.c.RepositoryConfigurationDelegate - Multiple Spring Data modules found, entering strict repository configuration mode
2025-12-22 15:26:55,032 [main] INFO  o.s.d.r.c.RepositoryConfigurationDelegate - Bootstrapping Spring Data JPA repositories in DEFAULT mode.
2025-12-22 15:26:55,091 [main] INFO  o.s.d.r.c.RepositoryConfigurationDelegate - Finished Spring Data repository scanning in 59 ms. Found 1 JPA repository interfaces.
2025-12-22 15:26:56,813 [main] INFO  o.s.i.c.DefaultConfiguringBeanFactoryPostProcessor - No bean named 'errorChannel' has been explicitly defined. Therefore, a default PublishSubscribeChannel will be created.
2025-12-22 15:26:56,875 [main] INFO  o.s.i.c.DefaultConfiguringBeanFactoryPostProcessor - No bean named 'integrationHeaderChannelRegistry' has been explicitly defined. Therefore, a default DefaultHeaderChannelRegistry will be created.
2025-12-22 15:26:58,734 [main] INFO  o.t.s.q.d.DefaultTbServiceInfoProvider - Current Service ID: a202f400e838
2025-12-22 15:27:00,967 [main] INFO  o.h.jpa.internal.util.LogHelper - HHH000204: Processing PersistenceUnitInfo [name: default]
2025-12-22 15:27:01,198 [main] INFO  org.hibernate.Version - HHH000412: Hibernate ORM core version 5.6.15.Final
2025-12-22 15:27:02,067 [main] INFO  o.h.annotations.common.Version - HCANN000001: Hibernate Commons Annotations {5.1.2.Final}
2025-12-22 15:27:02,441 [main] INFO  com.zaxxer.hikari.HikariDataSource - HikariPool-1 - Starting...
2025-12-22 15:27:02,839 [main] INFO  com.zaxxer.hikari.HikariDataSource - HikariPool-1 - Start completed.
2025-12-22 15:27:02,904 [main] INFO  org.hibernate.dialect.Dialect - HHH000400: Using dialect: org.thingsboard.server.dao.ThingsboardPostgreSQLDialect
2025-12-22 15:27:06,397 [main] INFO  o.h.e.t.j.p.i.JtaPlatformInitiator - HHH000490: Using JtaPlatform implementation: [org.hibernate.engine.transaction.jta.platform.internal.NoJtaPlatform]
2025-12-22 15:27:06,462 [main] INFO  o.s.o.j.LocalContainerEntityManagerFactoryBean - Initialized JPA EntityManagerFactory for persistence unit 'default'
2025-12-22 15:27:13,509 [main] WARN  o.a.k.c.admin.AdminClientConfig - The configuration 'session.timeout.ms' was supplied but isn't a known config.
2025-12-22 15:27:13,674 [main] WARN  o.a.k.c.admin.AdminClientConfig - The configuration 'session.timeout.ms' was supplied but isn't a known config.
2025-12-22 15:27:14,261 [main] WARN  o.a.k.c.admin.AdminClientConfig - The configuration 'session.timeout.ms' was supplied but isn't a known config.
2025-12-22 15:27:14,289 [main] WARN  o.a.k.c.admin.AdminClientConfig - The configuration 'session.timeout.ms' was supplied but isn't a known config.
2025-12-22 15:27:14,313 [main] WARN  o.a.k.c.admin.AdminClientConfig - The configuration 'session.timeout.ms' was supplied but isn't a known config.
2025-12-22 15:27:14,339 [main] WARN  o.a.k.c.admin.AdminClientConfig - The configuration 'session.timeout.ms' was supplied but isn't a known config.
2025-12-22 15:27:14,396 [main] WARN  o.a.k.c.admin.AdminClientConfig - The configuration 'session.timeout.ms' was supplied but isn't a known config.
2025-12-22 15:27:14,419 [main] WARN  o.a.k.c.admin.AdminClientConfig - The configuration 'session.timeout.ms' was supplied but isn't a known config.
2025-12-22 15:27:14,439 [main] WARN  o.a.k.c.admin.AdminClientConfig - The configuration 'session.timeout.ms' was supplied but isn't a known config.
2025-12-22 15:27:14,457 [main] WARN  o.a.k.c.admin.AdminClientConfig - The configuration 'session.timeout.ms' was supplied but isn't a known config.
2025-12-22 15:27:14,477 [main] WARN  o.a.k.c.admin.AdminClientConfig - The configuration 'session.timeout.ms' was supplied but isn't a known config.
2025-12-22 15:27:14,497 [main] WARN  o.a.k.c.admin.AdminClientConfig - The configuration 'session.timeout.ms' was supplied but isn't a known config.
2025-12-22 15:27:14,515 [main] WARN  o.a.k.c.admin.AdminClientConfig - The configuration 'session.timeout.ms' was supplied but isn't a known config.
2025-12-22 15:27:14,533 [main] WARN  o.a.k.c.admin.AdminClientConfig - The configuration 'session.timeout.ms' was supplied but isn't a known config.
2025-12-22 15:27:14,546 [main] WARN  o.a.k.c.admin.AdminClientConfig - The configuration 'session.timeout.ms' was supplied but isn't a known config.
2025-12-22 15:27:14,625 [main] WARN  o.a.k.c.producer.ProducerConfig - The configuration 'session.timeout.ms' was supplied but isn't a known config.
2025-12-22 15:27:14,631 [main] WARN  o.a.k.c.producer.ProducerConfig - The configuration 'session.timeout.ms' was supplied but isn't a known config.
2025-12-22 15:27:14,638 [main] WARN  o.a.k.c.producer.ProducerConfig - The configuration 'session.timeout.ms' was supplied but isn't a known config.
2025-12-22 15:27:14,651 [main] WARN  o.a.k.c.producer.ProducerConfig - The configuration 'session.timeout.ms' was supplied but isn't a known config.
2025-12-22 15:27:14,656 [main] WARN  o.a.k.c.producer.ProducerConfig - The configuration 'session.timeout.ms' was supplied but isn't a known config.
2025-12-22 15:27:14,667 [main] WARN  o.a.k.c.producer.ProducerConfig - The configuration 'session.timeout.ms' was supplied but isn't a known config.
2025-12-22 15:27:14,687 [main] WARN  o.a.k.c.producer.ProducerConfig - The configuration 'session.timeout.ms' was supplied but isn't a known config.
2025-12-22 15:27:15,142 [main] WARN  o.a.k.c.producer.ProducerConfig - The configuration 'session.timeout.ms' was supplied but isn't a known config.
2025-12-22 15:27:15,236 [tb-queue-request-template-tb_transport.api.responses.a202f400e838-7-thread-1] INFO  o.t.s.q.c.AbstractTbQueueConsumerTemplate - Subscribing to topics [tb_transport.api.responses.a202f400e838]
2025-12-22 15:27:15,955 [main] INFO  o.s.b.w.e.tomcat.TomcatWebServer - Tomcat initialized with port(s): 9090 (http)
2025-12-22 15:27:15,977 [main] INFO  o.a.coyote.http11.Http11NioProtocol - The ["http-nio-0.0.0.0-9090"] connector has been configured to support HTTP upgrade to [h2c]
2025-12-22 15:27:15,977 [main] INFO  o.a.coyote.http11.Http11NioProtocol - Initializing ProtocolHandler ["http-nio-0.0.0.0-9090"]
2025-12-22 15:27:15,979 [main] INFO  o.a.catalina.core.StandardService - Starting service [Tomcat]
2025-12-22 15:27:15,979 [main] INFO  o.a.catalina.core.StandardEngine - Starting Servlet engine: [Apache Tomcat/9.0.73]
2025-12-22 15:27:16,218 [main] INFO  o.a.c.c.C.[Tomcat].[localhost].[/] - Initializing Spring embedded WebApplicationContext
2025-12-22 15:27:16,218 [main] INFO  o.s.b.w.s.c.ServletWebServerApplicationContext - Root WebApplicationContext: initialization completed in 29389 ms
2025-12-22 15:27:16,667 [main] INFO  o.t.s.d.a.CachedAttributesService - Going to use directExecutor for the local cache type caffeine
2025-12-22 15:27:17,636 [main] INFO  c.d.o.d.i.c.DefaultMavenCoordinates - DataStax Java driver for Apache Cassandra(R) (com.datastax.oss:java-driver-core) version 4.15.0
2025-12-22 15:27:18,176 [Thingsboard Cluster-admin-0] INFO  c.d.o.d.internal.core.time.Clock - Could not access native clock (see debug logs for details), falling back to Java system clock
2025-12-22 15:27:19,110 [nosql-Read-dispatcher-13-thread-1] INFO  o.t.s.d.u.AbstractBufferedRateExecutor - [Read] Buffered rate executor thread started
2025-12-22 15:27:19,126 [nosql-Read-dispatcher-13-thread-2] INFO  o.t.s.d.u.AbstractBufferedRateExecutor - [Read] Buffered rate executor thread started
2025-12-22 15:27:19,129 [nosql-Write-dispatcher-15-thread-1] INFO  o.t.s.d.u.AbstractBufferedRateExecutor - [Write] Buffered rate executor thread started
2025-12-22 15:27:19,143 [nosql-Write-dispatcher-15-thread-2] INFO  o.t.s.d.u.AbstractBufferedRateExecutor - [Write] Buffered rate executor thread started
2025-12-22 15:27:20,441 [main] INFO  o.t.s.s.a.DefaultTbApiUsageStateService - Starting api usage service.
2025-12-22 15:27:20,442 [main] INFO  o.t.s.s.a.DefaultTbApiUsageStateService - Started api usage service.
2025-12-22 15:27:22,039 [main] WARN  o.a.k.c.admin.AdminClientConfig - The configuration 'session.timeout.ms' was supplied but isn't a known config.
2025-12-22 15:27:23,994 [main] WARN  o.a.k.c.producer.ProducerConfig - The configuration 'session.timeout.ms' was supplied but isn't a known config.
2025-12-22 15:27:25,451 [main] INFO  o.t.s.q.e.EnvironmentLogService - ThingsBoard server environment: zookeeper.version=3.9.2-e454e8c7283100c7caec6dcae2bc82aaecb63023, built on 2024-02-12 20:59 UTC
2025-12-22 15:27:25,451 [main] INFO  o.t.s.q.e.EnvironmentLogService - ThingsBoard server environment: host.name=a202f400e838
2025-12-22 15:27:25,451 [main] INFO  o.t.s.q.e.EnvironmentLogService - ThingsBoard server environment: java.version=11.0.22
2025-12-22 15:27:25,451 [main] INFO  o.t.s.q.e.EnvironmentLogService - ThingsBoard server environment: java.vendor=Debian
2025-12-22 15:27:25,451 [main] INFO  o.t.s.q.e.EnvironmentLogService - ThingsBoard server environment: java.home=/usr/lib/jvm/java-11-openjdk-amd64
2025-12-22 15:27:25,451 [main] INFO  o.t.s.q.e.EnvironmentLogService - ThingsBoard server environment: java.class.path=/usr/share/thingsboard/bin/thingsboard.jar
2025-12-22 15:27:25,452 [main] INFO  o.t.s.q.e.EnvironmentLogService - ThingsBoard server environment: java.library.path=/usr/java/packages/lib:/usr/lib/x86_64-linux-gnu/jni:/lib/x86_64-linux-gnu:/usr/lib/x86_64-linux-gnu:/usr/lib/jni:/lib:/usr/lib
2025-12-22 15:27:25,452 [main] INFO  o.t.s.q.e.EnvironmentLogService - ThingsBoard server environment: java.io.tmpdir=/tmp
2025-12-22 15:27:25,452 [main] INFO  o.t.s.q.e.EnvironmentLogService - ThingsBoard server environment: java.compiler=<NA>
2025-12-22 15:27:25,452 [main] INFO  o.t.s.q.e.EnvironmentLogService - ThingsBoard server environment: os.name=Linux
2025-12-22 15:27:25,452 [main] INFO  o.t.s.q.e.EnvironmentLogService - ThingsBoard server environment: os.arch=amd64
2025-12-22 15:27:25,452 [main] INFO  o.t.s.q.e.EnvironmentLogService - ThingsBoard server environment: os.version=6.1.0-41-amd64
2025-12-22 15:27:25,453 [main] INFO  o.t.s.q.e.EnvironmentLogService - ThingsBoard server environment: user.name=thingsboard
2025-12-22 15:27:25,453 [main] INFO  o.t.s.q.e.EnvironmentLogService - ThingsBoard server environment: user.home=/home/thingsboard
2025-12-22 15:27:25,453 [main] INFO  o.t.s.q.e.EnvironmentLogService - ThingsBoard server environment: user.dir=/
2025-12-22 15:27:25,453 [main] INFO  o.t.s.q.e.EnvironmentLogService - ThingsBoard server environment: os.memory.free=130MB
2025-12-22 15:27:25,453 [main] INFO  o.t.s.q.e.EnvironmentLogService - ThingsBoard server environment: os.memory.max=1982MB
2025-12-22 15:27:25,453 [main] INFO  o.t.s.q.e.EnvironmentLogService - ThingsBoard server environment: os.memory.total=327MB
2025-12-22 15:27:25,621 [main] INFO  d.n.internal.NashornDetection - Delight-nashorn-sandbox detected that JDK Nashorn is present and standalone Nashorn is absent, and will use JDK Nashorn
2025-12-22 15:27:26,757 [main] INFO  o.t.s.c.t.c.ssl.SslCredentialsConfig - LWM2M Server DTLS Credentials: Skipping initialization of disabled SSL credentials.
2025-12-22 15:27:26,766 [main] INFO  o.t.s.c.t.c.ssl.SslCredentialsConfig - LWM2M Trust Credentials: Skipping initialization of disabled SSL credentials.
2025-12-22 15:27:26,784 [main] INFO  o.t.s.c.t.c.ssl.SslCredentialsConfig - LWM2M Bootstrap DTLS Credentials: Skipping initialization of disabled SSL credentials.
2025-12-22 15:27:27,315 [main] INFO  o.t.s.s.edge.rpc.EdgeGrpcService - Initializing Edge RPC service!
2025-12-22 15:27:28,092 [main] INFO  o.t.s.s.edge.rpc.EdgeGrpcService - Going to start Edge RPC server using port: 7070
2025-12-22 15:27:28,285 [main] INFO  o.t.s.s.edge.rpc.EdgeGrpcService - Edge RPC service initialized!
2025-12-22 15:27:29,105 [main] INFO  o.t.s.c.SystemInfoController - System build info: {"version":"3.6.4","artifact":"application","name":"ThingsBoard Server Application"}
2025-12-22 15:27:29,184 [main] INFO  o.t.s.s.e.EdgeEventSourcingListener - EdgeEventSourcingListener initiated
2025-12-22 15:27:29,253 [main] WARN  o.a.k.c.producer.ProducerConfig - The configuration 'session.timeout.ms' was supplied but isn't a known config.
2025-12-22 15:27:29,409 [main] INFO  o.t.s.a.service.DefaultActorService - Initializing actor system.
2025-12-22 15:27:29,428 [main] INFO  o.t.s.a.service.DefaultActorService - Actor system initialized.
2025-12-22 15:27:29,447 [main] INFO  o.t.s.c.adaptor.JsonConverterConfig - JSON type cast enabled = true
2025-12-22 15:27:29,447 [main] INFO  o.t.s.c.adaptor.JsonConverterConfig - JSON max string value length = 0
2025-12-22 15:27:29,529 [main] INFO  o.t.s.t.mqtt.MqttTransportService - Setting resource leak detector level to DISABLED
2025-12-22 15:27:29,529 [main] INFO  o.t.s.t.mqtt.MqttTransportService - Starting MQTT transport...
2025-12-22 15:27:29,572 [main] INFO  o.t.s.t.mqtt.MqttTransportService - Mqtt transport started!
2025-12-22 15:27:29,632 [main] INFO  o.e.c.elements.config.Configuration - defaults added COAP.
2025-12-22 15:27:29,650 [main] INFO  o.e.c.elements.config.Configuration - defaults added UDP.
2025-12-22 15:27:29,652 [main] INFO  o.e.c.c.network.RandomTokenGenerator - using tokens of 8 bytes in length
2025-12-22 15:27:29,681 [main] INFO  org.eclipse.californium.ban - Started.
2025-12-22 15:27:29,684 [main] INFO  o.e.c.core.network.CoapEndpoint - coap CoapEndpoint uses udp context
2025-12-22 15:27:29,703 [main] INFO  o.e.c.elements.config.Configuration - defaults added SYS.
2025-12-22 15:27:29,704 [main] INFO  o.e.c.c.network.stack.BlockwiseLayer - coap BlockwiseLayer uses MAX_MESSAGE_SIZE=1024, PREFERRED_BLOCK_SIZE=1024, BLOCKWISE_STATUS_LIFETIME=300000, MAX_RESOURCE_BODY_SIZE=268435456, BLOCKWISE_STRICT_BLOCK2_OPTION=true
2025-12-22 15:27:29,724 [main] INFO  o.e.californium.core.CoapServer - Starting server
2025-12-22 15:27:29,744 [main] INFO  o.e.c.elements.UDPConnector - UDPConnector starts up 1 sender threads and 1 receiver threads
2025-12-22 15:27:29,749 [main] INFO  o.e.c.elements.UDPConnector - UDPConnector listening on 0.0.0.0/0.0.0.0:5683, recv buf = 106496, send buf = 106496, recv packet size = 2048
2025-12-22 15:27:29,750 [main] INFO  o.e.c.core.network.CoapEndpoint - coap Started endpoint at coap://0.0.0.0:5683
2025-12-22 15:27:29,793 [main] INFO  o.t.s.t.coap.CoapTransportService - Starting CoAP transport...
2025-12-22 15:27:29,801 [main] INFO  o.t.s.t.coap.CoapTransportService - CoAP transport started!
2025-12-22 15:27:30,070 [main] INFO  o.e.c.elements.util.JceProviderUtil - Loaded net.i2p.crypto.eddsa.EdDSASecurityProvider
2025-12-22 15:27:30,137 [main] INFO  o.t.s.t.l.b.LwM2MTransportBootstrapService - Starting LwM2M transport bootstrap server...
2025-12-22 15:27:30,332 [main] INFO  o.e.c.elements.config.Configuration - defaults added DTLS.
2025-12-22 15:27:30,332 [main] INFO  o.t.s.t.l.b.LwM2MTransportBootstrapService - Unable to load X509 files for BootStrap Server
2025-12-22 15:27:30,485 [main] WARN  o.e.l.s.c.b.LeshanBootstrapServerBuilder - configStore is set but you also provide a custom SessionManager so this store will not be used
2025-12-22 15:27:30,579 [main] INFO  o.e.c.c.network.RandomTokenGenerator - using tokens of 8 bytes in length
2025-12-22 15:27:30,579 [main] INFO  o.e.c.core.network.CoapEndpoint - [LWM2M BS Server-coap://] CoapEndpoint uses udp context
2025-12-22 15:27:30,579 [main] INFO  o.e.c.c.network.stack.BlockwiseLayer - [LWM2M BS Server-coap://] BlockwiseLayer uses MAX_MESSAGE_SIZE=1024, PREFERRED_BLOCK_SIZE=1024, BLOCKWISE_STATUS_LIFETIME=300000, MAX_RESOURCE_BODY_SIZE=268435456, BLOCKWISE_STRICT_BLOCK2_OPTION=true
2025-12-22 15:27:30,613 [main] INFO  o.e.c.s.dtls.InMemoryConnectionStore - Created new InMemoryConnectionStore [capacity: 150000, connection expiration threshold: 1800s]
2025-12-22 15:27:30,616 [main] INFO  o.e.c.c.network.RandomTokenGenerator - using tokens of 8 bytes in length
2025-12-22 15:27:30,617 [main] INFO  o.e.c.core.network.CoapEndpoint - [LWM2M BS Server-coaps://] CoapEndpoint uses lwm2m correlation
2025-12-22 15:27:30,617 [main] INFO  o.e.c.c.network.stack.BlockwiseLayer - [LWM2M BS Server-coaps://] BlockwiseLayer uses MAX_MESSAGE_SIZE=1024, PREFERRED_BLOCK_SIZE=1024, BLOCKWISE_STATUS_LIFETIME=300000, MAX_RESOURCE_BODY_SIZE=268435456, BLOCKWISE_STRICT_BLOCK2_OPTION=true
2025-12-22 15:27:30,629 [main] INFO  o.e.californium.core.CoapServer - Starting server
2025-12-22 15:27:30,636 [main] INFO  o.e.c.elements.UDPConnector - UDPConnector starts up 2 sender threads and 2 receiver threads
2025-12-22 15:27:30,638 [main] INFO  o.e.c.elements.UDPConnector - UDPConnector listening on 0.0.0.0/0.0.0.0:5687, recv buf = 106496, send buf = 106496, recv packet size = 2048
2025-12-22 15:27:30,638 [main] INFO  o.e.c.core.network.CoapEndpoint - [LWM2M BS Server-coap://] Started endpoint at coap://0.0.0.0:5687
2025-12-22 15:27:30,640 [main] INFO  o.e.c.scandium.DTLSConnector - multiple network interfaces, using smallest MTU [IPv4 1500, IPv6 1280]
2025-12-22 15:27:30,642 [main] INFO  o.e.c.scandium.DTLSConnector - DTLSConnector listening on 0.0.0.0/0.0.0.0:5688, recv buf = 106496, send buf = 106496, recv packet size = 16490, MTU = IPv4 1500 / IPv6 1280
2025-12-22 15:27:30,643 [DTLS-Receiver-0-0.0.0.0/0.0.0.0:5688] INFO  o.e.c.scandium.DTLSConnector - Starting worker thread [DTLS-Receiver-0-0.0.0.0/0.0.0.0:5688]
2025-12-22 15:27:30,643 [main] INFO  o.e.c.core.network.CoapEndpoint - [LWM2M BS Server-coaps://] Started endpoint at coaps://0.0.0.0:5688
2025-12-22 15:27:30,644 [main] INFO  o.e.l.s.c.b.LeshanBootstrapServer - Bootstrap server started at coap://0.0.0.0/0.0.0.0:5687 coaps://0.0.0.0/0.0.0.0:5688
2025-12-22 15:27:30,644 [main] INFO  o.t.s.t.l.b.LwM2MTransportBootstrapService - Started LwM2M transport bootstrap server.
2025-12-22 15:27:30,796 [main] INFO  o.t.s.t.s.s.SnmpTransportService - SNMP transport service initialized
2025-12-22 15:27:31,671 [main] INFO  o.s.b.a.e.web.EndpointLinksResolver - Exposing 1 endpoint(s) beneath base path '/actuator'
2025-12-22 15:27:32,331 [main] INFO  o.s.s.web.DefaultSecurityFilterChain - Will secure Or [Ant [pattern='/*.js'], Ant [pattern='/*.css'], Ant [pattern='/*.ico'], Ant [pattern='/assets/**'], Ant [pattern='/static/**']] with [org.springframework.security.web.context.request.async.WebAsyncManagerIntegrationFilter@5e4168dd, org.springframework.security.web.header.HeaderWriterFilter@77d50cde, org.springframework.security.web.csrf.CsrfFilter@2dfde704, org.springframework.security.web.authentication.logout.LogoutFilter@604125bd, org.springframework.security.web.servletapi.SecurityContextHolderAwareRequestFilter@4374c46e, org.springframework.security.web.authentication.AnonymousAuthenticationFilter@5a3783e4, org.springframework.security.web.access.ExceptionTranslationFilter@2d980dc3, org.springframework.security.web.access.intercept.AuthorizationFilter@1ad27a73]
2025-12-22 15:27:32,519 [main] INFO  o.s.s.web.DefaultSecurityFilterChain - Will secure any request with [org.springframework.security.web.session.DisableEncodeUrlFilter@3374a30c, org.springframework.security.web.context.request.async.WebAsyncManagerIntegrationFilter@16a45e5b, org.springframework.security.web.context.SecurityContextPersistenceFilter@5381acc6, org.springframework.security.web.header.HeaderWriterFilter@4db7fe2c, org.springframework.web.filter.CorsFilter@10fef6da, org.springframework.security.web.authentication.logout.LogoutFilter@51645204, org.springframework.security.oauth2.client.web.OAuth2AuthorizationRequestRedirectFilter@2ff35d7, org.springframework.security.oauth2.client.web.OAuth2LoginAuthenticationFilter@54856056, org.thingsboard.server.service.security.auth.rest.RestLoginProcessingFilter@164dfad2, org.thingsboard.server.service.security.auth.rest.RestPublicLoginProcessingFilter@76480730, org.thingsboard.server.service.security.auth.jwt.JwtTokenAuthenticationProcessingFilter@6d0e90d5, org.thingsboard.server.service.security.auth.jwt.RefreshTokenProcessingFilter@405a296e, org.thingsboard.server.config.RateLimitProcessingFilter@128fe3ab, org.springframework.security.web.savedrequest.RequestCacheAwareFilter@3074d565, org.springframework.security.web.servletapi.SecurityContextHolderAwareRequestFilter@42775280, org.springframework.security.web.authentication.AnonymousAuthenticationFilter@1276caf2, org.springframework.security.web.session.SessionManagementFilter@22ecee76, org.springframework.security.web.access.ExceptionTranslationFilter@63c9017b, org.springframework.security.web.access.intercept.FilterSecurityInterceptor@f9769ae]
2025-12-22 15:27:32,627 [main] WARN  o.a.k.c.producer.ProducerConfig - The configuration 'session.timeout.ms' was supplied but isn't a known config.
2025-12-22 15:27:33,048 [main] INFO  o.s.b.a.w.s.WelcomePageHandlerMapping - Adding welcome page: class path resource [public/index.html]
2025-12-22 15:27:33,960 [main] INFO  o.s.i.endpoint.EventDrivenConsumer - Adding {logging-channel-adapter:_org.springframework.integration.errorLogger} as a subscriber to the 'errorChannel' channel
2025-12-22 15:27:33,961 [main] INFO  o.s.i.c.PublishSubscribeChannel - Channel 'application.errorChannel' has 1 subscriber(s).
2025-12-22 15:27:33,961 [main] INFO  o.s.i.endpoint.EventDrivenConsumer - started bean '_org.springframework.integration.errorLogger'
2025-12-22 15:27:33,962 [main] INFO  o.a.coyote.http11.Http11NioProtocol - Starting ProtocolHandler ["http-nio-0.0.0.0-9090"]
2025-12-22 15:27:33,988 [main] INFO  o.s.b.w.e.tomcat.TomcatWebServer - Tomcat started on port(s): 9090 (http) with context path ''
2025-12-22 15:27:41,359 [TB-Scheduling-1] INFO  o.t.s.c.t.s.DefaultTransportService - Transport Stats: openConnections [0]
2025-12-22 15:27:41,367 [main] INFO  o.t.s.ThingsboardServerApplication - Started ThingsboardServerApplication in 56.252 seconds (JVM running for 60.512)
2025-12-22 15:27:41,391 [main] INFO  o.t.s.q.d.HashPartitionService - Recalculating partitions
2025-12-22 15:27:41,392 [main] INFO  o.t.s.q.d.HashPartitionService - [a202f400e838] Found common server: [TB_CORE, TB_RULE_ENGINE, TB_TRANSPORT, JS_EXECUTOR, TB_VC_EXECUTOR]
2025-12-22 15:27:41,416 [main] INFO  o.t.s.q.d.HashPartitionService - Partitions changed: 
[QK(Main,TB_VC_EXECUTOR,system)] - [0, 1, 2, 3, 4, 5, 6, 7, 8, 9]
2025-12-22 15:27:41,419 [main] INFO  o.t.s.q.d.HashPartitionService - Partitions changed: 
[QK(Main,TB_CORE,system)] - [0, 1, 2, 3, 4, 5, 6, 7, 8, 9]
2025-12-22 15:27:41,431 [device-state-scheduled-21-thread-1] INFO  o.t.s.s.p.AbstractPartitionBasedService - [Device State] CURRENT PARTITIONS: []
2025-12-22 15:27:41,432 [api-usage-scheduled-23-thread-1] INFO  o.t.s.s.p.AbstractPartitionBasedService - [API Usage] CURRENT PARTITIONS: []
2025-12-22 15:27:41,436 [notifications-scheduler-43-thread-1] INFO  o.t.s.s.p.AbstractPartitionBasedService - [Notifications scheduler] CURRENT PARTITIONS: []
2025-12-22 15:27:41,440 [vc-consumer-59-thread-1] INFO  o.t.s.q.c.AbstractTbQueueConsumerTemplate - Subscribing to topics [tb_version_control.8, tb_version_control.9, tb_version_control.6, tb_version_control.7, tb_version_control.4, tb_version_control.5, tb_version_control.2, tb_version_control.3, tb_version_control.0, tb_version_control.1]
2025-12-22 15:27:41,435 [main] INFO  o.t.s.s.q.DefaultTbCoreConsumerService - Subscribing to partitions: [TopicPartitionInfo(topic=tb_core, tenantId=Optional[13814000-1dd2-11b2-8080-808080808080], partition=Optional[5], fullTopicName=tb_core.5, myPartition=true), TopicPartitionInfo(topic=tb_core, tenantId=Optional[13814000-1dd2-11b2-8080-808080808080], partition=Optional[6], fullTopicName=tb_core.6, myPartition=true), TopicPartitionInfo(topic=tb_core, tenantId=Optional[13814000-1dd2-11b2-8080-808080808080], partition=Optional[3], fullTopicName=tb_core.3, myPartition=true), TopicPartitionInfo(topic=tb_core, tenantId=Optional[13814000-1dd2-11b2-8080-808080808080], partition=Optional[4], fullTopicName=tb_core.4, myPartition=true), TopicPartitionInfo(topic=tb_core, tenantId=Optional[13814000-1dd2-11b2-8080-808080808080], partition=Optional[1], fullTopicName=tb_core.1, myPartition=true), TopicPartitionInfo(topic=tb_core, tenantId=Optional[13814000-1dd2-11b2-8080-808080808080], partition=Optional[2], fullTopicName=tb_core.2, myPartition=true), TopicPartitionInfo(topic=tb_core, tenantId=Optional[13814000-1dd2-11b2-8080-808080808080], partition=Optional[0], fullTopicName=tb_core.0, myPartition=true), TopicPartitionInfo(topic=tb_core, tenantId=Optional[13814000-1dd2-11b2-8080-808080808080], partition=Optional[9], fullTopicName=tb_core.9, myPartition=true), TopicPartitionInfo(topic=tb_core, tenantId=Optional[13814000-1dd2-11b2-8080-808080808080], partition=Optional[7], fullTopicName=tb_core.7, myPartition=true), TopicPartitionInfo(topic=tb_core, tenantId=Optional[13814000-1dd2-11b2-8080-808080808080], partition=Optional[8], fullTopicName=tb_core.8, myPartition=true)]
2025-12-22 15:27:41,436 [notifications-scheduler-43-thread-1] INFO  o.t.s.s.p.AbstractPartitionBasedService - [Notifications scheduler] NEW PARTITIONS: [TopicPartitionInfo(topic=tb_core, tenantId=Optional[13814000-1dd2-11b2-8080-808080808080], partition=Optional[5], fullTopicName=tb_core.5, myPartition=true), TopicPartitionInfo(topic=tb_core, tenantId=Optional[13814000-1dd2-11b2-8080-808080808080], partition=Optional[6], fullTopicName=tb_core.6, myPartition=true), TopicPartitionInfo(topic=tb_core, tenantId=Optional[13814000-1dd2-11b2-8080-808080808080], partition=Optional[3], fullTopicName=tb_core.3, myPartition=true), TopicPartitionInfo(topic=tb_core, tenantId=Optional[13814000-1dd2-11b2-8080-808080808080], partition=Optional[4], fullTopicName=tb_core.4, myPartition=true), TopicPartitionInfo(topic=tb_core, tenantId=Optional[13814000-1dd2-11b2-8080-808080808080], partition=Optional[1], fullTopicName=tb_core.1, myPartition=true), TopicPartitionInfo(topic=tb_core, tenantId=Optional[13814000-1dd2-11b2-8080-808080808080], partition=Optional[2], fullTopicName=tb_core.2, myPartition=true), TopicPartitionInfo(topic=tb_core, tenantId=Optional[13814000-1dd2-11b2-8080-808080808080], partition=Optional[0], fullTopicName=tb_core.0, myPartition=true), TopicPartitionInfo(topic=tb_core, tenantId=Optional[13814000-1dd2-11b2-8080-808080808080], partition=Optional[9], fullTopicName=tb_core.9, myPartition=true), TopicPartitionInfo(topic=tb_core, tenantId=Optional[13814000-1dd2-11b2-8080-808080808080], partition=Optional[7], fullTopicName=tb_core.7, myPartition=true), TopicPartitionInfo(topic=tb_core, tenantId=Optional[13814000-1dd2-11b2-8080-808080808080], partition=Optional[8], fullTopicName=tb_core.8, myPartition=true)]
2025-12-22 15:27:41,448 [main] INFO  o.t.s.a.service.DefaultActorService - Received partition change event.
2025-12-22 15:27:41,447 [notifications-scheduler-43-thread-1] INFO  o.t.s.s.p.AbstractPartitionBasedService - [Notifications scheduler] ADDED PARTITIONS: [TopicPartitionInfo(topic=tb_core, tenantId=Optional[13814000-1dd2-11b2-8080-808080808080], partition=Optional[5], fullTopicName=tb_core.5, myPartition=true), TopicPartitionInfo(topic=tb_core, tenantId=Optional[13814000-1dd2-11b2-8080-808080808080], partition=Optional[6], fullTopicName=tb_core.6, myPartition=true), TopicPartitionInfo(topic=tb_core, tenantId=Optional[13814000-1dd2-11b2-8080-808080808080], partition=Optional[3], fullTopicName=tb_core.3, myPartition=true), TopicPartitionInfo(topic=tb_core, tenantId=Optional[13814000-1dd2-11b2-8080-808080808080], partition=Optional[4], fullTopicName=tb_core.4, myPartition=true), TopicPartitionInfo(topic=tb_core, tenantId=Optional[13814000-1dd2-11b2-8080-808080808080], partition=Optional[1], fullTopicName=tb_core.1, myPartition=true), TopicPartitionInfo(topic=tb_core, tenantId=Optional[13814000-1dd2-11b2-8080-808080808080], partition=Optional[2], fullTopicName=tb_core.2, myPartition=true), TopicPartitionInfo(topic=tb_core, tenantId=Optional[13814000-1dd2-11b2-8080-808080808080], partition=Optional[0], fullTopicName=tb_core.0, myPartition=true), TopicPartitionInfo(topic=tb_core, tenantId=Optional[13814000-1dd2-11b2-8080-808080808080], partition=Optional[9], fullTopicName=tb_core.9, myPartition=true), TopicPartitionInfo(topic=tb_core, tenantId=Optional[13814000-1dd2-11b2-8080-808080808080], partition=Optional[7], fullTopicName=tb_core.7, myPartition=true), TopicPartitionInfo(topic=tb_core, tenantId=Optional[13814000-1dd2-11b2-8080-808080808080], partition=Optional[8], fullTopicName=tb_core.8, myPartition=true)]
2025-12-22 15:27:41,448 [notifications-scheduler-43-thread-1] INFO  o.t.s.s.p.AbstractPartitionBasedService - [Notifications scheduler] REMOVED PARTITIONS: []
2025-12-22 15:27:41,449 [main] INFO  o.t.s.q.d.HashPartitionService - Partitions changed: 
[QK(HighPriority,TB_RULE_ENGINE,system)] - [0, 1, 2, 3, 4, 5, 6, 7, 8, 9]
[QK(SequentialByOriginator,TB_RULE_ENGINE,system)] - [0, 1, 2, 3, 4, 5, 6, 7, 8, 9]
[QK(Main,TB_RULE_ENGINE,system)] - [0, 1, 2, 3, 4, 5, 6, 7, 8, 9]
2025-12-22 15:27:41,432 [api-usage-scheduled-23-thread-1] INFO  o.t.s.s.p.AbstractPartitionBasedService - [API Usage] NEW PARTITIONS: [TopicPartitionInfo(topic=tb_core, tenantId=Optional[13814000-1dd2-11b2-8080-808080808080], partition=Optional[5], fullTopicName=tb_core.5, myPartition=true), TopicPartitionInfo(topic=tb_core, tenantId=Optional[13814000-1dd2-11b2-8080-808080808080], partition=Optional[6], fullTopicName=tb_core.6, myPartition=true), TopicPartitionInfo(topic=tb_core, tenantId=Optional[13814000-1dd2-11b2-8080-808080808080], partition=Optional[3], fullTopicName=tb_core.3, myPartition=true), TopicPartitionInfo(topic=tb_core, tenantId=Optional[13814000-1dd2-11b2-8080-808080808080], partition=Optional[4], fullTopicName=tb_core.4, myPartition=true), TopicPartitionInfo(topic=tb_core, tenantId=Optional[13814000-1dd2-11b2-8080-808080808080], partition=Optional[1], fullTopicName=tb_core.1, myPartition=true), TopicPartitionInfo(topic=tb_core, tenantId=Optional[13814000-1dd2-11b2-8080-808080808080], partition=Optional[2], fullTopicName=tb_core.2, myPartition=true), TopicPartitionInfo(topic=tb_core, tenantId=Optional[13814000-1dd2-11b2-8080-808080808080], partition=Optional[0], fullTopicName=tb_core.0, myPartition=true), TopicPartitionInfo(topic=tb_core, tenantId=Optional[13814000-1dd2-11b2-8080-808080808080], partition=Optional[9], fullTopicName=tb_core.9, myPartition=true), TopicPartitionInfo(topic=tb_core, tenantId=Optional[13814000-1dd2-11b2-8080-808080808080], partition=Optional[7], fullTopicName=tb_core.7, myPartition=true), TopicPartitionInfo(topic=tb_core, tenantId=Optional[13814000-1dd2-11b2-8080-808080808080], partition=Optional[8], fullTopicName=tb_core.8, myPartition=true)]
2025-12-22 15:27:41,453 [api-usage-scheduled-23-thread-1] INFO  o.t.s.s.p.AbstractPartitionBasedService - [API Usage] ADDED PARTITIONS: [TopicPartitionInfo(topic=tb_core, tenantId=Optional[13814000-1dd2-11b2-8080-808080808080], partition=Optional[5], fullTopicName=tb_core.5, myPartition=true), TopicPartitionInfo(topic=tb_core, tenantId=Optional[13814000-1dd2-11b2-8080-808080808080], partition=Optional[6], fullTopicName=tb_core.6, myPartition=true), TopicPartitionInfo(topic=tb_core, tenantId=Optional[13814000-1dd2-11b2-8080-808080808080], partition=Optional[3], fullTopicName=tb_core.3, myPartition=true), TopicPartitionInfo(topic=tb_core, tenantId=Optional[13814000-1dd2-11b2-8080-808080808080], partition=Optional[4], fullTopicName=tb_core.4, myPartition=true), TopicPartitionInfo(topic=tb_core, tenantId=Optional[13814000-1dd2-11b2-8080-808080808080], partition=Optional[1], fullTopicName=tb_core.1, myPartition=true), TopicPartitionInfo(topic=tb_core, tenantId=Optional[13814000-1dd2-11b2-8080-808080808080], partition=Optional[2], fullTopicName=tb_core.2, myPartition=true), TopicPartitionInfo(topic=tb_core, tenantId=Optional[13814000-1dd2-11b2-8080-808080808080], partition=Optional[0], fullTopicName=tb_core.0, myPartition=true), TopicPartitionInfo(topic=tb_core, tenantId=Optional[13814000-1dd2-11b2-8080-808080808080], partition=Optional[9], fullTopicName=tb_core.9, myPartition=true), TopicPartitionInfo(topic=tb_core, tenantId=Optional[13814000-1dd2-11b2-8080-808080808080], partition=Optional[7], fullTopicName=tb_core.7, myPartition=true), TopicPartitionInfo(topic=tb_core, tenantId=Optional[13814000-1dd2-11b2-8080-808080808080], partition=Optional[8], fullTopicName=tb_core.8, myPartition=true)]
2025-12-22 15:27:41,453 [api-usage-scheduled-23-thread-1] INFO  o.t.s.s.p.AbstractPartitionBasedService - [API Usage] REMOVED PARTITIONS: []
2025-12-22 15:27:41,432 [device-state-scheduled-21-thread-1] INFO  o.t.s.s.p.AbstractPartitionBasedService - [Device State] NEW PARTITIONS: [TopicPartitionInfo(topic=tb_core, tenantId=Optional[13814000-1dd2-11b2-8080-808080808080], partition=Optional[5], fullTopicName=tb_core.5, myPartition=true), TopicPartitionInfo(topic=tb_core, tenantId=Optional[13814000-1dd2-11b2-8080-808080808080], partition=Optional[6], fullTopicName=tb_core.6, myPartition=true), TopicPartitionInfo(topic=tb_core, tenantId=Optional[13814000-1dd2-11b2-8080-808080808080], partition=Optional[3], fullTopicName=tb_core.3, myPartition=true), TopicPartitionInfo(topic=tb_core, tenantId=Optional[13814000-1dd2-11b2-8080-808080808080], partition=Optional[4], fullTopicName=tb_core.4, myPartition=true), TopicPartitionInfo(topic=tb_core, tenantId=Optional[13814000-1dd2-11b2-8080-808080808080], partition=Optional[1], fullTopicName=tb_core.1, myPartition=true), TopicPartitionInfo(topic=tb_core, tenantId=Optional[13814000-1dd2-11b2-8080-808080808080], partition=Optional[2], fullTopicName=tb_core.2, myPartition=true), TopicPartitionInfo(topic=tb_core, tenantId=Optional[13814000-1dd2-11b2-8080-808080808080], partition=Optional[0], fullTopicName=tb_core.0, myPartition=true), TopicPartitionInfo(topic=tb_core, tenantId=Optional[13814000-1dd2-11b2-8080-808080808080], partition=Optional[9], fullTopicName=tb_core.9, myPartition=true), TopicPartitionInfo(topic=tb_core, tenantId=Optional[13814000-1dd2-11b2-8080-808080808080], partition=Optional[7], fullTopicName=tb_core.7, myPartition=true), TopicPartitionInfo(topic=tb_core, tenantId=Optional[13814000-1dd2-11b2-8080-808080808080], partition=Optional[8], fullTopicName=tb_core.8, myPartition=true)]
2025-12-22 15:27:41,455 [device-state-scheduled-21-thread-1] INFO  o.t.s.s.p.AbstractPartitionBasedService - [Device State] ADDED PARTITIONS: [TopicPartitionInfo(topic=tb_core, tenantId=Optional[13814000-1dd2-11b2-8080-808080808080], partition=Optional[5], fullTopicName=tb_core.5, myPartition=true), TopicPartitionInfo(topic=tb_core, tenantId=Optional[13814000-1dd2-11b2-8080-808080808080], partition=Optional[6], fullTopicName=tb_core.6, myPartition=true), TopicPartitionInfo(topic=tb_core, tenantId=Optional[13814000-1dd2-11b2-8080-808080808080], partition=Optional[3], fullTopicName=tb_core.3, myPartition=true), TopicPartitionInfo(topic=tb_core, tenantId=Optional[13814000-1dd2-11b2-8080-808080808080], partition=Optional[4], fullTopicName=tb_core.4, myPartition=true), TopicPartitionInfo(topic=tb_core, tenantId=Optional[13814000-1dd2-11b2-8080-808080808080], partition=Optional[1], fullTopicName=tb_core.1, myPartition=true), TopicPartitionInfo(topic=tb_core, tenantId=Optional[13814000-1dd2-11b2-8080-808080808080], partition=Optional[2], fullTopicName=tb_core.2, myPartition=true), TopicPartitionInfo(topic=tb_core, tenantId=Optional[13814000-1dd2-11b2-8080-808080808080], partition=Optional[0], fullTopicName=tb_core.0, myPartition=true), TopicPartitionInfo(topic=tb_core, tenantId=Optional[13814000-1dd2-11b2-8080-808080808080], partition=Optional[9], fullTopicName=tb_core.9, myPartition=true), TopicPartitionInfo(topic=tb_core, tenantId=Optional[13814000-1dd2-11b2-8080-808080808080], partition=Optional[7], fullTopicName=tb_core.7, myPartition=true), TopicPartitionInfo(topic=tb_core, tenantId=Optional[13814000-1dd2-11b2-8080-808080808080], partition=Optional[8], fullTopicName=tb_core.8, myPartition=true)]
2025-12-22 15:27:41,457 [device-state-scheduled-21-thread-1] INFO  o.t.s.s.p.AbstractPartitionBasedService - [Device State] REMOVED PARTITIONS: []
2025-12-22 15:27:41,457 [api-usage-scheduled-23-thread-1] INFO  o.t.s.s.a.DefaultTbApiUsageStateService - Initializing tenant states.
2025-12-22 15:27:41,462 [main] INFO  o.t.s.a.service.DefaultActorService - Received partition change event.
2025-12-22 15:27:41,463 [main] INFO  o.t.s.t.s.s.SnmpTransportBalancingService - Recalculating partitions for SNMP transports
2025-12-22 15:27:41,464 [main] INFO  o.t.s.t.s.s.SnmpTransportBalancingService - SNMP transports partitions have not changed
2025-12-22 15:27:41,572 [notifications-scheduler-43-thread-1] INFO  o.t.s.s.p.AbstractPartitionBasedService - [Notifications scheduler] Managing following partitions:
2025-12-22 15:27:41,573 [notifications-scheduler-43-thread-1] INFO  o.t.s.s.p.AbstractPartitionBasedService - [Notifications scheduler][tb_core.5]: 0 entities
2025-12-22 15:27:41,573 [notifications-scheduler-43-thread-1] INFO  o.t.s.s.p.AbstractPartitionBasedService - [Notifications scheduler][tb_core.6]: 0 entities
2025-12-22 15:27:41,574 [notifications-scheduler-43-thread-1] INFO  o.t.s.s.p.AbstractPartitionBasedService - [Notifications scheduler][tb_core.3]: 0 entities
2025-12-22 15:27:41,574 [notifications-scheduler-43-thread-1] INFO  o.t.s.s.p.AbstractPartitionBasedService - [Notifications scheduler][tb_core.4]: 0 entities
2025-12-22 15:27:41,574 [notifications-scheduler-43-thread-1] INFO  o.t.s.s.p.AbstractPartitionBasedService - [Notifications scheduler][tb_core.1]: 0 entities
2025-12-22 15:27:41,575 [notifications-scheduler-43-thread-1] INFO  o.t.s.s.p.AbstractPartitionBasedService - [Notifications scheduler][tb_core.2]: 0 entities
2025-12-22 15:27:41,575 [notifications-scheduler-43-thread-1] INFO  o.t.s.s.p.AbstractPartitionBasedService - [Notifications scheduler][tb_core.0]: 0 entities
2025-12-22 15:27:41,576 [notifications-scheduler-43-thread-1] INFO  o.t.s.s.p.AbstractPartitionBasedService - [Notifications scheduler][tb_core.9]: 0 entities
2025-12-22 15:27:41,576 [notifications-scheduler-43-thread-1] INFO  o.t.s.s.p.AbstractPartitionBasedService - [Notifications scheduler][tb_core.7]: 0 entities
2025-12-22 15:27:41,576 [notifications-scheduler-43-thread-1] INFO  o.t.s.s.p.AbstractPartitionBasedService - [Notifications scheduler][tb_core.8]: 0 entities
2025-12-22 15:27:41,779 [device-state-scheduled-21-thread-1] INFO  o.t.s.s.s.DefaultDeviceStateService - [TopicPartitionInfo(topic=tb_core, tenantId=Optional[13814000-1dd2-11b2-8080-808080808080], partition=Optional[5], fullTopicName=tb_core.5, myPartition=true)] Submit task for device states: 3
2025-12-22 15:27:41,783 [device-state-scheduled-21-thread-1] INFO  o.t.s.s.s.DefaultDeviceStateService - [TopicPartitionInfo(topic=tb_core, tenantId=Optional[13814000-1dd2-11b2-8080-808080808080], partition=Optional[4], fullTopicName=tb_core.4, myPartition=true)] Submit task for device states: 1
2025-12-22 15:27:41,784 [device-state-scheduled-21-thread-1] INFO  o.t.s.s.s.DefaultDeviceStateService - [TopicPartitionInfo(topic=tb_core, tenantId=Optional[13814000-1dd2-11b2-8080-808080808080], partition=Optional[1], fullTopicName=tb_core.1, myPartition=true)] Submit task for device states: 4
2025-12-22 15:27:41,786 [device-state-scheduled-21-thread-1] INFO  o.t.s.s.s.DefaultDeviceStateService - [TopicPartitionInfo(topic=tb_core, tenantId=Optional[13814000-1dd2-11b2-8080-808080808080], partition=Optional[2], fullTopicName=tb_core.2, myPartition=true)] Submit task for device states: 4
2025-12-22 15:27:41,786 [device-state-scheduled-21-thread-1] INFO  o.t.s.s.s.DefaultDeviceStateService - [TopicPartitionInfo(topic=tb_core, tenantId=Optional[13814000-1dd2-11b2-8080-808080808080], partition=Optional[0], fullTopicName=tb_core.0, myPartition=true)] Submit task for device states: 2
2025-12-22 15:27:41,787 [device-state-scheduled-21-thread-1] INFO  o.t.s.s.s.DefaultDeviceStateService - [TopicPartitionInfo(topic=tb_core, tenantId=Optional[13814000-1dd2-11b2-8080-808080808080], partition=Optional[7], fullTopicName=tb_core.7, myPartition=true)] Submit task for device states: 1
2025-12-22 15:27:41,787 [device-state-scheduled-21-thread-1] INFO  o.t.s.s.s.DefaultDeviceStateService - [TopicPartitionInfo(topic=tb_core, tenantId=Optional[13814000-1dd2-11b2-8080-808080808080], partition=Optional[8], fullTopicName=tb_core.8, myPartition=true)] Submit task for device states: 3
2025-12-22 15:27:41,856 [device-state-2-2] INFO  o.t.s.s.s.DefaultDeviceStateService - [4] Initialized 1 out of 1 device states
2025-12-22 15:27:41,857 [device-state-3-3] INFO  o.t.s.s.s.DefaultDeviceStateService - [2] Initialized 4 out of 4 device states
2025-12-22 15:27:41,857 [device-state-1-1] INFO  o.t.s.s.s.DefaultDeviceStateService - [5] Initialized 3 out of 3 device states
2025-12-22 15:27:41,860 [device-state-0-4] INFO  o.t.s.s.s.DefaultDeviceStateService - [1] Initialized 4 out of 4 device states
2025-12-22 15:27:41,868 [device-state-1-1] INFO  o.t.s.s.s.DefaultDeviceStateService - [8] Initialized 3 out of 3 device states
2025-12-22 15:27:41,869 [device-state-2-2] INFO  o.t.s.s.s.DefaultDeviceStateService - [7] Initialized 1 out of 1 device states
2025-12-22 15:27:41,874 [device-state-3-3] INFO  o.t.s.s.s.DefaultDeviceStateService - [0] Initialized 2 out of 2 device states
2025-12-22 15:27:41,875 [device-state-3-3] INFO  o.t.s.s.p.AbstractPartitionBasedService - [Device State] Managing following partitions:
2025-12-22 15:27:41,875 [device-state-3-3] INFO  o.t.s.s.p.AbstractPartitionBasedService - [Device State][tb_core.5]: 3 entities
2025-12-22 15:27:41,875 [device-state-3-3] INFO  o.t.s.s.p.AbstractPartitionBasedService - [Device State][tb_core.6]: 0 entities
2025-12-22 15:27:41,876 [device-state-3-3] INFO  o.t.s.s.p.AbstractPartitionBasedService - [Device State][tb_core.3]: 0 entities
2025-12-22 15:27:41,876 [device-state-3-3] INFO  o.t.s.s.p.AbstractPartitionBasedService - [Device State][tb_core.4]: 1 entities
2025-12-22 15:27:41,877 [device-state-3-3] INFO  o.t.s.s.p.AbstractPartitionBasedService - [Device State][tb_core.1]: 4 entities
2025-12-22 15:27:41,877 [device-state-3-3] INFO  o.t.s.s.p.AbstractPartitionBasedService - [Device State][tb_core.2]: 4 entities
2025-12-22 15:27:41,877 [device-state-3-3] INFO  o.t.s.s.p.AbstractPartitionBasedService - [Device State][tb_core.0]: 2 entities
2025-12-22 15:27:41,878 [device-state-3-3] INFO  o.t.s.s.p.AbstractPartitionBasedService - [Device State][tb_core.9]: 0 entities
2025-12-22 15:27:41,878 [device-state-3-3] INFO  o.t.s.s.p.AbstractPartitionBasedService - [Device State][tb_core.7]: 1 entities
2025-12-22 15:27:41,878 [device-state-3-3] INFO  o.t.s.s.p.AbstractPartitionBasedService - [Device State][tb_core.8]: 3 entities
2025-12-22 15:27:41,926 [DbCallbackExecutorService-57-1] INFO  o.t.s.s.p.AbstractPartitionBasedService - [API Usage] Managing following partitions:
2025-12-22 15:27:41,927 [DbCallbackExecutorService-57-1] INFO  o.t.s.s.p.AbstractPartitionBasedService - [API Usage][tb_core.5]: 1 entities
2025-12-22 15:27:41,927 [DbCallbackExecutorService-57-1] INFO  o.t.s.s.p.AbstractPartitionBasedService - [API Usage][tb_core.6]: 0 entities
2025-12-22 15:27:41,928 [DbCallbackExecutorService-57-1] INFO  o.t.s.s.p.AbstractPartitionBasedService - [API Usage][tb_core.3]: 0 entities
2025-12-22 15:27:41,928 [DbCallbackExecutorService-57-1] INFO  o.t.s.s.p.AbstractPartitionBasedService - [API Usage][tb_core.4]: 0 entities
2025-12-22 15:27:41,928 [DbCallbackExecutorService-57-1] INFO  o.t.s.s.p.AbstractPartitionBasedService - [API Usage][tb_core.1]: 0 entities
2025-12-22 15:27:41,929 [DbCallbackExecutorService-57-1] INFO  o.t.s.s.p.AbstractPartitionBasedService - [API Usage][tb_core.2]: 0 entities
2025-12-22 15:27:41,929 [DbCallbackExecutorService-57-1] INFO  o.t.s.s.p.AbstractPartitionBasedService - [API Usage][tb_core.0]: 0 entities
2025-12-22 15:27:41,930 [DbCallbackExecutorService-57-1] INFO  o.t.s.s.p.AbstractPartitionBasedService - [API Usage][tb_core.9]: 0 entities
2025-12-22 15:27:41,930 [DbCallbackExecutorService-57-1] INFO  o.t.s.s.p.AbstractPartitionBasedService - [API Usage][tb_core.7]: 0 entities
2025-12-22 15:27:41,930 [DbCallbackExecutorService-57-1] INFO  o.t.s.s.p.AbstractPartitionBasedService - [API Usage][tb_core.8]: 0 entities
2025-12-22 15:27:42,021 [main] INFO  o.t.s.a.service.DefaultActorService - Received application ready event. Sending application init message to actor system
2025-12-22 15:27:42,022 [app-dispatcher-58-thread-1] INFO  o.t.server.actors.app.AppActor - Starting main system actor.
2025-12-22 15:27:42,027 [main] INFO  o.t.s.s.t.TbCoreTransportApiService - Received application ready event. Starting polling for events.
2025-12-22 15:27:42,028 [main] INFO  o.t.s.s.q.p.AbstractConsumerService - Subscribing to notifications: tb_core.notifications.a202f400e838
2025-12-22 15:27:42,029 [tb-queue-response-template-loop-tb_transport.api.requests-47-thread-1] INFO  o.t.s.q.c.AbstractTbQueueConsumerTemplate - Subscribing to topics [tb_transport.api.requests]
2025-12-22 15:27:42,033 [tb-core-notifications-consumer-48-thread-1] INFO  o.t.s.q.c.AbstractTbQueueConsumerTemplate - Subscribing to topics [tb_core.notifications.a202f400e838]
2025-12-22 15:27:42,039 [app-dispatcher-58-thread-1] INFO  o.t.server.actors.app.AppActor - Main system actor started.
2025-12-22 15:27:42,041 [tb-core-consumer-49-thread-1] INFO  o.t.s.q.c.AbstractTbQueueConsumerTemplate - Subscribing to topics [tb_core.5, tb_core.6, tb_core.3, tb_core.4, tb_core.1, tb_core.2, tb_core.0, tb_core.9, tb_core.7, tb_core.8]
2025-12-22 15:27:42,051 [main] INFO  o.t.s.s.q.p.AbstractConsumerService - Subscribing to notifications: tb_rule_engine.notifications.a202f400e838
2025-12-22 15:27:42,080 [tb-core-firmware-notifications-consumer-51-thread-1] INFO  o.t.s.q.c.AbstractTbQueueConsumerTemplate - Subscribing to topics [tb_ota_package]
2025-12-22 15:27:42,084 [tb-rule-engine-notifications-consumer-55-thread-1] INFO  o.t.s.q.c.AbstractTbQueueConsumerTemplate - Subscribing to topics [tb_rule_engine.notifications.a202f400e838]
2025-12-22 15:27:42,087 [tb-core-usage-stats-consumer-50-thread-1] INFO  o.t.s.q.c.AbstractTbQueueConsumerTemplate - Subscribing to topics [tb_usage_stats.3, tb_usage_stats.4, tb_usage_stats.5, tb_usage_stats.6, tb_usage_stats.0, tb_usage_stats.1, tb_usage_stats.2, tb_usage_stats.7, tb_usage_stats.8, tb_usage_stats.9]
2025-12-22 15:27:42,109 [transport-consumer-8-thread-1] INFO  o.t.s.q.c.AbstractTbQueueConsumerTemplate - Subscribing to topics [tb_transport.notifications.a202f400e838]
2025-12-22 15:27:42,113 [main] INFO  o.t.s.t.l.s.DefaultLwM2mTransportService - Unable to load X509 files for LWM2MServer
2025-12-22 15:27:42,121 [main] INFO  o.e.c.c.network.RandomTokenGenerator - using tokens of 8 bytes in length
2025-12-22 15:27:42,122 [main] INFO  o.e.c.core.network.CoapEndpoint - [LWM2M Server-coap://] CoapEndpoint uses udp context
2025-12-22 15:27:42,123 [main] INFO  o.e.c.c.network.stack.BlockwiseLayer - [LWM2M Server-coap://] BlockwiseLayer uses MAX_MESSAGE_SIZE=1024, PREFERRED_BLOCK_SIZE=1024, BLOCKWISE_STATUS_LIFETIME=300000, MAX_RESOURCE_BODY_SIZE=268435456, BLOCKWISE_STRICT_BLOCK2_OPTION=true
2025-12-22 15:27:42,123 [main] INFO  o.e.c.s.dtls.InMemoryConnectionStore - Created new InMemoryConnectionStore [capacity: 150000, connection expiration threshold: 1800s]
2025-12-22 15:27:42,124 [main] INFO  o.e.c.c.network.RandomTokenGenerator - using tokens of 8 bytes in length
2025-12-22 15:27:42,125 [main] INFO  o.e.c.core.network.CoapEndpoint - [LWM2M Server-coaps://] CoapEndpoint uses lwm2m correlation
2025-12-22 15:27:42,125 [main] INFO  o.e.c.c.network.stack.BlockwiseLayer - [LWM2M Server-coaps://] BlockwiseLayer uses MAX_MESSAGE_SIZE=1024, PREFERRED_BLOCK_SIZE=1024, BLOCKWISE_STATUS_LIFETIME=300000, MAX_RESOURCE_BODY_SIZE=268435456, BLOCKWISE_STRICT_BLOCK2_OPTION=true
2025-12-22 15:27:42,134 [tb-rule-engine-notifications-consumer-55-thread-1] WARN  o.apache.kafka.clients.NetworkClient - [Consumer clientId=monolith-rule-engine-notifications-consumer-a202f400e838, groupId=monolith-rule-engine-notifications-consumer-a202f400e838] Error while fetching metadata with correlation id 2 : {tb_rule_engine.notifications.a202f400e838=UNKNOWN_TOPIC_OR_PARTITION}
2025-12-22 15:27:42,159 [transport-consumer-8-thread-1] WARN  o.apache.kafka.clients.NetworkClient - [Consumer clientId=transport-api-notifications-a202f400e838, groupId=transport-node-a202f400e838] Error while fetching metadata with correlation id 2 : {tb_transport.notifications.a202f400e838=UNKNOWN_TOPIC_OR_PARTITION}
2025-12-22 15:27:42,160 [main] INFO  o.t.s.t.l.s.DefaultLwM2mTransportService - Starting LwM2M transport server...
2025-12-22 15:27:42,210 [main] INFO  o.e.californium.core.CoapServer - Starting server
2025-12-22 15:27:42,214 [main] INFO  o.e.c.elements.UDPConnector - UDPConnector starts up 2 sender threads and 2 receiver threads
2025-12-22 15:27:42,218 [main] INFO  o.e.c.elements.UDPConnector - UDPConnector listening on 0.0.0.0/0.0.0.0:5685, recv buf = 106496, send buf = 106496, recv packet size = 2048
2025-12-22 15:27:42,218 [main] INFO  o.e.c.core.network.CoapEndpoint - [LWM2M Server-coap://] Started endpoint at coap://0.0.0.0:5685
2025-12-22 15:27:42,219 [main] INFO  o.e.c.scandium.DTLSConnector - multiple network interfaces, using smallest MTU [IPv4 1500, IPv6 1280]
2025-12-22 15:27:42,231 [DTLS-Receiver-0-0.0.0.0/0.0.0.0:5686] INFO  o.e.c.scandium.DTLSConnector - Starting worker thread [DTLS-Receiver-0-0.0.0.0/0.0.0.0:5686]
2025-12-22 15:27:42,232 [main] INFO  o.e.c.scandium.DTLSConnector - DTLSConnector listening on 0.0.0.0/0.0.0.0:5686, recv buf = 106496, send buf = 106496, recv packet size = 16490, MTU = IPv4 1500 / IPv6 1280
2025-12-22 15:27:42,232 [DTLS-Receiver-1-0.0.0.0/0.0.0.0:5686] INFO  o.e.c.scandium.DTLSConnector - Starting worker thread [DTLS-Receiver-1-0.0.0.0/0.0.0.0:5686]
2025-12-22 15:27:42,232 [main] INFO  o.e.c.core.network.CoapEndpoint - [LWM2M Server-coaps://] Started endpoint at coaps://0.0.0.0:5686
2025-12-22 15:27:42,233 [main] INFO  o.e.l.s.californium.LeshanServer - LWM2M server started at coap://0.0.0.0/0.0.0.0:5685 coaps://0.0.0.0/0.0.0.0:5686
2025-12-22 15:27:42,235 [rule-dispatcher-5-5] INFO  c.d.oss.driver.api.core.uuid.Uuids - PID obtained through JMX: 230
2025-12-22 15:27:42,239 [main] INFO  o.t.s.t.l.s.DefaultLwM2mTransportService - Started LwM2M transport server.
2025-12-22 15:27:42,239 [main] INFO  o.t.s.t.snmp.SnmpTransportContext - Initializing SNMP devices sessions
2025-12-22 15:27:42,240 [tb-rule-engine-notifications-consumer-55-thread-1] WARN  o.apache.kafka.clients.NetworkClient - [Consumer clientId=monolith-rule-engine-notifications-consumer-a202f400e838, groupId=monolith-rule-engine-notifications-consumer-a202f400e838] Error while fetching metadata with correlation id 7 : {tb_rule_engine.notifications.a202f400e838=UNKNOWN_TOPIC_OR_PARTITION}
2025-12-22 15:27:42,258 [rule-dispatcher-5-5] INFO  o.t.s.d.s.i.s.SqlPartitioningRepository - Saving partition 1766016000000-1766620800000 for table lc_event
2025-12-22 15:27:42,277 [transport-consumer-8-thread-1] WARN  o.apache.kafka.clients.NetworkClient - [Consumer clientId=transport-api-notifications-a202f400e838, groupId=transport-node-a202f400e838] Error while fetching metadata with correlation id 7 : {tb_transport.notifications.a202f400e838=UNKNOWN_TOPIC_OR_PARTITION}
2025-12-22 15:27:42,455 [tb-rule-engine-mgmt-9-1] INFO  o.t.s.s.q.r.TbRuleEngineQueueConsumerManager - [QK(HighPriority,TB_RULE_ENGINE,system)] Added partitions: [tb_rule_engine.hp.9, tb_rule_engine.hp.7, tb_rule_engine.hp.8, tb_rule_engine.hp.5, tb_rule_engine.hp.6, tb_rule_engine.hp.3, tb_rule_engine.hp.4, tb_rule_engine.hp.1, tb_rule_engine.hp.2, tb_rule_engine.hp.0], removed partitions: []
2025-12-22 15:27:42,473 [tb-rule-engine-mgmt-11-3] INFO  o.t.s.s.q.r.TbRuleEngineQueueConsumerManager - [QK(Main,TB_RULE_ENGINE,system)] Added partitions: [tb_rule_engine.main.8, tb_rule_engine.main.9, tb_rule_engine.main.6, tb_rule_engine.main.7, tb_rule_engine.main.4, tb_rule_engine.main.5, tb_rule_engine.main.2, tb_rule_engine.main.3, tb_rule_engine.main.0, tb_rule_engine.main.1], removed partitions: []
2025-12-22 15:27:42,488 [tb-rule-engine-mgmt-2-2] INFO  o.t.s.s.q.r.TbRuleEngineQueueConsumerManager - [QK(SequentialByOriginator,TB_RULE_ENGINE,system)] Added partitions: [tb_rule_engine.sq.9, tb_rule_engine.sq.8, tb_rule_engine.sq.7, tb_rule_engine.sq.2, tb_rule_engine.sq.1, tb_rule_engine.sq.0, tb_rule_engine.sq.6, tb_rule_engine.sq.5, tb_rule_engine.sq.4, tb_rule_engine.sq.3], removed partitions: []
2025-12-22 15:27:42,496 [tb-rule-engine-mgmt-9-1] INFO  o.t.s.s.q.r.TbRuleEngineQueueConsumerManager - [QK(HighPriority,TB_RULE_ENGINE,system)-9] Launching consumer
2025-12-22 15:27:42,505 [tb-rule-engine-mgmt-2-2] INFO  o.t.s.s.q.r.TbRuleEngineQueueConsumerManager - [QK(SequentialByOriginator,TB_RULE_ENGINE,system)-9] Launching consumer
2025-12-22 15:27:42,507 [tb-rule-engine-mgmt-11-3] INFO  o.t.s.s.q.r.TbRuleEngineQueueConsumerManager - [QK(Main,TB_RULE_ENGINE,system)-8] Launching consumer
2025-12-22 15:27:42,518 [tb-rule-engine-consumer-53-thread-1 | QK(HighPriority,TB_RULE_ENGINE,system)-9] INFO  o.t.s.q.c.AbstractTbQueueConsumerTemplate - Subscribing to topics [tb_rule_engine.hp.9]
2025-12-22 15:27:42,522 [tb-rule-engine-consumer-53-thread-3 | QK(SequentialByOriginator,TB_RULE_ENGINE,system)-9] INFO  o.t.s.q.c.AbstractTbQueueConsumerTemplate - Subscribing to topics [tb_rule_engine.sq.9]
2025-12-22 15:27:42,528 [tb-rule-engine-consumer-53-thread-2 | QK(Main,TB_RULE_ENGINE,system)-8] INFO  o.t.s.q.c.AbstractTbQueueConsumerTemplate - Subscribing to topics [tb_rule_engine.main.8]
2025-12-22 15:27:42,562 [tb-rule-engine-mgmt-11-3] INFO  o.t.s.s.q.r.TbRuleEngineQueueConsumerManager - [QK(Main,TB_RULE_ENGINE,system)-9] Launching consumer
2025-12-22 15:27:42,563 [tb-rule-engine-mgmt-2-2] INFO  o.t.s.s.q.r.TbRuleEngineQueueConsumerManager - [QK(SequentialByOriginator,TB_RULE_ENGINE,system)-8] Launching consumer
2025-12-22 15:27:42,563 [tb-rule-engine-mgmt-9-1] INFO  o.t.s.s.q.r.TbRuleEngineQueueConsumerManager - [QK(HighPriority,TB_RULE_ENGINE,system)-7] Launching consumer
2025-12-22 15:27:42,577 [tb-rule-engine-consumer-53-thread-6 | QK(HighPriority,TB_RULE_ENGINE,system)-7] INFO  o.t.s.q.c.AbstractTbQueueConsumerTemplate - Subscribing to topics [tb_rule_engine.hp.7]
2025-12-22 15:27:42,580 [tb-rule-engine-consumer-53-thread-4 | QK(Main,TB_RULE_ENGINE,system)-9] INFO  o.t.s.q.c.AbstractTbQueueConsumerTemplate - Subscribing to topics [tb_rule_engine.main.9]
2025-12-22 15:27:42,583 [tb-rule-engine-consumer-53-thread-5 | QK(SequentialByOriginator,TB_RULE_ENGINE,system)-8] INFO  o.t.s.q.c.AbstractTbQueueConsumerTemplate - Subscribing to topics [tb_rule_engine.sq.8]
2025-12-22 15:27:42,597 [tb-rule-engine-mgmt-11-3] INFO  o.t.s.s.q.r.TbRuleEngineQueueConsumerManager - [QK(Main,TB_RULE_ENGINE,system)-6] Launching consumer
2025-12-22 15:27:42,603 [tb-rule-engine-mgmt-9-1] INFO  o.t.s.s.q.r.TbRuleEngineQueueConsumerManager - [QK(HighPriority,TB_RULE_ENGINE,system)-8] Launching consumer
2025-12-22 15:27:42,610 [tb-rule-engine-mgmt-2-2] INFO  o.t.s.s.q.r.TbRuleEngineQueueConsumerManager - [QK(SequentialByOriginator,TB_RULE_ENGINE,system)-7] Launching consumer
2025-12-22 15:27:42,613 [tb-rule-engine-consumer-53-thread-9 | QK(SequentialByOriginator,TB_RULE_ENGINE,system)-7] INFO  o.t.s.q.c.AbstractTbQueueConsumerTemplate - Subscribing to topics [tb_rule_engine.sq.7]
2025-12-22 15:27:42,614 [tb-rule-engine-consumer-53-thread-8 | QK(HighPriority,TB_RULE_ENGINE,system)-8] INFO  o.t.s.q.c.AbstractTbQueueConsumerTemplate - Subscribing to topics [tb_rule_engine.hp.8]
2025-12-22 15:27:42,618 [tb-rule-engine-mgmt-2-2] INFO  o.t.s.s.q.r.TbRuleEngineQueueConsumerManager - [QK(SequentialByOriginator,TB_RULE_ENGINE,system)-2] Launching consumer
2025-12-22 15:27:42,624 [tb-rule-engine-consumer-53-thread-10 | QK(SequentialByOriginator,TB_RULE_ENGINE,system)-2] INFO  o.t.s.q.c.AbstractTbQueueConsumerTemplate - Subscribing to topics [tb_rule_engine.sq.2]
2025-12-22 15:27:42,626 [tb-rule-engine-mgmt-9-1] INFO  o.t.s.s.q.r.TbRuleEngineQueueConsumerManager - [QK(HighPriority,TB_RULE_ENGINE,system)-5] Launching consumer
2025-12-22 15:27:42,629 [tb-rule-engine-consumer-53-thread-11 | QK(HighPriority,TB_RULE_ENGINE,system)-5] INFO  o.t.s.q.c.AbstractTbQueueConsumerTemplate - Subscribing to topics [tb_rule_engine.hp.5]
2025-12-22 15:27:42,636 [tb-rule-engine-mgmt-2-2] INFO  o.t.s.s.q.r.TbRuleEngineQueueConsumerManager - [QK(SequentialByOriginator,TB_RULE_ENGINE,system)-1] Launching consumer
2025-12-22 15:27:42,645 [tb-rule-engine-consumer-53-thread-7 | QK(Main,TB_RULE_ENGINE,system)-6] INFO  o.t.s.q.c.AbstractTbQueueConsumerTemplate - Subscribing to topics [tb_rule_engine.main.6]
2025-12-22 15:27:42,651 [tb-rule-engine-consumer-53-thread-12 | QK(SequentialByOriginator,TB_RULE_ENGINE,system)-1] INFO  o.t.s.q.c.AbstractTbQueueConsumerTemplate - Subscribing to topics [tb_rule_engine.sq.1]
2025-12-22 15:27:42,654 [tb-rule-engine-mgmt-2-2] INFO  o.t.s.s.q.r.TbRuleEngineQueueConsumerManager - [QK(SequentialByOriginator,TB_RULE_ENGINE,system)-0] Launching consumer
2025-12-22 15:27:42,660 [tb-rule-engine-mgmt-11-3] INFO  o.t.s.s.q.r.TbRuleEngineQueueConsumerManager - [QK(Main,TB_RULE_ENGINE,system)-7] Launching consumer
2025-12-22 15:27:42,670 [tb-rule-engine-consumer-53-thread-14 | QK(Main,TB_RULE_ENGINE,system)-7] INFO  o.t.s.q.c.AbstractTbQueueConsumerTemplate - Subscribing to topics [tb_rule_engine.main.7]
2025-12-22 15:27:42,672 [tb-rule-engine-consumer-53-thread-13 | QK(SequentialByOriginator,TB_RULE_ENGINE,system)-0] INFO  o.t.s.q.c.AbstractTbQueueConsumerTemplate - Subscribing to topics [tb_rule_engine.sq.0]
2025-12-22 15:27:42,673 [tb-rule-engine-mgmt-9-1] INFO  o.t.s.s.q.r.TbRuleEngineQueueConsumerManager - [QK(HighPriority,TB_RULE_ENGINE,system)-6] Launching consumer
2025-12-22 15:27:42,687 [tb-rule-engine-mgmt-9-1] INFO  o.t.s.s.q.r.TbRuleEngineQueueConsumerManager - [QK(HighPriority,TB_RULE_ENGINE,system)-3] Launching consumer
2025-12-22 15:27:42,691 [tb-rule-engine-mgmt-2-2] INFO  o.t.s.s.q.r.TbRuleEngineQueueConsumerManager - [QK(SequentialByOriginator,TB_RULE_ENGINE,system)-6] Launching consumer
2025-12-22 15:27:42,693 [tb-rule-engine-mgmt-11-3] INFO  o.t.s.s.q.r.TbRuleEngineQueueConsumerManager - [QK(Main,TB_RULE_ENGINE,system)-4] Launching consumer
2025-12-22 15:27:42,696 [tb-rule-engine-consumer-53-thread-16 | QK(HighPriority,TB_RULE_ENGINE,system)-3] INFO  o.t.s.q.c.AbstractTbQueueConsumerTemplate - Subscribing to topics [tb_rule_engine.hp.3]
2025-12-22 15:27:42,696 [tb-rule-engine-consumer-53-thread-15 | QK(HighPriority,TB_RULE_ENGINE,system)-6] INFO  o.t.s.q.c.AbstractTbQueueConsumerTemplate - Subscribing to topics [tb_rule_engine.hp.6]
2025-12-22 15:27:42,704 [tb-rule-engine-consumer-53-thread-18 | QK(Main,TB_RULE_ENGINE,system)-4] INFO  o.t.s.q.c.AbstractTbQueueConsumerTemplate - Subscribing to topics [tb_rule_engine.main.4]
2025-12-22 15:27:42,706 [tb-rule-engine-consumer-53-thread-17 | QK(SequentialByOriginator,TB_RULE_ENGINE,system)-6] INFO  o.t.s.q.c.AbstractTbQueueConsumerTemplate - Subscribing to topics [tb_rule_engine.sq.6]
2025-12-22 15:27:42,726 [tb-rule-engine-mgmt-9-1] INFO  o.t.s.s.q.r.TbRuleEngineQueueConsumerManager - [QK(HighPriority,TB_RULE_ENGINE,system)-4] Launching consumer
2025-12-22 15:27:42,729 [tb-rule-engine-mgmt-11-3] INFO  o.t.s.s.q.r.TbRuleEngineQueueConsumerManager - [QK(Main,TB_RULE_ENGINE,system)-5] Launching consumer
2025-12-22 15:27:42,731 [tb-rule-engine-mgmt-2-2] INFO  o.t.s.s.q.r.TbRuleEngineQueueConsumerManager - [QK(SequentialByOriginator,TB_RULE_ENGINE,system)-5] Launching consumer
2025-12-22 15:27:42,738 [tb-rule-engine-consumer-53-thread-21 | QK(SequentialByOriginator,TB_RULE_ENGINE,system)-5] INFO  o.t.s.q.c.AbstractTbQueueConsumerTemplate - Subscribing to topics [tb_rule_engine.sq.5]
2025-12-22 15:27:42,743 [tb-rule-engine-consumer-53-thread-20 | QK(Main,TB_RULE_ENGINE,system)-5] INFO  o.t.s.q.c.AbstractTbQueueConsumerTemplate - Subscribing to topics [tb_rule_engine.main.5]
2025-12-22 15:27:42,753 [tb-rule-engine-mgmt-2-2] INFO  o.t.s.s.q.r.TbRuleEngineQueueConsumerManager - [QK(SequentialByOriginator,TB_RULE_ENGINE,system)-4] Launching consumer
2025-12-22 15:27:42,754 [tb-rule-engine-consumer-53-thread-19 | QK(HighPriority,TB_RULE_ENGINE,system)-4] INFO  o.t.s.q.c.AbstractTbQueueConsumerTemplate - Subscribing to topics [tb_rule_engine.hp.4]
2025-12-22 15:27:42,755 [tb-rule-engine-mgmt-11-3] INFO  o.t.s.s.q.r.TbRuleEngineQueueConsumerManager - [QK(Main,TB_RULE_ENGINE,system)-2] Launching consumer
2025-12-22 15:27:42,760 [tb-rule-engine-consumer-53-thread-22 | QK(SequentialByOriginator,TB_RULE_ENGINE,system)-4] INFO  o.t.s.q.c.AbstractTbQueueConsumerTemplate - Subscribing to topics [tb_rule_engine.sq.4]
2025-12-22 15:27:42,765 [tb-rule-engine-mgmt-9-1] INFO  o.t.s.s.q.r.TbRuleEngineQueueConsumerManager - [QK(HighPriority,TB_RULE_ENGINE,system)-1] Launching consumer
2025-12-22 15:27:42,770 [tb-rule-engine-mgmt-2-2] INFO  o.t.s.s.q.r.TbRuleEngineQueueConsumerManager - [QK(SequentialByOriginator,TB_RULE_ENGINE,system)-3] Launching consumer
2025-12-22 15:27:42,775 [tb-rule-engine-consumer-53-thread-23 | QK(Main,TB_RULE_ENGINE,system)-2] INFO  o.t.s.q.c.AbstractTbQueueConsumerTemplate - Subscribing to topics [tb_rule_engine.main.2]
2025-12-22 15:27:42,782 [tb-rule-engine-consumer-53-thread-25 | QK(SequentialByOriginator,TB_RULE_ENGINE,system)-3] INFO  o.t.s.q.c.AbstractTbQueueConsumerTemplate - Subscribing to topics [tb_rule_engine.sq.3]
2025-12-22 15:27:42,785 [tb-rule-engine-mgmt-11-3] INFO  o.t.s.s.q.r.TbRuleEngineQueueConsumerManager - [QK(Main,TB_RULE_ENGINE,system)-3] Launching consumer
2025-12-22 15:27:42,795 [tb-rule-engine-consumer-53-thread-24 | QK(HighPriority,TB_RULE_ENGINE,system)-1] INFO  o.t.s.q.c.AbstractTbQueueConsumerTemplate - Subscribing to topics [tb_rule_engine.hp.1]
2025-12-22 15:27:42,796 [tb-rule-engine-consumer-53-thread-26 | QK(Main,TB_RULE_ENGINE,system)-3] INFO  o.t.s.q.c.AbstractTbQueueConsumerTemplate - Subscribing to topics [tb_rule_engine.main.3]
2025-12-22 15:27:42,802 [tb-rule-engine-mgmt-9-1] INFO  o.t.s.s.q.r.TbRuleEngineQueueConsumerManager - [QK(HighPriority,TB_RULE_ENGINE,system)-2] Launching consumer
2025-12-22 15:27:42,809 [tb-rule-engine-consumer-53-thread-27 | QK(HighPriority,TB_RULE_ENGINE,system)-2] INFO  o.t.s.q.c.AbstractTbQueueConsumerTemplate - Subscribing to topics [tb_rule_engine.hp.2]
2025-12-22 15:27:42,818 [tb-rule-engine-mgmt-9-1] INFO  o.t.s.s.q.r.TbRuleEngineQueueConsumerManager - [QK(HighPriority,TB_RULE_ENGINE,system)-0] Launching consumer
2025-12-22 15:27:42,819 [tb-rule-engine-consumer-53-thread-28 | QK(HighPriority,TB_RULE_ENGINE,system)-0] INFO  o.t.s.q.c.AbstractTbQueueConsumerTemplate - Subscribing to topics [tb_rule_engine.hp.0]
2025-12-22 15:27:42,826 [tb-rule-engine-mgmt-11-3] INFO  o.t.s.s.q.r.TbRuleEngineQueueConsumerManager - [QK(Main,TB_RULE_ENGINE,system)-0] Launching consumer
2025-12-22 15:27:42,831 [tb-rule-engine-consumer-53-thread-29 | QK(Main,TB_RULE_ENGINE,system)-0] INFO  o.t.s.q.c.AbstractTbQueueConsumerTemplate - Subscribing to topics [tb_rule_engine.main.0]
2025-12-22 15:27:42,836 [tb-rule-engine-mgmt-11-3] INFO  o.t.s.s.q.r.TbRuleEngineQueueConsumerManager - [QK(Main,TB_RULE_ENGINE,system)-1] Launching consumer
2025-12-22 15:27:42,838 [tb-rule-engine-consumer-53-thread-30 | QK(Main,TB_RULE_ENGINE,system)-1] INFO  o.t.s.q.c.AbstractTbQueueConsumerTemplate - Subscribing to topics [tb_rule_engine.main.1]
2025-12-22 15:27:45,133 [tb-core-notifications-consumer-48-thread-1] INFO  o.t.s.s.q.DefaultTbCoreConsumerService - [a202f400e838] Processing core startup with partitions: [0, 1, 2, 3, 4, 5, 6, 7, 8, 9]
2025-12-22 15:27:45,136 [DefaultTbLocalSubscriptionService-25-1] INFO  o.t.s.s.s.DefaultTbLocalSubscriptionService - [a202f400e838] Pushed 0 subscriptions to [a202f400e838]
2025-12-22 15:27:49,441 [sql-log-1-thread-1] INFO  o.t.s.dao.sql.TbSqlBlockingQueue - Queue-0 [TS Latest] queueSize [0] totalAdded [7] totalSaved [7] totalFailed [0]
2025-12-22 15:27:51,363 [TB-Scheduling-1] INFO  o.t.s.d.u.AbstractBufferedRateExecutor - [Write] Permits queueSize = [0] totalAdded = [14] totalLaunched = [14] totalReleased = [14] totalFailed = [0] totalExpired = [0] totalRejected = [0] totalRateLimited = [0] totalRateLimitedTenants = [0] currBuffer = [0] 
2025-12-22 15:27:51,792 [sql-log-1-thread-1] INFO  o.t.s.dao.sql.TbSqlBlockingQueue - Queue-0 [Events] queueSize [0] totalAdded [7] totalSaved [7] totalFailed [0]
2025-12-22 15:27:51,792 [sql-log-1-thread-1] INFO  o.t.s.dao.sql.TbSqlBlockingQueue - Queue-1 [Events] queueSize [0] totalAdded [6] totalSaved [6] totalFailed [0]
2025-12-22 15:27:51,793 [sql-log-1-thread-1] INFO  o.t.s.dao.sql.TbSqlBlockingQueue - Queue-2 [Events] queueSize [0] totalAdded [4] totalSaved [4] totalFailed [0]
2025-12-22 15:28:23,450 [http-nio-0.0.0.0-9090-exec-1] INFO  o.a.c.c.C.[Tomcat].[localhost].[/] - Initializing Spring DispatcherServlet 'dispatcherServlet'
2025-12-22 15:28:23,451 [http-nio-0.0.0.0-9090-exec-1] INFO  o.s.web.servlet.DispatcherServlet - Initializing Servlet 'dispatcherServlet'
2025-12-22 15:28:23,460 [http-nio-0.0.0.0-9090-exec-1] INFO  o.s.web.servlet.DispatcherServlet - Completed initialization in 9 ms
2025-12-22 15:28:25,102 [http-nio-0.0.0.0-9090-exec-7] INFO  o.t.s.c.plugin.TbWebSocketHandler - [5c6c4190-f64c-11ee-8f58-c9c802dda3de][5cf87c00-f64c-11ee-8f58-c9c802dda3de][2d53c8c9-6278-48b0-8624-b3e48e915ac3][3ecd85fd-716d-0682-4719-fbae254a7514] Session established from address: /172.18.0.1:36482
2025-12-22 15:28:31,366 [TB-Scheduling-2] INFO  o.t.s.s.s.DefaultTbEntityDataSubscriptionService - Stats: regularQueryInvocationCnt = [4], regularQueryInvocationTime = [25], dynamicQueryCnt = [6] dynamicQueryInvocationCnt = [0], dynamicQueryInvocationTime = [0], alarmQueryInvocationCnt = [3], alarmQueryInvocationTime = [61]
2025-12-22 15:28:41,359 [TB-Scheduling-1] INFO  o.t.s.dao.aspect.SqlDaoCallsAspect - Total timing statistics below:
2025-12-22 15:28:41,360 [TB-Scheduling-3] INFO  o.t.s.c.t.s.DefaultTransportService - Transport Stats: openConnections [0]
2025-12-22 15:28:41,362 [TB-Scheduling-1] INFO  o.t.s.dao.aspect.SqlDaoCallsAspect - [5c6c4190-f64c-11ee-8f58-c9c802dda3de]: calls: 66, failures: 0, exec time: 686 
2025-12-22 15:28:41,362 [TB-Scheduling-1] INFO  o.t.s.dao.aspect.SqlDaoCallsAspect - [5c6c4190-f64c-11ee-8f58-c9c802dda3de] Top 3 methods by timing:
2025-12-22 15:28:41,363 [TB-Scheduling-2] INFO  o.t.s.s.queue.TbCoreConsumerStats - Core Stats: totalMsgs = [1] sessionEvents = [0] getAttr = [0] subToAttr = [0] subToRpc = [0] toDevRpc = [0] subInfo = [0] claimDevice = [0] deviceState = [0] subMsgs = [0] edgeNfs = [0] deviceConnect = [0] deviceActivity = [0] deviceDisconnect = [0] deviceInactivity = [0] coreNfOther = [1] coreNfCompLfcl = [0] coreNfDevRpcRsp = [0] coreNfEdgeUpd = [0] coreNfEdgeSyncReq = [0] coreNfEdgeSyncResp = [0] coreNfNfRlProc = [0] coreNfQueueUpd = [0] coreNfQueueDel = [0] coreNfSubSvc = [0] coreNfSubMgr = [0] coreNfVCRsp = [0] 
2025-12-22 15:28:41,363 [TB-Scheduling-1] INFO  o.t.s.dao.aspect.SqlDaoCallsAspect - [5c6c4190-f64c-11ee-8f58-c9c802dda3de]: method: JpaAbstractDao.findById(..), calls: 34, failures: 0, exec time: 326
2025-12-22 15:28:41,363 [TB-Scheduling-1] INFO  o.t.s.dao.aspect.SqlDaoCallsAspect - [5c6c4190-f64c-11ee-8f58-c9c802dda3de]: method: JpaAlarmDao.countAlarmsByQuery(..), calls: 3, failures: 0, exec time: 57
2025-12-22 15:28:41,363 [TB-Scheduling-1] INFO  o.t.s.dao.aspect.SqlDaoCallsAspect - [5c6c4190-f64c-11ee-8f58-c9c802dda3de]: method: JpaNotificationRuleDao.findByTenantIdAndTriggerTypeAndEnabled(..), calls: 1, failures: 0, exec time: 56
2025-12-22 15:28:41,366 [TB-Scheduling-3] INFO  o.t.s.s.s.DefaultTbEntityDataSubscriptionService - Stats: regularQueryInvocationCnt = [0], regularQueryInvocationTime = [0], dynamicQueryCnt = [6] dynamicQueryInvocationCnt = [0], dynamicQueryInvocationTime = [0], alarmQueryInvocationCnt = [0], alarmQueryInvocationTime = [0]
2025-12-22 15:28:49,440 [sql-log-1-thread-1] INFO  o.t.s.dao.sql.TbSqlBlockingQueue - Queue-0 [TS Latest] queueSize [0] totalAdded [11] totalSaved [11] totalFailed [0]
2025-12-22 15:28:51,365 [TB-Scheduling-3] INFO  o.t.s.d.u.AbstractBufferedRateExecutor - [Write] Permits queueSize = [0] totalAdded = [15] totalLaunched = [15] totalReleased = [15] totalFailed = [0] totalExpired = [0] totalRejected = [0] totalRateLimited = [0] totalRateLimitedTenants = [0] currBuffer = [0] 
2025-12-22 15:28:51,367 [TB-Scheduling-1] INFO  o.t.s.s.s.DefaultTbEntityDataSubscriptionService - Stats: regularQueryInvocationCnt = [0], regularQueryInvocationTime = [0], dynamicQueryCnt = [6] dynamicQueryInvocationCnt = [0], dynamicQueryInvocationTime = [0], alarmQueryInvocationCnt = [0], alarmQueryInvocationTime = [0]
2025-12-22 15:29:01,368 [TB-Scheduling-1] INFO  o.t.s.s.s.DefaultTbEntityDataSubscriptionService - Stats: regularQueryInvocationCnt = [0], regularQueryInvocationTime = [0], dynamicQueryCnt = [6] dynamicQueryInvocationCnt = [0], dynamicQueryInvocationTime = [0], alarmQueryInvocationCnt = [0], alarmQueryInvocationTime = [0]
2025-12-22 15:29:11,368 [TB-Scheduling-4] INFO  o.t.s.s.s.DefaultTbEntityDataSubscriptionService - Stats: regularQueryInvocationCnt = [0], regularQueryInvocationTime = [0], dynamicQueryCnt = [6] dynamicQueryInvocationCnt = [0], dynamicQueryInvocationTime = [0], alarmQueryInvocationCnt = [0], alarmQueryInvocationTime = [0]
2025-12-22 15:29:21,369 [TB-Scheduling-3] INFO  o.t.s.s.s.DefaultTbEntityDataSubscriptionService - Stats: regularQueryInvocationCnt = [0], regularQueryInvocationTime = [0], dynamicQueryCnt = [6] dynamicQueryInvocationCnt = [0], dynamicQueryInvocationTime = [0], alarmQueryInvocationCnt = [0], alarmQueryInvocationTime = [0]
2025-12-22 15:29:31,370 [TB-Scheduling-2] INFO  o.t.s.s.s.DefaultTbEntityDataSubscriptionService - Stats: regularQueryInvocationCnt = [0], regularQueryInvocationTime = [0], dynamicQueryCnt = [6] dynamicQueryInvocationCnt = [6], dynamicQueryInvocationTime = [19], alarmQueryInvocationCnt = [0], alarmQueryInvocationTime = [0]
2025-12-22 15:29:41,360 [TB-Scheduling-3] INFO  o.t.s.c.t.s.DefaultTransportService - Transport Stats: openConnections [0]
2025-12-22 15:29:41,364 [TB-Scheduling-3] INFO  o.t.s.dao.aspect.SqlDaoCallsAspect - Total timing statistics below:
2025-12-22 15:29:41,364 [TB-Scheduling-3] INFO  o.t.s.dao.aspect.SqlDaoCallsAspect - [5c6c4190-f64c-11ee-8f58-c9c802dda3de]: calls: 3, failures: 0, exec time: 10 
2025-12-22 15:29:41,365 [TB-Scheduling-3] INFO  o.t.s.dao.aspect.SqlDaoCallsAspect - [5c6c4190-f64c-11ee-8f58-c9c802dda3de] Top 3 methods by timing:
2025-12-22 15:29:41,365 [TB-Scheduling-3] INFO  o.t.s.dao.aspect.SqlDaoCallsAspect - [5c6c4190-f64c-11ee-8f58-c9c802dda3de]: method: JpaAlarmDao.countAlarmsByQuery(..), calls: 3, failures: 0, exec time: 10
2025-12-22 15:29:41,370 [TB-Scheduling-1] INFO  o.t.s.s.s.DefaultTbEntityDataSubscriptionService - Stats: regularQueryInvocationCnt = [0], regularQueryInvocationTime = [0], dynamicQueryCnt = [6] dynamicQueryInvocationCnt = [0], dynamicQueryInvocationTime = [0], alarmQueryInvocationCnt = [0], alarmQueryInvocationTime = [0]
2025-12-22 15:29:49,440 [sql-log-1-thread-1] INFO  o.t.s.dao.sql.TbSqlBlockingQueue - Queue-0 [TS Latest] queueSize [0] totalAdded [11] totalSaved [11] totalFailed [0]
2025-12-22 15:29:51,366 [TB-Scheduling-1] INFO  o.t.s.d.u.AbstractBufferedRateExecutor - [Write] Permits queueSize = [0] totalAdded = [11] totalLaunched = [11] totalReleased = [11] totalFailed = [0] totalExpired = [0] totalRejected = [0] totalRateLimited = [0] totalRateLimitedTenants = [0] currBuffer = [0] 
2025-12-22 15:29:51,371 [TB-Scheduling-3] INFO  o.t.s.s.s.DefaultTbEntityDataSubscriptionService - Stats: regularQueryInvocationCnt = [0], regularQueryInvocationTime = [0], dynamicQueryCnt = [6] dynamicQueryInvocationCnt = [0], dynamicQueryInvocationTime = [0], alarmQueryInvocationCnt = [0], alarmQueryInvocationTime = [0]
2025-12-22 15:30:01,371 [TB-Scheduling-2] INFO  o.t.s.s.s.DefaultTbEntityDataSubscriptionService - Stats: regularQueryInvocationCnt = [0], regularQueryInvocationTime = [0], dynamicQueryCnt = [6] dynamicQueryInvocationCnt = [0], dynamicQueryInvocationTime = [0], alarmQueryInvocationCnt = [0], alarmQueryInvocationTime = [0]
2025-12-22 15:30:11,372 [TB-Scheduling-4] INFO  o.t.s.s.s.DefaultTbEntityDataSubscriptionService - Stats: regularQueryInvocationCnt = [0], regularQueryInvocationTime = [0], dynamicQueryCnt = [6] dynamicQueryInvocationCnt = [0], dynamicQueryInvocationTime = [0], alarmQueryInvocationCnt = [0], alarmQueryInvocationTime = [0]
2025-12-22 15:30:21,373 [TB-Scheduling-2] INFO  o.t.s.s.s.DefaultTbEntityDataSubscriptionService - Stats: regularQueryInvocationCnt = [0], regularQueryInvocationTime = [0], dynamicQueryCnt = [6] dynamicQueryInvocationCnt = [0], dynamicQueryInvocationTime = [0], alarmQueryInvocationCnt = [0], alarmQueryInvocationTime = [0]
2025-12-22 15:30:31,374 [TB-Scheduling-2] INFO  o.t.s.s.s.DefaultTbEntityDataSubscriptionService - Stats: regularQueryInvocationCnt = [0], regularQueryInvocationTime = [0], dynamicQueryCnt = [6] dynamicQueryInvocationCnt = [6], dynamicQueryInvocationTime = [12], alarmQueryInvocationCnt = [0], alarmQueryInvocationTime = [0]
2025-12-22 15:30:41,360 [TB-Scheduling-1] INFO  o.t.s.c.t.s.DefaultTransportService - Transport Stats: openConnections [0]
2025-12-22 15:30:41,366 [TB-Scheduling-4] INFO  o.t.s.dao.aspect.SqlDaoCallsAspect - Total timing statistics below:
2025-12-22 15:30:41,366 [TB-Scheduling-4] INFO  o.t.s.dao.aspect.SqlDaoCallsAspect - [5c6c4190-f64c-11ee-8f58-c9c802dda3de]: calls: 3, failures: 0, exec time: 7 
2025-12-22 15:30:41,366 [TB-Scheduling-4] INFO  o.t.s.dao.aspect.SqlDaoCallsAspect - [5c6c4190-f64c-11ee-8f58-c9c802dda3de] Top 3 methods by timing:
2025-12-22 15:30:41,366 [TB-Scheduling-4] INFO  o.t.s.dao.aspect.SqlDaoCallsAspect - [5c6c4190-f64c-11ee-8f58-c9c802dda3de]: method: JpaAlarmDao.countAlarmsByQuery(..), calls: 3, failures: 0, exec time: 7
2025-12-22 15:30:41,374 [TB-Scheduling-4] INFO  o.t.s.s.s.DefaultTbEntityDataSubscriptionService - Stats: regularQueryInvocationCnt = [0], regularQueryInvocationTime = [0], dynamicQueryCnt = [6] dynamicQueryInvocationCnt = [0], dynamicQueryInvocationTime = [0], alarmQueryInvocationCnt = [0], alarmQueryInvocationTime = [0]
2025-12-22 15:30:49,440 [sql-log-1-thread-1] INFO  o.t.s.dao.sql.TbSqlBlockingQueue - Queue-0 [TS Latest] queueSize [0] totalAdded [11] totalSaved [11] totalFailed [0]
2025-12-22 15:30:51,368 [TB-Scheduling-1] INFO  o.t.s.d.u.AbstractBufferedRateExecutor - [Write] Permits queueSize = [0] totalAdded = [11] totalLaunched = [11] totalReleased = [11] totalFailed = [0] totalExpired = [0] totalRejected = [0] totalRateLimited = [0] totalRateLimitedTenants = [0] currBuffer = [0] 
2025-12-22 15:30:51,375 [TB-Scheduling-4] INFO  o.t.s.s.s.DefaultTbEntityDataSubscriptionService - Stats: regularQueryInvocationCnt = [0], regularQueryInvocationTime = [0], dynamicQueryCnt = [6] dynamicQueryInvocationCnt = [0], dynamicQueryInvocationTime = [0], alarmQueryInvocationCnt = [0], alarmQueryInvocationTime = [0]
2025-12-22 15:31:01,376 [TB-Scheduling-1] INFO  o.t.s.s.s.DefaultTbEntityDataSubscriptionService - Stats: regularQueryInvocationCnt = [0], regularQueryInvocationTime = [0], dynamicQueryCnt = [6] dynamicQueryInvocationCnt = [0], dynamicQueryInvocationTime = [0], alarmQueryInvocationCnt = [0], alarmQueryInvocationTime = [0]
2025-12-22 15:31:11,377 [TB-Scheduling-4] INFO  o.t.s.s.s.DefaultTbEntityDataSubscriptionService - Stats: regularQueryInvocationCnt = [0], regularQueryInvocationTime = [0], dynamicQueryCnt = [6] dynamicQueryInvocationCnt = [0], dynamicQueryInvocationTime = [0], alarmQueryInvocationCnt = [0], alarmQueryInvocationTime = [0]
2025-12-22 15:31:21,378 [TB-Scheduling-3] INFO  o.t.s.s.s.DefaultTbEntityDataSubscriptionService - Stats: regularQueryInvocationCnt = [0], regularQueryInvocationTime = [0], dynamicQueryCnt = [6] dynamicQueryInvocationCnt = [0], dynamicQueryInvocationTime = [0], alarmQueryInvocationCnt = [0], alarmQueryInvocationTime = [0]
2025-12-22 15:31:29,440 [sql-log-1-thread-1] INFO  o.t.s.dao.sql.TbSqlBlockingQueue - Queue-0 [TS Latest] queueSize [0] totalAdded [1] totalSaved [1] totalFailed [0]
2025-12-22 15:31:31,370 [TB-Scheduling-1] INFO  o.t.s.d.u.AbstractBufferedRateExecutor - [Write] Permits queueSize = [0] totalAdded = [2] totalLaunched = [2] totalReleased = [2] totalFailed = [0] totalExpired = [0] totalRejected = [0] totalRateLimited = [0] totalRateLimitedTenants = [0] currBuffer = [0] 
2025-12-22 15:31:31,380 [TB-Scheduling-2] INFO  o.t.s.s.s.DefaultTbEntityDataSubscriptionService - Stats: regularQueryInvocationCnt = [0], regularQueryInvocationTime = [0], dynamicQueryCnt = [6] dynamicQueryInvocationCnt = [6], dynamicQueryInvocationTime = [20], alarmQueryInvocationCnt = [0], alarmQueryInvocationTime = [0]
2025-12-22 15:31:41,361 [TB-Scheduling-3] INFO  o.t.s.c.t.s.DefaultTransportService - Transport Stats: openConnections [0]
2025-12-22 15:31:41,367 [TB-Scheduling-1] INFO  o.t.s.dao.aspect.SqlDaoCallsAspect - Total timing statistics below:
2025-12-22 15:31:41,367 [TB-Scheduling-1] INFO  o.t.s.dao.aspect.SqlDaoCallsAspect - [5c6c4190-f64c-11ee-8f58-c9c802dda3de]: calls: 3, failures: 0, exec time: 12 
2025-12-22 15:31:41,368 [TB-Scheduling-1] INFO  o.t.s.dao.aspect.SqlDaoCallsAspect - [5c6c4190-f64c-11ee-8f58-c9c802dda3de] Top 3 methods by timing:
2025-12-22 15:31:41,368 [TB-Scheduling-1] INFO  o.t.s.dao.aspect.SqlDaoCallsAspect - [5c6c4190-f64c-11ee-8f58-c9c802dda3de]: method: JpaAlarmDao.countAlarmsByQuery(..), calls: 3, failures: 0, exec time: 12
2025-12-22 15:31:41,380 [TB-Scheduling-4] INFO  o.t.s.s.s.DefaultTbEntityDataSubscriptionService - Stats: regularQueryInvocationCnt = [0], regularQueryInvocationTime = [0], dynamicQueryCnt = [6] dynamicQueryInvocationCnt = [0], dynamicQueryInvocationTime = [0], alarmQueryInvocationCnt = [0], alarmQueryInvocationTime = [0]
2025-12-22 15:31:49,440 [sql-log-1-thread-1] INFO  o.t.s.dao.sql.TbSqlBlockingQueue - Queue-0 [TS Latest] queueSize [0] totalAdded [11] totalSaved [11] totalFailed [0]
2025-12-22 15:31:51,371 [TB-Scheduling-2] INFO  o.t.s.d.u.AbstractBufferedRateExecutor - [Write] Permits queueSize = [0] totalAdded = [11] totalLaunched = [11] totalReleased = [11] totalFailed = [0] totalExpired = [0] totalRejected = [0] totalRateLimited = [0] totalRateLimitedTenants = [0] currBuffer = [0] 
2025-12-22 15:31:51,381 [TB-Scheduling-4] INFO  o.t.s.s.s.DefaultTbEntityDataSubscriptionService - Stats: regularQueryInvocationCnt = [0], regularQueryInvocationTime = [0], dynamicQueryCnt = [6] dynamicQueryInvocationCnt = [0], dynamicQueryInvocationTime = [0], alarmQueryInvocationCnt = [0], alarmQueryInvocationTime = [0]
2025-12-22 15:32:01,381 [TB-Scheduling-4] INFO  o.t.s.s.s.DefaultTbEntityDataSubscriptionService - Stats: regularQueryInvocationCnt = [0], regularQueryInvocationTime = [0], dynamicQueryCnt = [6] dynamicQueryInvocationCnt = [0], dynamicQueryInvocationTime = [0], alarmQueryInvocationCnt = [0], alarmQueryInvocationTime = [0]
2025-12-22 15:32:11,382 [TB-Scheduling-4] INFO  o.t.s.s.s.DefaultTbEntityDataSubscriptionService - Stats: regularQueryInvocationCnt = [0], regularQueryInvocationTime = [0], dynamicQueryCnt = [6] dynamicQueryInvocationCnt = [0], dynamicQueryInvocationTime = [0], alarmQueryInvocationCnt = [0], alarmQueryInvocationTime = [0]
2025-12-22 15:32:21,383 [TB-Scheduling-2] INFO  o.t.s.s.s.DefaultTbEntityDataSubscriptionService - Stats: regularQueryInvocationCnt = [0], regularQueryInvocationTime = [0], dynamicQueryCnt = [6] dynamicQueryInvocationCnt = [0], dynamicQueryInvocationTime = [0], alarmQueryInvocationCnt = [0], alarmQueryInvocationTime = [0]
2025-12-22 15:32:31,384 [TB-Scheduling-2] INFO  o.t.s.s.s.DefaultTbEntityDataSubscriptionService - Stats: regularQueryInvocationCnt = [0], regularQueryInvocationTime = [0], dynamicQueryCnt = [6] dynamicQueryInvocationCnt = [6], dynamicQueryInvocationTime = [15], alarmQueryInvocationCnt = [0], alarmQueryInvocationTime = [0]
2025-12-22 15:32:41,362 [TB-Scheduling-1] INFO  o.t.s.c.t.s.DefaultTransportService - Transport Stats: openConnections [0]
2025-12-22 15:32:41,368 [TB-Scheduling-1] INFO  o.t.s.dao.aspect.SqlDaoCallsAspect - Total timing statistics below:
2025-12-22 15:32:41,369 [TB-Scheduling-1] INFO  o.t.s.dao.aspect.SqlDaoCallsAspect - [5c6c4190-f64c-11ee-8f58-c9c802dda3de]: calls: 3, failures: 0, exec time: 10 
2025-12-22 15:32:41,369 [TB-Scheduling-1] INFO  o.t.s.dao.aspect.SqlDaoCallsAspect - [5c6c4190-f64c-11ee-8f58-c9c802dda3de] Top 3 methods by timing:
2025-12-22 15:32:41,369 [TB-Scheduling-1] INFO  o.t.s.dao.aspect.SqlDaoCallsAspect - [5c6c4190-f64c-11ee-8f58-c9c802dda3de]: method: JpaAlarmDao.countAlarmsByQuery(..), calls: 3, failures: 0, exec time: 10
2025-12-22 15:32:41,384 [TB-Scheduling-2] INFO  o.t.s.s.s.DefaultTbEntityDataSubscriptionService - Stats: regularQueryInvocationCnt = [0], regularQueryInvocationTime = [0], dynamicQueryCnt = [6] dynamicQueryInvocationCnt = [0], dynamicQueryInvocationTime = [0], alarmQueryInvocationCnt = [0], alarmQueryInvocationTime = [0]
2025-12-22 15:32:49,440 [sql-log-1-thread-1] INFO  o.t.s.dao.sql.TbSqlBlockingQueue - Queue-0 [TS Latest] queueSize [0] totalAdded [11] totalSaved [11] totalFailed [0]
2025-12-22 15:32:51,373 [TB-Scheduling-4] INFO  o.t.s.d.u.AbstractBufferedRateExecutor - [Write] Permits queueSize = [0] totalAdded = [11] totalLaunched = [11] totalReleased = [11] totalFailed = [0] totalExpired = [0] totalRejected = [0] totalRateLimited = [0] totalRateLimitedTenants = [0] currBuffer = [0] 
2025-12-22 15:32:51,385 [TB-Scheduling-2] INFO  o.t.s.s.s.DefaultTbEntityDataSubscriptionService - Stats: regularQueryInvocationCnt = [0], regularQueryInvocationTime = [0], dynamicQueryCnt = [6] dynamicQueryInvocationCnt = [0], dynamicQueryInvocationTime = [0], alarmQueryInvocationCnt = [0], alarmQueryInvocationTime = [0]
2025-12-22 15:33:01,385 [TB-Scheduling-4] INFO  o.t.s.s.s.DefaultTbEntityDataSubscriptionService - Stats: regularQueryInvocationCnt = [0], regularQueryInvocationTime = [0], dynamicQueryCnt = [6] dynamicQueryInvocationCnt = [0], dynamicQueryInvocationTime = [0], alarmQueryInvocationCnt = [0], alarmQueryInvocationTime = [0]
2025-12-22 15:33:11,386 [TB-Scheduling-4] INFO  o.t.s.s.s.DefaultTbEntityDataSubscriptionService - Stats: regularQueryInvocationCnt = [0], regularQueryInvocationTime = [0], dynamicQueryCnt = [6] dynamicQueryInvocationCnt = [0], dynamicQueryInvocationTime = [0], alarmQueryInvocationCnt = [0], alarmQueryInvocationTime = [0]
2025-12-22 15:33:21,387 [TB-Scheduling-4] INFO  o.t.s.s.s.DefaultTbEntityDataSubscriptionService - Stats: regularQueryInvocationCnt = [0], regularQueryInvocationTime = [0], dynamicQueryCnt = [6] dynamicQueryInvocationCnt = [0], dynamicQueryInvocationTime = [0], alarmQueryInvocationCnt = [0], alarmQueryInvocationTime = [0]
2025-12-22 15:33:31,387 [TB-Scheduling-4] INFO  o.t.s.s.s.DefaultTbEntityDataSubscriptionService - Stats: regularQueryInvocationCnt = [0], regularQueryInvocationTime = [0], dynamicQueryCnt = [6] dynamicQueryInvocationCnt = [6], dynamicQueryInvocationTime = [13], alarmQueryInvocationCnt = [0], alarmQueryInvocationTime = [0]
2025-12-22 15:33:41,363 [TB-Scheduling-2] INFO  o.t.s.c.t.s.DefaultTransportService - Transport Stats: openConnections [0]
2025-12-22 15:33:41,370 [TB-Scheduling-1] INFO  o.t.s.dao.aspect.SqlDaoCallsAspect - Total timing statistics below:
2025-12-22 15:33:41,370 [TB-Scheduling-1] INFO  o.t.s.dao.aspect.SqlDaoCallsAspect - [5c6c4190-f64c-11ee-8f58-c9c802dda3de]: calls: 3, failures: 0, exec time: 8 
2025-12-22 15:33:41,370 [TB-Scheduling-1] INFO  o.t.s.dao.aspect.SqlDaoCallsAspect - [5c6c4190-f64c-11ee-8f58-c9c802dda3de] Top 3 methods by timing:
2025-12-22 15:33:41,370 [TB-Scheduling-1] INFO  o.t.s.dao.aspect.SqlDaoCallsAspect - [5c6c4190-f64c-11ee-8f58-c9c802dda3de]: method: JpaAlarmDao.countAlarmsByQuery(..), calls: 3, failures: 0, exec time: 8
2025-12-22 15:33:41,388 [TB-Scheduling-1] INFO  o.t.s.s.s.DefaultTbEntityDataSubscriptionService - Stats: regularQueryInvocationCnt = [0], regularQueryInvocationTime = [0], dynamicQueryCnt = [6] dynamicQueryInvocationCnt = [0], dynamicQueryInvocationTime = [0], alarmQueryInvocationCnt = [0], alarmQueryInvocationTime = [0]
2025-12-22 15:33:49,440 [sql-log-1-thread-1] INFO  o.t.s.dao.sql.TbSqlBlockingQueue - Queue-0 [TS Latest] queueSize [0] totalAdded [11] totalSaved [11] totalFailed [0]
2025-12-22 15:33:51,376 [TB-Scheduling-4] INFO  o.t.s.d.u.AbstractBufferedRateExecutor - [Write] Permits queueSize = [0] totalAdded = [11] totalLaunched = [11] totalReleased = [11] totalFailed = [0] totalExpired = [0] totalRejected = [0] totalRateLimited = [0] totalRateLimitedTenants = [0] currBuffer = [0] 
2025-12-22 15:33:51,389 [TB-Scheduling-1] INFO  o.t.s.s.s.DefaultTbEntityDataSubscriptionService - Stats: regularQueryInvocationCnt = [0], regularQueryInvocationTime = [0], dynamicQueryCnt = [6] dynamicQueryInvocationCnt = [0], dynamicQueryInvocationTime = [0], alarmQueryInvocationCnt = [0], alarmQueryInvocationTime = [0]
2025-12-22 15:33:53,533 [TB-Scheduling-3] INFO  o.t.s.dao.sql.event.JpaBaseEventDao - Going to cleanup debug events with exp time: 1765812833531
2025-12-22 15:34:01,389 [TB-Scheduling-4] INFO  o.t.s.s.s.DefaultTbEntityDataSubscriptionService - Stats: regularQueryInvocationCnt = [0], regularQueryInvocationTime = [0], dynamicQueryCnt = [6] dynamicQueryInvocationCnt = [0], dynamicQueryInvocationTime = [0], alarmQueryInvocationCnt = [0], alarmQueryInvocationTime = [0]
2025-12-22 15:34:11,390 [TB-Scheduling-4] INFO  o.t.s.s.s.DefaultTbEntityDataSubscriptionService - Stats: regularQueryInvocationCnt = [0], regularQueryInvocationTime = [0], dynamicQueryCnt = [6] dynamicQueryInvocationCnt = [0], dynamicQueryInvocationTime = [0], alarmQueryInvocationCnt = [0], alarmQueryInvocationTime = [0]
2025-12-22 15:34:21,391 [TB-Scheduling-4] INFO  o.t.s.s.s.DefaultTbEntityDataSubscriptionService - Stats: regularQueryInvocationCnt = [0], regularQueryInvocationTime = [0], dynamicQueryCnt = [6] dynamicQueryInvocationCnt = [0], dynamicQueryInvocationTime = [0], alarmQueryInvocationCnt = [0], alarmQueryInvocationTime = [0]
2025-12-22 15:34:31,391 [TB-Scheduling-3] INFO  o.t.s.s.s.DefaultTbEntityDataSubscriptionService - Stats: regularQueryInvocationCnt = [0], regularQueryInvocationTime = [0], dynamicQueryCnt = [6] dynamicQueryInvocationCnt = [6], dynamicQueryInvocationTime = [13], alarmQueryInvocationCnt = [0], alarmQueryInvocationTime = [0]
2025-12-22 15:34:41,363 [TB-Scheduling-2] INFO  o.t.s.c.t.s.DefaultTransportService - Transport Stats: openConnections [0]
2025-12-22 15:34:41,371 [TB-Scheduling-2] INFO  o.t.s.dao.aspect.SqlDaoCallsAspect - Total timing statistics below:
2025-12-22 15:34:41,371 [TB-Scheduling-2] INFO  o.t.s.dao.aspect.SqlDaoCallsAspect - [5c6c4190-f64c-11ee-8f58-c9c802dda3de]: calls: 3, failures: 0, exec time: 8 
2025-12-22 15:34:41,371 [TB-Scheduling-2] INFO  o.t.s.dao.aspect.SqlDaoCallsAspect - [5c6c4190-f64c-11ee-8f58-c9c802dda3de] Top 3 methods by timing:
2025-12-22 15:34:41,371 [TB-Scheduling-2] INFO  o.t.s.dao.aspect.SqlDaoCallsAspect - [5c6c4190-f64c-11ee-8f58-c9c802dda3de]: method: JpaAlarmDao.countAlarmsByQuery(..), calls: 3, failures: 0, exec time: 8
2025-12-22 15:34:41,392 [TB-Scheduling-1] INFO  o.t.s.s.s.DefaultTbEntityDataSubscriptionService - Stats: regularQueryInvocationCnt = [0], regularQueryInvocationTime = [0], dynamicQueryCnt = [6] dynamicQueryInvocationCnt = [0], dynamicQueryInvocationTime = [0], alarmQueryInvocationCnt = [0], alarmQueryInvocationTime = [0]
2025-12-22 15:34:49,440 [sql-log-1-thread-1] INFO  o.t.s.dao.sql.TbSqlBlockingQueue - Queue-0 [TS Latest] queueSize [0] totalAdded [4] totalSaved [4] totalFailed [0]
2025-12-22 15:34:51,377 [TB-Scheduling-1] INFO  o.t.s.d.u.AbstractBufferedRateExecutor - [Write] Permits queueSize = [0] totalAdded = [11] totalLaunched = [11] totalReleased = [11] totalFailed = [0] totalExpired = [0] totalRejected = [0] totalRateLimited = [0] totalRateLimitedTenants = [0] currBuffer = [0] 
2025-12-22 15:34:51,393 [TB-Scheduling-4] INFO  o.t.s.s.s.DefaultTbEntityDataSubscriptionService - Stats: regularQueryInvocationCnt = [0], regularQueryInvocationTime = [0], dynamicQueryCnt = [6] dynamicQueryInvocationCnt = [0], dynamicQueryInvocationTime = [0], alarmQueryInvocationCnt = [0], alarmQueryInvocationTime = [0]
2025-12-22 15:34:59,440 [sql-log-1-thread-1] INFO  o.t.s.dao.sql.TbSqlBlockingQueue - Queue-0 [TS Latest] queueSize [0] totalAdded [7] totalSaved [7] totalFailed [0]
2025-12-22 15:35:01,394 [TB-Scheduling-1] INFO  o.t.s.s.s.DefaultTbEntityDataSubscriptionService - Stats: regularQueryInvocationCnt = [0], regularQueryInvocationTime = [0], dynamicQueryCnt = [6] dynamicQueryInvocationCnt = [0], dynamicQueryInvocationTime = [0], alarmQueryInvocationCnt = [0], alarmQueryInvocationTime = [0]
2025-12-22 15:35:11,394 [TB-Scheduling-1] INFO  o.t.s.s.s.DefaultTbEntityDataSubscriptionService - Stats: regularQueryInvocationCnt = [0], regularQueryInvocationTime = [0], dynamicQueryCnt = [6] dynamicQueryInvocationCnt = [0], dynamicQueryInvocationTime = [0], alarmQueryInvocationCnt = [0], alarmQueryInvocationTime = [0]
2025-12-22 15:35:21,395 [TB-Scheduling-1] INFO  o.t.s.s.s.DefaultTbEntityDataSubscriptionService - Stats: regularQueryInvocationCnt = [0], regularQueryInvocationTime = [0], dynamicQueryCnt = [6] dynamicQueryInvocationCnt = [0], dynamicQueryInvocationTime = [0], alarmQueryInvocationCnt = [0], alarmQueryInvocationTime = [0]
2025-12-22 15:35:31,396 [TB-Scheduling-4] INFO  o.t.s.s.s.DefaultTbEntityDataSubscriptionService - Stats: regularQueryInvocationCnt = [0], regularQueryInvocationTime = [0], dynamicQueryCnt = [6] dynamicQueryInvocationCnt = [6], dynamicQueryInvocationTime = [11], alarmQueryInvocationCnt = [0], alarmQueryInvocationTime = [0]
2025-12-22 15:35:41,364 [TB-Scheduling-2] INFO  o.t.s.c.t.s.DefaultTransportService - Transport Stats: openConnections [0]
2025-12-22 15:35:41,372 [TB-Scheduling-2] INFO  o.t.s.dao.aspect.SqlDaoCallsAspect - Total timing statistics below:
2025-12-22 15:35:41,372 [TB-Scheduling-2] INFO  o.t.s.dao.aspect.SqlDaoCallsAspect - [5c6c4190-f64c-11ee-8f58-c9c802dda3de]: calls: 3, failures: 0, exec time: 5 
2025-12-22 15:35:41,372 [TB-Scheduling-2] INFO  o.t.s.dao.aspect.SqlDaoCallsAspect - [5c6c4190-f64c-11ee-8f58-c9c802dda3de] Top 3 methods by timing:
2025-12-22 15:35:41,372 [TB-Scheduling-2] INFO  o.t.s.dao.aspect.SqlDaoCallsAspect - [5c6c4190-f64c-11ee-8f58-c9c802dda3de]: method: JpaAlarmDao.countAlarmsByQuery(..), calls: 3, failures: 0, exec time: 5
2025-12-22 15:35:41,396 [TB-Scheduling-3] INFO  o.t.s.s.s.DefaultTbEntityDataSubscriptionService - Stats: regularQueryInvocationCnt = [0], regularQueryInvocationTime = [0], dynamicQueryCnt = [6] dynamicQueryInvocationCnt = [0], dynamicQueryInvocationTime = [0], alarmQueryInvocationCnt = [0], alarmQueryInvocationTime = [0]
2025-12-22 15:35:49,440 [sql-log-1-thread-1] INFO  o.t.s.dao.sql.TbSqlBlockingQueue - Queue-0 [TS Latest] queueSize [0] totalAdded [4] totalSaved [4] totalFailed [0]
2025-12-22 15:35:51,379 [TB-Scheduling-3] INFO  o.t.s.d.u.AbstractBufferedRateExecutor - [Write] Permits queueSize = [0] totalAdded = [11] totalLaunched = [11] totalReleased = [11] totalFailed = [0] totalExpired = [0] totalRejected = [0] totalRateLimited = [0] totalRateLimitedTenants = [0] currBuffer = [0] 
2025-12-22 15:35:51,397 [TB-Scheduling-1] INFO  o.t.s.s.s.DefaultTbEntityDataSubscriptionService - Stats: regularQueryInvocationCnt = [0], regularQueryInvocationTime = [0], dynamicQueryCnt = [6] dynamicQueryInvocationCnt = [0], dynamicQueryInvocationTime = [0], alarmQueryInvocationCnt = [0], alarmQueryInvocationTime = [0]
2025-12-22 15:35:59,440 [sql-log-1-thread-1] INFO  o.t.s.dao.sql.TbSqlBlockingQueue - Queue-0 [TS Latest] queueSize [0] totalAdded [7] totalSaved [7] totalFailed [0]
2025-12-22 15:36:01,398 [TB-Scheduling-1] INFO  o.t.s.s.s.DefaultTbEntityDataSubscriptionService - Stats: regularQueryInvocationCnt = [0], regularQueryInvocationTime = [0], dynamicQueryCnt = [6] dynamicQueryInvocationCnt = [0], dynamicQueryInvocationTime = [0], alarmQueryInvocationCnt = [0], alarmQueryInvocationTime = [0]
2025-12-22 15:36:11,398 [TB-Scheduling-3] INFO  o.t.s.s.s.DefaultTbEntityDataSubscriptionService - Stats: regularQueryInvocationCnt = [0], regularQueryInvocationTime = [0], dynamicQueryCnt = [6] dynamicQueryInvocationCnt = [0], dynamicQueryInvocationTime = [0], alarmQueryInvocationCnt = [0], alarmQueryInvocationTime = [0]
2025-12-22 15:36:21,399 [TB-Scheduling-3] INFO  o.t.s.s.s.DefaultTbEntityDataSubscriptionService - Stats: regularQueryInvocationCnt = [0], regularQueryInvocationTime = [0], dynamicQueryCnt = [6] dynamicQueryInvocationCnt = [0], dynamicQueryInvocationTime = [0], alarmQueryInvocationCnt = [0], alarmQueryInvocationTime = [0]
2025-12-22 15:36:31,400 [TB-Scheduling-3] INFO  o.t.s.s.s.DefaultTbEntityDataSubscriptionService - Stats: regularQueryInvocationCnt = [0], regularQueryInvocationTime = [0], dynamicQueryCnt = [6] dynamicQueryInvocationCnt = [6], dynamicQueryInvocationTime = [14], alarmQueryInvocationCnt = [0], alarmQueryInvocationTime = [0]
2025-12-22 15:36:41,365 [TB-Scheduling-1] INFO  o.t.s.c.t.s.DefaultTransportService - Transport Stats: openConnections [0]
2025-12-22 15:36:41,373 [TB-Scheduling-4] INFO  o.t.s.dao.aspect.SqlDaoCallsAspect - Total timing statistics below:
2025-12-22 15:36:41,373 [TB-Scheduling-4] INFO  o.t.s.dao.aspect.SqlDaoCallsAspect - [5c6c4190-f64c-11ee-8f58-c9c802dda3de]: calls: 3, failures: 0, exec time: 7 
2025-12-22 15:36:41,373 [TB-Scheduling-4] INFO  o.t.s.dao.aspect.SqlDaoCallsAspect - [5c6c4190-f64c-11ee-8f58-c9c802dda3de] Top 3 methods by timing:
2025-12-22 15:36:41,374 [TB-Scheduling-4] INFO  o.t.s.dao.aspect.SqlDaoCallsAspect - [5c6c4190-f64c-11ee-8f58-c9c802dda3de]: method: JpaAlarmDao.countAlarmsByQuery(..), calls: 3, failures: 0, exec time: 7
2025-12-22 15:36:41,401 [TB-Scheduling-1] INFO  o.t.s.s.s.DefaultTbEntityDataSubscriptionService - Stats: regularQueryInvocationCnt = [0], regularQueryInvocationTime = [0], dynamicQueryCnt = [6] dynamicQueryInvocationCnt = [0], dynamicQueryInvocationTime = [0], alarmQueryInvocationCnt = [0], alarmQueryInvocationTime = [0]
2025-12-22 15:36:49,440 [sql-log-1-thread-1] INFO  o.t.s.dao.sql.TbSqlBlockingQueue - Queue-0 [TS Latest] queueSize [0] totalAdded [4] totalSaved [4] totalFailed [0]
2025-12-22 15:36:51,381 [TB-Scheduling-1] INFO  o.t.s.d.u.AbstractBufferedRateExecutor - [Write] Permits queueSize = [0] totalAdded = [4] totalLaunched = [4] totalReleased = [4] totalFailed = [0] totalExpired = [0] totalRejected = [0] totalRateLimited = [0] totalRateLimitedTenants = [0] currBuffer = [0] 
2025-12-22 15:36:51,401 [TB-Scheduling-3] INFO  o.t.s.s.s.DefaultTbEntityDataSubscriptionService - Stats: regularQueryInvocationCnt = [0], regularQueryInvocationTime = [0], dynamicQueryCnt = [6] dynamicQueryInvocationCnt = [0], dynamicQueryInvocationTime = [0], alarmQueryInvocationCnt = [0], alarmQueryInvocationTime = [0]
2025-12-22 15:36:59,440 [sql-log-1-thread-1] INFO  o.t.s.dao.sql.TbSqlBlockingQueue - Queue-0 [TS Latest] queueSize [0] totalAdded [7] totalSaved [7] totalFailed [0]
2025-12-22 15:37:01,381 [TB-Scheduling-2] INFO  o.t.s.d.u.AbstractBufferedRateExecutor - [Write] Permits queueSize = [0] totalAdded = [7] totalLaunched = [7] totalReleased = [7] totalFailed = [0] totalExpired = [0] totalRejected = [0] totalRateLimited = [0] totalRateLimitedTenants = [0] currBuffer = [0] 
2025-12-22 15:37:01,402 [TB-Scheduling-3] INFO  o.t.s.s.s.DefaultTbEntityDataSubscriptionService - Stats: regularQueryInvocationCnt = [0], regularQueryInvocationTime = [0], dynamicQueryCnt = [6] dynamicQueryInvocationCnt = [0], dynamicQueryInvocationTime = [0], alarmQueryInvocationCnt = [0], alarmQueryInvocationTime = [0]
2025-12-22 15:37:11,402 [TB-Scheduling-2] INFO  o.t.s.s.s.DefaultTbEntityDataSubscriptionService - Stats: regularQueryInvocationCnt = [0], regularQueryInvocationTime = [0], dynamicQueryCnt = [6] dynamicQueryInvocationCnt = [0], dynamicQueryInvocationTime = [0], alarmQueryInvocationCnt = [0], alarmQueryInvocationTime = [0]
2025-12-22 15:37:15,798 [http-nio-0.0.0.0-9090-exec-8] INFO  org.owasp.validator.html.Policy - Attempting to load AntiSamy policy from an input stream.
2025-12-22 15:37:16,041 [http-nio-0.0.0.0-9090-exec-8] WARN  org.owasp.validator.html.Policy - The directive "noopenerAndNoreferrerAnchors" is enabled by default, but disabled in this policy. It is recommended to leave it enabled to prevent reverse tabnabbing attacks.
2025-12-22 15:37:21,377 [TB-Scheduling-1] INFO  o.t.s.d.u.AbstractBufferedRateExecutor - [Read] Permits queueSize = [0] totalAdded = [56] totalLaunched = [56] totalReleased = [56] totalFailed = [0] totalExpired = [0] totalRejected = [0] totalRateLimited = [0] totalRateLimitedTenants = [0] currBuffer = [0] 
2025-12-22 15:37:21,403 [TB-Scheduling-3] INFO  o.t.s.s.s.DefaultTbEntityDataSubscriptionService - Stats: regularQueryInvocationCnt = [21], regularQueryInvocationTime = [114], dynamicQueryCnt = [0] dynamicQueryInvocationCnt = [0], dynamicQueryInvocationTime = [0], alarmQueryInvocationCnt = [0], alarmQueryInvocationTime = [0]
2025-12-22 15:37:31,378 [TB-Scheduling-4] INFO  o.t.s.d.u.AbstractBufferedRateExecutor - [Read] Permits queueSize = [0] totalAdded = [162] totalLaunched = [162] totalReleased = [162] totalFailed = [0] totalExpired = [0] totalRejected = [0] totalRateLimited = [0] totalRateLimitedTenants = [0] currBuffer = [0] 
2025-12-22 15:37:31,404 [TB-Scheduling-3] INFO  o.t.s.s.s.DefaultTbEntityDataSubscriptionService - Stats: regularQueryInvocationCnt = [36], regularQueryInvocationTime = [91], dynamicQueryCnt = [0] dynamicQueryInvocationCnt = [0], dynamicQueryInvocationTime = [0], alarmQueryInvocationCnt = [0], alarmQueryInvocationTime = [0]
2025-12-22 15:37:41,366 [TB-Scheduling-4] INFO  o.t.s.c.t.s.DefaultTransportService - Transport Stats: openConnections [0]
2025-12-22 15:37:41,375 [TB-Scheduling-3] INFO  o.t.s.dao.aspect.SqlDaoCallsAspect - Total timing statistics below:
2025-12-22 15:37:41,375 [TB-Scheduling-3] INFO  o.t.s.dao.aspect.SqlDaoCallsAspect - [5c6c4190-f64c-11ee-8f58-c9c802dda3de]: calls: 13, failures: 0, exec time: 201 
2025-12-22 15:37:41,375 [TB-Scheduling-3] INFO  o.t.s.dao.aspect.SqlDaoCallsAspect - [5c6c4190-f64c-11ee-8f58-c9c802dda3de] Top 3 methods by timing:
2025-12-22 15:37:41,376 [TB-Scheduling-3] INFO  o.t.s.dao.aspect.SqlDaoCallsAspect - [5c6c4190-f64c-11ee-8f58-c9c802dda3de]: method: JpaUserSettingsDao.save(..), calls: 2, failures: 0, exec time: 98
2025-12-22 15:37:41,376 [TB-Scheduling-3] INFO  o.t.s.dao.aspect.SqlDaoCallsAspect - [5c6c4190-f64c-11ee-8f58-c9c802dda3de]: method: JpaDashboardInfoDao.findDashboardsByTenantId(..), calls: 6, failures: 0, exec time: 59
2025-12-22 15:37:41,376 [TB-Scheduling-3] INFO  o.t.s.dao.aspect.SqlDaoCallsAspect - [5c6c4190-f64c-11ee-8f58-c9c802dda3de]: method: JpaAbstractDao.findById(..), calls: 4, failures: 0, exec time: 42
2025-12-22 15:37:41,405 [TB-Scheduling-2] INFO  o.t.s.s.s.DefaultTbEntityDataSubscriptionService - Stats: regularQueryInvocationCnt = [26], regularQueryInvocationTime = [166], dynamicQueryCnt = [0] dynamicQueryInvocationCnt = [0], dynamicQueryInvocationTime = [0], alarmQueryInvocationCnt = [0], alarmQueryInvocationTime = [0]
2025-12-22 15:37:46,594 [JpaExecutorService-15-7] INFO  o.t.s.d.s.i.s.SqlPartitioningRepository - Saving partition 1766016000000-1766620800000 for table audit_log
2025-12-22 15:37:46,604 [http-nio-0.0.0.0-9090-exec-2] INFO  o.t.s.c.plugin.TbWebSocketHandler - [5c6c4190-f64c-11ee-8f58-c9c802dda3de][5cf87c00-f64c-11ee-8f58-c9c802dda3de][2d53c8c9-6278-48b0-8624-b3e48e915ac3] Session is closed
2025-12-22 15:37:49,440 [sql-log-1-thread-1] INFO  o.t.s.dao.sql.TbSqlBlockingQueue - Queue-0 [TS Latest] queueSize [0] totalAdded [4] totalSaved [4] totalFailed [0]
2025-12-22 15:37:51,383 [TB-Scheduling-2] INFO  o.t.s.d.u.AbstractBufferedRateExecutor - [Write] Permits queueSize = [0] totalAdded = [4] totalLaunched = [4] totalReleased = [4] totalFailed = [0] totalExpired = [0] totalRejected = [0] totalRateLimited = [0] totalRateLimitedTenants = [0] currBuffer = [0] 
2025-12-22 15:37:59,440 [sql-log-1-thread-1] INFO  o.t.s.dao.sql.TbSqlBlockingQueue - Queue-0 [TS Latest] queueSize [0] totalAdded [7] totalSaved [7] totalFailed [0]
2025-12-22 15:38:01,384 [TB-Scheduling-2] INFO  o.t.s.d.u.AbstractBufferedRateExecutor - [Write] Permits queueSize = [0] totalAdded = [7] totalLaunched = [7] totalReleased = [7] totalFailed = [0] totalExpired = [0] totalRejected = [0] totalRateLimited = [0] totalRateLimitedTenants = [0] currBuffer = [0] 
