2025-12-19 08:16:21,563 [background-preinit] INFO  o.h.validator.internal.util.Version - HV000001: Hibernate Validator 6.0.20.Final
2025-12-19 08:16:21,642 [main] INFO  o.t.s.ThingsboardServerApplication - Starting ThingsboardServerApplication v3.6.4 using Java 11.0.22 on 35effbb91bdd with PID 263 (/usr/share/thingsboard/bin/thingsboard.jar started by thingsboard in /)
2025-12-19 08:16:21,644 [main] INFO  o.t.s.ThingsboardServerApplication - No active profile set, falling back to 1 default profile: "default"
2025-12-19 08:16:27,068 [main] INFO  o.s.d.r.c.RepositoryConfigurationDelegate - Multiple Spring Data modules found, entering strict repository configuration mode
2025-12-19 08:16:27,069 [main] INFO  o.s.d.r.c.RepositoryConfigurationDelegate - Bootstrapping Spring Data JPA repositories in DEFAULT mode.
2025-12-19 08:16:27,424 [main] INFO  o.s.d.r.c.RepositoryConfigurationDelegate - Finished Spring Data repository scanning in 332 ms. Found 1 JPA repository interfaces.
2025-12-19 08:16:27,428 [main] INFO  o.s.d.r.c.RepositoryConfigurationDelegate - Multiple Spring Data modules found, entering strict repository configuration mode
2025-12-19 08:16:27,428 [main] INFO  o.s.d.r.c.RepositoryConfigurationDelegate - Bootstrapping Spring Data JPA repositories in DEFAULT mode.
2025-12-19 08:16:28,036 [main] INFO  o.s.d.r.c.RepositoryConfigurationDelegate - Finished Spring Data repository scanning in 607 ms. Found 54 JPA repository interfaces.
2025-12-19 08:16:28,038 [main] INFO  o.s.d.r.c.RepositoryConfigurationDelegate - Multiple Spring Data modules found, entering strict repository configuration mode
2025-12-19 08:16:28,039 [main] INFO  o.s.d.r.c.RepositoryConfigurationDelegate - Bootstrapping Spring Data JPA repositories in DEFAULT mode.
2025-12-19 08:16:28,093 [main] INFO  o.s.d.r.c.RepositoryConfigurationDelegate - Finished Spring Data repository scanning in 54 ms. Found 1 JPA repository interfaces.
2025-12-19 08:16:29,279 [main] INFO  o.s.i.c.DefaultConfiguringBeanFactoryPostProcessor - No bean named 'errorChannel' has been explicitly defined. Therefore, a default PublishSubscribeChannel will be created.
2025-12-19 08:16:29,316 [main] INFO  o.s.i.c.DefaultConfiguringBeanFactoryPostProcessor - No bean named 'integrationHeaderChannelRegistry' has been explicitly defined. Therefore, a default DefaultHeaderChannelRegistry will be created.
2025-12-19 08:16:30,852 [main] INFO  o.t.s.q.d.DefaultTbServiceInfoProvider - Current Service ID: 35effbb91bdd
2025-12-19 08:16:32,801 [main] INFO  o.h.jpa.internal.util.LogHelper - HHH000204: Processing PersistenceUnitInfo [name: default]
2025-12-19 08:16:32,951 [main] INFO  org.hibernate.Version - HHH000412: Hibernate ORM core version 5.6.15.Final
2025-12-19 08:16:33,565 [main] INFO  o.h.annotations.common.Version - HCANN000001: Hibernate Commons Annotations {5.1.2.Final}
2025-12-19 08:16:33,856 [main] INFO  com.zaxxer.hikari.HikariDataSource - HikariPool-1 - Starting...
2025-12-19 08:16:34,196 [main] INFO  com.zaxxer.hikari.HikariDataSource - HikariPool-1 - Start completed.
2025-12-19 08:16:34,237 [main] INFO  org.hibernate.dialect.Dialect - HHH000400: Using dialect: org.thingsboard.server.dao.ThingsboardPostgreSQLDialect
2025-12-19 08:16:37,577 [main] INFO  o.h.e.t.j.p.i.JtaPlatformInitiator - HHH000490: Using JtaPlatform implementation: [org.hibernate.engine.transaction.jta.platform.internal.NoJtaPlatform]
2025-12-19 08:16:37,640 [main] INFO  o.s.o.j.LocalContainerEntityManagerFactoryBean - Initialized JPA EntityManagerFactory for persistence unit 'default'
2025-12-19 08:16:43,665 [main] WARN  o.a.k.c.admin.AdminClientConfig - The configuration 'session.timeout.ms' was supplied but isn't a known config.
2025-12-19 08:16:43,786 [main] WARN  o.a.k.c.admin.AdminClientConfig - The configuration 'session.timeout.ms' was supplied but isn't a known config.
2025-12-19 08:16:44,285 [main] WARN  o.a.k.c.admin.AdminClientConfig - The configuration 'session.timeout.ms' was supplied but isn't a known config.
2025-12-19 08:16:44,313 [main] WARN  o.a.k.c.admin.AdminClientConfig - The configuration 'session.timeout.ms' was supplied but isn't a known config.
2025-12-19 08:16:44,345 [main] WARN  o.a.k.c.admin.AdminClientConfig - The configuration 'session.timeout.ms' was supplied but isn't a known config.
2025-12-19 08:16:44,373 [main] WARN  o.a.k.c.admin.AdminClientConfig - The configuration 'session.timeout.ms' was supplied but isn't a known config.
2025-12-19 08:16:44,421 [main] WARN  o.a.k.c.admin.AdminClientConfig - The configuration 'session.timeout.ms' was supplied but isn't a known config.
2025-12-19 08:16:44,443 [main] WARN  o.a.k.c.admin.AdminClientConfig - The configuration 'session.timeout.ms' was supplied but isn't a known config.
2025-12-19 08:16:44,491 [main] WARN  o.a.k.c.admin.AdminClientConfig - The configuration 'session.timeout.ms' was supplied but isn't a known config.
2025-12-19 08:16:44,527 [main] WARN  o.a.k.c.admin.AdminClientConfig - The configuration 'session.timeout.ms' was supplied but isn't a known config.
2025-12-19 08:16:44,558 [main] WARN  o.a.k.c.admin.AdminClientConfig - The configuration 'session.timeout.ms' was supplied but isn't a known config.
2025-12-19 08:16:44,584 [main] WARN  o.a.k.c.admin.AdminClientConfig - The configuration 'session.timeout.ms' was supplied but isn't a known config.
2025-12-19 08:16:44,604 [main] WARN  o.a.k.c.admin.AdminClientConfig - The configuration 'session.timeout.ms' was supplied but isn't a known config.
2025-12-19 08:16:44,622 [main] WARN  o.a.k.c.admin.AdminClientConfig - The configuration 'session.timeout.ms' was supplied but isn't a known config.
2025-12-19 08:16:44,639 [main] WARN  o.a.k.c.admin.AdminClientConfig - The configuration 'session.timeout.ms' was supplied but isn't a known config.
2025-12-19 08:16:44,737 [main] WARN  o.a.k.c.producer.ProducerConfig - The configuration 'session.timeout.ms' was supplied but isn't a known config.
2025-12-19 08:16:44,745 [main] WARN  o.a.k.c.producer.ProducerConfig - The configuration 'session.timeout.ms' was supplied but isn't a known config.
2025-12-19 08:16:44,760 [main] WARN  o.a.k.c.producer.ProducerConfig - The configuration 'session.timeout.ms' was supplied but isn't a known config.
2025-12-19 08:16:44,771 [main] WARN  o.a.k.c.producer.ProducerConfig - The configuration 'session.timeout.ms' was supplied but isn't a known config.
2025-12-19 08:16:44,777 [main] WARN  o.a.k.c.producer.ProducerConfig - The configuration 'session.timeout.ms' was supplied but isn't a known config.
2025-12-19 08:16:44,787 [main] WARN  o.a.k.c.producer.ProducerConfig - The configuration 'session.timeout.ms' was supplied but isn't a known config.
2025-12-19 08:16:44,797 [main] WARN  o.a.k.c.producer.ProducerConfig - The configuration 'session.timeout.ms' was supplied but isn't a known config.
2025-12-19 08:16:45,169 [main] WARN  o.a.k.c.producer.ProducerConfig - The configuration 'session.timeout.ms' was supplied but isn't a known config.
2025-12-19 08:16:45,193 [tb-queue-request-template-tb_transport.api.responses.35effbb91bdd-7-thread-1] INFO  o.t.s.q.c.AbstractTbQueueConsumerTemplate - Subscribing to topics [tb_transport.api.responses.35effbb91bdd]
2025-12-19 08:16:45,621 [main] INFO  o.s.b.w.e.tomcat.TomcatWebServer - Tomcat initialized with port(s): 9090 (http)
2025-12-19 08:16:45,643 [main] INFO  o.a.coyote.http11.Http11NioProtocol - The ["http-nio-0.0.0.0-9090"] connector has been configured to support HTTP upgrade to [h2c]
2025-12-19 08:16:45,644 [main] INFO  o.a.coyote.http11.Http11NioProtocol - Initializing ProtocolHandler ["http-nio-0.0.0.0-9090"]
2025-12-19 08:16:45,645 [main] INFO  o.a.catalina.core.StandardService - Starting service [Tomcat]
2025-12-19 08:16:45,646 [main] INFO  o.a.catalina.core.StandardEngine - Starting Servlet engine: [Apache Tomcat/9.0.73]
2025-12-19 08:16:45,817 [main] INFO  o.a.c.c.C.[Tomcat].[localhost].[/] - Initializing Spring embedded WebApplicationContext
2025-12-19 08:16:45,817 [main] INFO  o.s.b.w.s.c.ServletWebServerApplicationContext - Root WebApplicationContext: initialization completed in 24099 ms
2025-12-19 08:16:46,193 [main] INFO  o.t.s.d.a.CachedAttributesService - Going to use directExecutor for the local cache type caffeine
2025-12-19 08:16:46,834 [main] INFO  c.d.o.d.i.c.DefaultMavenCoordinates - DataStax Java driver for Apache Cassandra(R) (com.datastax.oss:java-driver-core) version 4.15.0
2025-12-19 08:16:47,233 [Thingsboard Cluster-admin-0] INFO  c.d.o.d.internal.core.time.Clock - Could not access native clock (see debug logs for details), falling back to Java system clock
2025-12-19 08:16:48,019 [nosql-Read-dispatcher-13-thread-1] INFO  o.t.s.d.u.AbstractBufferedRateExecutor - [Read] Buffered rate executor thread started
2025-12-19 08:16:48,028 [nosql-Read-dispatcher-13-thread-2] INFO  o.t.s.d.u.AbstractBufferedRateExecutor - [Read] Buffered rate executor thread started
2025-12-19 08:16:48,037 [nosql-Write-dispatcher-15-thread-1] INFO  o.t.s.d.u.AbstractBufferedRateExecutor - [Write] Buffered rate executor thread started
2025-12-19 08:16:48,043 [nosql-Write-dispatcher-15-thread-2] INFO  o.t.s.d.u.AbstractBufferedRateExecutor - [Write] Buffered rate executor thread started
2025-12-19 08:16:49,328 [main] INFO  o.t.s.s.a.DefaultTbApiUsageStateService - Starting api usage service.
2025-12-19 08:16:49,329 [main] INFO  o.t.s.s.a.DefaultTbApiUsageStateService - Started api usage service.
2025-12-19 08:16:50,469 [main] WARN  o.a.k.c.admin.AdminClientConfig - The configuration 'session.timeout.ms' was supplied but isn't a known config.
2025-12-19 08:16:52,075 [main] WARN  o.a.k.c.producer.ProducerConfig - The configuration 'session.timeout.ms' was supplied but isn't a known config.
2025-12-19 08:16:53,450 [main] INFO  o.t.s.q.e.EnvironmentLogService - ThingsBoard server environment: zookeeper.version=3.9.2-e454e8c7283100c7caec6dcae2bc82aaecb63023, built on 2024-02-12 20:59 UTC
2025-12-19 08:16:53,450 [main] INFO  o.t.s.q.e.EnvironmentLogService - ThingsBoard server environment: host.name=35effbb91bdd
2025-12-19 08:16:53,450 [main] INFO  o.t.s.q.e.EnvironmentLogService - ThingsBoard server environment: java.version=11.0.22
2025-12-19 08:16:53,450 [main] INFO  o.t.s.q.e.EnvironmentLogService - ThingsBoard server environment: java.vendor=Debian
2025-12-19 08:16:53,450 [main] INFO  o.t.s.q.e.EnvironmentLogService - ThingsBoard server environment: java.home=/usr/lib/jvm/java-11-openjdk-amd64
2025-12-19 08:16:53,450 [main] INFO  o.t.s.q.e.EnvironmentLogService - ThingsBoard server environment: java.class.path=/usr/share/thingsboard/bin/thingsboard.jar
2025-12-19 08:16:53,450 [main] INFO  o.t.s.q.e.EnvironmentLogService - ThingsBoard server environment: java.library.path=/usr/java/packages/lib:/usr/lib/x86_64-linux-gnu/jni:/lib/x86_64-linux-gnu:/usr/lib/x86_64-linux-gnu:/usr/lib/jni:/lib:/usr/lib
2025-12-19 08:16:53,451 [main] INFO  o.t.s.q.e.EnvironmentLogService - ThingsBoard server environment: java.io.tmpdir=/tmp
2025-12-19 08:16:53,451 [main] INFO  o.t.s.q.e.EnvironmentLogService - ThingsBoard server environment: java.compiler=<NA>
2025-12-19 08:16:53,451 [main] INFO  o.t.s.q.e.EnvironmentLogService - ThingsBoard server environment: os.name=Linux
2025-12-19 08:16:53,451 [main] INFO  o.t.s.q.e.EnvironmentLogService - ThingsBoard server environment: os.arch=amd64
2025-12-19 08:16:53,451 [main] INFO  o.t.s.q.e.EnvironmentLogService - ThingsBoard server environment: os.version=6.1.0-41-amd64
2025-12-19 08:16:53,451 [main] INFO  o.t.s.q.e.EnvironmentLogService - ThingsBoard server environment: user.name=thingsboard
2025-12-19 08:16:53,451 [main] INFO  o.t.s.q.e.EnvironmentLogService - ThingsBoard server environment: user.home=/home/thingsboard
2025-12-19 08:16:53,451 [main] INFO  o.t.s.q.e.EnvironmentLogService - ThingsBoard server environment: user.dir=/
2025-12-19 08:16:53,451 [main] INFO  o.t.s.q.e.EnvironmentLogService - ThingsBoard server environment: os.memory.free=189MB
2025-12-19 08:16:53,451 [main] INFO  o.t.s.q.e.EnvironmentLogService - ThingsBoard server environment: os.memory.max=1982MB
2025-12-19 08:16:53,451 [main] INFO  o.t.s.q.e.EnvironmentLogService - ThingsBoard server environment: os.memory.total=353MB
2025-12-19 08:16:53,529 [main] INFO  d.n.internal.NashornDetection - Delight-nashorn-sandbox detected that JDK Nashorn is present and standalone Nashorn is absent, and will use JDK Nashorn
2025-12-19 08:16:54,374 [main] INFO  o.t.s.c.t.c.ssl.SslCredentialsConfig - LWM2M Server DTLS Credentials: Skipping initialization of disabled SSL credentials.
2025-12-19 08:16:54,383 [main] INFO  o.t.s.c.t.c.ssl.SslCredentialsConfig - LWM2M Trust Credentials: Skipping initialization of disabled SSL credentials.
2025-12-19 08:16:54,400 [main] INFO  o.t.s.c.t.c.ssl.SslCredentialsConfig - LWM2M Bootstrap DTLS Credentials: Skipping initialization of disabled SSL credentials.
2025-12-19 08:16:54,886 [main] INFO  o.t.s.s.edge.rpc.EdgeGrpcService - Initializing Edge RPC service!
2025-12-19 08:16:55,405 [main] INFO  o.t.s.s.edge.rpc.EdgeGrpcService - Going to start Edge RPC server using port: 7070
2025-12-19 08:16:55,610 [main] INFO  o.t.s.s.edge.rpc.EdgeGrpcService - Edge RPC service initialized!
2025-12-19 08:16:56,439 [main] INFO  o.t.s.c.SystemInfoController - System build info: {"version":"3.6.4","artifact":"application","name":"ThingsBoard Server Application"}
2025-12-19 08:16:56,524 [main] INFO  o.t.s.s.e.EdgeEventSourcingListener - EdgeEventSourcingListener initiated
2025-12-19 08:16:56,597 [main] WARN  o.a.k.c.producer.ProducerConfig - The configuration 'session.timeout.ms' was supplied but isn't a known config.
2025-12-19 08:16:56,759 [main] INFO  o.t.s.a.service.DefaultActorService - Initializing actor system.
2025-12-19 08:16:56,778 [main] INFO  o.t.s.a.service.DefaultActorService - Actor system initialized.
2025-12-19 08:16:56,797 [main] INFO  o.t.s.c.adaptor.JsonConverterConfig - JSON type cast enabled = true
2025-12-19 08:16:56,797 [main] INFO  o.t.s.c.adaptor.JsonConverterConfig - JSON max string value length = 0
2025-12-19 08:16:56,899 [main] INFO  o.t.s.t.mqtt.MqttTransportService - Setting resource leak detector level to DISABLED
2025-12-19 08:16:56,899 [main] INFO  o.t.s.t.mqtt.MqttTransportService - Starting MQTT transport...
2025-12-19 08:16:56,935 [main] INFO  o.t.s.t.mqtt.MqttTransportService - Mqtt transport started!
2025-12-19 08:16:56,972 [main] INFO  o.e.c.elements.config.Configuration - defaults added COAP.
2025-12-19 08:16:56,984 [main] INFO  o.e.c.elements.config.Configuration - defaults added UDP.
2025-12-19 08:16:56,985 [main] INFO  o.e.c.c.network.RandomTokenGenerator - using tokens of 8 bytes in length
2025-12-19 08:16:57,007 [main] INFO  org.eclipse.californium.ban - Started.
2025-12-19 08:16:57,010 [main] INFO  o.e.c.core.network.CoapEndpoint - coap CoapEndpoint uses udp context
2025-12-19 08:16:57,026 [main] INFO  o.e.c.elements.config.Configuration - defaults added SYS.
2025-12-19 08:16:57,027 [main] INFO  o.e.c.c.network.stack.BlockwiseLayer - coap BlockwiseLayer uses MAX_MESSAGE_SIZE=1024, PREFERRED_BLOCK_SIZE=1024, BLOCKWISE_STATUS_LIFETIME=300000, MAX_RESOURCE_BODY_SIZE=268435456, BLOCKWISE_STRICT_BLOCK2_OPTION=true
2025-12-19 08:16:57,040 [main] INFO  o.e.californium.core.CoapServer - Starting server
2025-12-19 08:16:57,056 [main] INFO  o.e.c.elements.UDPConnector - UDPConnector starts up 1 sender threads and 1 receiver threads
2025-12-19 08:16:57,062 [main] INFO  o.e.c.elements.UDPConnector - UDPConnector listening on 0.0.0.0/0.0.0.0:5683, recv buf = 106496, send buf = 106496, recv packet size = 2048
2025-12-19 08:16:57,063 [main] INFO  o.e.c.core.network.CoapEndpoint - coap Started endpoint at coap://0.0.0.0:5683
2025-12-19 08:16:57,102 [main] INFO  o.t.s.t.coap.CoapTransportService - Starting CoAP transport...
2025-12-19 08:16:57,108 [main] INFO  o.t.s.t.coap.CoapTransportService - CoAP transport started!
2025-12-19 08:16:57,257 [main] INFO  o.e.c.elements.util.JceProviderUtil - Loaded net.i2p.crypto.eddsa.EdDSASecurityProvider
2025-12-19 08:16:57,308 [main] INFO  o.t.s.t.l.b.LwM2MTransportBootstrapService - Starting LwM2M transport bootstrap server...
2025-12-19 08:16:57,452 [main] INFO  o.e.c.elements.config.Configuration - defaults added DTLS.
2025-12-19 08:16:57,452 [main] INFO  o.t.s.t.l.b.LwM2MTransportBootstrapService - Unable to load X509 files for BootStrap Server
2025-12-19 08:16:57,566 [main] WARN  o.e.l.s.c.b.LeshanBootstrapServerBuilder - configStore is set but you also provide a custom SessionManager so this store will not be used
2025-12-19 08:16:57,645 [main] INFO  o.e.c.c.network.RandomTokenGenerator - using tokens of 8 bytes in length
2025-12-19 08:16:57,645 [main] INFO  o.e.c.core.network.CoapEndpoint - [LWM2M BS Server-coap://] CoapEndpoint uses udp context
2025-12-19 08:16:57,645 [main] INFO  o.e.c.c.network.stack.BlockwiseLayer - [LWM2M BS Server-coap://] BlockwiseLayer uses MAX_MESSAGE_SIZE=1024, PREFERRED_BLOCK_SIZE=1024, BLOCKWISE_STATUS_LIFETIME=300000, MAX_RESOURCE_BODY_SIZE=268435456, BLOCKWISE_STRICT_BLOCK2_OPTION=true
2025-12-19 08:16:57,668 [main] INFO  o.e.c.s.dtls.InMemoryConnectionStore - Created new InMemoryConnectionStore [capacity: 150000, connection expiration threshold: 1800s]
2025-12-19 08:16:57,670 [main] INFO  o.e.c.c.network.RandomTokenGenerator - using tokens of 8 bytes in length
2025-12-19 08:16:57,670 [main] INFO  o.e.c.core.network.CoapEndpoint - [LWM2M BS Server-coaps://] CoapEndpoint uses lwm2m correlation
2025-12-19 08:16:57,670 [main] INFO  o.e.c.c.network.stack.BlockwiseLayer - [LWM2M BS Server-coaps://] BlockwiseLayer uses MAX_MESSAGE_SIZE=1024, PREFERRED_BLOCK_SIZE=1024, BLOCKWISE_STATUS_LIFETIME=300000, MAX_RESOURCE_BODY_SIZE=268435456, BLOCKWISE_STRICT_BLOCK2_OPTION=true
2025-12-19 08:16:57,681 [main] INFO  o.e.californium.core.CoapServer - Starting server
2025-12-19 08:16:57,689 [main] INFO  o.e.c.elements.UDPConnector - UDPConnector starts up 2 sender threads and 2 receiver threads
2025-12-19 08:16:57,690 [main] INFO  o.e.c.elements.UDPConnector - UDPConnector listening on 0.0.0.0/0.0.0.0:5687, recv buf = 106496, send buf = 106496, recv packet size = 2048
2025-12-19 08:16:57,691 [main] INFO  o.e.c.core.network.CoapEndpoint - [LWM2M BS Server-coap://] Started endpoint at coap://0.0.0.0:5687
2025-12-19 08:16:57,693 [main] INFO  o.e.c.scandium.DTLSConnector - multiple network interfaces, using smallest MTU [IPv4 1500, IPv6 1280]
2025-12-19 08:16:57,695 [main] INFO  o.e.c.scandium.DTLSConnector - DTLSConnector listening on 0.0.0.0/0.0.0.0:5688, recv buf = 106496, send buf = 106496, recv packet size = 16490, MTU = IPv4 1500 / IPv6 1280
2025-12-19 08:16:57,695 [DTLS-Receiver-0-0.0.0.0/0.0.0.0:5688] INFO  o.e.c.scandium.DTLSConnector - Starting worker thread [DTLS-Receiver-0-0.0.0.0/0.0.0.0:5688]
2025-12-19 08:16:57,695 [main] INFO  o.e.c.core.network.CoapEndpoint - [LWM2M BS Server-coaps://] Started endpoint at coaps://0.0.0.0:5688
2025-12-19 08:16:57,696 [main] INFO  o.e.l.s.c.b.LeshanBootstrapServer - Bootstrap server started at coap://0.0.0.0/0.0.0.0:5687 coaps://0.0.0.0/0.0.0.0:5688
2025-12-19 08:16:57,696 [main] INFO  o.t.s.t.l.b.LwM2MTransportBootstrapService - Started LwM2M transport bootstrap server.
2025-12-19 08:16:57,804 [main] INFO  o.t.s.t.s.s.SnmpTransportService - SNMP transport service initialized
2025-12-19 08:16:58,664 [main] INFO  o.s.b.a.e.web.EndpointLinksResolver - Exposing 1 endpoint(s) beneath base path '/actuator'
2025-12-19 08:16:59,337 [main] INFO  o.s.s.web.DefaultSecurityFilterChain - Will secure Or [Ant [pattern='/*.js'], Ant [pattern='/*.css'], Ant [pattern='/*.ico'], Ant [pattern='/assets/**'], Ant [pattern='/static/**']] with [org.springframework.security.web.context.request.async.WebAsyncManagerIntegrationFilter@6392107e, org.springframework.security.web.header.HeaderWriterFilter@2094869b, org.springframework.security.web.csrf.CsrfFilter@861bc5f, org.springframework.security.web.authentication.logout.LogoutFilter@5e4168dd, org.springframework.security.web.servletapi.SecurityContextHolderAwareRequestFilter@3dfc8814, org.springframework.security.web.authentication.AnonymousAuthenticationFilter@a64a147, org.springframework.security.web.access.ExceptionTranslationFilter@1d4cf8ea, org.springframework.security.web.access.intercept.AuthorizationFilter@2202eee0]
2025-12-19 08:16:59,494 [main] INFO  o.s.s.web.DefaultSecurityFilterChain - Will secure any request with [org.springframework.security.web.session.DisableEncodeUrlFilter@6aaaa66b, org.springframework.security.web.context.request.async.WebAsyncManagerIntegrationFilter@2f38b35e, org.springframework.security.web.context.SecurityContextPersistenceFilter@52999774, org.springframework.security.web.header.HeaderWriterFilter@42775280, org.springframework.web.filter.CorsFilter@26169be3, org.springframework.security.web.authentication.logout.LogoutFilter@4bc01cab, org.springframework.security.oauth2.client.web.OAuth2AuthorizationRequestRedirectFilter@29ff01df, org.springframework.security.oauth2.client.web.OAuth2LoginAuthenticationFilter@dfa6f48, org.thingsboard.server.service.security.auth.rest.RestLoginProcessingFilter@5827908c, org.thingsboard.server.service.security.auth.rest.RestPublicLoginProcessingFilter@732ffb6a, org.thingsboard.server.service.security.auth.jwt.JwtTokenAuthenticationProcessingFilter@7e98be9f, org.thingsboard.server.service.security.auth.jwt.RefreshTokenProcessingFilter@5ed83e36, org.thingsboard.server.config.RateLimitProcessingFilter@73502c47, org.springframework.security.web.savedrequest.RequestCacheAwareFilter@d4a1d38, org.springframework.security.web.servletapi.SecurityContextHolderAwareRequestFilter@4694dfd, org.springframework.security.web.authentication.AnonymousAuthenticationFilter@20461e2b, org.springframework.security.web.session.SessionManagementFilter@51645204, org.springframework.security.web.access.ExceptionTranslationFilter@3074d565, org.springframework.security.web.access.intercept.FilterSecurityInterceptor@16a45e5b]
2025-12-19 08:16:59,596 [main] WARN  o.a.k.c.producer.ProducerConfig - The configuration 'session.timeout.ms' was supplied but isn't a known config.
2025-12-19 08:17:00,003 [main] INFO  o.s.b.a.w.s.WelcomePageHandlerMapping - Adding welcome page: class path resource [public/index.html]
2025-12-19 08:17:00,819 [main] INFO  o.s.i.endpoint.EventDrivenConsumer - Adding {logging-channel-adapter:_org.springframework.integration.errorLogger} as a subscriber to the 'errorChannel' channel
2025-12-19 08:17:00,820 [main] INFO  o.s.i.c.PublishSubscribeChannel - Channel 'application.errorChannel' has 1 subscriber(s).
2025-12-19 08:17:00,820 [main] INFO  o.s.i.endpoint.EventDrivenConsumer - started bean '_org.springframework.integration.errorLogger'
2025-12-19 08:17:00,821 [main] INFO  o.a.coyote.http11.Http11NioProtocol - Starting ProtocolHandler ["http-nio-0.0.0.0-9090"]
2025-12-19 08:17:00,848 [main] INFO  o.s.b.w.e.tomcat.TomcatWebServer - Tomcat started on port(s): 9090 (http) with context path ''
2025-12-19 08:17:08,267 [TB-Scheduling-1] INFO  o.t.s.c.t.s.DefaultTransportService - Transport Stats: openConnections [0]
2025-12-19 08:17:08,269 [main] INFO  o.t.s.ThingsboardServerApplication - Started ThingsboardServerApplication in 47.823 seconds (JVM running for 49.501)
2025-12-19 08:17:08,287 [main] INFO  o.t.s.q.d.HashPartitionService - Recalculating partitions
2025-12-19 08:17:08,287 [main] INFO  o.t.s.q.d.HashPartitionService - [35effbb91bdd] Found common server: [TB_CORE, TB_RULE_ENGINE, TB_TRANSPORT, JS_EXECUTOR, TB_VC_EXECUTOR]
2025-12-19 08:17:08,309 [main] INFO  o.t.s.q.d.HashPartitionService - Partitions changed: 
[QK(SequentialByOriginator,TB_RULE_ENGINE,system)] - [0, 1, 2, 3, 4, 5, 6, 7, 8, 9]
[QK(Main,TB_RULE_ENGINE,system)] - [0, 1, 2, 3, 4, 5, 6, 7, 8, 9]
[QK(HighPriority,TB_RULE_ENGINE,system)] - [0, 1, 2, 3, 4, 5, 6, 7, 8, 9]
2025-12-19 08:17:08,313 [main] INFO  o.t.s.a.service.DefaultActorService - Received partition change event.
2025-12-19 08:17:08,314 [main] INFO  o.t.s.q.d.HashPartitionService - Partitions changed: 
[QK(Main,TB_VC_EXECUTOR,system)] - [0, 1, 2, 3, 4, 5, 6, 7, 8, 9]
2025-12-19 08:17:08,314 [main] INFO  o.t.s.q.d.HashPartitionService - Partitions changed: 
[QK(Main,TB_CORE,system)] - [0, 1, 2, 3, 4, 5, 6, 7, 8, 9]
2025-12-19 08:17:08,323 [device-state-scheduled-21-thread-1] INFO  o.t.s.s.p.AbstractPartitionBasedService - [Device State] CURRENT PARTITIONS: []
2025-12-19 08:17:08,323 [api-usage-scheduled-23-thread-1] INFO  o.t.s.s.p.AbstractPartitionBasedService - [API Usage] CURRENT PARTITIONS: []
2025-12-19 08:17:08,325 [notifications-scheduler-43-thread-1] INFO  o.t.s.s.p.AbstractPartitionBasedService - [Notifications scheduler] CURRENT PARTITIONS: []
2025-12-19 08:17:08,335 [vc-consumer-59-thread-1] INFO  o.t.s.q.c.AbstractTbQueueConsumerTemplate - Subscribing to topics [tb_version_control.8, tb_version_control.9, tb_version_control.6, tb_version_control.7, tb_version_control.4, tb_version_control.5, tb_version_control.2, tb_version_control.3, tb_version_control.0, tb_version_control.1]
2025-12-19 08:17:08,323 [api-usage-scheduled-23-thread-1] INFO  o.t.s.s.p.AbstractPartitionBasedService - [API Usage] NEW PARTITIONS: [TopicPartitionInfo(topic=tb_core, tenantId=Optional[13814000-1dd2-11b2-8080-808080808080], partition=Optional[5], fullTopicName=tb_core.5, myPartition=true), TopicPartitionInfo(topic=tb_core, tenantId=Optional[13814000-1dd2-11b2-8080-808080808080], partition=Optional[6], fullTopicName=tb_core.6, myPartition=true), TopicPartitionInfo(topic=tb_core, tenantId=Optional[13814000-1dd2-11b2-8080-808080808080], partition=Optional[3], fullTopicName=tb_core.3, myPartition=true), TopicPartitionInfo(topic=tb_core, tenantId=Optional[13814000-1dd2-11b2-8080-808080808080], partition=Optional[4], fullTopicName=tb_core.4, myPartition=true), TopicPartitionInfo(topic=tb_core, tenantId=Optional[13814000-1dd2-11b2-8080-808080808080], partition=Optional[1], fullTopicName=tb_core.1, myPartition=true), TopicPartitionInfo(topic=tb_core, tenantId=Optional[13814000-1dd2-11b2-8080-808080808080], partition=Optional[2], fullTopicName=tb_core.2, myPartition=true), TopicPartitionInfo(topic=tb_core, tenantId=Optional[13814000-1dd2-11b2-8080-808080808080], partition=Optional[0], fullTopicName=tb_core.0, myPartition=true), TopicPartitionInfo(topic=tb_core, tenantId=Optional[13814000-1dd2-11b2-8080-808080808080], partition=Optional[9], fullTopicName=tb_core.9, myPartition=true), TopicPartitionInfo(topic=tb_core, tenantId=Optional[13814000-1dd2-11b2-8080-808080808080], partition=Optional[7], fullTopicName=tb_core.7, myPartition=true), TopicPartitionInfo(topic=tb_core, tenantId=Optional[13814000-1dd2-11b2-8080-808080808080], partition=Optional[8], fullTopicName=tb_core.8, myPartition=true)]
2025-12-19 08:17:08,336 [api-usage-scheduled-23-thread-1] INFO  o.t.s.s.p.AbstractPartitionBasedService - [API Usage] ADDED PARTITIONS: [TopicPartitionInfo(topic=tb_core, tenantId=Optional[13814000-1dd2-11b2-8080-808080808080], partition=Optional[5], fullTopicName=tb_core.5, myPartition=true), TopicPartitionInfo(topic=tb_core, tenantId=Optional[13814000-1dd2-11b2-8080-808080808080], partition=Optional[6], fullTopicName=tb_core.6, myPartition=true), TopicPartitionInfo(topic=tb_core, tenantId=Optional[13814000-1dd2-11b2-8080-808080808080], partition=Optional[3], fullTopicName=tb_core.3, myPartition=true), TopicPartitionInfo(topic=tb_core, tenantId=Optional[13814000-1dd2-11b2-8080-808080808080], partition=Optional[4], fullTopicName=tb_core.4, myPartition=true), TopicPartitionInfo(topic=tb_core, tenantId=Optional[13814000-1dd2-11b2-8080-808080808080], partition=Optional[1], fullTopicName=tb_core.1, myPartition=true), TopicPartitionInfo(topic=tb_core, tenantId=Optional[13814000-1dd2-11b2-8080-808080808080], partition=Optional[2], fullTopicName=tb_core.2, myPartition=true), TopicPartitionInfo(topic=tb_core, tenantId=Optional[13814000-1dd2-11b2-8080-808080808080], partition=Optional[0], fullTopicName=tb_core.0, myPartition=true), TopicPartitionInfo(topic=tb_core, tenantId=Optional[13814000-1dd2-11b2-8080-808080808080], partition=Optional[9], fullTopicName=tb_core.9, myPartition=true), TopicPartitionInfo(topic=tb_core, tenantId=Optional[13814000-1dd2-11b2-8080-808080808080], partition=Optional[7], fullTopicName=tb_core.7, myPartition=true), TopicPartitionInfo(topic=tb_core, tenantId=Optional[13814000-1dd2-11b2-8080-808080808080], partition=Optional[8], fullTopicName=tb_core.8, myPartition=true)]
2025-12-19 08:17:08,336 [api-usage-scheduled-23-thread-1] INFO  o.t.s.s.p.AbstractPartitionBasedService - [API Usage] REMOVED PARTITIONS: []
2025-12-19 08:17:08,323 [device-state-scheduled-21-thread-1] INFO  o.t.s.s.p.AbstractPartitionBasedService - [Device State] NEW PARTITIONS: [TopicPartitionInfo(topic=tb_core, tenantId=Optional[13814000-1dd2-11b2-8080-808080808080], partition=Optional[5], fullTopicName=tb_core.5, myPartition=true), TopicPartitionInfo(topic=tb_core, tenantId=Optional[13814000-1dd2-11b2-8080-808080808080], partition=Optional[6], fullTopicName=tb_core.6, myPartition=true), TopicPartitionInfo(topic=tb_core, tenantId=Optional[13814000-1dd2-11b2-8080-808080808080], partition=Optional[3], fullTopicName=tb_core.3, myPartition=true), TopicPartitionInfo(topic=tb_core, tenantId=Optional[13814000-1dd2-11b2-8080-808080808080], partition=Optional[4], fullTopicName=tb_core.4, myPartition=true), TopicPartitionInfo(topic=tb_core, tenantId=Optional[13814000-1dd2-11b2-8080-808080808080], partition=Optional[1], fullTopicName=tb_core.1, myPartition=true), TopicPartitionInfo(topic=tb_core, tenantId=Optional[13814000-1dd2-11b2-8080-808080808080], partition=Optional[2], fullTopicName=tb_core.2, myPartition=true), TopicPartitionInfo(topic=tb_core, tenantId=Optional[13814000-1dd2-11b2-8080-808080808080], partition=Optional[0], fullTopicName=tb_core.0, myPartition=true), TopicPartitionInfo(topic=tb_core, tenantId=Optional[13814000-1dd2-11b2-8080-808080808080], partition=Optional[9], fullTopicName=tb_core.9, myPartition=true), TopicPartitionInfo(topic=tb_core, tenantId=Optional[13814000-1dd2-11b2-8080-808080808080], partition=Optional[7], fullTopicName=tb_core.7, myPartition=true), TopicPartitionInfo(topic=tb_core, tenantId=Optional[13814000-1dd2-11b2-8080-808080808080], partition=Optional[8], fullTopicName=tb_core.8, myPartition=true)]
2025-12-19 08:17:08,338 [device-state-scheduled-21-thread-1] INFO  o.t.s.s.p.AbstractPartitionBasedService - [Device State] ADDED PARTITIONS: [TopicPartitionInfo(topic=tb_core, tenantId=Optional[13814000-1dd2-11b2-8080-808080808080], partition=Optional[5], fullTopicName=tb_core.5, myPartition=true), TopicPartitionInfo(topic=tb_core, tenantId=Optional[13814000-1dd2-11b2-8080-808080808080], partition=Optional[6], fullTopicName=tb_core.6, myPartition=true), TopicPartitionInfo(topic=tb_core, tenantId=Optional[13814000-1dd2-11b2-8080-808080808080], partition=Optional[3], fullTopicName=tb_core.3, myPartition=true), TopicPartitionInfo(topic=tb_core, tenantId=Optional[13814000-1dd2-11b2-8080-808080808080], partition=Optional[4], fullTopicName=tb_core.4, myPartition=true), TopicPartitionInfo(topic=tb_core, tenantId=Optional[13814000-1dd2-11b2-8080-808080808080], partition=Optional[1], fullTopicName=tb_core.1, myPartition=true), TopicPartitionInfo(topic=tb_core, tenantId=Optional[13814000-1dd2-11b2-8080-808080808080], partition=Optional[2], fullTopicName=tb_core.2, myPartition=true), TopicPartitionInfo(topic=tb_core, tenantId=Optional[13814000-1dd2-11b2-8080-808080808080], partition=Optional[0], fullTopicName=tb_core.0, myPartition=true), TopicPartitionInfo(topic=tb_core, tenantId=Optional[13814000-1dd2-11b2-8080-808080808080], partition=Optional[9], fullTopicName=tb_core.9, myPartition=true), TopicPartitionInfo(topic=tb_core, tenantId=Optional[13814000-1dd2-11b2-8080-808080808080], partition=Optional[7], fullTopicName=tb_core.7, myPartition=true), TopicPartitionInfo(topic=tb_core, tenantId=Optional[13814000-1dd2-11b2-8080-808080808080], partition=Optional[8], fullTopicName=tb_core.8, myPartition=true)]
2025-12-19 08:17:08,338 [api-usage-scheduled-23-thread-1] INFO  o.t.s.s.a.DefaultTbApiUsageStateService - Initializing tenant states.
2025-12-19 08:17:08,338 [device-state-scheduled-21-thread-1] INFO  o.t.s.s.p.AbstractPartitionBasedService - [Device State] REMOVED PARTITIONS: []
2025-12-19 08:17:08,325 [notifications-scheduler-43-thread-1] INFO  o.t.s.s.p.AbstractPartitionBasedService - [Notifications scheduler] NEW PARTITIONS: [TopicPartitionInfo(topic=tb_core, tenantId=Optional[13814000-1dd2-11b2-8080-808080808080], partition=Optional[5], fullTopicName=tb_core.5, myPartition=true), TopicPartitionInfo(topic=tb_core, tenantId=Optional[13814000-1dd2-11b2-8080-808080808080], partition=Optional[6], fullTopicName=tb_core.6, myPartition=true), TopicPartitionInfo(topic=tb_core, tenantId=Optional[13814000-1dd2-11b2-8080-808080808080], partition=Optional[3], fullTopicName=tb_core.3, myPartition=true), TopicPartitionInfo(topic=tb_core, tenantId=Optional[13814000-1dd2-11b2-8080-808080808080], partition=Optional[4], fullTopicName=tb_core.4, myPartition=true), TopicPartitionInfo(topic=tb_core, tenantId=Optional[13814000-1dd2-11b2-8080-808080808080], partition=Optional[1], fullTopicName=tb_core.1, myPartition=true), TopicPartitionInfo(topic=tb_core, tenantId=Optional[13814000-1dd2-11b2-8080-808080808080], partition=Optional[2], fullTopicName=tb_core.2, myPartition=true), TopicPartitionInfo(topic=tb_core, tenantId=Optional[13814000-1dd2-11b2-8080-808080808080], partition=Optional[0], fullTopicName=tb_core.0, myPartition=true), TopicPartitionInfo(topic=tb_core, tenantId=Optional[13814000-1dd2-11b2-8080-808080808080], partition=Optional[9], fullTopicName=tb_core.9, myPartition=true), TopicPartitionInfo(topic=tb_core, tenantId=Optional[13814000-1dd2-11b2-8080-808080808080], partition=Optional[7], fullTopicName=tb_core.7, myPartition=true), TopicPartitionInfo(topic=tb_core, tenantId=Optional[13814000-1dd2-11b2-8080-808080808080], partition=Optional[8], fullTopicName=tb_core.8, myPartition=true)]
2025-12-19 08:17:08,324 [main] INFO  o.t.s.s.q.DefaultTbCoreConsumerService - Subscribing to partitions: [TopicPartitionInfo(topic=tb_core, tenantId=Optional[13814000-1dd2-11b2-8080-808080808080], partition=Optional[5], fullTopicName=tb_core.5, myPartition=true), TopicPartitionInfo(topic=tb_core, tenantId=Optional[13814000-1dd2-11b2-8080-808080808080], partition=Optional[6], fullTopicName=tb_core.6, myPartition=true), TopicPartitionInfo(topic=tb_core, tenantId=Optional[13814000-1dd2-11b2-8080-808080808080], partition=Optional[3], fullTopicName=tb_core.3, myPartition=true), TopicPartitionInfo(topic=tb_core, tenantId=Optional[13814000-1dd2-11b2-8080-808080808080], partition=Optional[4], fullTopicName=tb_core.4, myPartition=true), TopicPartitionInfo(topic=tb_core, tenantId=Optional[13814000-1dd2-11b2-8080-808080808080], partition=Optional[1], fullTopicName=tb_core.1, myPartition=true), TopicPartitionInfo(topic=tb_core, tenantId=Optional[13814000-1dd2-11b2-8080-808080808080], partition=Optional[2], fullTopicName=tb_core.2, myPartition=true), TopicPartitionInfo(topic=tb_core, tenantId=Optional[13814000-1dd2-11b2-8080-808080808080], partition=Optional[0], fullTopicName=tb_core.0, myPartition=true), TopicPartitionInfo(topic=tb_core, tenantId=Optional[13814000-1dd2-11b2-8080-808080808080], partition=Optional[9], fullTopicName=tb_core.9, myPartition=true), TopicPartitionInfo(topic=tb_core, tenantId=Optional[13814000-1dd2-11b2-8080-808080808080], partition=Optional[7], fullTopicName=tb_core.7, myPartition=true), TopicPartitionInfo(topic=tb_core, tenantId=Optional[13814000-1dd2-11b2-8080-808080808080], partition=Optional[8], fullTopicName=tb_core.8, myPartition=true)]
2025-12-19 08:17:08,345 [notifications-scheduler-43-thread-1] INFO  o.t.s.s.p.AbstractPartitionBasedService - [Notifications scheduler] ADDED PARTITIONS: [TopicPartitionInfo(topic=tb_core, tenantId=Optional[13814000-1dd2-11b2-8080-808080808080], partition=Optional[5], fullTopicName=tb_core.5, myPartition=true), TopicPartitionInfo(topic=tb_core, tenantId=Optional[13814000-1dd2-11b2-8080-808080808080], partition=Optional[6], fullTopicName=tb_core.6, myPartition=true), TopicPartitionInfo(topic=tb_core, tenantId=Optional[13814000-1dd2-11b2-8080-808080808080], partition=Optional[3], fullTopicName=tb_core.3, myPartition=true), TopicPartitionInfo(topic=tb_core, tenantId=Optional[13814000-1dd2-11b2-8080-808080808080], partition=Optional[4], fullTopicName=tb_core.4, myPartition=true), TopicPartitionInfo(topic=tb_core, tenantId=Optional[13814000-1dd2-11b2-8080-808080808080], partition=Optional[1], fullTopicName=tb_core.1, myPartition=true), TopicPartitionInfo(topic=tb_core, tenantId=Optional[13814000-1dd2-11b2-8080-808080808080], partition=Optional[2], fullTopicName=tb_core.2, myPartition=true), TopicPartitionInfo(topic=tb_core, tenantId=Optional[13814000-1dd2-11b2-8080-808080808080], partition=Optional[0], fullTopicName=tb_core.0, myPartition=true), TopicPartitionInfo(topic=tb_core, tenantId=Optional[13814000-1dd2-11b2-8080-808080808080], partition=Optional[9], fullTopicName=tb_core.9, myPartition=true), TopicPartitionInfo(topic=tb_core, tenantId=Optional[13814000-1dd2-11b2-8080-808080808080], partition=Optional[7], fullTopicName=tb_core.7, myPartition=true), TopicPartitionInfo(topic=tb_core, tenantId=Optional[13814000-1dd2-11b2-8080-808080808080], partition=Optional[8], fullTopicName=tb_core.8, myPartition=true)]
2025-12-19 08:17:08,345 [notifications-scheduler-43-thread-1] INFO  o.t.s.s.p.AbstractPartitionBasedService - [Notifications scheduler] REMOVED PARTITIONS: []
2025-12-19 08:17:08,345 [main] INFO  o.t.s.a.service.DefaultActorService - Received partition change event.
2025-12-19 08:17:08,346 [main] INFO  o.t.s.t.s.s.SnmpTransportBalancingService - Recalculating partitions for SNMP transports
2025-12-19 08:17:08,347 [main] INFO  o.t.s.t.s.s.SnmpTransportBalancingService - SNMP transports partitions have not changed
2025-12-19 08:17:08,409 [notifications-scheduler-43-thread-1] INFO  o.t.s.s.p.AbstractPartitionBasedService - [Notifications scheduler] Managing following partitions:
2025-12-19 08:17:08,410 [notifications-scheduler-43-thread-1] INFO  o.t.s.s.p.AbstractPartitionBasedService - [Notifications scheduler][tb_core.5]: 0 entities
2025-12-19 08:17:08,410 [notifications-scheduler-43-thread-1] INFO  o.t.s.s.p.AbstractPartitionBasedService - [Notifications scheduler][tb_core.6]: 0 entities
2025-12-19 08:17:08,411 [notifications-scheduler-43-thread-1] INFO  o.t.s.s.p.AbstractPartitionBasedService - [Notifications scheduler][tb_core.3]: 0 entities
2025-12-19 08:17:08,411 [notifications-scheduler-43-thread-1] INFO  o.t.s.s.p.AbstractPartitionBasedService - [Notifications scheduler][tb_core.4]: 0 entities
2025-12-19 08:17:08,411 [notifications-scheduler-43-thread-1] INFO  o.t.s.s.p.AbstractPartitionBasedService - [Notifications scheduler][tb_core.1]: 0 entities
2025-12-19 08:17:08,411 [notifications-scheduler-43-thread-1] INFO  o.t.s.s.p.AbstractPartitionBasedService - [Notifications scheduler][tb_core.2]: 0 entities
2025-12-19 08:17:08,412 [notifications-scheduler-43-thread-1] INFO  o.t.s.s.p.AbstractPartitionBasedService - [Notifications scheduler][tb_core.0]: 0 entities
2025-12-19 08:17:08,412 [notifications-scheduler-43-thread-1] INFO  o.t.s.s.p.AbstractPartitionBasedService - [Notifications scheduler][tb_core.9]: 0 entities
2025-12-19 08:17:08,412 [notifications-scheduler-43-thread-1] INFO  o.t.s.s.p.AbstractPartitionBasedService - [Notifications scheduler][tb_core.7]: 0 entities
2025-12-19 08:17:08,413 [notifications-scheduler-43-thread-1] INFO  o.t.s.s.p.AbstractPartitionBasedService - [Notifications scheduler][tb_core.8]: 0 entities
2025-12-19 08:17:08,476 [device-state-scheduled-21-thread-1] INFO  o.t.s.s.s.DefaultDeviceStateService - [TopicPartitionInfo(topic=tb_core, tenantId=Optional[13814000-1dd2-11b2-8080-808080808080], partition=Optional[5], fullTopicName=tb_core.5, myPartition=true)] Submit task for device states: 3
2025-12-19 08:17:08,480 [device-state-scheduled-21-thread-1] INFO  o.t.s.s.s.DefaultDeviceStateService - [TopicPartitionInfo(topic=tb_core, tenantId=Optional[13814000-1dd2-11b2-8080-808080808080], partition=Optional[4], fullTopicName=tb_core.4, myPartition=true)] Submit task for device states: 1
2025-12-19 08:17:08,494 [device-state-scheduled-21-thread-1] INFO  o.t.s.s.s.DefaultDeviceStateService - [TopicPartitionInfo(topic=tb_core, tenantId=Optional[13814000-1dd2-11b2-8080-808080808080], partition=Optional[1], fullTopicName=tb_core.1, myPartition=true)] Submit task for device states: 4
2025-12-19 08:17:08,496 [device-state-scheduled-21-thread-1] INFO  o.t.s.s.s.DefaultDeviceStateService - [TopicPartitionInfo(topic=tb_core, tenantId=Optional[13814000-1dd2-11b2-8080-808080808080], partition=Optional[2], fullTopicName=tb_core.2, myPartition=true)] Submit task for device states: 4
2025-12-19 08:17:08,496 [device-state-scheduled-21-thread-1] INFO  o.t.s.s.s.DefaultDeviceStateService - [TopicPartitionInfo(topic=tb_core, tenantId=Optional[13814000-1dd2-11b2-8080-808080808080], partition=Optional[0], fullTopicName=tb_core.0, myPartition=true)] Submit task for device states: 2
2025-12-19 08:17:08,496 [device-state-scheduled-21-thread-1] INFO  o.t.s.s.s.DefaultDeviceStateService - [TopicPartitionInfo(topic=tb_core, tenantId=Optional[13814000-1dd2-11b2-8080-808080808080], partition=Optional[7], fullTopicName=tb_core.7, myPartition=true)] Submit task for device states: 1
2025-12-19 08:17:08,497 [device-state-scheduled-21-thread-1] INFO  o.t.s.s.s.DefaultDeviceStateService - [TopicPartitionInfo(topic=tb_core, tenantId=Optional[13814000-1dd2-11b2-8080-808080808080], partition=Optional[8], fullTopicName=tb_core.8, myPartition=true)] Submit task for device states: 3
2025-12-19 08:17:08,533 [device-state-1-1] INFO  o.t.s.s.s.DefaultDeviceStateService - [5] Initialized 3 out of 3 device states
2025-12-19 08:17:08,534 [device-state-0-4] INFO  o.t.s.s.s.DefaultDeviceStateService - [1] Initialized 4 out of 4 device states
2025-12-19 08:17:08,536 [device-state-2-2] INFO  o.t.s.s.s.DefaultDeviceStateService - [4] Initialized 1 out of 1 device states
2025-12-19 08:17:08,539 [device-state-3-3] INFO  o.t.s.s.s.DefaultDeviceStateService - [2] Initialized 4 out of 4 device states
2025-12-19 08:17:08,543 [device-state-0-4] INFO  o.t.s.s.s.DefaultDeviceStateService - [7] Initialized 1 out of 1 device states
2025-12-19 08:17:08,548 [device-state-1-1] INFO  o.t.s.s.s.DefaultDeviceStateService - [0] Initialized 2 out of 2 device states
2025-12-19 08:17:08,554 [device-state-2-2] INFO  o.t.s.s.s.DefaultDeviceStateService - [8] Initialized 3 out of 3 device states
2025-12-19 08:17:08,554 [device-state-2-2] INFO  o.t.s.s.p.AbstractPartitionBasedService - [Device State] Managing following partitions:
2025-12-19 08:17:08,554 [device-state-2-2] INFO  o.t.s.s.p.AbstractPartitionBasedService - [Device State][tb_core.5]: 3 entities
2025-12-19 08:17:08,554 [device-state-2-2] INFO  o.t.s.s.p.AbstractPartitionBasedService - [Device State][tb_core.6]: 0 entities
2025-12-19 08:17:08,554 [device-state-2-2] INFO  o.t.s.s.p.AbstractPartitionBasedService - [Device State][tb_core.3]: 0 entities
2025-12-19 08:17:08,554 [device-state-2-2] INFO  o.t.s.s.p.AbstractPartitionBasedService - [Device State][tb_core.4]: 1 entities
2025-12-19 08:17:08,554 [device-state-2-2] INFO  o.t.s.s.p.AbstractPartitionBasedService - [Device State][tb_core.1]: 4 entities
2025-12-19 08:17:08,554 [device-state-2-2] INFO  o.t.s.s.p.AbstractPartitionBasedService - [Device State][tb_core.2]: 4 entities
2025-12-19 08:17:08,554 [device-state-2-2] INFO  o.t.s.s.p.AbstractPartitionBasedService - [Device State][tb_core.0]: 2 entities
2025-12-19 08:17:08,554 [device-state-2-2] INFO  o.t.s.s.p.AbstractPartitionBasedService - [Device State][tb_core.9]: 0 entities
2025-12-19 08:17:08,555 [device-state-2-2] INFO  o.t.s.s.p.AbstractPartitionBasedService - [Device State][tb_core.7]: 1 entities
2025-12-19 08:17:08,555 [device-state-2-2] INFO  o.t.s.s.p.AbstractPartitionBasedService - [Device State][tb_core.8]: 3 entities
2025-12-19 08:17:08,595 [DbCallbackExecutorService-57-1] INFO  o.t.s.s.p.AbstractPartitionBasedService - [API Usage] Managing following partitions:
2025-12-19 08:17:08,595 [DbCallbackExecutorService-57-1] INFO  o.t.s.s.p.AbstractPartitionBasedService - [API Usage][tb_core.5]: 1 entities
2025-12-19 08:17:08,596 [DbCallbackExecutorService-57-1] INFO  o.t.s.s.p.AbstractPartitionBasedService - [API Usage][tb_core.6]: 0 entities
2025-12-19 08:17:08,596 [DbCallbackExecutorService-57-1] INFO  o.t.s.s.p.AbstractPartitionBasedService - [API Usage][tb_core.3]: 0 entities
2025-12-19 08:17:08,596 [DbCallbackExecutorService-57-1] INFO  o.t.s.s.p.AbstractPartitionBasedService - [API Usage][tb_core.4]: 0 entities
2025-12-19 08:17:08,596 [DbCallbackExecutorService-57-1] INFO  o.t.s.s.p.AbstractPartitionBasedService - [API Usage][tb_core.1]: 0 entities
2025-12-19 08:17:08,597 [DbCallbackExecutorService-57-1] INFO  o.t.s.s.p.AbstractPartitionBasedService - [API Usage][tb_core.2]: 0 entities
2025-12-19 08:17:08,597 [DbCallbackExecutorService-57-1] INFO  o.t.s.s.p.AbstractPartitionBasedService - [API Usage][tb_core.0]: 0 entities
2025-12-19 08:17:08,597 [DbCallbackExecutorService-57-1] INFO  o.t.s.s.p.AbstractPartitionBasedService - [API Usage][tb_core.9]: 0 entities
2025-12-19 08:17:08,597 [DbCallbackExecutorService-57-1] INFO  o.t.s.s.p.AbstractPartitionBasedService - [API Usage][tb_core.7]: 0 entities
2025-12-19 08:17:08,598 [DbCallbackExecutorService-57-1] INFO  o.t.s.s.p.AbstractPartitionBasedService - [API Usage][tb_core.8]: 0 entities
2025-12-19 08:17:08,659 [main] INFO  o.t.s.a.service.DefaultActorService - Received application ready event. Sending application init message to actor system
2025-12-19 08:17:08,660 [app-dispatcher-58-thread-1] INFO  o.t.server.actors.app.AppActor - Starting main system actor.
2025-12-19 08:17:08,661 [main] INFO  o.t.s.s.t.TbCoreTransportApiService - Received application ready event. Starting polling for events.
2025-12-19 08:17:08,662 [tb-queue-response-template-loop-tb_transport.api.requests-47-thread-1] INFO  o.t.s.q.c.AbstractTbQueueConsumerTemplate - Subscribing to topics [tb_transport.api.requests]
2025-12-19 08:17:08,671 [app-dispatcher-58-thread-1] INFO  o.t.server.actors.app.AppActor - Main system actor started.
2025-12-19 08:17:08,674 [main] INFO  o.t.s.s.q.p.AbstractConsumerService - Subscribing to notifications: tb_core.notifications.35effbb91bdd
2025-12-19 08:17:08,688 [tb-core-notifications-consumer-48-thread-1] INFO  o.t.s.q.c.AbstractTbQueueConsumerTemplate - Subscribing to topics [tb_core.notifications.35effbb91bdd]
2025-12-19 08:17:08,689 [tb-core-consumer-49-thread-1] INFO  o.t.s.q.c.AbstractTbQueueConsumerTemplate - Subscribing to topics [tb_core.5, tb_core.6, tb_core.3, tb_core.4, tb_core.1, tb_core.2, tb_core.0, tb_core.9, tb_core.7, tb_core.8]
2025-12-19 08:17:08,692 [tb-core-usage-stats-consumer-50-thread-1] INFO  o.t.s.q.c.AbstractTbQueueConsumerTemplate - Subscribing to topics [tb_usage_stats.3, tb_usage_stats.4, tb_usage_stats.5, tb_usage_stats.6, tb_usage_stats.0, tb_usage_stats.1, tb_usage_stats.2, tb_usage_stats.7, tb_usage_stats.8, tb_usage_stats.9]
2025-12-19 08:17:08,700 [main] INFO  o.t.s.s.q.p.AbstractConsumerService - Subscribing to notifications: tb_rule_engine.notifications.35effbb91bdd
2025-12-19 08:17:08,706 [tb-rule-engine-notifications-consumer-55-thread-1] INFO  o.t.s.q.c.AbstractTbQueueConsumerTemplate - Subscribing to topics [tb_rule_engine.notifications.35effbb91bdd]
2025-12-19 08:17:08,711 [main] INFO  o.t.s.t.l.s.DefaultLwM2mTransportService - Unable to load X509 files for LWM2MServer
2025-12-19 08:17:08,711 [transport-consumer-8-thread-1] INFO  o.t.s.q.c.AbstractTbQueueConsumerTemplate - Subscribing to topics [tb_transport.notifications.35effbb91bdd]
2025-12-19 08:17:08,711 [tb-core-firmware-notifications-consumer-51-thread-1] INFO  o.t.s.q.c.AbstractTbQueueConsumerTemplate - Subscribing to topics [tb_ota_package]
2025-12-19 08:17:08,717 [main] INFO  o.e.c.c.network.RandomTokenGenerator - using tokens of 8 bytes in length
2025-12-19 08:17:08,717 [main] INFO  o.e.c.core.network.CoapEndpoint - [LWM2M Server-coap://] CoapEndpoint uses udp context
2025-12-19 08:17:08,718 [main] INFO  o.e.c.c.network.stack.BlockwiseLayer - [LWM2M Server-coap://] BlockwiseLayer uses MAX_MESSAGE_SIZE=1024, PREFERRED_BLOCK_SIZE=1024, BLOCKWISE_STATUS_LIFETIME=300000, MAX_RESOURCE_BODY_SIZE=268435456, BLOCKWISE_STRICT_BLOCK2_OPTION=true
2025-12-19 08:17:08,718 [main] INFO  o.e.c.s.dtls.InMemoryConnectionStore - Created new InMemoryConnectionStore [capacity: 150000, connection expiration threshold: 1800s]
2025-12-19 08:17:08,721 [main] INFO  o.e.c.c.network.RandomTokenGenerator - using tokens of 8 bytes in length
2025-12-19 08:17:08,722 [main] INFO  o.e.c.core.network.CoapEndpoint - [LWM2M Server-coaps://] CoapEndpoint uses lwm2m correlation
2025-12-19 08:17:08,724 [main] INFO  o.e.c.c.network.stack.BlockwiseLayer - [LWM2M Server-coaps://] BlockwiseLayer uses MAX_MESSAGE_SIZE=1024, PREFERRED_BLOCK_SIZE=1024, BLOCKWISE_STATUS_LIFETIME=300000, MAX_RESOURCE_BODY_SIZE=268435456, BLOCKWISE_STRICT_BLOCK2_OPTION=true
2025-12-19 08:17:08,763 [main] INFO  o.t.s.t.l.s.DefaultLwM2mTransportService - Starting LwM2M transport server...
2025-12-19 08:17:08,773 [main] INFO  o.e.californium.core.CoapServer - Starting server
2025-12-19 08:17:08,775 [rule-dispatcher-3-3] INFO  c.d.oss.driver.api.core.uuid.Uuids - PID obtained through JMX: 263
2025-12-19 08:17:08,781 [main] INFO  o.e.c.elements.UDPConnector - UDPConnector starts up 2 sender threads and 2 receiver threads
2025-12-19 08:17:08,790 [main] INFO  o.e.c.elements.UDPConnector - UDPConnector listening on 0.0.0.0/0.0.0.0:5685, recv buf = 106496, send buf = 106496, recv packet size = 2048
2025-12-19 08:17:08,791 [main] INFO  o.e.c.core.network.CoapEndpoint - [LWM2M Server-coap://] Started endpoint at coap://0.0.0.0:5685
2025-12-19 08:17:08,791 [main] INFO  o.e.c.scandium.DTLSConnector - multiple network interfaces, using smallest MTU [IPv4 1500, IPv6 1280]
2025-12-19 08:17:08,795 [DTLS-Receiver-0-0.0.0.0/0.0.0.0:5686] INFO  o.e.c.scandium.DTLSConnector - Starting worker thread [DTLS-Receiver-0-0.0.0.0/0.0.0.0:5686]
2025-12-19 08:17:08,795 [main] INFO  o.e.c.scandium.DTLSConnector - DTLSConnector listening on 0.0.0.0/0.0.0.0:5686, recv buf = 106496, send buf = 106496, recv packet size = 16490, MTU = IPv4 1500 / IPv6 1280
2025-12-19 08:17:08,795 [main] INFO  o.e.c.core.network.CoapEndpoint - [LWM2M Server-coaps://] Started endpoint at coaps://0.0.0.0:5686
2025-12-19 08:17:08,796 [main] INFO  o.e.l.s.californium.LeshanServer - LWM2M server started at coap://0.0.0.0/0.0.0.0:5685 coaps://0.0.0.0/0.0.0.0:5686
2025-12-19 08:17:08,800 [rule-dispatcher-3-3] INFO  o.t.s.d.s.i.s.SqlPartitioningRepository - Saving partition 1766016000000-1766620800000 for table lc_event
2025-12-19 08:17:08,804 [main] INFO  o.t.s.t.l.s.DefaultLwM2mTransportService - Started LwM2M transport server.
2025-12-19 08:17:08,804 [DTLS-Receiver-1-0.0.0.0/0.0.0.0:5686] INFO  o.e.c.scandium.DTLSConnector - Starting worker thread [DTLS-Receiver-1-0.0.0.0/0.0.0.0:5686]
2025-12-19 08:17:08,804 [main] INFO  o.t.s.t.snmp.SnmpTransportContext - Initializing SNMP devices sessions
2025-12-19 08:17:09,315 [tb-rule-engine-mgmt-9-1] INFO  o.t.s.s.q.r.TbRuleEngineQueueConsumerManager - [QK(SequentialByOriginator,TB_RULE_ENGINE,system)] Added partitions: [tb_rule_engine.sq.9, tb_rule_engine.sq.8, tb_rule_engine.sq.7, tb_rule_engine.sq.2, tb_rule_engine.sq.1, tb_rule_engine.sq.0, tb_rule_engine.sq.6, tb_rule_engine.sq.5, tb_rule_engine.sq.4, tb_rule_engine.sq.3], removed partitions: []
2025-12-19 08:17:09,315 [tb-rule-engine-mgmt-2-2] INFO  o.t.s.s.q.r.TbRuleEngineQueueConsumerManager - [QK(Main,TB_RULE_ENGINE,system)] Added partitions: [tb_rule_engine.main.8, tb_rule_engine.main.9, tb_rule_engine.main.6, tb_rule_engine.main.7, tb_rule_engine.main.4, tb_rule_engine.main.5, tb_rule_engine.main.2, tb_rule_engine.main.3, tb_rule_engine.main.0, tb_rule_engine.main.1], removed partitions: []
2025-12-19 08:17:09,315 [tb-rule-engine-mgmt-4-4] INFO  o.t.s.s.q.r.TbRuleEngineQueueConsumerManager - [QK(HighPriority,TB_RULE_ENGINE,system)] Added partitions: [tb_rule_engine.hp.9, tb_rule_engine.hp.7, tb_rule_engine.hp.8, tb_rule_engine.hp.5, tb_rule_engine.hp.6, tb_rule_engine.hp.3, tb_rule_engine.hp.4, tb_rule_engine.hp.1, tb_rule_engine.hp.2, tb_rule_engine.hp.0], removed partitions: []
2025-12-19 08:17:09,338 [tb-rule-engine-mgmt-9-1] INFO  o.t.s.s.q.r.TbRuleEngineQueueConsumerManager - [QK(SequentialByOriginator,TB_RULE_ENGINE,system)-9] Launching consumer
2025-12-19 08:17:09,341 [tb-rule-engine-consumer-53-thread-1 | QK(SequentialByOriginator,TB_RULE_ENGINE,system)-9] INFO  o.t.s.q.c.AbstractTbQueueConsumerTemplate - Subscribing to topics [tb_rule_engine.sq.9]
2025-12-19 08:17:09,350 [tb-rule-engine-mgmt-4-4] INFO  o.t.s.s.q.r.TbRuleEngineQueueConsumerManager - [QK(HighPriority,TB_RULE_ENGINE,system)-9] Launching consumer
2025-12-19 08:17:09,354 [tb-rule-engine-consumer-53-thread-2 | QK(HighPriority,TB_RULE_ENGINE,system)-9] INFO  o.t.s.q.c.AbstractTbQueueConsumerTemplate - Subscribing to topics [tb_rule_engine.hp.9]
2025-12-19 08:17:09,360 [tb-rule-engine-mgmt-2-2] INFO  o.t.s.s.q.r.TbRuleEngineQueueConsumerManager - [QK(Main,TB_RULE_ENGINE,system)-8] Launching consumer
2025-12-19 08:17:09,367 [tb-rule-engine-mgmt-2-2] INFO  o.t.s.s.q.r.TbRuleEngineQueueConsumerManager - [QK(Main,TB_RULE_ENGINE,system)-9] Launching consumer
2025-12-19 08:17:09,368 [tb-rule-engine-consumer-53-thread-3 | QK(Main,TB_RULE_ENGINE,system)-8] INFO  o.t.s.q.c.AbstractTbQueueConsumerTemplate - Subscribing to topics [tb_rule_engine.main.8]
2025-12-19 08:17:09,376 [tb-rule-engine-consumer-53-thread-4 | QK(Main,TB_RULE_ENGINE,system)-9] INFO  o.t.s.q.c.AbstractTbQueueConsumerTemplate - Subscribing to topics [tb_rule_engine.main.9]
2025-12-19 08:17:09,388 [tb-rule-engine-mgmt-2-2] INFO  o.t.s.s.q.r.TbRuleEngineQueueConsumerManager - [QK(Main,TB_RULE_ENGINE,system)-6] Launching consumer
2025-12-19 08:17:09,389 [tb-rule-engine-mgmt-4-4] INFO  o.t.s.s.q.r.TbRuleEngineQueueConsumerManager - [QK(HighPriority,TB_RULE_ENGINE,system)-7] Launching consumer
2025-12-19 08:17:09,389 [tb-rule-engine-mgmt-9-1] INFO  o.t.s.s.q.r.TbRuleEngineQueueConsumerManager - [QK(SequentialByOriginator,TB_RULE_ENGINE,system)-8] Launching consumer
2025-12-19 08:17:09,405 [tb-rule-engine-consumer-53-thread-7 | QK(SequentialByOriginator,TB_RULE_ENGINE,system)-8] INFO  o.t.s.q.c.AbstractTbQueueConsumerTemplate - Subscribing to topics [tb_rule_engine.sq.8]
2025-12-19 08:17:09,407 [tb-rule-engine-consumer-53-thread-6 | QK(HighPriority,TB_RULE_ENGINE,system)-7] INFO  o.t.s.q.c.AbstractTbQueueConsumerTemplate - Subscribing to topics [tb_rule_engine.hp.7]
2025-12-19 08:17:09,413 [tb-rule-engine-mgmt-4-4] INFO  o.t.s.s.q.r.TbRuleEngineQueueConsumerManager - [QK(HighPriority,TB_RULE_ENGINE,system)-8] Launching consumer
2025-12-19 08:17:09,421 [tb-rule-engine-mgmt-9-1] INFO  o.t.s.s.q.r.TbRuleEngineQueueConsumerManager - [QK(SequentialByOriginator,TB_RULE_ENGINE,system)-7] Launching consumer
2025-12-19 08:17:09,425 [tb-rule-engine-consumer-53-thread-5 | QK(Main,TB_RULE_ENGINE,system)-6] INFO  o.t.s.q.c.AbstractTbQueueConsumerTemplate - Subscribing to topics [tb_rule_engine.main.6]
2025-12-19 08:17:09,465 [tb-rule-engine-mgmt-2-2] INFO  o.t.s.s.q.r.TbRuleEngineQueueConsumerManager - [QK(Main,TB_RULE_ENGINE,system)-7] Launching consumer
2025-12-19 08:17:09,473 [tb-rule-engine-mgmt-9-1] INFO  o.t.s.s.q.r.TbRuleEngineQueueConsumerManager - [QK(SequentialByOriginator,TB_RULE_ENGINE,system)-2] Launching consumer
2025-12-19 08:17:09,477 [tb-rule-engine-consumer-53-thread-9 | QK(SequentialByOriginator,TB_RULE_ENGINE,system)-7] INFO  o.t.s.q.c.AbstractTbQueueConsumerTemplate - Subscribing to topics [tb_rule_engine.sq.7]
2025-12-19 08:17:09,489 [tb-rule-engine-consumer-53-thread-8 | QK(HighPriority,TB_RULE_ENGINE,system)-8] INFO  o.t.s.q.c.AbstractTbQueueConsumerTemplate - Subscribing to topics [tb_rule_engine.hp.8]
2025-12-19 08:17:09,493 [tb-rule-engine-mgmt-4-4] INFO  o.t.s.s.q.r.TbRuleEngineQueueConsumerManager - [QK(HighPriority,TB_RULE_ENGINE,system)-5] Launching consumer
2025-12-19 08:17:09,502 [tb-rule-engine-mgmt-9-1] INFO  o.t.s.s.q.r.TbRuleEngineQueueConsumerManager - [QK(SequentialByOriginator,TB_RULE_ENGINE,system)-1] Launching consumer
2025-12-19 08:17:09,514 [tb-rule-engine-consumer-53-thread-11 | QK(SequentialByOriginator,TB_RULE_ENGINE,system)-2] INFO  o.t.s.q.c.AbstractTbQueueConsumerTemplate - Subscribing to topics [tb_rule_engine.sq.2]
2025-12-19 08:17:09,519 [tb-rule-engine-consumer-53-thread-10 | QK(Main,TB_RULE_ENGINE,system)-7] INFO  o.t.s.q.c.AbstractTbQueueConsumerTemplate - Subscribing to topics [tb_rule_engine.main.7]
2025-12-19 08:17:09,525 [tb-rule-engine-mgmt-2-2] INFO  o.t.s.s.q.r.TbRuleEngineQueueConsumerManager - [QK(Main,TB_RULE_ENGINE,system)-4] Launching consumer
2025-12-19 08:17:09,562 [tb-rule-engine-mgmt-9-1] INFO  o.t.s.s.q.r.TbRuleEngineQueueConsumerManager - [QK(SequentialByOriginator,TB_RULE_ENGINE,system)-0] Launching consumer
2025-12-19 08:17:09,565 [tb-rule-engine-consumer-53-thread-13 | QK(SequentialByOriginator,TB_RULE_ENGINE,system)-1] INFO  o.t.s.q.c.AbstractTbQueueConsumerTemplate - Subscribing to topics [tb_rule_engine.sq.1]
2025-12-19 08:17:09,573 [tb-rule-engine-consumer-53-thread-12 | QK(HighPriority,TB_RULE_ENGINE,system)-5] INFO  o.t.s.q.c.AbstractTbQueueConsumerTemplate - Subscribing to topics [tb_rule_engine.hp.5]
2025-12-19 08:17:09,584 [tb-rule-engine-mgmt-4-4] INFO  o.t.s.s.q.r.TbRuleEngineQueueConsumerManager - [QK(HighPriority,TB_RULE_ENGINE,system)-6] Launching consumer
2025-12-19 08:17:09,596 [tb-rule-engine-consumer-53-thread-15 | QK(SequentialByOriginator,TB_RULE_ENGINE,system)-0] INFO  o.t.s.q.c.AbstractTbQueueConsumerTemplate - Subscribing to topics [tb_rule_engine.sq.0]
2025-12-19 08:17:09,605 [tb-rule-engine-mgmt-9-1] INFO  o.t.s.s.q.r.TbRuleEngineQueueConsumerManager - [QK(SequentialByOriginator,TB_RULE_ENGINE,system)-6] Launching consumer
2025-12-19 08:17:09,617 [tb-rule-engine-consumer-53-thread-14 | QK(Main,TB_RULE_ENGINE,system)-4] INFO  o.t.s.q.c.AbstractTbQueueConsumerTemplate - Subscribing to topics [tb_rule_engine.main.4]
2025-12-19 08:17:09,618 [tb-rule-engine-mgmt-2-2] INFO  o.t.s.s.q.r.TbRuleEngineQueueConsumerManager - [QK(Main,TB_RULE_ENGINE,system)-5] Launching consumer
2025-12-19 08:17:09,622 [tb-rule-engine-consumer-53-thread-18 | QK(Main,TB_RULE_ENGINE,system)-5] INFO  o.t.s.q.c.AbstractTbQueueConsumerTemplate - Subscribing to topics [tb_rule_engine.main.5]
2025-12-19 08:17:09,626 [tb-rule-engine-consumer-53-thread-17 | QK(SequentialByOriginator,TB_RULE_ENGINE,system)-6] INFO  o.t.s.q.c.AbstractTbQueueConsumerTemplate - Subscribing to topics [tb_rule_engine.sq.6]
2025-12-19 08:17:09,635 [tb-rule-engine-consumer-53-thread-16 | QK(HighPriority,TB_RULE_ENGINE,system)-6] INFO  o.t.s.q.c.AbstractTbQueueConsumerTemplate - Subscribing to topics [tb_rule_engine.hp.6]
2025-12-19 08:17:09,647 [tb-rule-engine-mgmt-2-2] INFO  o.t.s.s.q.r.TbRuleEngineQueueConsumerManager - [QK(Main,TB_RULE_ENGINE,system)-2] Launching consumer
2025-12-19 08:17:09,650 [tb-rule-engine-mgmt-9-1] INFO  o.t.s.s.q.r.TbRuleEngineQueueConsumerManager - [QK(SequentialByOriginator,TB_RULE_ENGINE,system)-5] Launching consumer
2025-12-19 08:17:09,655 [tb-rule-engine-consumer-53-thread-19 | QK(Main,TB_RULE_ENGINE,system)-2] INFO  o.t.s.q.c.AbstractTbQueueConsumerTemplate - Subscribing to topics [tb_rule_engine.main.2]
2025-12-19 08:17:09,658 [tb-rule-engine-consumer-53-thread-20 | QK(SequentialByOriginator,TB_RULE_ENGINE,system)-5] INFO  o.t.s.q.c.AbstractTbQueueConsumerTemplate - Subscribing to topics [tb_rule_engine.sq.5]
2025-12-19 08:17:09,669 [tb-rule-engine-mgmt-2-2] INFO  o.t.s.s.q.r.TbRuleEngineQueueConsumerManager - [QK(Main,TB_RULE_ENGINE,system)-3] Launching consumer
2025-12-19 08:17:09,672 [tb-rule-engine-mgmt-4-4] INFO  o.t.s.s.q.r.TbRuleEngineQueueConsumerManager - [QK(HighPriority,TB_RULE_ENGINE,system)-3] Launching consumer
2025-12-19 08:17:09,676 [tb-rule-engine-mgmt-9-1] INFO  o.t.s.s.q.r.TbRuleEngineQueueConsumerManager - [QK(SequentialByOriginator,TB_RULE_ENGINE,system)-4] Launching consumer
2025-12-19 08:17:09,682 [tb-rule-engine-consumer-53-thread-21 | QK(Main,TB_RULE_ENGINE,system)-3] INFO  o.t.s.q.c.AbstractTbQueueConsumerTemplate - Subscribing to topics [tb_rule_engine.main.3]
2025-12-19 08:17:09,683 [tb-rule-engine-consumer-53-thread-23 | QK(SequentialByOriginator,TB_RULE_ENGINE,system)-4] INFO  o.t.s.q.c.AbstractTbQueueConsumerTemplate - Subscribing to topics [tb_rule_engine.sq.4]
2025-12-19 08:17:09,686 [tb-rule-engine-consumer-53-thread-22 | QK(HighPriority,TB_RULE_ENGINE,system)-3] INFO  o.t.s.q.c.AbstractTbQueueConsumerTemplate - Subscribing to topics [tb_rule_engine.hp.3]
2025-12-19 08:17:09,695 [tb-rule-engine-mgmt-2-2] INFO  o.t.s.s.q.r.TbRuleEngineQueueConsumerManager - [QK(Main,TB_RULE_ENGINE,system)-0] Launching consumer
2025-12-19 08:17:09,696 [tb-rule-engine-mgmt-9-1] INFO  o.t.s.s.q.r.TbRuleEngineQueueConsumerManager - [QK(SequentialByOriginator,TB_RULE_ENGINE,system)-3] Launching consumer
2025-12-19 08:17:09,702 [tb-rule-engine-mgmt-4-4] INFO  o.t.s.s.q.r.TbRuleEngineQueueConsumerManager - [QK(HighPriority,TB_RULE_ENGINE,system)-4] Launching consumer
2025-12-19 08:17:09,711 [tb-rule-engine-consumer-53-thread-26 | QK(HighPriority,TB_RULE_ENGINE,system)-4] INFO  o.t.s.q.c.AbstractTbQueueConsumerTemplate - Subscribing to topics [tb_rule_engine.hp.4]
2025-12-19 08:17:09,714 [tb-rule-engine-consumer-53-thread-25 | QK(SequentialByOriginator,TB_RULE_ENGINE,system)-3] INFO  o.t.s.q.c.AbstractTbQueueConsumerTemplate - Subscribing to topics [tb_rule_engine.sq.3]
2025-12-19 08:17:09,715 [tb-rule-engine-mgmt-4-4] INFO  o.t.s.s.q.r.TbRuleEngineQueueConsumerManager - [QK(HighPriority,TB_RULE_ENGINE,system)-1] Launching consumer
2025-12-19 08:17:09,717 [tb-rule-engine-consumer-53-thread-24 | QK(Main,TB_RULE_ENGINE,system)-0] INFO  o.t.s.q.c.AbstractTbQueueConsumerTemplate - Subscribing to topics [tb_rule_engine.main.0]
2025-12-19 08:17:09,727 [tb-rule-engine-consumer-53-thread-27 | QK(HighPriority,TB_RULE_ENGINE,system)-1] INFO  o.t.s.q.c.AbstractTbQueueConsumerTemplate - Subscribing to topics [tb_rule_engine.hp.1]
2025-12-19 08:17:09,731 [tb-rule-engine-mgmt-2-2] INFO  o.t.s.s.q.r.TbRuleEngineQueueConsumerManager - [QK(Main,TB_RULE_ENGINE,system)-1] Launching consumer
2025-12-19 08:17:09,746 [tb-rule-engine-mgmt-4-4] INFO  o.t.s.s.q.r.TbRuleEngineQueueConsumerManager - [QK(HighPriority,TB_RULE_ENGINE,system)-2] Launching consumer
2025-12-19 08:17:09,752 [tb-rule-engine-consumer-53-thread-28 | QK(Main,TB_RULE_ENGINE,system)-1] INFO  o.t.s.q.c.AbstractTbQueueConsumerTemplate - Subscribing to topics [tb_rule_engine.main.1]
2025-12-19 08:17:09,758 [tb-rule-engine-mgmt-4-4] INFO  o.t.s.s.q.r.TbRuleEngineQueueConsumerManager - [QK(HighPriority,TB_RULE_ENGINE,system)-0] Launching consumer
2025-12-19 08:17:09,760 [tb-rule-engine-consumer-53-thread-29 | QK(HighPriority,TB_RULE_ENGINE,system)-2] INFO  o.t.s.q.c.AbstractTbQueueConsumerTemplate - Subscribing to topics [tb_rule_engine.hp.2]
2025-12-19 08:17:09,763 [tb-rule-engine-consumer-53-thread-30 | QK(HighPriority,TB_RULE_ENGINE,system)-0] INFO  o.t.s.q.c.AbstractTbQueueConsumerTemplate - Subscribing to topics [tb_rule_engine.hp.0]
2025-12-19 08:17:11,773 [tb-core-notifications-consumer-48-thread-1] INFO  o.t.s.s.q.DefaultTbCoreConsumerService - [35effbb91bdd] Processing core startup with partitions: [0, 1, 2, 3, 4, 5, 6, 7, 8, 9]
2025-12-19 08:17:11,776 [DefaultTbLocalSubscriptionService-25-1] INFO  o.t.s.s.s.DefaultTbLocalSubscriptionService - [35effbb91bdd] Pushed 0 subscriptions to [35effbb91bdd]
2025-12-19 08:17:12,248 [sql-log-1-thread-1] INFO  o.t.s.dao.sql.TbSqlBlockingQueue - Queue-0 [Events] queueSize [0] totalAdded [6] totalSaved [6] totalFailed [0]
2025-12-19 08:17:12,248 [sql-log-1-thread-1] INFO  o.t.s.dao.sql.TbSqlBlockingQueue - Queue-1 [Events] queueSize [0] totalAdded [3] totalSaved [3] totalFailed [0]
2025-12-19 08:17:12,251 [sql-log-1-thread-1] INFO  o.t.s.dao.sql.TbSqlBlockingQueue - Queue-2 [Events] queueSize [0] totalAdded [8] totalSaved [8] totalFailed [0]
2025-12-19 08:17:18,269 [TB-Scheduling-4] INFO  o.t.s.d.u.AbstractBufferedRateExecutor - [Write] Permits queueSize = [0] totalAdded = [14] totalLaunched = [14] totalReleased = [14] totalFailed = [0] totalExpired = [0] totalRejected = [0] totalRateLimited = [0] totalRateLimitedTenants = [0] currBuffer = [0] 
2025-12-19 08:17:18,277 [sql-log-1-thread-1] INFO  o.t.s.dao.sql.TbSqlBlockingQueue - Queue-0 [TS Latest] queueSize [0] totalAdded [7] totalSaved [7] totalFailed [0]
2025-12-19 08:18:08,267 [TB-Scheduling-3] INFO  o.t.s.dao.aspect.SqlDaoCallsAspect - Total timing statistics below:
2025-12-19 08:18:08,267 [TB-Scheduling-4] INFO  o.t.s.s.queue.TbCoreConsumerStats - Core Stats: totalMsgs = [1] sessionEvents = [0] getAttr = [0] subToAttr = [0] subToRpc = [0] toDevRpc = [0] subInfo = [0] claimDevice = [0] deviceState = [0] subMsgs = [0] edgeNfs = [0] deviceConnect = [0] deviceActivity = [0] deviceDisconnect = [0] deviceInactivity = [0] coreNfOther = [1] coreNfCompLfcl = [0] coreNfDevRpcRsp = [0] coreNfEdgeUpd = [0] coreNfEdgeSyncReq = [0] coreNfEdgeSyncResp = [0] coreNfNfRlProc = [0] coreNfQueueUpd = [0] coreNfQueueDel = [0] coreNfSubSvc = [0] coreNfSubMgr = [0] coreNfVCRsp = [0] 
2025-12-19 08:18:08,268 [TB-Scheduling-1] INFO  o.t.s.c.t.s.DefaultTransportService - Transport Stats: openConnections [0]
2025-12-19 08:18:08,268 [TB-Scheduling-3] INFO  o.t.s.dao.aspect.SqlDaoCallsAspect - [5c6c4190-f64c-11ee-8f58-c9c802dda3de]: calls: 38, failures: 0, exec time: 350 
2025-12-19 08:18:08,269 [TB-Scheduling-3] INFO  o.t.s.dao.aspect.SqlDaoCallsAspect - [5c6c4190-f64c-11ee-8f58-c9c802dda3de] Top 3 methods by timing:
2025-12-19 08:18:08,270 [TB-Scheduling-3] INFO  o.t.s.dao.aspect.SqlDaoCallsAspect - [5c6c4190-f64c-11ee-8f58-c9c802dda3de]: method: JpaAbstractDao.findById(..), calls: 32, failures: 0, exec time: 234
2025-12-19 08:18:08,270 [TB-Scheduling-3] INFO  o.t.s.dao.aspect.SqlDaoCallsAspect - [5c6c4190-f64c-11ee-8f58-c9c802dda3de]: method: JpaRelationDao.findAllByFrom(..), calls: 3, failures: 0, exec time: 69
2025-12-19 08:18:08,270 [TB-Scheduling-3] INFO  o.t.s.dao.aspect.SqlDaoCallsAspect - [5c6c4190-f64c-11ee-8f58-c9c802dda3de]: method: JpaNotificationRuleDao.findByTenantIdAndTriggerTypeAndEnabled(..), calls: 1, failures: 0, exec time: 32
2025-12-19 08:18:18,271 [TB-Scheduling-3] INFO  o.t.s.d.u.AbstractBufferedRateExecutor - [Write] Permits queueSize = [0] totalAdded = [15] totalLaunched = [15] totalReleased = [15] totalFailed = [0] totalExpired = [0] totalRejected = [0] totalRateLimited = [0] totalRateLimitedTenants = [0] currBuffer = [0] 
2025-12-19 08:18:18,277 [sql-log-1-thread-1] INFO  o.t.s.dao.sql.TbSqlBlockingQueue - Queue-0 [TS Latest] queueSize [0] totalAdded [11] totalSaved [11] totalFailed [0]
2025-12-19 08:18:45,936 [http-nio-0.0.0.0-9090-exec-2] INFO  o.a.c.c.C.[Tomcat].[localhost].[/] - Initializing Spring DispatcherServlet 'dispatcherServlet'
2025-12-19 08:18:45,936 [http-nio-0.0.0.0-9090-exec-2] INFO  o.s.web.servlet.DispatcherServlet - Initializing Servlet 'dispatcherServlet'
2025-12-19 08:18:45,939 [http-nio-0.0.0.0-9090-exec-2] INFO  o.s.web.servlet.DispatcherServlet - Completed initialization in 3 ms
2025-12-19 08:18:58,479 [http-nio-0.0.0.0-9090-exec-5] INFO  org.owasp.validator.html.Policy - Attempting to load AntiSamy policy from an input stream.
2025-12-19 08:18:58,679 [http-nio-0.0.0.0-9090-exec-5] WARN  org.owasp.validator.html.Policy - The directive "noopenerAndNoreferrerAnchors" is enabled by default, but disabled in this policy. It is recommended to leave it enabled to prevent reverse tabnabbing attacks.
2025-12-19 08:18:58,858 [JpaExecutorService-9-1] INFO  o.t.s.d.s.i.s.SqlPartitioningRepository - Saving partition 1766016000000-1766620800000 for table audit_log
2025-12-19 08:18:59,440 [http-nio-0.0.0.0-9090-exec-10] INFO  o.t.s.c.plugin.TbWebSocketHandler - [5c6c4190-f64c-11ee-8f58-c9c802dda3de][5cf87c00-f64c-11ee-8f58-c9c802dda3de][d493eb4d-45ac-46dc-bfc2-87926fb4dd4c][f6eed7e0-bd93-dd28-d2a7-3b5bc429d677] Session established from address: /172.19.0.1:52266
2025-12-19 08:19:08,268 [TB-Scheduling-4] INFO  o.t.s.d.u.AbstractBufferedRateExecutor - [Read] Permits queueSize = [0] totalAdded = [1] totalLaunched = [1] totalReleased = [1] totalFailed = [0] totalExpired = [0] totalRejected = [0] totalRateLimited = [0] totalRateLimitedTenants = [0] currBuffer = [0] 
2025-12-19 08:19:08,268 [TB-Scheduling-3] INFO  o.t.s.c.t.s.DefaultTransportService - Transport Stats: openConnections [0]
2025-12-19 08:19:08,269 [TB-Scheduling-1] INFO  o.t.s.s.s.DefaultTbEntityDataSubscriptionService - Stats: regularQueryInvocationCnt = [13], regularQueryInvocationTime = [81], dynamicQueryCnt = [0] dynamicQueryInvocationCnt = [0], dynamicQueryInvocationTime = [0], alarmQueryInvocationCnt = [3], alarmQueryInvocationTime = [14]
2025-12-19 08:19:08,270 [TB-Scheduling-4] INFO  o.t.s.dao.aspect.SqlDaoCallsAspect - Total timing statistics below:
2025-12-19 08:19:08,271 [TB-Scheduling-4] INFO  o.t.s.dao.aspect.SqlDaoCallsAspect - [5c6c4190-f64c-11ee-8f58-c9c802dda3de]: calls: 42, failures: 0, exec time: 244 
2025-12-19 08:19:08,271 [TB-Scheduling-4] INFO  o.t.s.dao.aspect.SqlDaoCallsAspect - [5c6c4190-f64c-11ee-8f58-c9c802dda3de] Top 3 methods by timing:
2025-12-19 08:19:08,271 [TB-Scheduling-4] INFO  o.t.s.dao.aspect.SqlDaoCallsAspect - [5c6c4190-f64c-11ee-8f58-c9c802dda3de]: method: JpaAbstractDao.save(..), calls: 3, failures: 0, exec time: 54
2025-12-19 08:19:08,271 [TB-Scheduling-4] INFO  o.t.s.dao.aspect.SqlDaoCallsAspect - [5c6c4190-f64c-11ee-8f58-c9c802dda3de]: method: JpaAbstractDao.findById(..), calls: 9, failures: 0, exec time: 36
2025-12-19 08:19:08,271 [TB-Scheduling-4] INFO  o.t.s.dao.aspect.SqlDaoCallsAspect - [5c6c4190-f64c-11ee-8f58-c9c802dda3de]: method: JpaDashboardInfoDao.findDashboardsByTenantId(..), calls: 2, failures: 0, exec time: 35
2025-12-19 08:19:18,269 [TB-Scheduling-4] INFO  o.t.s.d.u.AbstractBufferedRateExecutor - [Read] Permits queueSize = [0] totalAdded = [1350] totalLaunched = [1350] totalReleased = [1350] totalFailed = [0] totalExpired = [0] totalRejected = [0] totalRateLimited = [0] totalRateLimitedTenants = [0] currBuffer = [0] 
2025-12-19 08:19:18,270 [TB-Scheduling-3] INFO  o.t.s.s.s.DefaultTbEntityDataSubscriptionService - Stats: regularQueryInvocationCnt = [27], regularQueryInvocationTime = [310], dynamicQueryCnt = [2] dynamicQueryInvocationCnt = [0], dynamicQueryInvocationTime = [0], alarmQueryInvocationCnt = [0], alarmQueryInvocationTime = [0]
2025-12-19 08:19:18,273 [TB-Scheduling-2] INFO  o.t.s.d.u.AbstractBufferedRateExecutor - [Write] Permits queueSize = [0] totalAdded = [11] totalLaunched = [11] totalReleased = [11] totalFailed = [0] totalExpired = [0] totalRejected = [0] totalRateLimited = [0] totalRateLimitedTenants = [0] currBuffer = [0] 
2025-12-19 08:19:18,277 [sql-log-1-thread-1] INFO  o.t.s.dao.sql.TbSqlBlockingQueue - Queue-0 [TS Latest] queueSize [0] totalAdded [11] totalSaved [11] totalFailed [0]
2025-12-19 08:19:28,269 [TB-Scheduling-1] INFO  o.t.s.d.u.AbstractBufferedRateExecutor - [Read] Permits queueSize = [0] totalAdded = [150] totalLaunched = [150] totalReleased = [150] totalFailed = [0] totalExpired = [0] totalRejected = [0] totalRateLimited = [0] totalRateLimitedTenants = [0] currBuffer = [0] 
2025-12-19 08:19:28,271 [TB-Scheduling-2] INFO  o.t.s.s.s.DefaultTbEntityDataSubscriptionService - Stats: regularQueryInvocationCnt = [47], regularQueryInvocationTime = [90], dynamicQueryCnt = [0] dynamicQueryInvocationCnt = [0], dynamicQueryInvocationTime = [0], alarmQueryInvocationCnt = [0], alarmQueryInvocationTime = [0]
2025-12-19 08:20:08,269 [TB-Scheduling-4] INFO  o.t.s.c.t.s.DefaultTransportService - Transport Stats: openConnections [0]
2025-12-19 08:20:08,271 [TB-Scheduling-1] INFO  o.t.s.dao.aspect.SqlDaoCallsAspect - Total timing statistics below:
2025-12-19 08:20:08,272 [TB-Scheduling-1] INFO  o.t.s.dao.aspect.SqlDaoCallsAspect - [5c6c4190-f64c-11ee-8f58-c9c802dda3de]: calls: 14, failures: 0, exec time: 75 
2025-12-19 08:20:08,272 [TB-Scheduling-1] INFO  o.t.s.dao.aspect.SqlDaoCallsAspect - [5c6c4190-f64c-11ee-8f58-c9c802dda3de] Top 3 methods by timing:
2025-12-19 08:20:08,272 [TB-Scheduling-1] INFO  o.t.s.dao.aspect.SqlDaoCallsAspect - [5c6c4190-f64c-11ee-8f58-c9c802dda3de]: method: JpaAbstractDao.findById(..), calls: 5, failures: 0, exec time: 34
2025-12-19 08:20:08,273 [TB-Scheduling-1] INFO  o.t.s.dao.aspect.SqlDaoCallsAspect - [5c6c4190-f64c-11ee-8f58-c9c802dda3de]: method: JpaDashboardInfoDao.findDashboardsByTenantId(..), calls: 5, failures: 0, exec time: 26
2025-12-19 08:20:08,273 [TB-Scheduling-1] INFO  o.t.s.dao.aspect.SqlDaoCallsAspect - [5c6c4190-f64c-11ee-8f58-c9c802dda3de]: method: JpaUserSettingsDao.save(..), calls: 2, failures: 0, exec time: 11
2025-12-19 08:20:18,273 [TB-Scheduling-2] INFO  o.t.s.s.s.DefaultTbEntityDataSubscriptionService - Stats: regularQueryInvocationCnt = [9], regularQueryInvocationTime = [20], dynamicQueryCnt = [0] dynamicQueryInvocationCnt = [0], dynamicQueryInvocationTime = [0], alarmQueryInvocationCnt = [0], alarmQueryInvocationTime = [0]
2025-12-19 08:20:18,274 [TB-Scheduling-3] INFO  o.t.s.d.u.AbstractBufferedRateExecutor - [Write] Permits queueSize = [0] totalAdded = [11] totalLaunched = [11] totalReleased = [11] totalFailed = [0] totalExpired = [0] totalRejected = [0] totalRateLimited = [0] totalRateLimitedTenants = [0] currBuffer = [0] 
2025-12-19 08:20:18,277 [sql-log-1-thread-1] INFO  o.t.s.dao.sql.TbSqlBlockingQueue - Queue-0 [TS Latest] queueSize [0] totalAdded [11] totalSaved [11] totalFailed [0]
2025-12-19 08:20:58,275 [TB-Scheduling-2] INFO  o.t.s.d.u.AbstractBufferedRateExecutor - [Write] Permits queueSize = [0] totalAdded = [2] totalLaunched = [2] totalReleased = [2] totalFailed = [0] totalExpired = [0] totalRejected = [0] totalRateLimited = [0] totalRateLimitedTenants = [0] currBuffer = [0] 
2025-12-19 08:20:58,277 [sql-log-1-thread-1] INFO  o.t.s.dao.sql.TbSqlBlockingQueue - Queue-0 [TS Latest] queueSize [0] totalAdded [1] totalSaved [1] totalFailed [0]
2025-12-19 08:21:08,270 [TB-Scheduling-1] INFO  o.t.s.c.t.s.DefaultTransportService - Transport Stats: openConnections [0]
2025-12-19 08:21:08,273 [TB-Scheduling-1] INFO  o.t.s.dao.aspect.SqlDaoCallsAspect - Total timing statistics below:
2025-12-19 08:21:08,273 [TB-Scheduling-1] INFO  o.t.s.dao.aspect.SqlDaoCallsAspect - [5c6c4190-f64c-11ee-8f58-c9c802dda3de]: calls: 8, failures: 0, exec time: 45 
2025-12-19 08:21:08,273 [TB-Scheduling-1] INFO  o.t.s.dao.aspect.SqlDaoCallsAspect - [5c6c4190-f64c-11ee-8f58-c9c802dda3de] Top 3 methods by timing:
2025-12-19 08:21:08,274 [TB-Scheduling-1] INFO  o.t.s.dao.aspect.SqlDaoCallsAspect - [5c6c4190-f64c-11ee-8f58-c9c802dda3de]: method: JpaDashboardInfoDao.findDashboardsByTenantId(..), calls: 3, failures: 0, exec time: 18
2025-12-19 08:21:08,274 [TB-Scheduling-1] INFO  o.t.s.dao.aspect.SqlDaoCallsAspect - [5c6c4190-f64c-11ee-8f58-c9c802dda3de]: method: JpaAbstractDao.findById(..), calls: 3, failures: 0, exec time: 16
2025-12-19 08:21:08,274 [TB-Scheduling-1] INFO  o.t.s.dao.aspect.SqlDaoCallsAspect - [5c6c4190-f64c-11ee-8f58-c9c802dda3de]: method: JpaUserSettingsDao.save(..), calls: 1, failures: 0, exec time: 8
2025-12-19 08:21:18,276 [TB-Scheduling-1] INFO  o.t.s.d.u.AbstractBufferedRateExecutor - [Write] Permits queueSize = [0] totalAdded = [11] totalLaunched = [11] totalReleased = [11] totalFailed = [0] totalExpired = [0] totalRejected = [0] totalRateLimited = [0] totalRateLimitedTenants = [0] currBuffer = [0] 
2025-12-19 08:21:18,277 [sql-log-1-thread-1] INFO  o.t.s.dao.sql.TbSqlBlockingQueue - Queue-0 [TS Latest] queueSize [0] totalAdded [11] totalSaved [11] totalFailed [0]
2025-12-19 08:22:08,270 [TB-Scheduling-4] INFO  o.t.s.c.t.s.DefaultTransportService - Transport Stats: openConnections [0]
2025-12-19 08:22:18,278 [TB-Scheduling-3] INFO  o.t.s.d.u.AbstractBufferedRateExecutor - [Write] Permits queueSize = [0] totalAdded = [11] totalLaunched = [11] totalReleased = [11] totalFailed = [0] totalExpired = [0] totalRejected = [0] totalRateLimited = [0] totalRateLimitedTenants = [0] currBuffer = [0] 
2025-12-19 08:22:18,277 [sql-log-1-thread-1] INFO  o.t.s.dao.sql.TbSqlBlockingQueue - Queue-0 [TS Latest] queueSize [0] totalAdded [11] totalSaved [11] totalFailed [0]
2025-12-19 08:22:28,276 [TB-Scheduling-1] INFO  o.t.s.s.s.DefaultTbEntityDataSubscriptionService - Stats: regularQueryInvocationCnt = [9], regularQueryInvocationTime = [20], dynamicQueryCnt = [0] dynamicQueryInvocationCnt = [0], dynamicQueryInvocationTime = [0], alarmQueryInvocationCnt = [0], alarmQueryInvocationTime = [0]
2025-12-19 08:22:38,277 [sql-log-1-thread-1] INFO  o.t.s.dao.sql.TbSqlBlockingQueue - Queue-0 [TS Latest] queueSize [0] totalAdded [4] totalSaved [4] totalFailed [0]
2025-12-19 08:22:38,279 [TB-Scheduling-4] INFO  o.t.s.d.u.AbstractBufferedRateExecutor - [Write] Permits queueSize = [0] totalAdded = [4] totalLaunched = [4] totalReleased = [4] totalFailed = [0] totalExpired = [0] totalRejected = [0] totalRateLimited = [0] totalRateLimitedTenants = [0] currBuffer = [0] 
2025-12-19 08:23:08,268 [TB-Scheduling-1] INFO  o.t.s.s.queue.TbCoreConsumerStats - Core Stats: totalMsgs = [1] sessionEvents = [0] getAttr = [0] subToAttr = [0] subToRpc = [0] toDevRpc = [0] subInfo = [0] claimDevice = [0] deviceState = [0] subMsgs = [0] edgeNfs = [1] deviceConnect = [0] deviceActivity = [0] deviceDisconnect = [0] deviceInactivity = [0] coreNfOther = [0] coreNfCompLfcl = [0] coreNfDevRpcRsp = [0] coreNfEdgeUpd = [0] coreNfEdgeSyncReq = [0] coreNfEdgeSyncResp = [0] coreNfNfRlProc = [0] coreNfQueueUpd = [0] coreNfQueueDel = [0] coreNfSubSvc = [0] coreNfSubMgr = [0] coreNfVCRsp = [0] 
2025-12-19 08:23:08,271 [TB-Scheduling-2] INFO  o.t.s.c.t.s.DefaultTransportService - Transport Stats: openConnections [0]
2025-12-19 08:23:08,272 [TB-Scheduling-3] INFO  o.t.s.s.q.TbRuleEngineConsumerStats - [Main] Stats: totalMsgs = [1] successfulMsgs = [1] timeoutMsgs = [0] failedMsgs = [0] tmpTimeout = [0] tmpFailed = [0] successfulIterations = [1] failedIterations = [0] 
2025-12-19 08:23:08,274 [TB-Scheduling-4] INFO  o.t.s.dao.aspect.SqlDaoCallsAspect - Total timing statistics below:
2025-12-19 08:23:08,275 [TB-Scheduling-4] INFO  o.t.s.dao.aspect.SqlDaoCallsAspect - [5c6c4190-f64c-11ee-8f58-c9c802dda3de]: calls: 14, failures: 0, exec time: 109 
2025-12-19 08:23:08,275 [TB-Scheduling-4] INFO  o.t.s.dao.aspect.SqlDaoCallsAspect - [5c6c4190-f64c-11ee-8f58-c9c802dda3de] Top 3 methods by timing:
2025-12-19 08:23:08,275 [TB-Scheduling-4] INFO  o.t.s.dao.aspect.SqlDaoCallsAspect - [5c6c4190-f64c-11ee-8f58-c9c802dda3de]: method: JpaAbstractDao.save(..), calls: 2, failures: 0, exec time: 26
2025-12-19 08:23:08,275 [TB-Scheduling-4] INFO  o.t.s.dao.aspect.SqlDaoCallsAspect - [5c6c4190-f64c-11ee-8f58-c9c802dda3de]: method: JpaAuditLogDao.findAuditLogsByTenantIdAndEntityId(..), calls: 1, failures: 0, exec time: 25
2025-12-19 08:23:08,276 [TB-Scheduling-4] INFO  o.t.s.dao.aspect.SqlDaoCallsAspect - [5c6c4190-f64c-11ee-8f58-c9c802dda3de]: method: JpaAbstractDao.findById(..), calls: 4, failures: 0, exec time: 22
2025-12-19 08:23:18,277 [sql-log-1-thread-1] INFO  o.t.s.dao.sql.TbSqlBlockingQueue - Queue-0 [TS Latest] queueSize [0] totalAdded [11] totalSaved [11] totalFailed [0]
2025-12-19 08:23:18,278 [sql-log-1-thread-1] INFO  o.t.s.dao.sql.TbSqlBlockingQueue - Queue-2 [TS Latest] queueSize [0] totalAdded [6] totalSaved [6] totalFailed [0]
2025-12-19 08:23:18,280 [TB-Scheduling-2] INFO  o.t.s.d.u.AbstractBufferedRateExecutor - [Write] Permits queueSize = [0] totalAdded = [23] totalLaunched = [23] totalReleased = [23] totalFailed = [0] totalExpired = [0] totalRejected = [0] totalRateLimited = [0] totalRateLimitedTenants = [0] currBuffer = [0] 
2025-12-19 08:23:28,277 [sql-log-1-thread-1] INFO  o.t.s.dao.sql.TbSqlBlockingQueue - Queue-0 [TS Latest] queueSize [0] totalAdded [4] totalSaved [4] totalFailed [0]
2025-12-19 08:23:28,279 [TB-Scheduling-4] INFO  o.t.s.s.s.DefaultTbEntityDataSubscriptionService - Stats: regularQueryInvocationCnt = [9], regularQueryInvocationTime = [19], dynamicQueryCnt = [0] dynamicQueryInvocationCnt = [0], dynamicQueryInvocationTime = [0], alarmQueryInvocationCnt = [0], alarmQueryInvocationTime = [0]
2025-12-19 08:23:28,281 [TB-Scheduling-1] INFO  o.t.s.d.u.AbstractBufferedRateExecutor - [Write] Permits queueSize = [0] totalAdded = [4] totalLaunched = [4] totalReleased = [4] totalFailed = [0] totalExpired = [0] totalRejected = [0] totalRateLimited = [0] totalRateLimitedTenants = [0] currBuffer = [0] 
2025-12-19 08:24:08,270 [TB-Scheduling-4] INFO  o.t.s.s.queue.TbCoreConsumerStats - Core Stats: totalMsgs = [2] sessionEvents = [0] getAttr = [0] subToAttr = [0] subToRpc = [0] toDevRpc = [0] subInfo = [0] claimDevice = [0] deviceState = [0] subMsgs = [0] edgeNfs = [2] deviceConnect = [0] deviceActivity = [0] deviceDisconnect = [0] deviceInactivity = [0] coreNfOther = [0] coreNfCompLfcl = [0] coreNfDevRpcRsp = [0] coreNfEdgeUpd = [0] coreNfEdgeSyncReq = [0] coreNfEdgeSyncResp = [0] coreNfNfRlProc = [0] coreNfQueueUpd = [0] coreNfQueueDel = [0] coreNfSubSvc = [0] coreNfSubMgr = [0] coreNfVCRsp = [0] 
2025-12-19 08:24:08,272 [TB-Scheduling-3] INFO  o.t.s.c.t.s.DefaultTransportService - Transport Stats: openConnections [0]
2025-12-19 08:24:08,276 [TB-Scheduling-2] INFO  o.t.s.dao.aspect.SqlDaoCallsAspect - Total timing statistics below:
2025-12-19 08:24:08,276 [TB-Scheduling-2] INFO  o.t.s.dao.aspect.SqlDaoCallsAspect - [5c6c4190-f64c-11ee-8f58-c9c802dda3de]: calls: 17, failures: 0, exec time: 88 
2025-12-19 08:24:08,277 [TB-Scheduling-2] INFO  o.t.s.dao.aspect.SqlDaoCallsAspect - [5c6c4190-f64c-11ee-8f58-c9c802dda3de] Top 3 methods by timing:
2025-12-19 08:24:08,277 [TB-Scheduling-2] INFO  o.t.s.dao.aspect.SqlDaoCallsAspect - [5c6c4190-f64c-11ee-8f58-c9c802dda3de]: method: JpaAbstractDao.saveAndFlush(..), calls: 1, failures: 0, exec time: 22
2025-12-19 08:24:08,277 [TB-Scheduling-2] INFO  o.t.s.dao.aspect.SqlDaoCallsAspect - [5c6c4190-f64c-11ee-8f58-c9c802dda3de]: method: JpaAbstractDao.findById(..), calls: 5, failures: 0, exec time: 19
2025-12-19 08:24:08,277 [TB-Scheduling-2] INFO  o.t.s.dao.aspect.SqlDaoCallsAspect - [5c6c4190-f64c-11ee-8f58-c9c802dda3de]: method: JpaDashboardInfoDao.findDashboardsByTenantId(..), calls: 3, failures: 0, exec time: 11
2025-12-19 08:24:08,353 [TB-Scheduling-3] INFO  o.t.s.s.q.TbRuleEngineConsumerStats - [Main] Stats: totalMsgs = [1] successfulMsgs = [1] timeoutMsgs = [0] failedMsgs = [0] tmpTimeout = [0] tmpFailed = [0] successfulIterations = [1] failedIterations = [0] 
2025-12-19 08:24:18,277 [sql-log-1-thread-1] INFO  o.t.s.dao.sql.TbSqlBlockingQueue - Queue-0 [TS Latest] queueSize [0] totalAdded [11] totalSaved [11] totalFailed [0]
2025-12-19 08:24:18,278 [sql-log-1-thread-1] INFO  o.t.s.dao.sql.TbSqlBlockingQueue - Queue-2 [TS Latest] queueSize [0] totalAdded [6] totalSaved [6] totalFailed [0]
2025-12-19 08:24:18,283 [TB-Scheduling-4] INFO  o.t.s.d.u.AbstractBufferedRateExecutor - [Write] Permits queueSize = [0] totalAdded = [17] totalLaunched = [17] totalReleased = [17] totalFailed = [0] totalExpired = [0] totalRejected = [0] totalRateLimited = [0] totalRateLimitedTenants = [0] currBuffer = [0] 
2025-12-19 08:25:08,272 [TB-Scheduling-3] INFO  o.t.s.c.t.s.DefaultTransportService - Transport Stats: openConnections [0]
2025-12-19 08:25:18,277 [sql-log-1-thread-1] INFO  o.t.s.dao.sql.TbSqlBlockingQueue - Queue-0 [TS Latest] queueSize [0] totalAdded [11] totalSaved [11] totalFailed [0]
2025-12-19 08:25:18,284 [TB-Scheduling-4] INFO  o.t.s.d.u.AbstractBufferedRateExecutor - [Write] Permits queueSize = [0] totalAdded = [11] totalLaunched = [11] totalReleased = [11] totalFailed = [0] totalExpired = [0] totalRejected = [0] totalRateLimited = [0] totalRateLimitedTenants = [0] currBuffer = [0] 
2025-12-19 08:26:08,273 [TB-Scheduling-3] INFO  o.t.s.c.t.s.DefaultTransportService - Transport Stats: openConnections [0]
2025-12-19 08:26:18,277 [sql-log-1-thread-1] INFO  o.t.s.dao.sql.TbSqlBlockingQueue - Queue-0 [TS Latest] queueSize [0] totalAdded [4] totalSaved [4] totalFailed [0]
2025-12-19 08:26:18,286 [TB-Scheduling-1] INFO  o.t.s.d.u.AbstractBufferedRateExecutor - [Write] Permits queueSize = [0] totalAdded = [4] totalLaunched = [4] totalReleased = [4] totalFailed = [0] totalExpired = [0] totalRejected = [0] totalRateLimited = [0] totalRateLimitedTenants = [0] currBuffer = [0] 
2025-12-19 08:26:28,277 [sql-log-1-thread-1] INFO  o.t.s.dao.sql.TbSqlBlockingQueue - Queue-0 [TS Latest] queueSize [0] totalAdded [7] totalSaved [7] totalFailed [0]
2025-12-19 08:26:28,286 [TB-Scheduling-1] INFO  o.t.s.d.u.AbstractBufferedRateExecutor - [Write] Permits queueSize = [0] totalAdded = [7] totalLaunched = [7] totalReleased = [7] totalFailed = [0] totalExpired = [0] totalRejected = [0] totalRateLimited = [0] totalRateLimitedTenants = [0] currBuffer = [0] 
2025-12-19 08:27:08,274 [TB-Scheduling-2] INFO  o.t.s.c.t.s.DefaultTransportService - Transport Stats: openConnections [0]
2025-12-19 08:27:18,277 [sql-log-1-thread-1] INFO  o.t.s.dao.sql.TbSqlBlockingQueue - Queue-0 [TS Latest] queueSize [0] totalAdded [4] totalSaved [4] totalFailed [0]
2025-12-19 08:27:18,288 [TB-Scheduling-1] INFO  o.t.s.d.u.AbstractBufferedRateExecutor - [Write] Permits queueSize = [0] totalAdded = [4] totalLaunched = [4] totalReleased = [4] totalFailed = [0] totalExpired = [0] totalRejected = [0] totalRateLimited = [0] totalRateLimitedTenants = [0] currBuffer = [0] 
2025-12-19 08:27:28,277 [sql-log-1-thread-1] INFO  o.t.s.dao.sql.TbSqlBlockingQueue - Queue-0 [TS Latest] queueSize [0] totalAdded [7] totalSaved [7] totalFailed [0]
2025-12-19 08:27:28,289 [TB-Scheduling-1] INFO  o.t.s.d.u.AbstractBufferedRateExecutor - [Write] Permits queueSize = [0] totalAdded = [7] totalLaunched = [7] totalReleased = [7] totalFailed = [0] totalExpired = [0] totalRejected = [0] totalRateLimited = [0] totalRateLimitedTenants = [0] currBuffer = [0] 
2025-12-19 08:28:08,275 [TB-Scheduling-3] INFO  o.t.s.c.t.s.DefaultTransportService - Transport Stats: openConnections [0]
2025-12-19 08:28:18,277 [sql-log-1-thread-1] INFO  o.t.s.dao.sql.TbSqlBlockingQueue - Queue-0 [TS Latest] queueSize [0] totalAdded [4] totalSaved [4] totalFailed [0]
2025-12-19 08:28:18,290 [TB-Scheduling-4] INFO  o.t.s.d.u.AbstractBufferedRateExecutor - [Write] Permits queueSize = [0] totalAdded = [4] totalLaunched = [4] totalReleased = [4] totalFailed = [0] totalExpired = [0] totalRejected = [0] totalRateLimited = [0] totalRateLimitedTenants = [0] currBuffer = [0] 
2025-12-19 08:28:28,277 [sql-log-1-thread-1] INFO  o.t.s.dao.sql.TbSqlBlockingQueue - Queue-0 [TS Latest] queueSize [0] totalAdded [7] totalSaved [7] totalFailed [0]
2025-12-19 08:28:28,290 [TB-Scheduling-3] INFO  o.t.s.d.u.AbstractBufferedRateExecutor - [Write] Permits queueSize = [0] totalAdded = [7] totalLaunched = [7] totalReleased = [7] totalFailed = [0] totalExpired = [0] totalRejected = [0] totalRateLimited = [0] totalRateLimitedTenants = [0] currBuffer = [0] 
2025-12-19 08:29:08,276 [TB-Scheduling-4] INFO  o.t.s.c.t.s.DefaultTransportService - Transport Stats: openConnections [0]
2025-12-19 08:29:18,277 [sql-log-1-thread-1] INFO  o.t.s.dao.sql.TbSqlBlockingQueue - Queue-0 [TS Latest] queueSize [0] totalAdded [4] totalSaved [4] totalFailed [0]
2025-12-19 08:29:18,292 [TB-Scheduling-3] INFO  o.t.s.d.u.AbstractBufferedRateExecutor - [Write] Permits queueSize = [0] totalAdded = [4] totalLaunched = [4] totalReleased = [4] totalFailed = [0] totalExpired = [0] totalRejected = [0] totalRateLimited = [0] totalRateLimitedTenants = [0] currBuffer = [0] 
2025-12-19 08:29:28,277 [sql-log-1-thread-1] INFO  o.t.s.dao.sql.TbSqlBlockingQueue - Queue-0 [TS Latest] queueSize [0] totalAdded [7] totalSaved [7] totalFailed [0]
2025-12-19 08:29:28,292 [TB-Scheduling-1] INFO  o.t.s.d.u.AbstractBufferedRateExecutor - [Write] Permits queueSize = [0] totalAdded = [7] totalLaunched = [7] totalReleased = [7] totalFailed = [0] totalExpired = [0] totalRejected = [0] totalRateLimited = [0] totalRateLimitedTenants = [0] currBuffer = [0] 
2025-12-19 08:30:08,277 [TB-Scheduling-2] INFO  o.t.s.c.t.s.DefaultTransportService - Transport Stats: openConnections [0]
2025-12-19 08:30:18,277 [sql-log-1-thread-1] INFO  o.t.s.dao.sql.TbSqlBlockingQueue - Queue-0 [TS Latest] queueSize [0] totalAdded [4] totalSaved [4] totalFailed [0]
2025-12-19 08:30:18,294 [TB-Scheduling-3] INFO  o.t.s.d.u.AbstractBufferedRateExecutor - [Write] Permits queueSize = [0] totalAdded = [4] totalLaunched = [4] totalReleased = [4] totalFailed = [0] totalExpired = [0] totalRejected = [0] totalRateLimited = [0] totalRateLimitedTenants = [0] currBuffer = [0] 
2025-12-19 08:30:28,277 [sql-log-1-thread-1] INFO  o.t.s.dao.sql.TbSqlBlockingQueue - Queue-0 [TS Latest] queueSize [0] totalAdded [7] totalSaved [7] totalFailed [0]
2025-12-19 08:30:28,294 [TB-Scheduling-2] INFO  o.t.s.d.u.AbstractBufferedRateExecutor - [Write] Permits queueSize = [0] totalAdded = [7] totalLaunched = [7] totalReleased = [7] totalFailed = [0] totalExpired = [0] totalRejected = [0] totalRateLimited = [0] totalRateLimitedTenants = [0] currBuffer = [0] 
2025-12-19 08:31:08,277 [TB-Scheduling-4] INFO  o.t.s.c.t.s.DefaultTransportService - Transport Stats: openConnections [0]
2025-12-19 08:31:18,277 [sql-log-1-thread-1] INFO  o.t.s.dao.sql.TbSqlBlockingQueue - Queue-0 [TS Latest] queueSize [0] totalAdded [4] totalSaved [4] totalFailed [0]
2025-12-19 08:31:18,296 [TB-Scheduling-3] INFO  o.t.s.d.u.AbstractBufferedRateExecutor - [Write] Permits queueSize = [0] totalAdded = [4] totalLaunched = [4] totalReleased = [4] totalFailed = [0] totalExpired = [0] totalRejected = [0] totalRateLimited = [0] totalRateLimitedTenants = [0] currBuffer = [0] 
2025-12-19 08:31:28,277 [sql-log-1-thread-1] INFO  o.t.s.dao.sql.TbSqlBlockingQueue - Queue-0 [TS Latest] queueSize [0] totalAdded [7] totalSaved [7] totalFailed [0]
2025-12-19 08:31:28,296 [TB-Scheduling-4] INFO  o.t.s.d.u.AbstractBufferedRateExecutor - [Write] Permits queueSize = [0] totalAdded = [7] totalLaunched = [7] totalReleased = [7] totalFailed = [0] totalExpired = [0] totalRejected = [0] totalRateLimited = [0] totalRateLimitedTenants = [0] currBuffer = [0] 
2025-12-19 08:31:48,291 [TB-Scheduling-1] INFO  o.t.s.d.u.AbstractBufferedRateExecutor - [Read] Permits queueSize = [0] totalAdded = [450] totalLaunched = [450] totalReleased = [450] totalFailed = [0] totalExpired = [0] totalRejected = [0] totalRateLimited = [0] totalRateLimitedTenants = [0] currBuffer = [0] 
2025-12-19 08:31:48,292 [TB-Scheduling-3] INFO  o.t.s.s.s.DefaultTbEntityDataSubscriptionService - Stats: regularQueryInvocationCnt = [9], regularQueryInvocationTime = [65], dynamicQueryCnt = [2] dynamicQueryInvocationCnt = [0], dynamicQueryInvocationTime = [0], alarmQueryInvocationCnt = [0], alarmQueryInvocationTime = [0]
2025-12-19 08:31:58,292 [TB-Scheduling-1] INFO  o.t.s.d.u.AbstractBufferedRateExecutor - [Read] Permits queueSize = [0] totalAdded = [150] totalLaunched = [150] totalReleased = [150] totalFailed = [0] totalExpired = [0] totalRejected = [0] totalRateLimited = [0] totalRateLimitedTenants = [0] currBuffer = [0] 
2025-12-19 08:31:58,293 [TB-Scheduling-3] INFO  o.t.s.s.s.DefaultTbEntityDataSubscriptionService - Stats: regularQueryInvocationCnt = [3], regularQueryInvocationTime = [11], dynamicQueryCnt = [2] dynamicQueryInvocationCnt = [0], dynamicQueryInvocationTime = [0], alarmQueryInvocationCnt = [0], alarmQueryInvocationTime = [0]
2025-12-19 08:32:08,278 [TB-Scheduling-1] INFO  o.t.s.c.t.s.DefaultTransportService - Transport Stats: openConnections [0]
2025-12-19 08:32:08,293 [TB-Scheduling-2] INFO  o.t.s.s.s.DefaultTbEntityDataSubscriptionService - Stats: regularQueryInvocationCnt = [0], regularQueryInvocationTime = [0], dynamicQueryCnt = [2] dynamicQueryInvocationCnt = [0], dynamicQueryInvocationTime = [0], alarmQueryInvocationCnt = [0], alarmQueryInvocationTime = [0]
2025-12-19 08:32:18,277 [sql-log-1-thread-1] INFO  o.t.s.dao.sql.TbSqlBlockingQueue - Queue-0 [TS Latest] queueSize [0] totalAdded [4] totalSaved [4] totalFailed [0]
2025-12-19 08:32:18,294 [TB-Scheduling-2] INFO  o.t.s.s.s.DefaultTbEntityDataSubscriptionService - Stats: regularQueryInvocationCnt = [0], regularQueryInvocationTime = [0], dynamicQueryCnt = [2] dynamicQueryInvocationCnt = [0], dynamicQueryInvocationTime = [0], alarmQueryInvocationCnt = [0], alarmQueryInvocationTime = [0]
2025-12-19 08:32:18,298 [TB-Scheduling-4] INFO  o.t.s.d.u.AbstractBufferedRateExecutor - [Write] Permits queueSize = [0] totalAdded = [4] totalLaunched = [4] totalReleased = [4] totalFailed = [0] totalExpired = [0] totalRejected = [0] totalRateLimited = [0] totalRateLimitedTenants = [0] currBuffer = [0] 
2025-12-19 08:32:28,277 [sql-log-1-thread-1] INFO  o.t.s.dao.sql.TbSqlBlockingQueue - Queue-0 [TS Latest] queueSize [0] totalAdded [7] totalSaved [7] totalFailed [0]
2025-12-19 08:32:28,294 [TB-Scheduling-3] INFO  o.t.s.s.s.DefaultTbEntityDataSubscriptionService - Stats: regularQueryInvocationCnt = [0], regularQueryInvocationTime = [0], dynamicQueryCnt = [2] dynamicQueryInvocationCnt = [0], dynamicQueryInvocationTime = [0], alarmQueryInvocationCnt = [0], alarmQueryInvocationTime = [0]
2025-12-19 08:32:28,298 [TB-Scheduling-2] INFO  o.t.s.d.u.AbstractBufferedRateExecutor - [Write] Permits queueSize = [0] totalAdded = [7] totalLaunched = [7] totalReleased = [7] totalFailed = [0] totalExpired = [0] totalRejected = [0] totalRateLimited = [0] totalRateLimitedTenants = [0] currBuffer = [0] 
2025-12-19 08:32:38,295 [TB-Scheduling-1] INFO  o.t.s.s.s.DefaultTbEntityDataSubscriptionService - Stats: regularQueryInvocationCnt = [0], regularQueryInvocationTime = [0], dynamicQueryCnt = [2] dynamicQueryInvocationCnt = [0], dynamicQueryInvocationTime = [0], alarmQueryInvocationCnt = [0], alarmQueryInvocationTime = [0]
2025-12-19 08:32:48,297 [TB-Scheduling-4] INFO  o.t.s.s.s.DefaultTbEntityDataSubscriptionService - Stats: regularQueryInvocationCnt = [0], regularQueryInvocationTime = [0], dynamicQueryCnt = [2] dynamicQueryInvocationCnt = [0], dynamicQueryInvocationTime = [0], alarmQueryInvocationCnt = [0], alarmQueryInvocationTime = [0]
2025-12-19 08:32:58,298 [TB-Scheduling-4] INFO  o.t.s.s.s.DefaultTbEntityDataSubscriptionService - Stats: regularQueryInvocationCnt = [0], regularQueryInvocationTime = [0], dynamicQueryCnt = [2] dynamicQueryInvocationCnt = [2], dynamicQueryInvocationTime = [23], alarmQueryInvocationCnt = [0], alarmQueryInvocationTime = [0]
2025-12-19 08:33:08,279 [TB-Scheduling-2] INFO  o.t.s.c.t.s.DefaultTransportService - Transport Stats: openConnections [0]
2025-12-19 08:33:08,281 [TB-Scheduling-4] INFO  o.t.s.dao.aspect.SqlDaoCallsAspect - Total timing statistics below:
2025-12-19 08:33:08,281 [TB-Scheduling-4] INFO  o.t.s.dao.aspect.SqlDaoCallsAspect - [5c6c4190-f64c-11ee-8f58-c9c802dda3de]: calls: 2, failures: 0, exec time: 25 
2025-12-19 08:33:08,281 [TB-Scheduling-4] INFO  o.t.s.dao.aspect.SqlDaoCallsAspect - [5c6c4190-f64c-11ee-8f58-c9c802dda3de] Top 3 methods by timing:
2025-12-19 08:33:08,281 [TB-Scheduling-4] INFO  o.t.s.dao.aspect.SqlDaoCallsAspect - [5c6c4190-f64c-11ee-8f58-c9c802dda3de]: method: JpaDeviceDao.findDeviceByTenantIdAndId(..), calls: 1, failures: 0, exec time: 18
2025-12-19 08:33:08,282 [TB-Scheduling-4] INFO  o.t.s.dao.aspect.SqlDaoCallsAspect - [5c6c4190-f64c-11ee-8f58-c9c802dda3de]: method: JpaAbstractDao.findById(..), calls: 1, failures: 0, exec time: 7
2025-12-19 08:33:08,299 [TB-Scheduling-2] INFO  o.t.s.s.s.DefaultTbEntityDataSubscriptionService - Stats: regularQueryInvocationCnt = [0], regularQueryInvocationTime = [0], dynamicQueryCnt = [2] dynamicQueryInvocationCnt = [0], dynamicQueryInvocationTime = [0], alarmQueryInvocationCnt = [0], alarmQueryInvocationTime = [0]
2025-12-19 08:33:18,277 [sql-log-1-thread-1] INFO  o.t.s.dao.sql.TbSqlBlockingQueue - Queue-0 [TS Latest] queueSize [0] totalAdded [4] totalSaved [4] totalFailed [0]
2025-12-19 08:33:18,299 [TB-Scheduling-3] INFO  o.t.s.s.s.DefaultTbEntityDataSubscriptionService - Stats: regularQueryInvocationCnt = [0], regularQueryInvocationTime = [0], dynamicQueryCnt = [2] dynamicQueryInvocationCnt = [0], dynamicQueryInvocationTime = [0], alarmQueryInvocationCnt = [0], alarmQueryInvocationTime = [0]
2025-12-19 08:33:18,299 [TB-Scheduling-2] INFO  o.t.s.d.u.AbstractBufferedRateExecutor - [Write] Permits queueSize = [0] totalAdded = [4] totalLaunched = [4] totalReleased = [4] totalFailed = [0] totalExpired = [0] totalRejected = [0] totalRateLimited = [0] totalRateLimitedTenants = [0] currBuffer = [0] 
2025-12-19 08:33:28,277 [sql-log-1-thread-1] INFO  o.t.s.dao.sql.TbSqlBlockingQueue - Queue-0 [TS Latest] queueSize [0] totalAdded [7] totalSaved [7] totalFailed [0]
2025-12-19 08:33:28,300 [TB-Scheduling-3] INFO  o.t.s.d.u.AbstractBufferedRateExecutor - [Write] Permits queueSize = [0] totalAdded = [7] totalLaunched = [7] totalReleased = [7] totalFailed = [0] totalExpired = [0] totalRejected = [0] totalRateLimited = [0] totalRateLimitedTenants = [0] currBuffer = [0] 
2025-12-19 08:33:28,300 [TB-Scheduling-1] INFO  o.t.s.s.s.DefaultTbEntityDataSubscriptionService - Stats: regularQueryInvocationCnt = [0], regularQueryInvocationTime = [0], dynamicQueryCnt = [2] dynamicQueryInvocationCnt = [0], dynamicQueryInvocationTime = [0], alarmQueryInvocationCnt = [0], alarmQueryInvocationTime = [0]
2025-12-19 08:33:38,301 [TB-Scheduling-3] INFO  o.t.s.s.s.DefaultTbEntityDataSubscriptionService - Stats: regularQueryInvocationCnt = [0], regularQueryInvocationTime = [0], dynamicQueryCnt = [2] dynamicQueryInvocationCnt = [0], dynamicQueryInvocationTime = [0], alarmQueryInvocationCnt = [0], alarmQueryInvocationTime = [0]
2025-12-19 08:33:48,302 [TB-Scheduling-4] INFO  o.t.s.s.s.DefaultTbEntityDataSubscriptionService - Stats: regularQueryInvocationCnt = [0], regularQueryInvocationTime = [0], dynamicQueryCnt = [2] dynamicQueryInvocationCnt = [0], dynamicQueryInvocationTime = [0], alarmQueryInvocationCnt = [0], alarmQueryInvocationTime = [0]
2025-12-19 08:33:58,302 [TB-Scheduling-1] INFO  o.t.s.s.s.DefaultTbEntityDataSubscriptionService - Stats: regularQueryInvocationCnt = [0], regularQueryInvocationTime = [0], dynamicQueryCnt = [2] dynamicQueryInvocationCnt = [2], dynamicQueryInvocationTime = [37], alarmQueryInvocationCnt = [0], alarmQueryInvocationTime = [0]
2025-12-19 08:34:08,280 [TB-Scheduling-4] INFO  o.t.s.c.t.s.DefaultTransportService - Transport Stats: openConnections [0]
2025-12-19 08:34:08,282 [TB-Scheduling-2] INFO  o.t.s.dao.aspect.SqlDaoCallsAspect - Total timing statistics below:
2025-12-19 08:34:08,282 [TB-Scheduling-2] INFO  o.t.s.dao.aspect.SqlDaoCallsAspect - [5c6c4190-f64c-11ee-8f58-c9c802dda3de]: calls: 1, failures: 0, exec time: 18 
2025-12-19 08:34:08,282 [TB-Scheduling-2] INFO  o.t.s.dao.aspect.SqlDaoCallsAspect - [5c6c4190-f64c-11ee-8f58-c9c802dda3de] Top 3 methods by timing:
2025-12-19 08:34:08,282 [TB-Scheduling-2] INFO  o.t.s.dao.aspect.SqlDaoCallsAspect - [5c6c4190-f64c-11ee-8f58-c9c802dda3de]: method: JpaDeviceDao.findDevicesByTenantIdAndIdsAsync(..), calls: 1, failures: 0, exec time: 18
2025-12-19 08:34:08,303 [TB-Scheduling-3] INFO  o.t.s.s.s.DefaultTbEntityDataSubscriptionService - Stats: regularQueryInvocationCnt = [0], regularQueryInvocationTime = [0], dynamicQueryCnt = [2] dynamicQueryInvocationCnt = [0], dynamicQueryInvocationTime = [0], alarmQueryInvocationCnt = [0], alarmQueryInvocationTime = [0]
2025-12-19 08:34:18,277 [sql-log-1-thread-1] INFO  o.t.s.dao.sql.TbSqlBlockingQueue - Queue-0 [TS Latest] queueSize [0] totalAdded [4] totalSaved [4] totalFailed [0]
2025-12-19 08:34:18,302 [TB-Scheduling-1] INFO  o.t.s.d.u.AbstractBufferedRateExecutor - [Write] Permits queueSize = [0] totalAdded = [4] totalLaunched = [4] totalReleased = [4] totalFailed = [0] totalExpired = [0] totalRejected = [0] totalRateLimited = [0] totalRateLimitedTenants = [0] currBuffer = [0] 
2025-12-19 08:34:18,304 [TB-Scheduling-3] INFO  o.t.s.s.s.DefaultTbEntityDataSubscriptionService - Stats: regularQueryInvocationCnt = [0], regularQueryInvocationTime = [0], dynamicQueryCnt = [2] dynamicQueryInvocationCnt = [0], dynamicQueryInvocationTime = [0], alarmQueryInvocationCnt = [0], alarmQueryInvocationTime = [0]
2025-12-19 08:34:28,277 [sql-log-1-thread-1] INFO  o.t.s.dao.sql.TbSqlBlockingQueue - Queue-0 [TS Latest] queueSize [0] totalAdded [7] totalSaved [7] totalFailed [0]
2025-12-19 08:34:28,302 [TB-Scheduling-1] INFO  o.t.s.d.u.AbstractBufferedRateExecutor - [Write] Permits queueSize = [0] totalAdded = [7] totalLaunched = [7] totalReleased = [7] totalFailed = [0] totalExpired = [0] totalRejected = [0] totalRateLimited = [0] totalRateLimitedTenants = [0] currBuffer = [0] 
2025-12-19 08:34:28,304 [TB-Scheduling-2] INFO  o.t.s.s.s.DefaultTbEntityDataSubscriptionService - Stats: regularQueryInvocationCnt = [0], regularQueryInvocationTime = [0], dynamicQueryCnt = [2] dynamicQueryInvocationCnt = [0], dynamicQueryInvocationTime = [0], alarmQueryInvocationCnt = [0], alarmQueryInvocationTime = [0]
2025-12-19 08:34:38,305 [TB-Scheduling-4] INFO  o.t.s.s.s.DefaultTbEntityDataSubscriptionService - Stats: regularQueryInvocationCnt = [0], regularQueryInvocationTime = [0], dynamicQueryCnt = [2] dynamicQueryInvocationCnt = [0], dynamicQueryInvocationTime = [0], alarmQueryInvocationCnt = [0], alarmQueryInvocationTime = [0]
2025-12-19 08:34:48,305 [TB-Scheduling-3] INFO  o.t.s.s.s.DefaultTbEntityDataSubscriptionService - Stats: regularQueryInvocationCnt = [0], regularQueryInvocationTime = [0], dynamicQueryCnt = [2] dynamicQueryInvocationCnt = [0], dynamicQueryInvocationTime = [0], alarmQueryInvocationCnt = [0], alarmQueryInvocationTime = [0]
2025-12-19 08:34:58,306 [TB-Scheduling-1] INFO  o.t.s.s.s.DefaultTbEntityDataSubscriptionService - Stats: regularQueryInvocationCnt = [0], regularQueryInvocationTime = [0], dynamicQueryCnt = [2] dynamicQueryInvocationCnt = [2], dynamicQueryInvocationTime = [9], alarmQueryInvocationCnt = [0], alarmQueryInvocationTime = [0]
2025-12-19 08:35:08,281 [TB-Scheduling-2] INFO  o.t.s.c.t.s.DefaultTransportService - Transport Stats: openConnections [0]
2025-12-19 08:35:08,307 [TB-Scheduling-3] INFO  o.t.s.s.s.DefaultTbEntityDataSubscriptionService - Stats: regularQueryInvocationCnt = [0], regularQueryInvocationTime = [0], dynamicQueryCnt = [2] dynamicQueryInvocationCnt = [0], dynamicQueryInvocationTime = [0], alarmQueryInvocationCnt = [0], alarmQueryInvocationTime = [0]
2025-12-19 08:35:18,277 [sql-log-1-thread-1] INFO  o.t.s.dao.sql.TbSqlBlockingQueue - Queue-0 [TS Latest] queueSize [0] totalAdded [4] totalSaved [4] totalFailed [0]
2025-12-19 08:35:18,304 [TB-Scheduling-3] INFO  o.t.s.d.u.AbstractBufferedRateExecutor - [Write] Permits queueSize = [0] totalAdded = [4] totalLaunched = [4] totalReleased = [4] totalFailed = [0] totalExpired = [0] totalRejected = [0] totalRateLimited = [0] totalRateLimitedTenants = [0] currBuffer = [0] 
2025-12-19 08:35:18,307 [TB-Scheduling-1] INFO  o.t.s.s.s.DefaultTbEntityDataSubscriptionService - Stats: regularQueryInvocationCnt = [0], regularQueryInvocationTime = [0], dynamicQueryCnt = [2] dynamicQueryInvocationCnt = [0], dynamicQueryInvocationTime = [0], alarmQueryInvocationCnt = [0], alarmQueryInvocationTime = [0]
2025-12-19 08:35:28,277 [sql-log-1-thread-1] INFO  o.t.s.dao.sql.TbSqlBlockingQueue - Queue-0 [TS Latest] queueSize [0] totalAdded [7] totalSaved [7] totalFailed [0]
2025-12-19 08:35:28,305 [TB-Scheduling-3] INFO  o.t.s.d.u.AbstractBufferedRateExecutor - [Write] Permits queueSize = [0] totalAdded = [7] totalLaunched = [7] totalReleased = [7] totalFailed = [0] totalExpired = [0] totalRejected = [0] totalRateLimited = [0] totalRateLimitedTenants = [0] currBuffer = [0] 
2025-12-19 08:35:28,308 [TB-Scheduling-1] INFO  o.t.s.s.s.DefaultTbEntityDataSubscriptionService - Stats: regularQueryInvocationCnt = [0], regularQueryInvocationTime = [0], dynamicQueryCnt = [2] dynamicQueryInvocationCnt = [0], dynamicQueryInvocationTime = [0], alarmQueryInvocationCnt = [0], alarmQueryInvocationTime = [0]
2025-12-19 08:35:38,309 [TB-Scheduling-3] INFO  o.t.s.s.s.DefaultTbEntityDataSubscriptionService - Stats: regularQueryInvocationCnt = [0], regularQueryInvocationTime = [0], dynamicQueryCnt = [2] dynamicQueryInvocationCnt = [0], dynamicQueryInvocationTime = [0], alarmQueryInvocationCnt = [0], alarmQueryInvocationTime = [0]
2025-12-19 08:35:48,310 [TB-Scheduling-4] INFO  o.t.s.s.s.DefaultTbEntityDataSubscriptionService - Stats: regularQueryInvocationCnt = [0], regularQueryInvocationTime = [0], dynamicQueryCnt = [2] dynamicQueryInvocationCnt = [0], dynamicQueryInvocationTime = [0], alarmQueryInvocationCnt = [0], alarmQueryInvocationTime = [0]
2025-12-19 08:35:58,311 [TB-Scheduling-2] INFO  o.t.s.s.s.DefaultTbEntityDataSubscriptionService - Stats: regularQueryInvocationCnt = [0], regularQueryInvocationTime = [0], dynamicQueryCnt = [2] dynamicQueryInvocationCnt = [2], dynamicQueryInvocationTime = [13], alarmQueryInvocationCnt = [0], alarmQueryInvocationTime = [0]
2025-12-19 08:36:08,282 [TB-Scheduling-1] INFO  o.t.s.c.t.s.DefaultTransportService - Transport Stats: openConnections [0]
2025-12-19 08:36:08,312 [TB-Scheduling-1] INFO  o.t.s.s.s.DefaultTbEntityDataSubscriptionService - Stats: regularQueryInvocationCnt = [0], regularQueryInvocationTime = [0], dynamicQueryCnt = [2] dynamicQueryInvocationCnt = [0], dynamicQueryInvocationTime = [0], alarmQueryInvocationCnt = [0], alarmQueryInvocationTime = [0]
2025-12-19 08:36:18,277 [sql-log-1-thread-1] INFO  o.t.s.dao.sql.TbSqlBlockingQueue - Queue-0 [TS Latest] queueSize [0] totalAdded [4] totalSaved [4] totalFailed [0]
2025-12-19 08:36:18,307 [TB-Scheduling-3] INFO  o.t.s.d.u.AbstractBufferedRateExecutor - [Write] Permits queueSize = [0] totalAdded = [4] totalLaunched = [4] totalReleased = [4] totalFailed = [0] totalExpired = [0] totalRejected = [0] totalRateLimited = [0] totalRateLimitedTenants = [0] currBuffer = [0] 
2025-12-19 08:36:18,313 [TB-Scheduling-1] INFO  o.t.s.s.s.DefaultTbEntityDataSubscriptionService - Stats: regularQueryInvocationCnt = [0], regularQueryInvocationTime = [0], dynamicQueryCnt = [2] dynamicQueryInvocationCnt = [0], dynamicQueryInvocationTime = [0], alarmQueryInvocationCnt = [0], alarmQueryInvocationTime = [0]
2025-12-19 08:36:28,313 [TB-Scheduling-2] INFO  o.t.s.s.s.DefaultTbEntityDataSubscriptionService - Stats: regularQueryInvocationCnt = [0], regularQueryInvocationTime = [0], dynamicQueryCnt = [2] dynamicQueryInvocationCnt = [0], dynamicQueryInvocationTime = [0], alarmQueryInvocationCnt = [0], alarmQueryInvocationTime = [0]
2025-12-19 08:36:38,277 [sql-log-1-thread-1] INFO  o.t.s.dao.sql.TbSqlBlockingQueue - Queue-0 [TS Latest] queueSize [0] totalAdded [7] totalSaved [7] totalFailed [0]
2025-12-19 08:36:38,308 [TB-Scheduling-1] INFO  o.t.s.d.u.AbstractBufferedRateExecutor - [Write] Permits queueSize = [0] totalAdded = [7] totalLaunched = [7] totalReleased = [7] totalFailed = [0] totalExpired = [0] totalRejected = [0] totalRateLimited = [0] totalRateLimitedTenants = [0] currBuffer = [0] 
2025-12-19 08:36:38,314 [TB-Scheduling-3] INFO  o.t.s.s.s.DefaultTbEntityDataSubscriptionService - Stats: regularQueryInvocationCnt = [0], regularQueryInvocationTime = [0], dynamicQueryCnt = [2] dynamicQueryInvocationCnt = [0], dynamicQueryInvocationTime = [0], alarmQueryInvocationCnt = [0], alarmQueryInvocationTime = [0]
2025-12-19 08:36:48,315 [TB-Scheduling-2] INFO  o.t.s.s.s.DefaultTbEntityDataSubscriptionService - Stats: regularQueryInvocationCnt = [0], regularQueryInvocationTime = [0], dynamicQueryCnt = [2] dynamicQueryInvocationCnt = [0], dynamicQueryInvocationTime = [0], alarmQueryInvocationCnt = [0], alarmQueryInvocationTime = [0]
2025-12-19 08:36:58,315 [TB-Scheduling-1] INFO  o.t.s.s.s.DefaultTbEntityDataSubscriptionService - Stats: regularQueryInvocationCnt = [0], regularQueryInvocationTime = [0], dynamicQueryCnt = [2] dynamicQueryInvocationCnt = [2], dynamicQueryInvocationTime = [44], alarmQueryInvocationCnt = [0], alarmQueryInvocationTime = [0]
2025-12-19 08:37:08,283 [TB-Scheduling-2] INFO  o.t.s.c.t.s.DefaultTransportService - Transport Stats: openConnections [0]
2025-12-19 08:37:08,316 [TB-Scheduling-4] INFO  o.t.s.s.s.DefaultTbEntityDataSubscriptionService - Stats: regularQueryInvocationCnt = [0], regularQueryInvocationTime = [0], dynamicQueryCnt = [2] dynamicQueryInvocationCnt = [0], dynamicQueryInvocationTime = [0], alarmQueryInvocationCnt = [0], alarmQueryInvocationTime = [0]
2025-12-19 08:37:18,277 [sql-log-1-thread-1] INFO  o.t.s.dao.sql.TbSqlBlockingQueue - Queue-0 [TS Latest] queueSize [0] totalAdded [4] totalSaved [4] totalFailed [0]
2025-12-19 08:37:18,309 [TB-Scheduling-3] INFO  o.t.s.d.u.AbstractBufferedRateExecutor - [Write] Permits queueSize = [0] totalAdded = [4] totalLaunched = [4] totalReleased = [4] totalFailed = [0] totalExpired = [0] totalRejected = [0] totalRateLimited = [0] totalRateLimitedTenants = [0] currBuffer = [0] 
2025-12-19 08:37:18,317 [TB-Scheduling-4] INFO  o.t.s.s.s.DefaultTbEntityDataSubscriptionService - Stats: regularQueryInvocationCnt = [0], regularQueryInvocationTime = [0], dynamicQueryCnt = [2] dynamicQueryInvocationCnt = [0], dynamicQueryInvocationTime = [0], alarmQueryInvocationCnt = [0], alarmQueryInvocationTime = [0]
2025-12-19 08:37:28,317 [TB-Scheduling-1] INFO  o.t.s.s.s.DefaultTbEntityDataSubscriptionService - Stats: regularQueryInvocationCnt = [0], regularQueryInvocationTime = [0], dynamicQueryCnt = [2] dynamicQueryInvocationCnt = [0], dynamicQueryInvocationTime = [0], alarmQueryInvocationCnt = [0], alarmQueryInvocationTime = [0]
2025-12-19 08:37:38,277 [sql-log-1-thread-1] INFO  o.t.s.dao.sql.TbSqlBlockingQueue - Queue-0 [TS Latest] queueSize [0] totalAdded [7] totalSaved [7] totalFailed [0]
2025-12-19 08:37:38,310 [TB-Scheduling-4] INFO  o.t.s.d.u.AbstractBufferedRateExecutor - [Write] Permits queueSize = [0] totalAdded = [7] totalLaunched = [7] totalReleased = [7] totalFailed = [0] totalExpired = [0] totalRejected = [0] totalRateLimited = [0] totalRateLimitedTenants = [0] currBuffer = [0] 
2025-12-19 08:37:38,318 [TB-Scheduling-3] INFO  o.t.s.s.s.DefaultTbEntityDataSubscriptionService - Stats: regularQueryInvocationCnt = [0], regularQueryInvocationTime = [0], dynamicQueryCnt = [2] dynamicQueryInvocationCnt = [0], dynamicQueryInvocationTime = [0], alarmQueryInvocationCnt = [0], alarmQueryInvocationTime = [0]
2025-12-19 08:37:48,318 [TB-Scheduling-2] INFO  o.t.s.s.s.DefaultTbEntityDataSubscriptionService - Stats: regularQueryInvocationCnt = [0], regularQueryInvocationTime = [0], dynamicQueryCnt = [2] dynamicQueryInvocationCnt = [0], dynamicQueryInvocationTime = [0], alarmQueryInvocationCnt = [0], alarmQueryInvocationTime = [0]
2025-12-19 08:37:58,319 [TB-Scheduling-3] INFO  o.t.s.s.s.DefaultTbEntityDataSubscriptionService - Stats: regularQueryInvocationCnt = [0], regularQueryInvocationTime = [0], dynamicQueryCnt = [2] dynamicQueryInvocationCnt = [2], dynamicQueryInvocationTime = [8], alarmQueryInvocationCnt = [0], alarmQueryInvocationTime = [0]
2025-12-19 08:38:08,284 [TB-Scheduling-1] INFO  o.t.s.c.t.s.DefaultTransportService - Transport Stats: openConnections [0]
2025-12-19 08:38:08,320 [TB-Scheduling-2] INFO  o.t.s.s.s.DefaultTbEntityDataSubscriptionService - Stats: regularQueryInvocationCnt = [0], regularQueryInvocationTime = [0], dynamicQueryCnt = [2] dynamicQueryInvocationCnt = [0], dynamicQueryInvocationTime = [0], alarmQueryInvocationCnt = [0], alarmQueryInvocationTime = [0]
2025-12-19 08:38:18,277 [sql-log-1-thread-1] INFO  o.t.s.dao.sql.TbSqlBlockingQueue - Queue-0 [TS Latest] queueSize [0] totalAdded [4] totalSaved [4] totalFailed [0]
2025-12-19 08:38:18,311 [TB-Scheduling-2] INFO  o.t.s.d.u.AbstractBufferedRateExecutor - [Write] Permits queueSize = [0] totalAdded = [4] totalLaunched = [4] totalReleased = [4] totalFailed = [0] totalExpired = [0] totalRejected = [0] totalRateLimited = [0] totalRateLimitedTenants = [0] currBuffer = [0] 
2025-12-19 08:38:18,320 [TB-Scheduling-3] INFO  o.t.s.s.s.DefaultTbEntityDataSubscriptionService - Stats: regularQueryInvocationCnt = [0], regularQueryInvocationTime = [0], dynamicQueryCnt = [2] dynamicQueryInvocationCnt = [0], dynamicQueryInvocationTime = [0], alarmQueryInvocationCnt = [0], alarmQueryInvocationTime = [0]
2025-12-19 08:38:28,320 [TB-Scheduling-4] INFO  o.t.s.s.s.DefaultTbEntityDataSubscriptionService - Stats: regularQueryInvocationCnt = [0], regularQueryInvocationTime = [0], dynamicQueryCnt = [2] dynamicQueryInvocationCnt = [0], dynamicQueryInvocationTime = [0], alarmQueryInvocationCnt = [0], alarmQueryInvocationTime = [0]
2025-12-19 08:38:38,277 [sql-log-1-thread-1] INFO  o.t.s.dao.sql.TbSqlBlockingQueue - Queue-0 [TS Latest] queueSize [0] totalAdded [7] totalSaved [7] totalFailed [0]
2025-12-19 08:38:38,312 [TB-Scheduling-2] INFO  o.t.s.d.u.AbstractBufferedRateExecutor - [Write] Permits queueSize = [0] totalAdded = [7] totalLaunched = [7] totalReleased = [7] totalFailed = [0] totalExpired = [0] totalRejected = [0] totalRateLimited = [0] totalRateLimitedTenants = [0] currBuffer = [0] 
2025-12-19 08:38:38,321 [TB-Scheduling-1] INFO  o.t.s.s.s.DefaultTbEntityDataSubscriptionService - Stats: regularQueryInvocationCnt = [0], regularQueryInvocationTime = [0], dynamicQueryCnt = [2] dynamicQueryInvocationCnt = [0], dynamicQueryInvocationTime = [0], alarmQueryInvocationCnt = [0], alarmQueryInvocationTime = [0]
2025-12-19 08:38:48,322 [TB-Scheduling-1] INFO  o.t.s.s.s.DefaultTbEntityDataSubscriptionService - Stats: regularQueryInvocationCnt = [0], regularQueryInvocationTime = [0], dynamicQueryCnt = [2] dynamicQueryInvocationCnt = [0], dynamicQueryInvocationTime = [0], alarmQueryInvocationCnt = [0], alarmQueryInvocationTime = [0]
2025-12-19 08:38:58,322 [TB-Scheduling-1] INFO  o.t.s.s.s.DefaultTbEntityDataSubscriptionService - Stats: regularQueryInvocationCnt = [0], regularQueryInvocationTime = [0], dynamicQueryCnt = [2] dynamicQueryInvocationCnt = [2], dynamicQueryInvocationTime = [10], alarmQueryInvocationCnt = [0], alarmQueryInvocationTime = [0]
2025-12-19 08:39:08,285 [TB-Scheduling-4] INFO  o.t.s.c.t.s.DefaultTransportService - Transport Stats: openConnections [0]
2025-12-19 08:39:08,323 [TB-Scheduling-1] INFO  o.t.s.s.s.DefaultTbEntityDataSubscriptionService - Stats: regularQueryInvocationCnt = [0], regularQueryInvocationTime = [0], dynamicQueryCnt = [2] dynamicQueryInvocationCnt = [0], dynamicQueryInvocationTime = [0], alarmQueryInvocationCnt = [0], alarmQueryInvocationTime = [0]
2025-12-19 08:39:18,277 [sql-log-1-thread-1] INFO  o.t.s.dao.sql.TbSqlBlockingQueue - Queue-0 [TS Latest] queueSize [0] totalAdded [4] totalSaved [4] totalFailed [0]
2025-12-19 08:39:18,314 [TB-Scheduling-1] INFO  o.t.s.d.u.AbstractBufferedRateExecutor - [Write] Permits queueSize = [0] totalAdded = [4] totalLaunched = [4] totalReleased = [4] totalFailed = [0] totalExpired = [0] totalRejected = [0] totalRateLimited = [0] totalRateLimitedTenants = [0] currBuffer = [0] 
2025-12-19 08:39:18,324 [TB-Scheduling-2] INFO  o.t.s.s.s.DefaultTbEntityDataSubscriptionService - Stats: regularQueryInvocationCnt = [0], regularQueryInvocationTime = [0], dynamicQueryCnt = [2] dynamicQueryInvocationCnt = [0], dynamicQueryInvocationTime = [0], alarmQueryInvocationCnt = [0], alarmQueryInvocationTime = [0]
2025-12-19 08:39:28,325 [TB-Scheduling-2] INFO  o.t.s.s.s.DefaultTbEntityDataSubscriptionService - Stats: regularQueryInvocationCnt = [0], regularQueryInvocationTime = [0], dynamicQueryCnt = [2] dynamicQueryInvocationCnt = [0], dynamicQueryInvocationTime = [0], alarmQueryInvocationCnt = [0], alarmQueryInvocationTime = [0]
2025-12-19 08:39:38,277 [sql-log-1-thread-1] INFO  o.t.s.dao.sql.TbSqlBlockingQueue - Queue-0 [TS Latest] queueSize [0] totalAdded [7] totalSaved [7] totalFailed [0]
2025-12-19 08:39:38,314 [TB-Scheduling-3] INFO  o.t.s.d.u.AbstractBufferedRateExecutor - [Write] Permits queueSize = [0] totalAdded = [7] totalLaunched = [7] totalReleased = [7] totalFailed = [0] totalExpired = [0] totalRejected = [0] totalRateLimited = [0] totalRateLimitedTenants = [0] currBuffer = [0] 
2025-12-19 08:39:38,325 [TB-Scheduling-2] INFO  o.t.s.s.s.DefaultTbEntityDataSubscriptionService - Stats: regularQueryInvocationCnt = [0], regularQueryInvocationTime = [0], dynamicQueryCnt = [2] dynamicQueryInvocationCnt = [0], dynamicQueryInvocationTime = [0], alarmQueryInvocationCnt = [0], alarmQueryInvocationTime = [0]
2025-12-19 08:39:48,326 [TB-Scheduling-1] INFO  o.t.s.s.s.DefaultTbEntityDataSubscriptionService - Stats: regularQueryInvocationCnt = [0], regularQueryInvocationTime = [0], dynamicQueryCnt = [2] dynamicQueryInvocationCnt = [0], dynamicQueryInvocationTime = [0], alarmQueryInvocationCnt = [0], alarmQueryInvocationTime = [0]
2025-12-19 08:39:58,327 [TB-Scheduling-4] INFO  o.t.s.s.s.DefaultTbEntityDataSubscriptionService - Stats: regularQueryInvocationCnt = [0], regularQueryInvocationTime = [0], dynamicQueryCnt = [2] dynamicQueryInvocationCnt = [2], dynamicQueryInvocationTime = [11], alarmQueryInvocationCnt = [0], alarmQueryInvocationTime = [0]
2025-12-19 08:40:08,285 [TB-Scheduling-1] INFO  o.t.s.c.t.s.DefaultTransportService - Transport Stats: openConnections [0]
2025-12-19 08:40:08,327 [TB-Scheduling-4] INFO  o.t.s.s.s.DefaultTbEntityDataSubscriptionService - Stats: regularQueryInvocationCnt = [0], regularQueryInvocationTime = [0], dynamicQueryCnt = [2] dynamicQueryInvocationCnt = [0], dynamicQueryInvocationTime = [0], alarmQueryInvocationCnt = [0], alarmQueryInvocationTime = [0]
2025-12-19 08:40:18,277 [sql-log-1-thread-1] INFO  o.t.s.dao.sql.TbSqlBlockingQueue - Queue-0 [TS Latest] queueSize [0] totalAdded [4] totalSaved [4] totalFailed [0]
2025-12-19 08:40:18,315 [TB-Scheduling-3] INFO  o.t.s.d.u.AbstractBufferedRateExecutor - [Write] Permits queueSize = [0] totalAdded = [4] totalLaunched = [4] totalReleased = [4] totalFailed = [0] totalExpired = [0] totalRejected = [0] totalRateLimited = [0] totalRateLimitedTenants = [0] currBuffer = [0] 
2025-12-19 08:40:18,328 [TB-Scheduling-2] INFO  o.t.s.s.s.DefaultTbEntityDataSubscriptionService - Stats: regularQueryInvocationCnt = [0], regularQueryInvocationTime = [0], dynamicQueryCnt = [2] dynamicQueryInvocationCnt = [0], dynamicQueryInvocationTime = [0], alarmQueryInvocationCnt = [0], alarmQueryInvocationTime = [0]
2025-12-19 08:40:28,328 [TB-Scheduling-1] INFO  o.t.s.s.s.DefaultTbEntityDataSubscriptionService - Stats: regularQueryInvocationCnt = [0], regularQueryInvocationTime = [0], dynamicQueryCnt = [2] dynamicQueryInvocationCnt = [0], dynamicQueryInvocationTime = [0], alarmQueryInvocationCnt = [0], alarmQueryInvocationTime = [0]
2025-12-19 08:40:38,277 [sql-log-1-thread-1] INFO  o.t.s.dao.sql.TbSqlBlockingQueue - Queue-0 [TS Latest] queueSize [0] totalAdded [7] totalSaved [7] totalFailed [0]
2025-12-19 08:40:38,317 [TB-Scheduling-3] INFO  o.t.s.d.u.AbstractBufferedRateExecutor - [Write] Permits queueSize = [0] totalAdded = [7] totalLaunched = [7] totalReleased = [7] totalFailed = [0] totalExpired = [0] totalRejected = [0] totalRateLimited = [0] totalRateLimitedTenants = [0] currBuffer = [0] 
2025-12-19 08:40:38,329 [TB-Scheduling-2] INFO  o.t.s.s.s.DefaultTbEntityDataSubscriptionService - Stats: regularQueryInvocationCnt = [0], regularQueryInvocationTime = [0], dynamicQueryCnt = [2] dynamicQueryInvocationCnt = [0], dynamicQueryInvocationTime = [0], alarmQueryInvocationCnt = [0], alarmQueryInvocationTime = [0]
2025-12-19 08:40:48,329 [TB-Scheduling-4] INFO  o.t.s.s.s.DefaultTbEntityDataSubscriptionService - Stats: regularQueryInvocationCnt = [0], regularQueryInvocationTime = [0], dynamicQueryCnt = [2] dynamicQueryInvocationCnt = [0], dynamicQueryInvocationTime = [0], alarmQueryInvocationCnt = [0], alarmQueryInvocationTime = [0]
2025-12-19 08:40:58,330 [TB-Scheduling-2] INFO  o.t.s.s.s.DefaultTbEntityDataSubscriptionService - Stats: regularQueryInvocationCnt = [0], regularQueryInvocationTime = [0], dynamicQueryCnt = [2] dynamicQueryInvocationCnt = [2], dynamicQueryInvocationTime = [10], alarmQueryInvocationCnt = [0], alarmQueryInvocationTime = [0]
2025-12-19 08:41:08,286 [TB-Scheduling-1] INFO  o.t.s.c.t.s.DefaultTransportService - Transport Stats: openConnections [0]
2025-12-19 08:41:08,331 [TB-Scheduling-4] INFO  o.t.s.s.s.DefaultTbEntityDataSubscriptionService - Stats: regularQueryInvocationCnt = [0], regularQueryInvocationTime = [0], dynamicQueryCnt = [2] dynamicQueryInvocationCnt = [0], dynamicQueryInvocationTime = [0], alarmQueryInvocationCnt = [0], alarmQueryInvocationTime = [0]
2025-12-19 08:41:18,277 [sql-log-1-thread-1] INFO  o.t.s.dao.sql.TbSqlBlockingQueue - Queue-0 [TS Latest] queueSize [0] totalAdded [4] totalSaved [4] totalFailed [0]
2025-12-19 08:41:18,318 [TB-Scheduling-3] INFO  o.t.s.d.u.AbstractBufferedRateExecutor - [Write] Permits queueSize = [0] totalAdded = [4] totalLaunched = [4] totalReleased = [4] totalFailed = [0] totalExpired = [0] totalRejected = [0] totalRateLimited = [0] totalRateLimitedTenants = [0] currBuffer = [0] 
2025-12-19 08:41:18,332 [TB-Scheduling-4] INFO  o.t.s.s.s.DefaultTbEntityDataSubscriptionService - Stats: regularQueryInvocationCnt = [0], regularQueryInvocationTime = [0], dynamicQueryCnt = [2] dynamicQueryInvocationCnt = [0], dynamicQueryInvocationTime = [0], alarmQueryInvocationCnt = [0], alarmQueryInvocationTime = [0]
2025-12-19 08:41:28,333 [TB-Scheduling-3] INFO  o.t.s.s.s.DefaultTbEntityDataSubscriptionService - Stats: regularQueryInvocationCnt = [0], regularQueryInvocationTime = [0], dynamicQueryCnt = [2] dynamicQueryInvocationCnt = [0], dynamicQueryInvocationTime = [0], alarmQueryInvocationCnt = [0], alarmQueryInvocationTime = [0]
2025-12-19 08:41:38,277 [sql-log-1-thread-1] INFO  o.t.s.dao.sql.TbSqlBlockingQueue - Queue-0 [TS Latest] queueSize [0] totalAdded [7] totalSaved [7] totalFailed [0]
2025-12-19 08:41:38,319 [TB-Scheduling-3] INFO  o.t.s.d.u.AbstractBufferedRateExecutor - [Write] Permits queueSize = [0] totalAdded = [7] totalLaunched = [7] totalReleased = [7] totalFailed = [0] totalExpired = [0] totalRejected = [0] totalRateLimited = [0] totalRateLimitedTenants = [0] currBuffer = [0] 
2025-12-19 08:41:38,335 [TB-Scheduling-1] INFO  o.t.s.s.s.DefaultTbEntityDataSubscriptionService - Stats: regularQueryInvocationCnt = [0], regularQueryInvocationTime = [0], dynamicQueryCnt = [2] dynamicQueryInvocationCnt = [0], dynamicQueryInvocationTime = [0], alarmQueryInvocationCnt = [0], alarmQueryInvocationTime = [0]
2025-12-19 08:41:48,335 [TB-Scheduling-4] INFO  o.t.s.s.s.DefaultTbEntityDataSubscriptionService - Stats: regularQueryInvocationCnt = [0], regularQueryInvocationTime = [0], dynamicQueryCnt = [2] dynamicQueryInvocationCnt = [0], dynamicQueryInvocationTime = [0], alarmQueryInvocationCnt = [0], alarmQueryInvocationTime = [0]
2025-12-19 08:41:58,336 [TB-Scheduling-3] INFO  o.t.s.s.s.DefaultTbEntityDataSubscriptionService - Stats: regularQueryInvocationCnt = [0], regularQueryInvocationTime = [0], dynamicQueryCnt = [2] dynamicQueryInvocationCnt = [2], dynamicQueryInvocationTime = [43], alarmQueryInvocationCnt = [0], alarmQueryInvocationTime = [0]
2025-12-19 08:42:08,284 [TB-Scheduling-1] INFO  o.t.s.dao.aspect.SqlDaoCallsAspect - Total timing statistics below:
2025-12-19 08:42:08,285 [TB-Scheduling-1] INFO  o.t.s.dao.aspect.SqlDaoCallsAspect - [5c6c4190-f64c-11ee-8f58-c9c802dda3de]: calls: 4, failures: 0, exec time: 135 
2025-12-19 08:42:08,285 [TB-Scheduling-1] INFO  o.t.s.dao.aspect.SqlDaoCallsAspect - [5c6c4190-f64c-11ee-8f58-c9c802dda3de] Top 3 methods by timing:
2025-12-19 08:42:08,285 [TB-Scheduling-1] INFO  o.t.s.dao.aspect.SqlDaoCallsAspect - [5c6c4190-f64c-11ee-8f58-c9c802dda3de]: method: JpaWidgetTypeDao.findWidgetTypesInfosByWidgetsBundleId(..), calls: 2, failures: 0, exec time: 103
2025-12-19 08:42:08,286 [TB-Scheduling-1] INFO  o.t.s.dao.aspect.SqlDaoCallsAspect - [5c6c4190-f64c-11ee-8f58-c9c802dda3de]: method: JpaWidgetsBundleDao.findAllTenantWidgetsBundlesByTenantId(..), calls: 2, failures: 0, exec time: 32
2025-12-19 08:42:08,288 [TB-Scheduling-2] INFO  o.t.s.c.t.s.DefaultTransportService - Transport Stats: openConnections [0]
2025-12-19 08:42:08,337 [TB-Scheduling-4] INFO  o.t.s.s.s.DefaultTbEntityDataSubscriptionService - Stats: regularQueryInvocationCnt = [0], regularQueryInvocationTime = [0], dynamicQueryCnt = [2] dynamicQueryInvocationCnt = [0], dynamicQueryInvocationTime = [0], alarmQueryInvocationCnt = [0], alarmQueryInvocationTime = [0]
2025-12-19 08:42:18,277 [sql-log-1-thread-1] INFO  o.t.s.dao.sql.TbSqlBlockingQueue - Queue-0 [TS Latest] queueSize [0] totalAdded [4] totalSaved [4] totalFailed [0]
2025-12-19 08:42:18,320 [TB-Scheduling-4] INFO  o.t.s.d.u.AbstractBufferedRateExecutor - [Write] Permits queueSize = [0] totalAdded = [4] totalLaunched = [4] totalReleased = [4] totalFailed = [0] totalExpired = [0] totalRejected = [0] totalRateLimited = [0] totalRateLimitedTenants = [0] currBuffer = [0] 
2025-12-19 08:42:18,337 [TB-Scheduling-2] INFO  o.t.s.s.s.DefaultTbEntityDataSubscriptionService - Stats: regularQueryInvocationCnt = [0], regularQueryInvocationTime = [0], dynamicQueryCnt = [2] dynamicQueryInvocationCnt = [0], dynamicQueryInvocationTime = [0], alarmQueryInvocationCnt = [0], alarmQueryInvocationTime = [0]
2025-12-19 08:42:28,337 [TB-Scheduling-4] INFO  o.t.s.s.s.DefaultTbEntityDataSubscriptionService - Stats: regularQueryInvocationCnt = [0], regularQueryInvocationTime = [0], dynamicQueryCnt = [2] dynamicQueryInvocationCnt = [0], dynamicQueryInvocationTime = [0], alarmQueryInvocationCnt = [0], alarmQueryInvocationTime = [0]
2025-12-19 08:42:38,277 [sql-log-1-thread-1] INFO  o.t.s.dao.sql.TbSqlBlockingQueue - Queue-0 [TS Latest] queueSize [0] totalAdded [7] totalSaved [7] totalFailed [0]
2025-12-19 08:42:38,321 [TB-Scheduling-2] INFO  o.t.s.d.u.AbstractBufferedRateExecutor - [Write] Permits queueSize = [0] totalAdded = [7] totalLaunched = [7] totalReleased = [7] totalFailed = [0] totalExpired = [0] totalRejected = [0] totalRateLimited = [0] totalRateLimitedTenants = [0] currBuffer = [0] 
2025-12-19 08:42:38,338 [TB-Scheduling-3] INFO  o.t.s.s.s.DefaultTbEntityDataSubscriptionService - Stats: regularQueryInvocationCnt = [0], regularQueryInvocationTime = [0], dynamicQueryCnt = [2] dynamicQueryInvocationCnt = [0], dynamicQueryInvocationTime = [0], alarmQueryInvocationCnt = [0], alarmQueryInvocationTime = [0]
2025-12-19 08:42:39,750 [http-nio-0.0.0.0-9090-exec-10] INFO  o.t.s.c.plugin.TbWebSocketHandler - [5c6c4190-f64c-11ee-8f58-c9c802dda3de][5cf87c00-f64c-11ee-8f58-c9c802dda3de][584c7b10-fed6-4c8c-93b9-06661f202e57][6d09a5cc-1e87-237d-cabd-f0193ab99b20] Session established from address: /172.19.0.1:54086
2025-12-19 08:42:48,311 [TB-Scheduling-4] INFO  o.t.s.d.u.AbstractBufferedRateExecutor - [Read] Permits queueSize = [0] totalAdded = [300] totalLaunched = [300] totalReleased = [300] totalFailed = [0] totalExpired = [0] totalRejected = [0] totalRateLimited = [0] totalRateLimitedTenants = [0] currBuffer = [0] 
2025-12-19 08:42:48,339 [TB-Scheduling-1] INFO  o.t.s.s.s.DefaultTbEntityDataSubscriptionService - Stats: regularQueryInvocationCnt = [50], regularQueryInvocationTime = [157], dynamicQueryCnt = [2] dynamicQueryInvocationCnt = [0], dynamicQueryInvocationTime = [0], alarmQueryInvocationCnt = [0], alarmQueryInvocationTime = [0]
2025-12-19 08:42:58,339 [TB-Scheduling-4] INFO  o.t.s.s.s.DefaultTbEntityDataSubscriptionService - Stats: regularQueryInvocationCnt = [0], regularQueryInvocationTime = [0], dynamicQueryCnt = [2] dynamicQueryInvocationCnt = [2], dynamicQueryInvocationTime = [8], alarmQueryInvocationCnt = [0], alarmQueryInvocationTime = [0]
2025-12-19 08:43:08,286 [TB-Scheduling-1] INFO  o.t.s.dao.aspect.SqlDaoCallsAspect - Total timing statistics below:
2025-12-19 08:43:08,287 [TB-Scheduling-1] INFO  o.t.s.dao.aspect.SqlDaoCallsAspect - [5c6c4190-f64c-11ee-8f58-c9c802dda3de]: calls: 18, failures: 0, exec time: 80 
2025-12-19 08:43:08,287 [TB-Scheduling-1] INFO  o.t.s.dao.aspect.SqlDaoCallsAspect - [5c6c4190-f64c-11ee-8f58-c9c802dda3de] Top 3 methods by timing:
2025-12-19 08:43:08,287 [TB-Scheduling-1] INFO  o.t.s.dao.aspect.SqlDaoCallsAspect - [5c6c4190-f64c-11ee-8f58-c9c802dda3de]: method: JpaAbstractDao.findById(..), calls: 5, failures: 0, exec time: 23
2025-12-19 08:43:08,287 [TB-Scheduling-1] INFO  o.t.s.dao.aspect.SqlDaoCallsAspect - [5c6c4190-f64c-11ee-8f58-c9c802dda3de]: method: JpaUserSettingsDao.save(..), calls: 2, failures: 0, exec time: 14
2025-12-19 08:43:08,287 [TB-Scheduling-1] INFO  o.t.s.dao.aspect.SqlDaoCallsAspect - [5c6c4190-f64c-11ee-8f58-c9c802dda3de]: method: JpaDashboardInfoDao.findDashboardsByTenantId(..), calls: 3, failures: 0, exec time: 13
2025-12-19 08:43:08,289 [TB-Scheduling-2] INFO  o.t.s.c.t.s.DefaultTransportService - Transport Stats: openConnections [0]
2025-12-19 08:43:08,340 [TB-Scheduling-4] INFO  o.t.s.s.s.DefaultTbEntityDataSubscriptionService - Stats: regularQueryInvocationCnt = [0], regularQueryInvocationTime = [0], dynamicQueryCnt = [2] dynamicQueryInvocationCnt = [0], dynamicQueryInvocationTime = [0], alarmQueryInvocationCnt = [0], alarmQueryInvocationTime = [0]
2025-12-19 08:43:18,277 [sql-log-1-thread-1] INFO  o.t.s.dao.sql.TbSqlBlockingQueue - Queue-0 [TS Latest] queueSize [0] totalAdded [4] totalSaved [4] totalFailed [0]
2025-12-19 08:43:18,322 [TB-Scheduling-2] INFO  o.t.s.d.u.AbstractBufferedRateExecutor - [Write] Permits queueSize = [0] totalAdded = [4] totalLaunched = [4] totalReleased = [4] totalFailed = [0] totalExpired = [0] totalRejected = [0] totalRateLimited = [0] totalRateLimitedTenants = [0] currBuffer = [0] 
2025-12-19 08:43:18,340 [TB-Scheduling-4] INFO  o.t.s.s.s.DefaultTbEntityDataSubscriptionService - Stats: regularQueryInvocationCnt = [0], regularQueryInvocationTime = [0], dynamicQueryCnt = [2] dynamicQueryInvocationCnt = [0], dynamicQueryInvocationTime = [0], alarmQueryInvocationCnt = [0], alarmQueryInvocationTime = [0]
2025-12-19 08:43:28,341 [TB-Scheduling-1] INFO  o.t.s.s.s.DefaultTbEntityDataSubscriptionService - Stats: regularQueryInvocationCnt = [0], regularQueryInvocationTime = [0], dynamicQueryCnt = [2] dynamicQueryInvocationCnt = [0], dynamicQueryInvocationTime = [0], alarmQueryInvocationCnt = [0], alarmQueryInvocationTime = [0]
2025-12-19 08:43:38,277 [sql-log-1-thread-1] INFO  o.t.s.dao.sql.TbSqlBlockingQueue - Queue-0 [TS Latest] queueSize [0] totalAdded [7] totalSaved [7] totalFailed [0]
2025-12-19 08:43:38,323 [TB-Scheduling-4] INFO  o.t.s.d.u.AbstractBufferedRateExecutor - [Write] Permits queueSize = [0] totalAdded = [7] totalLaunched = [7] totalReleased = [7] totalFailed = [0] totalExpired = [0] totalRejected = [0] totalRateLimited = [0] totalRateLimitedTenants = [0] currBuffer = [0] 
2025-12-19 08:43:38,341 [TB-Scheduling-2] INFO  o.t.s.s.s.DefaultTbEntityDataSubscriptionService - Stats: regularQueryInvocationCnt = [0], regularQueryInvocationTime = [0], dynamicQueryCnt = [2] dynamicQueryInvocationCnt = [0], dynamicQueryInvocationTime = [0], alarmQueryInvocationCnt = [0], alarmQueryInvocationTime = [0]
2025-12-19 08:43:48,342 [TB-Scheduling-4] INFO  o.t.s.s.s.DefaultTbEntityDataSubscriptionService - Stats: regularQueryInvocationCnt = [0], regularQueryInvocationTime = [0], dynamicQueryCnt = [2] dynamicQueryInvocationCnt = [0], dynamicQueryInvocationTime = [0], alarmQueryInvocationCnt = [0], alarmQueryInvocationTime = [0]
2025-12-19 08:43:58,343 [TB-Scheduling-3] INFO  o.t.s.s.s.DefaultTbEntityDataSubscriptionService - Stats: regularQueryInvocationCnt = [0], regularQueryInvocationTime = [0], dynamicQueryCnt = [2] dynamicQueryInvocationCnt = [2], dynamicQueryInvocationTime = [33], alarmQueryInvocationCnt = [0], alarmQueryInvocationTime = [0]
2025-12-19 08:44:08,289 [TB-Scheduling-4] INFO  o.t.s.c.t.s.DefaultTransportService - Transport Stats: openConnections [0]
2025-12-19 08:44:08,343 [TB-Scheduling-3] INFO  o.t.s.s.s.DefaultTbEntityDataSubscriptionService - Stats: regularQueryInvocationCnt = [0], regularQueryInvocationTime = [0], dynamicQueryCnt = [2] dynamicQueryInvocationCnt = [0], dynamicQueryInvocationTime = [0], alarmQueryInvocationCnt = [0], alarmQueryInvocationTime = [0]
2025-12-19 08:44:18,277 [sql-log-1-thread-1] INFO  o.t.s.dao.sql.TbSqlBlockingQueue - Queue-0 [TS Latest] queueSize [0] totalAdded [4] totalSaved [4] totalFailed [0]
2025-12-19 08:44:18,324 [TB-Scheduling-4] INFO  o.t.s.d.u.AbstractBufferedRateExecutor - [Write] Permits queueSize = [0] totalAdded = [4] totalLaunched = [4] totalReleased = [4] totalFailed = [0] totalExpired = [0] totalRejected = [0] totalRateLimited = [0] totalRateLimitedTenants = [0] currBuffer = [0] 
2025-12-19 08:44:18,344 [TB-Scheduling-3] INFO  o.t.s.s.s.DefaultTbEntityDataSubscriptionService - Stats: regularQueryInvocationCnt = [0], regularQueryInvocationTime = [0], dynamicQueryCnt = [2] dynamicQueryInvocationCnt = [0], dynamicQueryInvocationTime = [0], alarmQueryInvocationCnt = [0], alarmQueryInvocationTime = [0]
2025-12-19 08:44:28,344 [TB-Scheduling-3] INFO  o.t.s.s.s.DefaultTbEntityDataSubscriptionService - Stats: regularQueryInvocationCnt = [0], regularQueryInvocationTime = [0], dynamicQueryCnt = [2] dynamicQueryInvocationCnt = [0], dynamicQueryInvocationTime = [0], alarmQueryInvocationCnt = [0], alarmQueryInvocationTime = [0]
2025-12-19 08:44:38,277 [sql-log-1-thread-1] INFO  o.t.s.dao.sql.TbSqlBlockingQueue - Queue-0 [TS Latest] queueSize [0] totalAdded [7] totalSaved [7] totalFailed [0]
2025-12-19 08:44:38,325 [TB-Scheduling-2] INFO  o.t.s.d.u.AbstractBufferedRateExecutor - [Write] Permits queueSize = [0] totalAdded = [7] totalLaunched = [7] totalReleased = [7] totalFailed = [0] totalExpired = [0] totalRejected = [0] totalRateLimited = [0] totalRateLimitedTenants = [0] currBuffer = [0] 
2025-12-19 08:44:38,346 [TB-Scheduling-4] INFO  o.t.s.s.s.DefaultTbEntityDataSubscriptionService - Stats: regularQueryInvocationCnt = [0], regularQueryInvocationTime = [0], dynamicQueryCnt = [2] dynamicQueryInvocationCnt = [0], dynamicQueryInvocationTime = [0], alarmQueryInvocationCnt = [0], alarmQueryInvocationTime = [0]
2025-12-19 08:44:48,347 [TB-Scheduling-3] INFO  o.t.s.s.s.DefaultTbEntityDataSubscriptionService - Stats: regularQueryInvocationCnt = [0], regularQueryInvocationTime = [0], dynamicQueryCnt = [2] dynamicQueryInvocationCnt = [0], dynamicQueryInvocationTime = [0], alarmQueryInvocationCnt = [0], alarmQueryInvocationTime = [0]
2025-12-19 08:44:58,347 [TB-Scheduling-4] INFO  o.t.s.s.s.DefaultTbEntityDataSubscriptionService - Stats: regularQueryInvocationCnt = [0], regularQueryInvocationTime = [0], dynamicQueryCnt = [2] dynamicQueryInvocationCnt = [2], dynamicQueryInvocationTime = [16], alarmQueryInvocationCnt = [0], alarmQueryInvocationTime = [0]
2025-12-19 08:45:08,290 [TB-Scheduling-2] INFO  o.t.s.c.t.s.DefaultTransportService - Transport Stats: openConnections [0]
2025-12-19 08:45:08,348 [TB-Scheduling-3] INFO  o.t.s.s.s.DefaultTbEntityDataSubscriptionService - Stats: regularQueryInvocationCnt = [0], regularQueryInvocationTime = [0], dynamicQueryCnt = [2] dynamicQueryInvocationCnt = [0], dynamicQueryInvocationTime = [0], alarmQueryInvocationCnt = [0], alarmQueryInvocationTime = [0]
2025-12-19 08:45:18,277 [sql-log-1-thread-1] INFO  o.t.s.dao.sql.TbSqlBlockingQueue - Queue-0 [TS Latest] queueSize [0] totalAdded [4] totalSaved [4] totalFailed [0]
2025-12-19 08:45:18,326 [TB-Scheduling-3] INFO  o.t.s.d.u.AbstractBufferedRateExecutor - [Write] Permits queueSize = [0] totalAdded = [4] totalLaunched = [4] totalReleased = [4] totalFailed = [0] totalExpired = [0] totalRejected = [0] totalRateLimited = [0] totalRateLimitedTenants = [0] currBuffer = [0] 
2025-12-19 08:45:18,349 [TB-Scheduling-2] INFO  o.t.s.s.s.DefaultTbEntityDataSubscriptionService - Stats: regularQueryInvocationCnt = [0], regularQueryInvocationTime = [0], dynamicQueryCnt = [2] dynamicQueryInvocationCnt = [0], dynamicQueryInvocationTime = [0], alarmQueryInvocationCnt = [0], alarmQueryInvocationTime = [0]
2025-12-19 08:45:28,350 [TB-Scheduling-1] INFO  o.t.s.s.s.DefaultTbEntityDataSubscriptionService - Stats: regularQueryInvocationCnt = [0], regularQueryInvocationTime = [0], dynamicQueryCnt = [2] dynamicQueryInvocationCnt = [0], dynamicQueryInvocationTime = [0], alarmQueryInvocationCnt = [0], alarmQueryInvocationTime = [0]
2025-12-19 08:45:38,277 [sql-log-1-thread-1] INFO  o.t.s.dao.sql.TbSqlBlockingQueue - Queue-0 [TS Latest] queueSize [0] totalAdded [7] totalSaved [7] totalFailed [0]
2025-12-19 08:45:38,327 [TB-Scheduling-4] INFO  o.t.s.d.u.AbstractBufferedRateExecutor - [Write] Permits queueSize = [0] totalAdded = [7] totalLaunched = [7] totalReleased = [7] totalFailed = [0] totalExpired = [0] totalRejected = [0] totalRateLimited = [0] totalRateLimitedTenants = [0] currBuffer = [0] 
2025-12-19 08:45:38,350 [TB-Scheduling-3] INFO  o.t.s.s.s.DefaultTbEntityDataSubscriptionService - Stats: regularQueryInvocationCnt = [0], regularQueryInvocationTime = [0], dynamicQueryCnt = [2] dynamicQueryInvocationCnt = [0], dynamicQueryInvocationTime = [0], alarmQueryInvocationCnt = [0], alarmQueryInvocationTime = [0]
2025-12-19 08:45:48,351 [TB-Scheduling-4] INFO  o.t.s.s.s.DefaultTbEntityDataSubscriptionService - Stats: regularQueryInvocationCnt = [0], regularQueryInvocationTime = [0], dynamicQueryCnt = [2] dynamicQueryInvocationCnt = [0], dynamicQueryInvocationTime = [0], alarmQueryInvocationCnt = [0], alarmQueryInvocationTime = [0]
2025-12-19 08:45:58,351 [TB-Scheduling-3] INFO  o.t.s.s.s.DefaultTbEntityDataSubscriptionService - Stats: regularQueryInvocationCnt = [0], regularQueryInvocationTime = [0], dynamicQueryCnt = [2] dynamicQueryInvocationCnt = [2], dynamicQueryInvocationTime = [11], alarmQueryInvocationCnt = [0], alarmQueryInvocationTime = [0]
2025-12-19 08:46:08,291 [TB-Scheduling-1] INFO  o.t.s.c.t.s.DefaultTransportService - Transport Stats: openConnections [0]
2025-12-19 08:46:08,352 [TB-Scheduling-4] INFO  o.t.s.s.s.DefaultTbEntityDataSubscriptionService - Stats: regularQueryInvocationCnt = [0], regularQueryInvocationTime = [0], dynamicQueryCnt = [2] dynamicQueryInvocationCnt = [0], dynamicQueryInvocationTime = [0], alarmQueryInvocationCnt = [0], alarmQueryInvocationTime = [0]
2025-12-19 08:46:18,277 [sql-log-1-thread-1] INFO  o.t.s.dao.sql.TbSqlBlockingQueue - Queue-0 [TS Latest] queueSize [0] totalAdded [4] totalSaved [4] totalFailed [0]
2025-12-19 08:46:18,328 [TB-Scheduling-3] INFO  o.t.s.d.u.AbstractBufferedRateExecutor - [Write] Permits queueSize = [0] totalAdded = [4] totalLaunched = [4] totalReleased = [4] totalFailed = [0] totalExpired = [0] totalRejected = [0] totalRateLimited = [0] totalRateLimitedTenants = [0] currBuffer = [0] 
2025-12-19 08:46:18,353 [TB-Scheduling-4] INFO  o.t.s.s.s.DefaultTbEntityDataSubscriptionService - Stats: regularQueryInvocationCnt = [0], regularQueryInvocationTime = [0], dynamicQueryCnt = [2] dynamicQueryInvocationCnt = [0], dynamicQueryInvocationTime = [0], alarmQueryInvocationCnt = [0], alarmQueryInvocationTime = [0]
2025-12-19 08:46:28,353 [TB-Scheduling-3] INFO  o.t.s.s.s.DefaultTbEntityDataSubscriptionService - Stats: regularQueryInvocationCnt = [0], regularQueryInvocationTime = [0], dynamicQueryCnt = [2] dynamicQueryInvocationCnt = [0], dynamicQueryInvocationTime = [0], alarmQueryInvocationCnt = [0], alarmQueryInvocationTime = [0]
2025-12-19 08:46:38,354 [TB-Scheduling-2] INFO  o.t.s.s.s.DefaultTbEntityDataSubscriptionService - Stats: regularQueryInvocationCnt = [1], regularQueryInvocationTime = [10], dynamicQueryCnt = [2] dynamicQueryInvocationCnt = [0], dynamicQueryInvocationTime = [0], alarmQueryInvocationCnt = [0], alarmQueryInvocationTime = [0]
2025-12-19 08:46:48,277 [sql-log-1-thread-1] INFO  o.t.s.dao.sql.TbSqlBlockingQueue - Queue-0 [TS Latest] queueSize [0] totalAdded [7] totalSaved [7] totalFailed [0]
2025-12-19 08:46:48,329 [TB-Scheduling-3] INFO  o.t.s.d.u.AbstractBufferedRateExecutor - [Write] Permits queueSize = [0] totalAdded = [7] totalLaunched = [7] totalReleased = [7] totalFailed = [0] totalExpired = [0] totalRejected = [0] totalRateLimited = [0] totalRateLimitedTenants = [0] currBuffer = [0] 
2025-12-19 08:46:48,354 [TB-Scheduling-1] INFO  o.t.s.s.s.DefaultTbEntityDataSubscriptionService - Stats: regularQueryInvocationCnt = [0], regularQueryInvocationTime = [0], dynamicQueryCnt = [2] dynamicQueryInvocationCnt = [0], dynamicQueryInvocationTime = [0], alarmQueryInvocationCnt = [0], alarmQueryInvocationTime = [0]
2025-12-19 08:46:58,355 [TB-Scheduling-4] INFO  o.t.s.s.s.DefaultTbEntityDataSubscriptionService - Stats: regularQueryInvocationCnt = [0], regularQueryInvocationTime = [0], dynamicQueryCnt = [2] dynamicQueryInvocationCnt = [2], dynamicQueryInvocationTime = [52], alarmQueryInvocationCnt = [0], alarmQueryInvocationTime = [0]
2025-12-19 08:47:08,292 [TB-Scheduling-2] INFO  o.t.s.c.t.s.DefaultTransportService - Transport Stats: openConnections [0]
2025-12-19 08:47:08,356 [TB-Scheduling-4] INFO  o.t.s.s.s.DefaultTbEntityDataSubscriptionService - Stats: regularQueryInvocationCnt = [0], regularQueryInvocationTime = [0], dynamicQueryCnt = [2] dynamicQueryInvocationCnt = [0], dynamicQueryInvocationTime = [0], alarmQueryInvocationCnt = [0], alarmQueryInvocationTime = [0]
2025-12-19 08:47:18,277 [sql-log-1-thread-1] INFO  o.t.s.dao.sql.TbSqlBlockingQueue - Queue-0 [TS Latest] queueSize [0] totalAdded [4] totalSaved [4] totalFailed [0]
2025-12-19 08:47:18,330 [TB-Scheduling-3] INFO  o.t.s.d.u.AbstractBufferedRateExecutor - [Write] Permits queueSize = [0] totalAdded = [4] totalLaunched = [4] totalReleased = [4] totalFailed = [0] totalExpired = [0] totalRejected = [0] totalRateLimited = [0] totalRateLimitedTenants = [0] currBuffer = [0] 
2025-12-19 08:47:18,356 [TB-Scheduling-4] INFO  o.t.s.s.s.DefaultTbEntityDataSubscriptionService - Stats: regularQueryInvocationCnt = [0], regularQueryInvocationTime = [0], dynamicQueryCnt = [2] dynamicQueryInvocationCnt = [0], dynamicQueryInvocationTime = [0], alarmQueryInvocationCnt = [0], alarmQueryInvocationTime = [0]
2025-12-19 08:47:28,357 [TB-Scheduling-2] INFO  o.t.s.s.s.DefaultTbEntityDataSubscriptionService - Stats: regularQueryInvocationCnt = [0], regularQueryInvocationTime = [0], dynamicQueryCnt = [2] dynamicQueryInvocationCnt = [0], dynamicQueryInvocationTime = [0], alarmQueryInvocationCnt = [0], alarmQueryInvocationTime = [0]
2025-12-19 08:47:38,357 [TB-Scheduling-4] INFO  o.t.s.s.s.DefaultTbEntityDataSubscriptionService - Stats: regularQueryInvocationCnt = [0], regularQueryInvocationTime = [0], dynamicQueryCnt = [2] dynamicQueryInvocationCnt = [0], dynamicQueryInvocationTime = [0], alarmQueryInvocationCnt = [0], alarmQueryInvocationTime = [0]
2025-12-19 08:47:48,277 [sql-log-1-thread-1] INFO  o.t.s.dao.sql.TbSqlBlockingQueue - Queue-0 [TS Latest] queueSize [0] totalAdded [7] totalSaved [7] totalFailed [0]
2025-12-19 08:47:48,330 [TB-Scheduling-1] INFO  o.t.s.d.u.AbstractBufferedRateExecutor - [Write] Permits queueSize = [0] totalAdded = [7] totalLaunched = [7] totalReleased = [7] totalFailed = [0] totalExpired = [0] totalRejected = [0] totalRateLimited = [0] totalRateLimitedTenants = [0] currBuffer = [0] 
2025-12-19 08:47:48,358 [TB-Scheduling-4] INFO  o.t.s.s.s.DefaultTbEntityDataSubscriptionService - Stats: regularQueryInvocationCnt = [0], regularQueryInvocationTime = [0], dynamicQueryCnt = [2] dynamicQueryInvocationCnt = [0], dynamicQueryInvocationTime = [0], alarmQueryInvocationCnt = [0], alarmQueryInvocationTime = [0]
2025-12-19 08:47:58,359 [TB-Scheduling-1] INFO  o.t.s.s.s.DefaultTbEntityDataSubscriptionService - Stats: regularQueryInvocationCnt = [0], regularQueryInvocationTime = [0], dynamicQueryCnt = [2] dynamicQueryInvocationCnt = [2], dynamicQueryInvocationTime = [44], alarmQueryInvocationCnt = [0], alarmQueryInvocationTime = [0]
2025-12-19 08:48:08,292 [TB-Scheduling-2] INFO  o.t.s.c.t.s.DefaultTransportService - Transport Stats: openConnections [0]
2025-12-19 08:48:08,360 [TB-Scheduling-4] INFO  o.t.s.s.s.DefaultTbEntityDataSubscriptionService - Stats: regularQueryInvocationCnt = [0], regularQueryInvocationTime = [0], dynamicQueryCnt = [2] dynamicQueryInvocationCnt = [0], dynamicQueryInvocationTime = [0], alarmQueryInvocationCnt = [0], alarmQueryInvocationTime = [0]
2025-12-19 08:48:18,277 [sql-log-1-thread-1] INFO  o.t.s.dao.sql.TbSqlBlockingQueue - Queue-0 [TS Latest] queueSize [0] totalAdded [4] totalSaved [4] totalFailed [0]
2025-12-19 08:48:18,331 [TB-Scheduling-3] INFO  o.t.s.d.u.AbstractBufferedRateExecutor - [Write] Permits queueSize = [0] totalAdded = [4] totalLaunched = [4] totalReleased = [4] totalFailed = [0] totalExpired = [0] totalRejected = [0] totalRateLimited = [0] totalRateLimitedTenants = [0] currBuffer = [0] 
2025-12-19 08:48:18,360 [TB-Scheduling-1] INFO  o.t.s.s.s.DefaultTbEntityDataSubscriptionService - Stats: regularQueryInvocationCnt = [0], regularQueryInvocationTime = [0], dynamicQueryCnt = [2] dynamicQueryInvocationCnt = [0], dynamicQueryInvocationTime = [0], alarmQueryInvocationCnt = [0], alarmQueryInvocationTime = [0]
2025-12-19 08:48:28,361 [TB-Scheduling-4] INFO  o.t.s.s.s.DefaultTbEntityDataSubscriptionService - Stats: regularQueryInvocationCnt = [0], regularQueryInvocationTime = [0], dynamicQueryCnt = [2] dynamicQueryInvocationCnt = [0], dynamicQueryInvocationTime = [0], alarmQueryInvocationCnt = [0], alarmQueryInvocationTime = [0]
2025-12-19 08:48:38,362 [TB-Scheduling-3] INFO  o.t.s.s.s.DefaultTbEntityDataSubscriptionService - Stats: regularQueryInvocationCnt = [0], regularQueryInvocationTime = [0], dynamicQueryCnt = [2] dynamicQueryInvocationCnt = [0], dynamicQueryInvocationTime = [0], alarmQueryInvocationCnt = [0], alarmQueryInvocationTime = [0]
2025-12-19 08:48:48,277 [sql-log-1-thread-1] INFO  o.t.s.dao.sql.TbSqlBlockingQueue - Queue-0 [TS Latest] queueSize [0] totalAdded [7] totalSaved [7] totalFailed [0]
2025-12-19 08:48:48,332 [TB-Scheduling-1] INFO  o.t.s.d.u.AbstractBufferedRateExecutor - [Write] Permits queueSize = [0] totalAdded = [7] totalLaunched = [7] totalReleased = [7] totalFailed = [0] totalExpired = [0] totalRejected = [0] totalRateLimited = [0] totalRateLimitedTenants = [0] currBuffer = [0] 
2025-12-19 08:48:48,363 [TB-Scheduling-3] INFO  o.t.s.s.s.DefaultTbEntityDataSubscriptionService - Stats: regularQueryInvocationCnt = [0], regularQueryInvocationTime = [0], dynamicQueryCnt = [2] dynamicQueryInvocationCnt = [0], dynamicQueryInvocationTime = [0], alarmQueryInvocationCnt = [0], alarmQueryInvocationTime = [0]
2025-12-19 08:48:58,364 [TB-Scheduling-1] INFO  o.t.s.s.s.DefaultTbEntityDataSubscriptionService - Stats: regularQueryInvocationCnt = [0], regularQueryInvocationTime = [0], dynamicQueryCnt = [2] dynamicQueryInvocationCnt = [2], dynamicQueryInvocationTime = [64], alarmQueryInvocationCnt = [0], alarmQueryInvocationTime = [0]
2025-12-19 08:49:08,296 [TB-Scheduling-4] INFO  o.t.s.c.t.s.DefaultTransportService - Transport Stats: openConnections [0]
2025-12-19 08:49:08,364 [TB-Scheduling-4] INFO  o.t.s.s.s.DefaultTbEntityDataSubscriptionService - Stats: regularQueryInvocationCnt = [0], regularQueryInvocationTime = [0], dynamicQueryCnt = [2] dynamicQueryInvocationCnt = [0], dynamicQueryInvocationTime = [0], alarmQueryInvocationCnt = [0], alarmQueryInvocationTime = [0]
2025-12-19 08:49:18,277 [sql-log-1-thread-1] INFO  o.t.s.dao.sql.TbSqlBlockingQueue - Queue-0 [TS Latest] queueSize [0] totalAdded [4] totalSaved [4] totalFailed [0]
2025-12-19 08:49:18,333 [TB-Scheduling-1] INFO  o.t.s.d.u.AbstractBufferedRateExecutor - [Write] Permits queueSize = [0] totalAdded = [4] totalLaunched = [4] totalReleased = [4] totalFailed = [0] totalExpired = [0] totalRejected = [0] totalRateLimited = [0] totalRateLimitedTenants = [0] currBuffer = [0] 
2025-12-19 08:49:18,365 [TB-Scheduling-2] INFO  o.t.s.s.s.DefaultTbEntityDataSubscriptionService - Stats: regularQueryInvocationCnt = [0], regularQueryInvocationTime = [0], dynamicQueryCnt = [2] dynamicQueryInvocationCnt = [0], dynamicQueryInvocationTime = [0], alarmQueryInvocationCnt = [0], alarmQueryInvocationTime = [0]
2025-12-19 08:49:28,365 [TB-Scheduling-2] INFO  o.t.s.s.s.DefaultTbEntityDataSubscriptionService - Stats: regularQueryInvocationCnt = [0], regularQueryInvocationTime = [0], dynamicQueryCnt = [2] dynamicQueryInvocationCnt = [0], dynamicQueryInvocationTime = [0], alarmQueryInvocationCnt = [0], alarmQueryInvocationTime = [0]
2025-12-19 08:49:38,366 [TB-Scheduling-4] INFO  o.t.s.s.s.DefaultTbEntityDataSubscriptionService - Stats: regularQueryInvocationCnt = [0], regularQueryInvocationTime = [0], dynamicQueryCnt = [2] dynamicQueryInvocationCnt = [0], dynamicQueryInvocationTime = [0], alarmQueryInvocationCnt = [0], alarmQueryInvocationTime = [0]
2025-12-19 08:49:48,277 [sql-log-1-thread-1] INFO  o.t.s.dao.sql.TbSqlBlockingQueue - Queue-0 [TS Latest] queueSize [0] totalAdded [7] totalSaved [7] totalFailed [0]
2025-12-19 08:49:48,334 [TB-Scheduling-3] INFO  o.t.s.d.u.AbstractBufferedRateExecutor - [Write] Permits queueSize = [0] totalAdded = [7] totalLaunched = [7] totalReleased = [7] totalFailed = [0] totalExpired = [0] totalRejected = [0] totalRateLimited = [0] totalRateLimitedTenants = [0] currBuffer = [0] 
2025-12-19 08:49:48,366 [TB-Scheduling-4] INFO  o.t.s.s.s.DefaultTbEntityDataSubscriptionService - Stats: regularQueryInvocationCnt = [0], regularQueryInvocationTime = [0], dynamicQueryCnt = [2] dynamicQueryInvocationCnt = [0], dynamicQueryInvocationTime = [0], alarmQueryInvocationCnt = [0], alarmQueryInvocationTime = [0]
2025-12-19 08:49:58,367 [TB-Scheduling-3] INFO  o.t.s.s.s.DefaultTbEntityDataSubscriptionService - Stats: regularQueryInvocationCnt = [0], regularQueryInvocationTime = [0], dynamicQueryCnt = [2] dynamicQueryInvocationCnt = [2], dynamicQueryInvocationTime = [39], alarmQueryInvocationCnt = [0], alarmQueryInvocationTime = [0]
2025-12-19 08:50:08,297 [TB-Scheduling-2] INFO  o.t.s.c.t.s.DefaultTransportService - Transport Stats: openConnections [0]
2025-12-19 08:50:08,367 [TB-Scheduling-2] INFO  o.t.s.s.s.DefaultTbEntityDataSubscriptionService - Stats: regularQueryInvocationCnt = [0], regularQueryInvocationTime = [0], dynamicQueryCnt = [2] dynamicQueryInvocationCnt = [0], dynamicQueryInvocationTime = [0], alarmQueryInvocationCnt = [0], alarmQueryInvocationTime = [0]
2025-12-19 08:50:18,277 [sql-log-1-thread-1] INFO  o.t.s.dao.sql.TbSqlBlockingQueue - Queue-0 [TS Latest] queueSize [0] totalAdded [4] totalSaved [4] totalFailed [0]
2025-12-19 08:50:18,335 [TB-Scheduling-4] INFO  o.t.s.d.u.AbstractBufferedRateExecutor - [Write] Permits queueSize = [0] totalAdded = [4] totalLaunched = [4] totalReleased = [4] totalFailed = [0] totalExpired = [0] totalRejected = [0] totalRateLimited = [0] totalRateLimitedTenants = [0] currBuffer = [0] 
2025-12-19 08:50:18,368 [TB-Scheduling-3] INFO  o.t.s.s.s.DefaultTbEntityDataSubscriptionService - Stats: regularQueryInvocationCnt = [0], regularQueryInvocationTime = [0], dynamicQueryCnt = [2] dynamicQueryInvocationCnt = [0], dynamicQueryInvocationTime = [0], alarmQueryInvocationCnt = [0], alarmQueryInvocationTime = [0]
2025-12-19 08:50:28,368 [TB-Scheduling-4] INFO  o.t.s.s.s.DefaultTbEntityDataSubscriptionService - Stats: regularQueryInvocationCnt = [1], regularQueryInvocationTime = [5], dynamicQueryCnt = [2] dynamicQueryInvocationCnt = [0], dynamicQueryInvocationTime = [0], alarmQueryInvocationCnt = [0], alarmQueryInvocationTime = [0]
2025-12-19 08:50:38,369 [TB-Scheduling-4] INFO  o.t.s.s.s.DefaultTbEntityDataSubscriptionService - Stats: regularQueryInvocationCnt = [0], regularQueryInvocationTime = [0], dynamicQueryCnt = [2] dynamicQueryInvocationCnt = [0], dynamicQueryInvocationTime = [0], alarmQueryInvocationCnt = [0], alarmQueryInvocationTime = [0]
2025-12-19 08:50:48,277 [sql-log-1-thread-1] INFO  o.t.s.dao.sql.TbSqlBlockingQueue - Queue-0 [TS Latest] queueSize [0] totalAdded [11] totalSaved [11] totalFailed [0]
2025-12-19 08:50:48,335 [TB-Scheduling-1] INFO  o.t.s.d.u.AbstractBufferedRateExecutor - [Write] Permits queueSize = [0] totalAdded = [11] totalLaunched = [11] totalReleased = [11] totalFailed = [0] totalExpired = [0] totalRejected = [0] totalRateLimited = [0] totalRateLimitedTenants = [0] currBuffer = [0] 
2025-12-19 08:50:48,369 [TB-Scheduling-2] INFO  o.t.s.s.s.DefaultTbEntityDataSubscriptionService - Stats: regularQueryInvocationCnt = [0], regularQueryInvocationTime = [0], dynamicQueryCnt = [2] dynamicQueryInvocationCnt = [0], dynamicQueryInvocationTime = [0], alarmQueryInvocationCnt = [0], alarmQueryInvocationTime = [0]
2025-12-19 08:50:58,370 [TB-Scheduling-2] INFO  o.t.s.s.s.DefaultTbEntityDataSubscriptionService - Stats: regularQueryInvocationCnt = [0], regularQueryInvocationTime = [0], dynamicQueryCnt = [2] dynamicQueryInvocationCnt = [2], dynamicQueryInvocationTime = [44], alarmQueryInvocationCnt = [0], alarmQueryInvocationTime = [0]
2025-12-19 08:51:08,278 [TB-Scheduling-3] INFO  o.t.s.s.queue.TbCoreConsumerStats - Core Stats: totalMsgs = [1] sessionEvents = [0] getAttr = [0] subToAttr = [0] subToRpc = [0] toDevRpc = [0] subInfo = [0] claimDevice = [0] deviceState = [0] subMsgs = [0] edgeNfs = [1] deviceConnect = [0] deviceActivity = [0] deviceDisconnect = [0] deviceInactivity = [0] coreNfOther = [0] coreNfCompLfcl = [0] coreNfDevRpcRsp = [0] coreNfEdgeUpd = [0] coreNfEdgeSyncReq = [0] coreNfEdgeSyncResp = [0] coreNfNfRlProc = [0] coreNfQueueUpd = [0] coreNfQueueDel = [0] coreNfSubSvc = [0] coreNfSubMgr = [0] coreNfVCRsp = [0] 
2025-12-19 08:51:08,289 [TB-Scheduling-4] INFO  o.t.s.dao.aspect.SqlDaoCallsAspect - Total timing statistics below:
2025-12-19 08:51:08,290 [TB-Scheduling-4] INFO  o.t.s.dao.aspect.SqlDaoCallsAspect - [5c6c4190-f64c-11ee-8f58-c9c802dda3de]: calls: 5, failures: 0, exec time: 44 
2025-12-19 08:51:08,290 [TB-Scheduling-4] INFO  o.t.s.dao.aspect.SqlDaoCallsAspect - [5c6c4190-f64c-11ee-8f58-c9c802dda3de] Top 3 methods by timing:
2025-12-19 08:51:08,291 [TB-Scheduling-4] INFO  o.t.s.dao.aspect.SqlDaoCallsAspect - [5c6c4190-f64c-11ee-8f58-c9c802dda3de]: method: JpaDashboardInfoDao.findDashboardsByTenantId(..), calls: 1, failures: 0, exec time: 14
2025-12-19 08:51:08,291 [TB-Scheduling-4] INFO  o.t.s.dao.aspect.SqlDaoCallsAspect - [5c6c4190-f64c-11ee-8f58-c9c802dda3de]: method: JpaAbstractDao.save(..), calls: 2, failures: 0, exec time: 14
2025-12-19 08:51:08,291 [TB-Scheduling-4] INFO  o.t.s.dao.aspect.SqlDaoCallsAspect - [5c6c4190-f64c-11ee-8f58-c9c802dda3de]: method: JpaAbstractDao.findById(..), calls: 1, failures: 0, exec time: 11
2025-12-19 08:51:08,297 [TB-Scheduling-1] INFO  o.t.s.c.t.s.DefaultTransportService - Transport Stats: openConnections [0]
2025-12-19 08:51:08,363 [TB-Scheduling-3] INFO  o.t.s.s.q.TbRuleEngineConsumerStats - [Main] Stats: totalMsgs = [1] successfulMsgs = [1] timeoutMsgs = [0] failedMsgs = [0] tmpTimeout = [0] tmpFailed = [0] successfulIterations = [1] failedIterations = [0] 
2025-12-19 08:51:08,371 [TB-Scheduling-1] INFO  o.t.s.s.s.DefaultTbEntityDataSubscriptionService - Stats: regularQueryInvocationCnt = [0], regularQueryInvocationTime = [0], dynamicQueryCnt = [2] dynamicQueryInvocationCnt = [0], dynamicQueryInvocationTime = [0], alarmQueryInvocationCnt = [0], alarmQueryInvocationTime = [0]
2025-12-19 08:51:18,277 [sql-log-1-thread-1] INFO  o.t.s.dao.sql.TbSqlBlockingQueue - Queue-0 [TS Latest] queueSize [0] totalAdded [4] totalSaved [4] totalFailed [0]
2025-12-19 08:51:18,278 [sql-log-1-thread-1] INFO  o.t.s.dao.sql.TbSqlBlockingQueue - Queue-2 [TS Latest] queueSize [0] totalAdded [6] totalSaved [6] totalFailed [0]
2025-12-19 08:51:18,336 [TB-Scheduling-2] INFO  o.t.s.d.u.AbstractBufferedRateExecutor - [Write] Permits queueSize = [0] totalAdded = [10] totalLaunched = [10] totalReleased = [10] totalFailed = [0] totalExpired = [0] totalRejected = [0] totalRateLimited = [0] totalRateLimitedTenants = [0] currBuffer = [0] 
2025-12-19 08:51:18,372 [TB-Scheduling-3] INFO  o.t.s.s.s.DefaultTbEntityDataSubscriptionService - Stats: regularQueryInvocationCnt = [1], regularQueryInvocationTime = [3], dynamicQueryCnt = [2] dynamicQueryInvocationCnt = [0], dynamicQueryInvocationTime = [0], alarmQueryInvocationCnt = [0], alarmQueryInvocationTime = [0]
2025-12-19 08:51:28,372 [TB-Scheduling-4] INFO  o.t.s.s.s.DefaultTbEntityDataSubscriptionService - Stats: regularQueryInvocationCnt = [1], regularQueryInvocationTime = [3], dynamicQueryCnt = [2] dynamicQueryInvocationCnt = [0], dynamicQueryInvocationTime = [0], alarmQueryInvocationCnt = [0], alarmQueryInvocationTime = [0]
2025-12-19 08:51:38,374 [TB-Scheduling-1] INFO  o.t.s.s.s.DefaultTbEntityDataSubscriptionService - Stats: regularQueryInvocationCnt = [0], regularQueryInvocationTime = [0], dynamicQueryCnt = [2] dynamicQueryInvocationCnt = [0], dynamicQueryInvocationTime = [0], alarmQueryInvocationCnt = [0], alarmQueryInvocationTime = [0]
2025-12-19 08:51:48,277 [sql-log-1-thread-1] INFO  o.t.s.dao.sql.TbSqlBlockingQueue - Queue-0 [TS Latest] queueSize [0] totalAdded [7] totalSaved [7] totalFailed [0]
2025-12-19 08:51:48,337 [TB-Scheduling-4] INFO  o.t.s.d.u.AbstractBufferedRateExecutor - [Write] Permits queueSize = [0] totalAdded = [7] totalLaunched = [7] totalReleased = [7] totalFailed = [0] totalExpired = [0] totalRejected = [0] totalRateLimited = [0] totalRateLimitedTenants = [0] currBuffer = [0] 
2025-12-19 08:51:48,375 [TB-Scheduling-2] INFO  o.t.s.s.s.DefaultTbEntityDataSubscriptionService - Stats: regularQueryInvocationCnt = [0], regularQueryInvocationTime = [0], dynamicQueryCnt = [2] dynamicQueryInvocationCnt = [0], dynamicQueryInvocationTime = [0], alarmQueryInvocationCnt = [0], alarmQueryInvocationTime = [0]
2025-12-19 08:51:58,375 [TB-Scheduling-2] INFO  o.t.s.s.s.DefaultTbEntityDataSubscriptionService - Stats: regularQueryInvocationCnt = [2], regularQueryInvocationTime = [12], dynamicQueryCnt = [2] dynamicQueryInvocationCnt = [2], dynamicQueryInvocationTime = [37], alarmQueryInvocationCnt = [0], alarmQueryInvocationTime = [0]
2025-12-19 08:52:08,298 [TB-Scheduling-4] INFO  o.t.s.c.t.s.DefaultTransportService - Transport Stats: openConnections [0]
2025-12-19 08:52:08,377 [TB-Scheduling-1] INFO  o.t.s.s.s.DefaultTbEntityDataSubscriptionService - Stats: regularQueryInvocationCnt = [0], regularQueryInvocationTime = [0], dynamicQueryCnt = [2] dynamicQueryInvocationCnt = [0], dynamicQueryInvocationTime = [0], alarmQueryInvocationCnt = [0], alarmQueryInvocationTime = [0]
2025-12-19 08:52:18,277 [sql-log-1-thread-1] INFO  o.t.s.dao.sql.TbSqlBlockingQueue - Queue-0 [TS Latest] queueSize [0] totalAdded [4] totalSaved [4] totalFailed [0]
2025-12-19 08:52:18,338 [TB-Scheduling-4] INFO  o.t.s.d.u.AbstractBufferedRateExecutor - [Write] Permits queueSize = [0] totalAdded = [4] totalLaunched = [4] totalReleased = [4] totalFailed = [0] totalExpired = [0] totalRejected = [0] totalRateLimited = [0] totalRateLimitedTenants = [0] currBuffer = [0] 
2025-12-19 08:52:18,377 [TB-Scheduling-3] INFO  o.t.s.s.s.DefaultTbEntityDataSubscriptionService - Stats: regularQueryInvocationCnt = [0], regularQueryInvocationTime = [0], dynamicQueryCnt = [2] dynamicQueryInvocationCnt = [0], dynamicQueryInvocationTime = [0], alarmQueryInvocationCnt = [0], alarmQueryInvocationTime = [0]
2025-12-19 08:52:28,378 [TB-Scheduling-2] INFO  o.t.s.s.s.DefaultTbEntityDataSubscriptionService - Stats: regularQueryInvocationCnt = [0], regularQueryInvocationTime = [0], dynamicQueryCnt = [2] dynamicQueryInvocationCnt = [0], dynamicQueryInvocationTime = [0], alarmQueryInvocationCnt = [0], alarmQueryInvocationTime = [0]
2025-12-19 08:52:38,379 [TB-Scheduling-2] INFO  o.t.s.s.s.DefaultTbEntityDataSubscriptionService - Stats: regularQueryInvocationCnt = [0], regularQueryInvocationTime = [0], dynamicQueryCnt = [2] dynamicQueryInvocationCnt = [0], dynamicQueryInvocationTime = [0], alarmQueryInvocationCnt = [0], alarmQueryInvocationTime = [0]
2025-12-19 08:52:48,277 [sql-log-1-thread-1] INFO  o.t.s.dao.sql.TbSqlBlockingQueue - Queue-0 [TS Latest] queueSize [0] totalAdded [7] totalSaved [7] totalFailed [0]
2025-12-19 08:52:48,339 [TB-Scheduling-4] INFO  o.t.s.d.u.AbstractBufferedRateExecutor - [Write] Permits queueSize = [0] totalAdded = [7] totalLaunched = [7] totalReleased = [7] totalFailed = [0] totalExpired = [0] totalRejected = [0] totalRateLimited = [0] totalRateLimitedTenants = [0] currBuffer = [0] 
2025-12-19 08:52:48,379 [TB-Scheduling-2] INFO  o.t.s.s.s.DefaultTbEntityDataSubscriptionService - Stats: regularQueryInvocationCnt = [0], regularQueryInvocationTime = [0], dynamicQueryCnt = [2] dynamicQueryInvocationCnt = [0], dynamicQueryInvocationTime = [0], alarmQueryInvocationCnt = [0], alarmQueryInvocationTime = [0]
2025-12-19 08:52:58,380 [TB-Scheduling-2] INFO  o.t.s.s.s.DefaultTbEntityDataSubscriptionService - Stats: regularQueryInvocationCnt = [1], regularQueryInvocationTime = [4], dynamicQueryCnt = [2] dynamicQueryInvocationCnt = [2], dynamicQueryInvocationTime = [43], alarmQueryInvocationCnt = [0], alarmQueryInvocationTime = [0]
2025-12-19 08:53:08,292 [TB-Scheduling-1] INFO  o.t.s.dao.aspect.SqlDaoCallsAspect - Total timing statistics below:
2025-12-19 08:53:08,292 [TB-Scheduling-1] INFO  o.t.s.dao.aspect.SqlDaoCallsAspect - [5c6c4190-f64c-11ee-8f58-c9c802dda3de]: calls: 1, failures: 0, exec time: 13 
2025-12-19 08:53:08,292 [TB-Scheduling-1] INFO  o.t.s.dao.aspect.SqlDaoCallsAspect - [5c6c4190-f64c-11ee-8f58-c9c802dda3de] Top 3 methods by timing:
2025-12-19 08:53:08,292 [TB-Scheduling-1] INFO  o.t.s.dao.aspect.SqlDaoCallsAspect - [5c6c4190-f64c-11ee-8f58-c9c802dda3de]: method: JpaWidgetsBundleDao.findAllTenantWidgetsBundlesByTenantId(..), calls: 1, failures: 0, exec time: 13
2025-12-19 08:53:08,299 [TB-Scheduling-4] INFO  o.t.s.c.t.s.DefaultTransportService - Transport Stats: openConnections [0]
2025-12-19 08:53:08,381 [TB-Scheduling-3] INFO  o.t.s.s.s.DefaultTbEntityDataSubscriptionService - Stats: regularQueryInvocationCnt = [0], regularQueryInvocationTime = [0], dynamicQueryCnt = [2] dynamicQueryInvocationCnt = [0], dynamicQueryInvocationTime = [0], alarmQueryInvocationCnt = [0], alarmQueryInvocationTime = [0]
2025-12-19 08:53:18,277 [sql-log-1-thread-1] INFO  o.t.s.dao.sql.TbSqlBlockingQueue - Queue-0 [TS Latest] queueSize [0] totalAdded [4] totalSaved [4] totalFailed [0]
2025-12-19 08:53:18,339 [TB-Scheduling-2] INFO  o.t.s.d.u.AbstractBufferedRateExecutor - [Write] Permits queueSize = [0] totalAdded = [4] totalLaunched = [4] totalReleased = [4] totalFailed = [0] totalExpired = [0] totalRejected = [0] totalRateLimited = [0] totalRateLimitedTenants = [0] currBuffer = [0] 
2025-12-19 08:53:18,381 [TB-Scheduling-3] INFO  o.t.s.s.s.DefaultTbEntityDataSubscriptionService - Stats: regularQueryInvocationCnt = [0], regularQueryInvocationTime = [0], dynamicQueryCnt = [2] dynamicQueryInvocationCnt = [0], dynamicQueryInvocationTime = [0], alarmQueryInvocationCnt = [0], alarmQueryInvocationTime = [0]
2025-12-19 08:53:28,381 [TB-Scheduling-3] INFO  o.t.s.s.s.DefaultTbEntityDataSubscriptionService - Stats: regularQueryInvocationCnt = [0], regularQueryInvocationTime = [0], dynamicQueryCnt = [2] dynamicQueryInvocationCnt = [0], dynamicQueryInvocationTime = [0], alarmQueryInvocationCnt = [0], alarmQueryInvocationTime = [0]
2025-12-19 08:53:38,382 [TB-Scheduling-1] INFO  o.t.s.s.s.DefaultTbEntityDataSubscriptionService - Stats: regularQueryInvocationCnt = [0], regularQueryInvocationTime = [0], dynamicQueryCnt = [2] dynamicQueryInvocationCnt = [0], dynamicQueryInvocationTime = [0], alarmQueryInvocationCnt = [0], alarmQueryInvocationTime = [0]
2025-12-19 08:53:48,277 [sql-log-1-thread-1] INFO  o.t.s.dao.sql.TbSqlBlockingQueue - Queue-0 [TS Latest] queueSize [0] totalAdded [7] totalSaved [7] totalFailed [0]
2025-12-19 08:53:48,340 [TB-Scheduling-2] INFO  o.t.s.d.u.AbstractBufferedRateExecutor - [Write] Permits queueSize = [0] totalAdded = [7] totalLaunched = [7] totalReleased = [7] totalFailed = [0] totalExpired = [0] totalRejected = [0] totalRateLimited = [0] totalRateLimitedTenants = [0] currBuffer = [0] 
2025-12-19 08:53:48,383 [TB-Scheduling-3] INFO  o.t.s.s.s.DefaultTbEntityDataSubscriptionService - Stats: regularQueryInvocationCnt = [0], regularQueryInvocationTime = [0], dynamicQueryCnt = [2] dynamicQueryInvocationCnt = [0], dynamicQueryInvocationTime = [0], alarmQueryInvocationCnt = [0], alarmQueryInvocationTime = [0]
2025-12-19 08:53:58,383 [TB-Scheduling-2] INFO  o.t.s.s.s.DefaultTbEntityDataSubscriptionService - Stats: regularQueryInvocationCnt = [0], regularQueryInvocationTime = [0], dynamicQueryCnt = [2] dynamicQueryInvocationCnt = [2], dynamicQueryInvocationTime = [37], alarmQueryInvocationCnt = [0], alarmQueryInvocationTime = [0]
2025-12-19 08:54:08,299 [TB-Scheduling-4] INFO  o.t.s.c.t.s.DefaultTransportService - Transport Stats: openConnections [0]
2025-12-19 08:54:08,384 [TB-Scheduling-4] INFO  o.t.s.s.s.DefaultTbEntityDataSubscriptionService - Stats: regularQueryInvocationCnt = [0], regularQueryInvocationTime = [0], dynamicQueryCnt = [2] dynamicQueryInvocationCnt = [0], dynamicQueryInvocationTime = [0], alarmQueryInvocationCnt = [0], alarmQueryInvocationTime = [0]
2025-12-19 08:54:18,277 [sql-log-1-thread-1] INFO  o.t.s.dao.sql.TbSqlBlockingQueue - Queue-0 [TS Latest] queueSize [0] totalAdded [4] totalSaved [4] totalFailed [0]
2025-12-19 08:54:18,341 [TB-Scheduling-3] INFO  o.t.s.d.u.AbstractBufferedRateExecutor - [Write] Permits queueSize = [0] totalAdded = [4] totalLaunched = [4] totalReleased = [4] totalFailed = [0] totalExpired = [0] totalRejected = [0] totalRateLimited = [0] totalRateLimitedTenants = [0] currBuffer = [0] 
2025-12-19 08:54:18,384 [TB-Scheduling-2] INFO  o.t.s.s.s.DefaultTbEntityDataSubscriptionService - Stats: regularQueryInvocationCnt = [0], regularQueryInvocationTime = [0], dynamicQueryCnt = [2] dynamicQueryInvocationCnt = [0], dynamicQueryInvocationTime = [0], alarmQueryInvocationCnt = [0], alarmQueryInvocationTime = [0]
2025-12-19 08:54:28,385 [TB-Scheduling-4] INFO  o.t.s.s.s.DefaultTbEntityDataSubscriptionService - Stats: regularQueryInvocationCnt = [0], regularQueryInvocationTime = [0], dynamicQueryCnt = [2] dynamicQueryInvocationCnt = [0], dynamicQueryInvocationTime = [0], alarmQueryInvocationCnt = [0], alarmQueryInvocationTime = [0]
2025-12-19 08:54:38,386 [TB-Scheduling-2] INFO  o.t.s.s.s.DefaultTbEntityDataSubscriptionService - Stats: regularQueryInvocationCnt = [1], regularQueryInvocationTime = [4], dynamicQueryCnt = [2] dynamicQueryInvocationCnt = [0], dynamicQueryInvocationTime = [0], alarmQueryInvocationCnt = [0], alarmQueryInvocationTime = [0]
2025-12-19 08:54:48,277 [sql-log-1-thread-1] INFO  o.t.s.dao.sql.TbSqlBlockingQueue - Queue-0 [TS Latest] queueSize [0] totalAdded [7] totalSaved [7] totalFailed [0]
2025-12-19 08:54:48,341 [TB-Scheduling-4] INFO  o.t.s.d.u.AbstractBufferedRateExecutor - [Write] Permits queueSize = [0] totalAdded = [7] totalLaunched = [7] totalReleased = [7] totalFailed = [0] totalExpired = [0] totalRejected = [0] totalRateLimited = [0] totalRateLimitedTenants = [0] currBuffer = [0] 
2025-12-19 08:54:48,386 [TB-Scheduling-3] INFO  o.t.s.s.s.DefaultTbEntityDataSubscriptionService - Stats: regularQueryInvocationCnt = [0], regularQueryInvocationTime = [0], dynamicQueryCnt = [2] dynamicQueryInvocationCnt = [0], dynamicQueryInvocationTime = [0], alarmQueryInvocationCnt = [0], alarmQueryInvocationTime = [0]
2025-12-19 08:54:58,387 [TB-Scheduling-2] INFO  o.t.s.s.s.DefaultTbEntityDataSubscriptionService - Stats: regularQueryInvocationCnt = [0], regularQueryInvocationTime = [0], dynamicQueryCnt = [2] dynamicQueryInvocationCnt = [2], dynamicQueryInvocationTime = [42], alarmQueryInvocationCnt = [0], alarmQueryInvocationTime = [0]
2025-12-19 08:55:08,300 [TB-Scheduling-4] INFO  o.t.s.c.t.s.DefaultTransportService - Transport Stats: openConnections [0]
2025-12-19 08:55:08,388 [TB-Scheduling-4] INFO  o.t.s.s.s.DefaultTbEntityDataSubscriptionService - Stats: regularQueryInvocationCnt = [0], regularQueryInvocationTime = [0], dynamicQueryCnt = [2] dynamicQueryInvocationCnt = [0], dynamicQueryInvocationTime = [0], alarmQueryInvocationCnt = [0], alarmQueryInvocationTime = [0]
2025-12-19 08:55:18,277 [sql-log-1-thread-1] INFO  o.t.s.dao.sql.TbSqlBlockingQueue - Queue-0 [TS Latest] queueSize [0] totalAdded [4] totalSaved [4] totalFailed [0]
2025-12-19 08:55:18,342 [TB-Scheduling-3] INFO  o.t.s.d.u.AbstractBufferedRateExecutor - [Write] Permits queueSize = [0] totalAdded = [4] totalLaunched = [4] totalReleased = [4] totalFailed = [0] totalExpired = [0] totalRejected = [0] totalRateLimited = [0] totalRateLimitedTenants = [0] currBuffer = [0] 
2025-12-19 08:55:18,388 [TB-Scheduling-2] INFO  o.t.s.s.s.DefaultTbEntityDataSubscriptionService - Stats: regularQueryInvocationCnt = [0], regularQueryInvocationTime = [0], dynamicQueryCnt = [2] dynamicQueryInvocationCnt = [0], dynamicQueryInvocationTime = [0], alarmQueryInvocationCnt = [0], alarmQueryInvocationTime = [0]
2025-12-19 08:55:28,389 [TB-Scheduling-1] INFO  o.t.s.s.s.DefaultTbEntityDataSubscriptionService - Stats: regularQueryInvocationCnt = [1], regularQueryInvocationTime = [4], dynamicQueryCnt = [2] dynamicQueryInvocationCnt = [0], dynamicQueryInvocationTime = [0], alarmQueryInvocationCnt = [0], alarmQueryInvocationTime = [0]
2025-12-19 08:55:38,390 [TB-Scheduling-3] INFO  o.t.s.s.s.DefaultTbEntityDataSubscriptionService - Stats: regularQueryInvocationCnt = [0], regularQueryInvocationTime = [0], dynamicQueryCnt = [2] dynamicQueryInvocationCnt = [0], dynamicQueryInvocationTime = [0], alarmQueryInvocationCnt = [0], alarmQueryInvocationTime = [0]
2025-12-19 08:55:39,866 [http-nio-0.0.0.0-9090-exec-6] INFO  o.t.s.c.plugin.TbWebSocketHandler - [5c6c4190-f64c-11ee-8f58-c9c802dda3de][5cf87c00-f64c-11ee-8f58-c9c802dda3de][d493eb4d-45ac-46dc-bfc2-87926fb4dd4c] Session is closed
2025-12-19 08:55:39,866 [http-nio-0.0.0.0-9090-exec-9] INFO  o.t.s.c.plugin.TbWebSocketHandler - [5c6c4190-f64c-11ee-8f58-c9c802dda3de][5cf87c00-f64c-11ee-8f58-c9c802dda3de][584c7b10-fed6-4c8c-93b9-06661f202e57] Session is closed
2025-12-19 08:55:48,278 [sql-log-1-thread-1] INFO  o.t.s.dao.sql.TbSqlBlockingQueue - Queue-0 [TS Latest] queueSize [0] totalAdded [7] totalSaved [7] totalFailed [0]
2025-12-19 08:55:48,344 [TB-Scheduling-2] INFO  o.t.s.d.u.AbstractBufferedRateExecutor - [Write] Permits queueSize = [0] totalAdded = [7] totalLaunched = [7] totalReleased = [7] totalFailed = [0] totalExpired = [0] totalRejected = [0] totalRateLimited = [0] totalRateLimitedTenants = [0] currBuffer = [0] 
2025-12-19 08:56:08,300 [TB-Scheduling-3] INFO  o.t.s.c.t.s.DefaultTransportService - Transport Stats: openConnections [0]
2025-12-19 08:56:18,277 [sql-log-1-thread-1] INFO  o.t.s.dao.sql.TbSqlBlockingQueue - Queue-0 [TS Latest] queueSize [0] totalAdded [4] totalSaved [4] totalFailed [0]
2025-12-19 08:56:18,345 [TB-Scheduling-1] INFO  o.t.s.d.u.AbstractBufferedRateExecutor - [Write] Permits queueSize = [0] totalAdded = [4] totalLaunched = [4] totalReleased = [4] totalFailed = [0] totalExpired = [0] totalRejected = [0] totalRateLimited = [0] totalRateLimitedTenants = [0] currBuffer = [0] 
2025-12-19 08:56:58,277 [sql-log-1-thread-1] INFO  o.t.s.dao.sql.TbSqlBlockingQueue - Queue-0 [TS Latest] queueSize [0] totalAdded [7] totalSaved [7] totalFailed [0]
2025-12-19 08:56:58,346 [TB-Scheduling-1] INFO  o.t.s.d.u.AbstractBufferedRateExecutor - [Write] Permits queueSize = [0] totalAdded = [7] totalLaunched = [7] totalReleased = [7] totalFailed = [0] totalExpired = [0] totalRejected = [0] totalRateLimited = [0] totalRateLimitedTenants = [0] currBuffer = [0] 
2025-12-19 08:57:03,003 [TB-Scheduling-3] INFO  o.t.s.dao.sql.event.JpaBaseEventDao - Going to cleanup debug events with exp time: 1765529823000
2025-12-19 08:57:08,301 [TB-Scheduling-1] INFO  o.t.s.c.t.s.DefaultTransportService - Transport Stats: openConnections [0]
2025-12-19 08:57:18,277 [sql-log-1-thread-1] INFO  o.t.s.dao.sql.TbSqlBlockingQueue - Queue-0 [TS Latest] queueSize [0] totalAdded [4] totalSaved [4] totalFailed [0]
2025-12-19 08:57:18,347 [TB-Scheduling-4] INFO  o.t.s.d.u.AbstractBufferedRateExecutor - [Write] Permits queueSize = [0] totalAdded = [4] totalLaunched = [4] totalReleased = [4] totalFailed = [0] totalExpired = [0] totalRejected = [0] totalRateLimited = [0] totalRateLimitedTenants = [0] currBuffer = [0] 
2025-12-19 08:57:58,277 [sql-log-1-thread-1] INFO  o.t.s.dao.sql.TbSqlBlockingQueue - Queue-0 [TS Latest] queueSize [0] totalAdded [7] totalSaved [7] totalFailed [0]
2025-12-19 08:57:58,348 [TB-Scheduling-1] INFO  o.t.s.d.u.AbstractBufferedRateExecutor - [Write] Permits queueSize = [0] totalAdded = [7] totalLaunched = [7] totalReleased = [7] totalFailed = [0] totalExpired = [0] totalRejected = [0] totalRateLimited = [0] totalRateLimitedTenants = [0] currBuffer = [0] 
2025-12-19 08:58:08,302 [TB-Scheduling-1] INFO  o.t.s.c.t.s.DefaultTransportService - Transport Stats: openConnections [0]
2025-12-19 08:58:18,277 [sql-log-1-thread-1] INFO  o.t.s.dao.sql.TbSqlBlockingQueue - Queue-0 [TS Latest] queueSize [0] totalAdded [4] totalSaved [4] totalFailed [0]
2025-12-19 08:58:18,349 [TB-Scheduling-1] INFO  o.t.s.d.u.AbstractBufferedRateExecutor - [Write] Permits queueSize = [0] totalAdded = [4] totalLaunched = [4] totalReleased = [4] totalFailed = [0] totalExpired = [0] totalRejected = [0] totalRateLimited = [0] totalRateLimitedTenants = [0] currBuffer = [0] 
2025-12-19 08:58:58,277 [sql-log-1-thread-1] INFO  o.t.s.dao.sql.TbSqlBlockingQueue - Queue-0 [TS Latest] queueSize [0] totalAdded [7] totalSaved [7] totalFailed [0]
2025-12-19 08:58:58,350 [TB-Scheduling-3] INFO  o.t.s.d.u.AbstractBufferedRateExecutor - [Write] Permits queueSize = [0] totalAdded = [7] totalLaunched = [7] totalReleased = [7] totalFailed = [0] totalExpired = [0] totalRejected = [0] totalRateLimited = [0] totalRateLimitedTenants = [0] currBuffer = [0] 
2025-12-19 08:59:08,303 [TB-Scheduling-3] INFO  o.t.s.c.t.s.DefaultTransportService - Transport Stats: openConnections [0]
2025-12-19 08:59:18,277 [sql-log-1-thread-1] INFO  o.t.s.dao.sql.TbSqlBlockingQueue - Queue-0 [TS Latest] queueSize [0] totalAdded [4] totalSaved [4] totalFailed [0]
2025-12-19 08:59:18,351 [TB-Scheduling-4] INFO  o.t.s.d.u.AbstractBufferedRateExecutor - [Write] Permits queueSize = [0] totalAdded = [4] totalLaunched = [4] totalReleased = [4] totalFailed = [0] totalExpired = [0] totalRejected = [0] totalRateLimited = [0] totalRateLimitedTenants = [0] currBuffer = [0] 
2025-12-19 08:59:58,277 [sql-log-1-thread-1] INFO  o.t.s.dao.sql.TbSqlBlockingQueue - Queue-0 [TS Latest] queueSize [0] totalAdded [7] totalSaved [7] totalFailed [0]
2025-12-19 08:59:58,352 [TB-Scheduling-2] INFO  o.t.s.d.u.AbstractBufferedRateExecutor - [Write] Permits queueSize = [0] totalAdded = [7] totalLaunched = [7] totalReleased = [7] totalFailed = [0] totalExpired = [0] totalRejected = [0] totalRateLimited = [0] totalRateLimitedTenants = [0] currBuffer = [0] 
2025-12-19 09:00:08,303 [TB-Scheduling-2] INFO  o.t.s.c.t.s.DefaultTransportService - Transport Stats: openConnections [0]
2025-12-19 09:00:18,277 [sql-log-1-thread-1] INFO  o.t.s.dao.sql.TbSqlBlockingQueue - Queue-0 [TS Latest] queueSize [0] totalAdded [4] totalSaved [4] totalFailed [0]
2025-12-19 09:00:18,353 [TB-Scheduling-4] INFO  o.t.s.d.u.AbstractBufferedRateExecutor - [Write] Permits queueSize = [0] totalAdded = [4] totalLaunched = [4] totalReleased = [4] totalFailed = [0] totalExpired = [0] totalRejected = [0] totalRateLimited = [0] totalRateLimitedTenants = [0] currBuffer = [0] 
2025-12-19 09:00:58,277 [sql-log-1-thread-1] INFO  o.t.s.dao.sql.TbSqlBlockingQueue - Queue-0 [TS Latest] queueSize [0] totalAdded [9] totalSaved [9] totalFailed [0]
2025-12-19 09:00:58,354 [TB-Scheduling-4] INFO  o.t.s.d.u.AbstractBufferedRateExecutor - [Write] Permits queueSize = [0] totalAdded = [10] totalLaunched = [10] totalReleased = [10] totalFailed = [0] totalExpired = [0] totalRejected = [0] totalRateLimited = [0] totalRateLimitedTenants = [0] currBuffer = [0] 
2025-12-19 09:01:08,304 [TB-Scheduling-1] INFO  o.t.s.c.t.s.DefaultTransportService - Transport Stats: openConnections [0]
2025-12-19 09:01:18,277 [sql-log-1-thread-1] INFO  o.t.s.dao.sql.TbSqlBlockingQueue - Queue-0 [TS Latest] queueSize [0] totalAdded [4] totalSaved [4] totalFailed [0]
2025-12-19 09:01:18,355 [TB-Scheduling-1] INFO  o.t.s.d.u.AbstractBufferedRateExecutor - [Write] Permits queueSize = [0] totalAdded = [4] totalLaunched = [4] totalReleased = [4] totalFailed = [0] totalExpired = [0] totalRejected = [0] totalRateLimited = [0] totalRateLimitedTenants = [0] currBuffer = [0] 
2025-12-19 09:01:58,277 [sql-log-1-thread-1] INFO  o.t.s.dao.sql.TbSqlBlockingQueue - Queue-0 [TS Latest] queueSize [0] totalAdded [7] totalSaved [7] totalFailed [0]
2025-12-19 09:01:58,356 [TB-Scheduling-3] INFO  o.t.s.d.u.AbstractBufferedRateExecutor - [Write] Permits queueSize = [0] totalAdded = [7] totalLaunched = [7] totalReleased = [7] totalFailed = [0] totalExpired = [0] totalRejected = [0] totalRateLimited = [0] totalRateLimitedTenants = [0] currBuffer = [0] 
2025-12-19 09:02:08,304 [TB-Scheduling-1] INFO  o.t.s.c.t.s.DefaultTransportService - Transport Stats: openConnections [0]
2025-12-19 09:02:18,277 [sql-log-1-thread-1] INFO  o.t.s.dao.sql.TbSqlBlockingQueue - Queue-0 [TS Latest] queueSize [0] totalAdded [4] totalSaved [4] totalFailed [0]
2025-12-19 09:02:18,357 [TB-Scheduling-3] INFO  o.t.s.d.u.AbstractBufferedRateExecutor - [Write] Permits queueSize = [0] totalAdded = [4] totalLaunched = [4] totalReleased = [4] totalFailed = [0] totalExpired = [0] totalRejected = [0] totalRateLimited = [0] totalRateLimitedTenants = [0] currBuffer = [0] 
2025-12-19 09:02:58,277 [sql-log-1-thread-1] INFO  o.t.s.dao.sql.TbSqlBlockingQueue - Queue-0 [TS Latest] queueSize [0] totalAdded [7] totalSaved [7] totalFailed [0]
2025-12-19 09:02:58,358 [TB-Scheduling-2] INFO  o.t.s.d.u.AbstractBufferedRateExecutor - [Write] Permits queueSize = [0] totalAdded = [7] totalLaunched = [7] totalReleased = [7] totalFailed = [0] totalExpired = [0] totalRejected = [0] totalRateLimited = [0] totalRateLimitedTenants = [0] currBuffer = [0] 
2025-12-19 09:03:08,305 [TB-Scheduling-2] INFO  o.t.s.c.t.s.DefaultTransportService - Transport Stats: openConnections [0]
2025-12-19 09:03:18,277 [sql-log-1-thread-1] INFO  o.t.s.dao.sql.TbSqlBlockingQueue - Queue-0 [TS Latest] queueSize [0] totalAdded [4] totalSaved [4] totalFailed [0]
2025-12-19 09:03:18,359 [TB-Scheduling-4] INFO  o.t.s.d.u.AbstractBufferedRateExecutor - [Write] Permits queueSize = [0] totalAdded = [4] totalLaunched = [4] totalReleased = [4] totalFailed = [0] totalExpired = [0] totalRejected = [0] totalRateLimited = [0] totalRateLimitedTenants = [0] currBuffer = [0] 
2025-12-19 09:03:58,277 [sql-log-1-thread-1] INFO  o.t.s.dao.sql.TbSqlBlockingQueue - Queue-0 [TS Latest] queueSize [0] totalAdded [8] totalSaved [8] totalFailed [0]
2025-12-19 09:03:58,360 [TB-Scheduling-3] INFO  o.t.s.d.u.AbstractBufferedRateExecutor - [Write] Permits queueSize = [0] totalAdded = [8] totalLaunched = [8] totalReleased = [8] totalFailed = [0] totalExpired = [0] totalRejected = [0] totalRateLimited = [0] totalRateLimitedTenants = [0] currBuffer = [0] 
2025-12-19 09:04:08,306 [TB-Scheduling-4] INFO  o.t.s.c.t.s.DefaultTransportService - Transport Stats: openConnections [0]
2025-12-19 09:04:18,277 [sql-log-1-thread-1] INFO  o.t.s.dao.sql.TbSqlBlockingQueue - Queue-0 [TS Latest] queueSize [0] totalAdded [4] totalSaved [4] totalFailed [0]
2025-12-19 09:04:18,360 [TB-Scheduling-1] INFO  o.t.s.d.u.AbstractBufferedRateExecutor - [Write] Permits queueSize = [0] totalAdded = [4] totalLaunched = [4] totalReleased = [4] totalFailed = [0] totalExpired = [0] totalRejected = [0] totalRateLimited = [0] totalRateLimitedTenants = [0] currBuffer = [0] 
2025-12-19 09:04:58,277 [sql-log-1-thread-1] INFO  o.t.s.dao.sql.TbSqlBlockingQueue - Queue-0 [TS Latest] queueSize [0] totalAdded [7] totalSaved [7] totalFailed [0]
2025-12-19 09:04:58,362 [TB-Scheduling-1] INFO  o.t.s.d.u.AbstractBufferedRateExecutor - [Write] Permits queueSize = [0] totalAdded = [7] totalLaunched = [7] totalReleased = [7] totalFailed = [0] totalExpired = [0] totalRejected = [0] totalRateLimited = [0] totalRateLimitedTenants = [0] currBuffer = [0] 
2025-12-19 09:05:08,307 [TB-Scheduling-1] INFO  o.t.s.c.t.s.DefaultTransportService - Transport Stats: openConnections [0]
2025-12-19 09:05:18,277 [sql-log-1-thread-1] INFO  o.t.s.dao.sql.TbSqlBlockingQueue - Queue-0 [TS Latest] queueSize [0] totalAdded [4] totalSaved [4] totalFailed [0]
2025-12-19 09:05:18,363 [TB-Scheduling-2] INFO  o.t.s.d.u.AbstractBufferedRateExecutor - [Write] Permits queueSize = [0] totalAdded = [4] totalLaunched = [4] totalReleased = [4] totalFailed = [0] totalExpired = [0] totalRejected = [0] totalRateLimited = [0] totalRateLimitedTenants = [0] currBuffer = [0] 
2025-12-19 09:05:58,277 [sql-log-1-thread-1] INFO  o.t.s.dao.sql.TbSqlBlockingQueue - Queue-0 [TS Latest] queueSize [0] totalAdded [7] totalSaved [7] totalFailed [0]
2025-12-19 09:05:58,364 [TB-Scheduling-3] INFO  o.t.s.d.u.AbstractBufferedRateExecutor - [Write] Permits queueSize = [0] totalAdded = [7] totalLaunched = [7] totalReleased = [7] totalFailed = [0] totalExpired = [0] totalRejected = [0] totalRateLimited = [0] totalRateLimitedTenants = [0] currBuffer = [0] 
2025-12-19 09:06:08,307 [TB-Scheduling-3] INFO  o.t.s.c.t.s.DefaultTransportService - Transport Stats: openConnections [0]
2025-12-19 09:06:18,277 [sql-log-1-thread-1] INFO  o.t.s.dao.sql.TbSqlBlockingQueue - Queue-0 [TS Latest] queueSize [0] totalAdded [4] totalSaved [4] totalFailed [0]
2025-12-19 09:06:18,364 [TB-Scheduling-4] INFO  o.t.s.d.u.AbstractBufferedRateExecutor - [Write] Permits queueSize = [0] totalAdded = [4] totalLaunched = [4] totalReleased = [4] totalFailed = [0] totalExpired = [0] totalRejected = [0] totalRateLimited = [0] totalRateLimitedTenants = [0] currBuffer = [0] 
2025-12-19 09:07:08,277 [sql-log-1-thread-1] INFO  o.t.s.dao.sql.TbSqlBlockingQueue - Queue-0 [TS Latest] queueSize [0] totalAdded [7] totalSaved [7] totalFailed [0]
2025-12-19 09:07:08,308 [TB-Scheduling-2] INFO  o.t.s.c.t.s.DefaultTransportService - Transport Stats: openConnections [0]
2025-12-19 09:07:08,366 [TB-Scheduling-1] INFO  o.t.s.d.u.AbstractBufferedRateExecutor - [Write] Permits queueSize = [0] totalAdded = [7] totalLaunched = [7] totalReleased = [7] totalFailed = [0] totalExpired = [0] totalRejected = [0] totalRateLimited = [0] totalRateLimitedTenants = [0] currBuffer = [0] 
2025-12-19 09:07:18,277 [sql-log-1-thread-1] INFO  o.t.s.dao.sql.TbSqlBlockingQueue - Queue-0 [TS Latest] queueSize [0] totalAdded [4] totalSaved [4] totalFailed [0]
2025-12-19 09:07:18,366 [TB-Scheduling-2] INFO  o.t.s.d.u.AbstractBufferedRateExecutor - [Write] Permits queueSize = [0] totalAdded = [4] totalLaunched = [4] totalReleased = [4] totalFailed = [0] totalExpired = [0] totalRejected = [0] totalRateLimited = [0] totalRateLimitedTenants = [0] currBuffer = [0] 
2025-12-19 09:08:08,277 [sql-log-1-thread-1] INFO  o.t.s.dao.sql.TbSqlBlockingQueue - Queue-0 [TS Latest] queueSize [0] totalAdded [7] totalSaved [7] totalFailed [0]
2025-12-19 09:08:08,308 [TB-Scheduling-1] INFO  o.t.s.c.t.s.DefaultTransportService - Transport Stats: openConnections [0]
2025-12-19 09:08:08,368 [TB-Scheduling-3] INFO  o.t.s.d.u.AbstractBufferedRateExecutor - [Write] Permits queueSize = [0] totalAdded = [7] totalLaunched = [7] totalReleased = [7] totalFailed = [0] totalExpired = [0] totalRejected = [0] totalRateLimited = [0] totalRateLimitedTenants = [0] currBuffer = [0] 
2025-12-19 09:08:18,277 [sql-log-1-thread-1] INFO  o.t.s.dao.sql.TbSqlBlockingQueue - Queue-0 [TS Latest] queueSize [0] totalAdded [4] totalSaved [4] totalFailed [0]
2025-12-19 09:08:18,369 [TB-Scheduling-2] INFO  o.t.s.d.u.AbstractBufferedRateExecutor - [Write] Permits queueSize = [0] totalAdded = [4] totalLaunched = [4] totalReleased = [4] totalFailed = [0] totalExpired = [0] totalRejected = [0] totalRateLimited = [0] totalRateLimitedTenants = [0] currBuffer = [0] 
2025-12-19 09:09:08,277 [sql-log-1-thread-1] INFO  o.t.s.dao.sql.TbSqlBlockingQueue - Queue-0 [TS Latest] queueSize [0] totalAdded [7] totalSaved [7] totalFailed [0]
2025-12-19 09:09:08,309 [TB-Scheduling-3] INFO  o.t.s.c.t.s.DefaultTransportService - Transport Stats: openConnections [0]
2025-12-19 09:09:08,370 [TB-Scheduling-1] INFO  o.t.s.d.u.AbstractBufferedRateExecutor - [Write] Permits queueSize = [0] totalAdded = [7] totalLaunched = [7] totalReleased = [7] totalFailed = [0] totalExpired = [0] totalRejected = [0] totalRateLimited = [0] totalRateLimitedTenants = [0] currBuffer = [0] 
2025-12-19 09:09:18,277 [sql-log-1-thread-1] INFO  o.t.s.dao.sql.TbSqlBlockingQueue - Queue-0 [TS Latest] queueSize [0] totalAdded [4] totalSaved [4] totalFailed [0]
2025-12-19 09:09:18,371 [TB-Scheduling-3] INFO  o.t.s.d.u.AbstractBufferedRateExecutor - [Write] Permits queueSize = [0] totalAdded = [4] totalLaunched = [4] totalReleased = [4] totalFailed = [0] totalExpired = [0] totalRejected = [0] totalRateLimited = [0] totalRateLimitedTenants = [0] currBuffer = [0] 
2025-12-19 09:10:08,277 [sql-log-1-thread-1] INFO  o.t.s.dao.sql.TbSqlBlockingQueue - Queue-0 [TS Latest] queueSize [0] totalAdded [7] totalSaved [7] totalFailed [0]
2025-12-19 09:10:08,310 [TB-Scheduling-4] INFO  o.t.s.c.t.s.DefaultTransportService - Transport Stats: openConnections [0]
2025-12-19 09:10:08,372 [TB-Scheduling-3] INFO  o.t.s.d.u.AbstractBufferedRateExecutor - [Write] Permits queueSize = [0] totalAdded = [7] totalLaunched = [7] totalReleased = [7] totalFailed = [0] totalExpired = [0] totalRejected = [0] totalRateLimited = [0] totalRateLimitedTenants = [0] currBuffer = [0] 
2025-12-19 09:10:18,277 [sql-log-1-thread-1] INFO  o.t.s.dao.sql.TbSqlBlockingQueue - Queue-0 [TS Latest] queueSize [0] totalAdded [4] totalSaved [4] totalFailed [0]
2025-12-19 09:10:18,372 [TB-Scheduling-2] INFO  o.t.s.d.u.AbstractBufferedRateExecutor - [Write] Permits queueSize = [0] totalAdded = [4] totalLaunched = [4] totalReleased = [4] totalFailed = [0] totalExpired = [0] totalRejected = [0] totalRateLimited = [0] totalRateLimitedTenants = [0] currBuffer = [0] 
2025-12-19 09:11:08,277 [sql-log-1-thread-1] INFO  o.t.s.dao.sql.TbSqlBlockingQueue - Queue-0 [TS Latest] queueSize [0] totalAdded [7] totalSaved [7] totalFailed [0]
2025-12-19 09:11:08,310 [TB-Scheduling-1] INFO  o.t.s.c.t.s.DefaultTransportService - Transport Stats: openConnections [0]
2025-12-19 09:11:08,374 [TB-Scheduling-4] INFO  o.t.s.d.u.AbstractBufferedRateExecutor - [Write] Permits queueSize = [0] totalAdded = [7] totalLaunched = [7] totalReleased = [7] totalFailed = [0] totalExpired = [0] totalRejected = [0] totalRateLimited = [0] totalRateLimitedTenants = [0] currBuffer = [0] 
2025-12-19 09:11:18,277 [sql-log-1-thread-1] INFO  o.t.s.dao.sql.TbSqlBlockingQueue - Queue-0 [TS Latest] queueSize [0] totalAdded [4] totalSaved [4] totalFailed [0]
2025-12-19 09:11:18,374 [TB-Scheduling-1] INFO  o.t.s.d.u.AbstractBufferedRateExecutor - [Write] Permits queueSize = [0] totalAdded = [4] totalLaunched = [4] totalReleased = [4] totalFailed = [0] totalExpired = [0] totalRejected = [0] totalRateLimited = [0] totalRateLimitedTenants = [0] currBuffer = [0] 
2025-12-19 09:12:08,277 [sql-log-1-thread-1] INFO  o.t.s.dao.sql.TbSqlBlockingQueue - Queue-0 [TS Latest] queueSize [0] totalAdded [7] totalSaved [7] totalFailed [0]
2025-12-19 09:12:08,311 [TB-Scheduling-4] INFO  o.t.s.c.t.s.DefaultTransportService - Transport Stats: openConnections [0]
2025-12-19 09:12:08,375 [TB-Scheduling-4] INFO  o.t.s.d.u.AbstractBufferedRateExecutor - [Write] Permits queueSize = [0] totalAdded = [7] totalLaunched = [7] totalReleased = [7] totalFailed = [0] totalExpired = [0] totalRejected = [0] totalRateLimited = [0] totalRateLimitedTenants = [0] currBuffer = [0] 
2025-12-19 09:12:18,277 [sql-log-1-thread-1] INFO  o.t.s.dao.sql.TbSqlBlockingQueue - Queue-0 [TS Latest] queueSize [0] totalAdded [4] totalSaved [4] totalFailed [0]
2025-12-19 09:12:18,376 [TB-Scheduling-4] INFO  o.t.s.d.u.AbstractBufferedRateExecutor - [Write] Permits queueSize = [0] totalAdded = [4] totalLaunched = [4] totalReleased = [4] totalFailed = [0] totalExpired = [0] totalRejected = [0] totalRateLimited = [0] totalRateLimitedTenants = [0] currBuffer = [0] 
2025-12-19 09:13:08,277 [sql-log-1-thread-1] INFO  o.t.s.dao.sql.TbSqlBlockingQueue - Queue-0 [TS Latest] queueSize [0] totalAdded [7] totalSaved [7] totalFailed [0]
2025-12-19 09:13:08,311 [TB-Scheduling-3] INFO  o.t.s.c.t.s.DefaultTransportService - Transport Stats: openConnections [0]
2025-12-19 09:13:08,377 [TB-Scheduling-4] INFO  o.t.s.d.u.AbstractBufferedRateExecutor - [Write] Permits queueSize = [0] totalAdded = [7] totalLaunched = [7] totalReleased = [7] totalFailed = [0] totalExpired = [0] totalRejected = [0] totalRateLimited = [0] totalRateLimitedTenants = [0] currBuffer = [0] 
2025-12-19 09:13:18,277 [sql-log-1-thread-1] INFO  o.t.s.dao.sql.TbSqlBlockingQueue - Queue-0 [TS Latest] queueSize [0] totalAdded [4] totalSaved [4] totalFailed [0]
2025-12-19 09:13:18,378 [TB-Scheduling-3] INFO  o.t.s.d.u.AbstractBufferedRateExecutor - [Write] Permits queueSize = [0] totalAdded = [4] totalLaunched = [4] totalReleased = [4] totalFailed = [0] totalExpired = [0] totalRejected = [0] totalRateLimited = [0] totalRateLimitedTenants = [0] currBuffer = [0] 
2025-12-19 09:14:08,277 [sql-log-1-thread-1] INFO  o.t.s.dao.sql.TbSqlBlockingQueue - Queue-0 [TS Latest] queueSize [0] totalAdded [7] totalSaved [7] totalFailed [0]
2025-12-19 09:14:08,312 [TB-Scheduling-4] INFO  o.t.s.c.t.s.DefaultTransportService - Transport Stats: openConnections [0]
2025-12-19 09:14:08,379 [TB-Scheduling-3] INFO  o.t.s.d.u.AbstractBufferedRateExecutor - [Write] Permits queueSize = [0] totalAdded = [7] totalLaunched = [7] totalReleased = [7] totalFailed = [0] totalExpired = [0] totalRejected = [0] totalRateLimited = [0] totalRateLimitedTenants = [0] currBuffer = [0] 
2025-12-19 09:14:18,277 [sql-log-1-thread-1] INFO  o.t.s.dao.sql.TbSqlBlockingQueue - Queue-0 [TS Latest] queueSize [0] totalAdded [4] totalSaved [4] totalFailed [0]
2025-12-19 09:14:18,379 [TB-Scheduling-1] INFO  o.t.s.d.u.AbstractBufferedRateExecutor - [Write] Permits queueSize = [0] totalAdded = [4] totalLaunched = [4] totalReleased = [4] totalFailed = [0] totalExpired = [0] totalRejected = [0] totalRateLimited = [0] totalRateLimitedTenants = [0] currBuffer = [0] 
2025-12-19 09:15:08,277 [sql-log-1-thread-1] INFO  o.t.s.dao.sql.TbSqlBlockingQueue - Queue-0 [TS Latest] queueSize [0] totalAdded [7] totalSaved [7] totalFailed [0]
2025-12-19 09:15:08,313 [TB-Scheduling-3] INFO  o.t.s.c.t.s.DefaultTransportService - Transport Stats: openConnections [0]
2025-12-19 09:15:08,380 [TB-Scheduling-1] INFO  o.t.s.d.u.AbstractBufferedRateExecutor - [Write] Permits queueSize = [0] totalAdded = [7] totalLaunched = [7] totalReleased = [7] totalFailed = [0] totalExpired = [0] totalRejected = [0] totalRateLimited = [0] totalRateLimitedTenants = [0] currBuffer = [0] 
2025-12-19 09:15:18,277 [sql-log-1-thread-1] INFO  o.t.s.dao.sql.TbSqlBlockingQueue - Queue-0 [TS Latest] queueSize [0] totalAdded [4] totalSaved [4] totalFailed [0]
2025-12-19 09:15:18,381 [TB-Scheduling-3] INFO  o.t.s.d.u.AbstractBufferedRateExecutor - [Write] Permits queueSize = [0] totalAdded = [4] totalLaunched = [4] totalReleased = [4] totalFailed = [0] totalExpired = [0] totalRejected = [0] totalRateLimited = [0] totalRateLimitedTenants = [0] currBuffer = [0] 
2025-12-19 09:16:08,277 [sql-log-1-thread-1] INFO  o.t.s.dao.sql.TbSqlBlockingQueue - Queue-0 [TS Latest] queueSize [0] totalAdded [7] totalSaved [7] totalFailed [0]
2025-12-19 09:16:08,313 [TB-Scheduling-2] INFO  o.t.s.c.t.s.DefaultTransportService - Transport Stats: openConnections [0]
2025-12-19 09:16:08,382 [TB-Scheduling-3] INFO  o.t.s.d.u.AbstractBufferedRateExecutor - [Write] Permits queueSize = [0] totalAdded = [7] totalLaunched = [7] totalReleased = [7] totalFailed = [0] totalExpired = [0] totalRejected = [0] totalRateLimited = [0] totalRateLimitedTenants = [0] currBuffer = [0] 
2025-12-19 09:16:18,277 [sql-log-1-thread-1] INFO  o.t.s.dao.sql.TbSqlBlockingQueue - Queue-0 [TS Latest] queueSize [0] totalAdded [4] totalSaved [4] totalFailed [0]
2025-12-19 09:16:18,383 [TB-Scheduling-1] INFO  o.t.s.d.u.AbstractBufferedRateExecutor - [Write] Permits queueSize = [0] totalAdded = [4] totalLaunched = [4] totalReleased = [4] totalFailed = [0] totalExpired = [0] totalRejected = [0] totalRateLimited = [0] totalRateLimitedTenants = [0] currBuffer = [0] 
2025-12-19 09:16:48,671 [subscription-scheduler-22-thread-1] INFO  o.t.s.s.s.DefaultSubscriptionManagerService - Removed -8 old entity update records.
2025-12-19 09:17:08,314 [TB-Scheduling-2] INFO  o.t.s.c.t.s.DefaultTransportService - Transport Stats: openConnections [0]
2025-12-19 09:17:08,887 [tenant-dispatcher-1-1] INFO  o.t.s.d.s.i.s.SqlPartitioningRepository - Saving partition 1766016000000-1766620800000 for table stats_event
2025-12-19 09:17:12,248 [sql-log-1-thread-1] INFO  o.t.s.dao.sql.TbSqlBlockingQueue - Queue-0 [Events] queueSize [0] totalAdded [2] totalSaved [2] totalFailed [0]
2025-12-19 09:17:12,248 [sql-log-1-thread-1] INFO  o.t.s.dao.sql.TbSqlBlockingQueue - Queue-1 [Events] queueSize [0] totalAdded [1] totalSaved [1] totalFailed [0]
2025-12-19 09:17:18,277 [sql-log-1-thread-1] INFO  o.t.s.dao.sql.TbSqlBlockingQueue - Queue-0 [TS Latest] queueSize [0] totalAdded [11] totalSaved [11] totalFailed [0]
2025-12-19 09:17:18,384 [TB-Scheduling-4] INFO  o.t.s.d.u.AbstractBufferedRateExecutor - [Write] Permits queueSize = [0] totalAdded = [11] totalLaunched = [11] totalReleased = [11] totalFailed = [0] totalExpired = [0] totalRejected = [0] totalRateLimited = [0] totalRateLimitedTenants = [0] currBuffer = [0] 
2025-12-19 09:18:08,314 [TB-Scheduling-2] INFO  o.t.s.c.t.s.DefaultTransportService - Transport Stats: openConnections [0]
2025-12-19 09:18:18,277 [sql-log-1-thread-1] INFO  o.t.s.dao.sql.TbSqlBlockingQueue - Queue-0 [TS Latest] queueSize [0] totalAdded [11] totalSaved [11] totalFailed [0]
2025-12-19 09:18:18,385 [TB-Scheduling-3] INFO  o.t.s.d.u.AbstractBufferedRateExecutor - [Write] Permits queueSize = [0] totalAdded = [11] totalLaunched = [11] totalReleased = [11] totalFailed = [0] totalExpired = [0] totalRejected = [0] totalRateLimited = [0] totalRateLimitedTenants = [0] currBuffer = [0] 
2025-12-19 09:19:08,315 [TB-Scheduling-3] INFO  o.t.s.c.t.s.DefaultTransportService - Transport Stats: openConnections [0]
2025-12-19 09:19:18,277 [sql-log-1-thread-1] INFO  o.t.s.dao.sql.TbSqlBlockingQueue - Queue-0 [TS Latest] queueSize [0] totalAdded [11] totalSaved [11] totalFailed [0]
2025-12-19 09:19:18,387 [TB-Scheduling-4] INFO  o.t.s.d.u.AbstractBufferedRateExecutor - [Write] Permits queueSize = [0] totalAdded = [11] totalLaunched = [11] totalReleased = [11] totalFailed = [0] totalExpired = [0] totalRejected = [0] totalRateLimited = [0] totalRateLimitedTenants = [0] currBuffer = [0] 
2025-12-19 09:20:08,315 [TB-Scheduling-4] INFO  o.t.s.c.t.s.DefaultTransportService - Transport Stats: openConnections [0]
2025-12-19 09:20:18,277 [sql-log-1-thread-1] INFO  o.t.s.dao.sql.TbSqlBlockingQueue - Queue-0 [TS Latest] queueSize [0] totalAdded [11] totalSaved [11] totalFailed [0]
2025-12-19 09:20:18,389 [TB-Scheduling-1] INFO  o.t.s.d.u.AbstractBufferedRateExecutor - [Write] Permits queueSize = [0] totalAdded = [11] totalLaunched = [11] totalReleased = [11] totalFailed = [0] totalExpired = [0] totalRejected = [0] totalRateLimited = [0] totalRateLimitedTenants = [0] currBuffer = [0] 
2025-12-19 09:21:08,316 [TB-Scheduling-3] INFO  o.t.s.c.t.s.DefaultTransportService - Transport Stats: openConnections [0]
2025-12-19 09:21:18,277 [sql-log-1-thread-1] INFO  o.t.s.dao.sql.TbSqlBlockingQueue - Queue-0 [TS Latest] queueSize [0] totalAdded [11] totalSaved [11] totalFailed [0]
2025-12-19 09:21:18,391 [TB-Scheduling-3] INFO  o.t.s.d.u.AbstractBufferedRateExecutor - [Write] Permits queueSize = [0] totalAdded = [11] totalLaunched = [11] totalReleased = [11] totalFailed = [0] totalExpired = [0] totalRejected = [0] totalRateLimited = [0] totalRateLimitedTenants = [0] currBuffer = [0] 
2025-12-19 09:22:08,316 [TB-Scheduling-3] INFO  o.t.s.c.t.s.DefaultTransportService - Transport Stats: openConnections [0]
2025-12-19 09:22:18,277 [sql-log-1-thread-1] INFO  o.t.s.dao.sql.TbSqlBlockingQueue - Queue-0 [TS Latest] queueSize [0] totalAdded [11] totalSaved [11] totalFailed [0]
2025-12-19 09:22:18,392 [TB-Scheduling-3] INFO  o.t.s.d.u.AbstractBufferedRateExecutor - [Write] Permits queueSize = [0] totalAdded = [11] totalLaunched = [11] totalReleased = [11] totalFailed = [0] totalExpired = [0] totalRejected = [0] totalRateLimited = [0] totalRateLimitedTenants = [0] currBuffer = [0] 
2025-12-19 09:23:08,317 [TB-Scheduling-2] INFO  o.t.s.c.t.s.DefaultTransportService - Transport Stats: openConnections [0]
2025-12-19 09:23:18,277 [sql-log-1-thread-1] INFO  o.t.s.dao.sql.TbSqlBlockingQueue - Queue-0 [TS Latest] queueSize [0] totalAdded [11] totalSaved [11] totalFailed [0]
2025-12-19 09:23:18,394 [TB-Scheduling-3] INFO  o.t.s.d.u.AbstractBufferedRateExecutor - [Write] Permits queueSize = [0] totalAdded = [11] totalLaunched = [11] totalReleased = [11] totalFailed = [0] totalExpired = [0] totalRejected = [0] totalRateLimited = [0] totalRateLimitedTenants = [0] currBuffer = [0] 
2025-12-19 09:24:08,318 [TB-Scheduling-1] INFO  o.t.s.c.t.s.DefaultTransportService - Transport Stats: openConnections [0]
2025-12-19 09:24:18,277 [sql-log-1-thread-1] INFO  o.t.s.dao.sql.TbSqlBlockingQueue - Queue-0 [TS Latest] queueSize [0] totalAdded [11] totalSaved [11] totalFailed [0]
2025-12-19 09:24:18,395 [TB-Scheduling-3] INFO  o.t.s.d.u.AbstractBufferedRateExecutor - [Write] Permits queueSize = [0] totalAdded = [11] totalLaunched = [11] totalReleased = [11] totalFailed = [0] totalExpired = [0] totalRejected = [0] totalRateLimited = [0] totalRateLimitedTenants = [0] currBuffer = [0] 
2025-12-19 09:25:08,319 [TB-Scheduling-4] INFO  o.t.s.c.t.s.DefaultTransportService - Transport Stats: openConnections [0]
2025-12-19 09:25:18,277 [sql-log-1-thread-1] INFO  o.t.s.dao.sql.TbSqlBlockingQueue - Queue-0 [TS Latest] queueSize [0] totalAdded [11] totalSaved [11] totalFailed [0]
2025-12-19 09:25:18,396 [TB-Scheduling-2] INFO  o.t.s.d.u.AbstractBufferedRateExecutor - [Write] Permits queueSize = [0] totalAdded = [11] totalLaunched = [11] totalReleased = [11] totalFailed = [0] totalExpired = [0] totalRejected = [0] totalRateLimited = [0] totalRateLimitedTenants = [0] currBuffer = [0] 
2025-12-19 09:26:08,320 [TB-Scheduling-2] INFO  o.t.s.c.t.s.DefaultTransportService - Transport Stats: openConnections [0]
2025-12-19 09:26:18,277 [sql-log-1-thread-1] INFO  o.t.s.dao.sql.TbSqlBlockingQueue - Queue-0 [TS Latest] queueSize [0] totalAdded [11] totalSaved [11] totalFailed [0]
2025-12-19 09:26:18,398 [TB-Scheduling-2] INFO  o.t.s.d.u.AbstractBufferedRateExecutor - [Write] Permits queueSize = [0] totalAdded = [11] totalLaunched = [11] totalReleased = [11] totalFailed = [0] totalExpired = [0] totalRejected = [0] totalRateLimited = [0] totalRateLimitedTenants = [0] currBuffer = [0] 
2025-12-19 09:27:08,321 [TB-Scheduling-2] INFO  o.t.s.c.t.s.DefaultTransportService - Transport Stats: openConnections [0]
2025-12-19 09:27:18,277 [sql-log-1-thread-1] INFO  o.t.s.dao.sql.TbSqlBlockingQueue - Queue-0 [TS Latest] queueSize [0] totalAdded [4] totalSaved [4] totalFailed [0]
2025-12-19 09:27:18,400 [TB-Scheduling-4] INFO  o.t.s.d.u.AbstractBufferedRateExecutor - [Write] Permits queueSize = [0] totalAdded = [4] totalLaunched = [4] totalReleased = [4] totalFailed = [0] totalExpired = [0] totalRejected = [0] totalRateLimited = [0] totalRateLimitedTenants = [0] currBuffer = [0] 
2025-12-19 09:27:28,277 [sql-log-1-thread-1] INFO  o.t.s.dao.sql.TbSqlBlockingQueue - Queue-0 [TS Latest] queueSize [0] totalAdded [7] totalSaved [7] totalFailed [0]
2025-12-19 09:27:28,400 [TB-Scheduling-4] INFO  o.t.s.d.u.AbstractBufferedRateExecutor - [Write] Permits queueSize = [0] totalAdded = [7] totalLaunched = [7] totalReleased = [7] totalFailed = [0] totalExpired = [0] totalRejected = [0] totalRateLimited = [0] totalRateLimitedTenants = [0] currBuffer = [0] 
2025-12-19 09:28:08,322 [TB-Scheduling-1] INFO  o.t.s.c.t.s.DefaultTransportService - Transport Stats: openConnections [0]
2025-12-19 09:28:18,277 [sql-log-1-thread-1] INFO  o.t.s.dao.sql.TbSqlBlockingQueue - Queue-0 [TS Latest] queueSize [0] totalAdded [4] totalSaved [4] totalFailed [0]
2025-12-19 09:28:18,401 [TB-Scheduling-3] INFO  o.t.s.d.u.AbstractBufferedRateExecutor - [Write] Permits queueSize = [0] totalAdded = [4] totalLaunched = [4] totalReleased = [4] totalFailed = [0] totalExpired = [0] totalRejected = [0] totalRateLimited = [0] totalRateLimitedTenants = [0] currBuffer = [0] 
2025-12-19 09:28:28,277 [sql-log-1-thread-1] INFO  o.t.s.dao.sql.TbSqlBlockingQueue - Queue-0 [TS Latest] queueSize [0] totalAdded [7] totalSaved [7] totalFailed [0]
2025-12-19 09:28:28,402 [TB-Scheduling-3] INFO  o.t.s.d.u.AbstractBufferedRateExecutor - [Write] Permits queueSize = [0] totalAdded = [7] totalLaunched = [7] totalReleased = [7] totalFailed = [0] totalExpired = [0] totalRejected = [0] totalRateLimited = [0] totalRateLimitedTenants = [0] currBuffer = [0] 
2025-12-19 09:29:08,323 [TB-Scheduling-1] INFO  o.t.s.c.t.s.DefaultTransportService - Transport Stats: openConnections [0]
2025-12-19 09:29:18,277 [sql-log-1-thread-1] INFO  o.t.s.dao.sql.TbSqlBlockingQueue - Queue-0 [TS Latest] queueSize [0] totalAdded [4] totalSaved [4] totalFailed [0]
2025-12-19 09:29:18,403 [TB-Scheduling-4] INFO  o.t.s.d.u.AbstractBufferedRateExecutor - [Write] Permits queueSize = [0] totalAdded = [4] totalLaunched = [4] totalReleased = [4] totalFailed = [0] totalExpired = [0] totalRejected = [0] totalRateLimited = [0] totalRateLimitedTenants = [0] currBuffer = [0] 
2025-12-19 09:29:28,277 [sql-log-1-thread-1] INFO  o.t.s.dao.sql.TbSqlBlockingQueue - Queue-0 [TS Latest] queueSize [0] totalAdded [7] totalSaved [7] totalFailed [0]
2025-12-19 09:29:28,404 [TB-Scheduling-2] INFO  o.t.s.d.u.AbstractBufferedRateExecutor - [Write] Permits queueSize = [0] totalAdded = [7] totalLaunched = [7] totalReleased = [7] totalFailed = [0] totalExpired = [0] totalRejected = [0] totalRateLimited = [0] totalRateLimitedTenants = [0] currBuffer = [0] 
2025-12-19 09:30:08,323 [TB-Scheduling-3] INFO  o.t.s.c.t.s.DefaultTransportService - Transport Stats: openConnections [0]
2025-12-19 09:30:18,277 [sql-log-1-thread-1] INFO  o.t.s.dao.sql.TbSqlBlockingQueue - Queue-0 [TS Latest] queueSize [0] totalAdded [4] totalSaved [4] totalFailed [0]
2025-12-19 09:30:18,405 [TB-Scheduling-4] INFO  o.t.s.d.u.AbstractBufferedRateExecutor - [Write] Permits queueSize = [0] totalAdded = [4] totalLaunched = [4] totalReleased = [4] totalFailed = [0] totalExpired = [0] totalRejected = [0] totalRateLimited = [0] totalRateLimitedTenants = [0] currBuffer = [0] 
2025-12-19 09:30:28,277 [sql-log-1-thread-1] INFO  o.t.s.dao.sql.TbSqlBlockingQueue - Queue-0 [TS Latest] queueSize [0] totalAdded [7] totalSaved [7] totalFailed [0]
2025-12-19 09:30:28,406 [TB-Scheduling-3] INFO  o.t.s.d.u.AbstractBufferedRateExecutor - [Write] Permits queueSize = [0] totalAdded = [7] totalLaunched = [7] totalReleased = [7] totalFailed = [0] totalExpired = [0] totalRejected = [0] totalRateLimited = [0] totalRateLimitedTenants = [0] currBuffer = [0] 
2025-12-19 09:31:08,324 [TB-Scheduling-2] INFO  o.t.s.c.t.s.DefaultTransportService - Transport Stats: openConnections [0]
2025-12-19 09:31:18,277 [sql-log-1-thread-1] INFO  o.t.s.dao.sql.TbSqlBlockingQueue - Queue-0 [TS Latest] queueSize [0] totalAdded [4] totalSaved [4] totalFailed [0]
2025-12-19 09:31:18,407 [TB-Scheduling-2] INFO  o.t.s.d.u.AbstractBufferedRateExecutor - [Write] Permits queueSize = [0] totalAdded = [4] totalLaunched = [4] totalReleased = [4] totalFailed = [0] totalExpired = [0] totalRejected = [0] totalRateLimited = [0] totalRateLimitedTenants = [0] currBuffer = [0] 
2025-12-19 09:31:28,277 [sql-log-1-thread-1] INFO  o.t.s.dao.sql.TbSqlBlockingQueue - Queue-0 [TS Latest] queueSize [0] totalAdded [7] totalSaved [7] totalFailed [0]
2025-12-19 09:31:28,408 [TB-Scheduling-3] INFO  o.t.s.d.u.AbstractBufferedRateExecutor - [Write] Permits queueSize = [0] totalAdded = [7] totalLaunched = [7] totalReleased = [7] totalFailed = [0] totalExpired = [0] totalRejected = [0] totalRateLimited = [0] totalRateLimitedTenants = [0] currBuffer = [0] 
2025-12-19 09:32:08,325 [TB-Scheduling-1] INFO  o.t.s.c.t.s.DefaultTransportService - Transport Stats: openConnections [0]
2025-12-19 09:32:18,277 [sql-log-1-thread-1] INFO  o.t.s.dao.sql.TbSqlBlockingQueue - Queue-0 [TS Latest] queueSize [0] totalAdded [4] totalSaved [4] totalFailed [0]
2025-12-19 09:32:18,419 [TB-Scheduling-1] INFO  o.t.s.d.u.AbstractBufferedRateExecutor - [Write] Permits queueSize = [0] totalAdded = [4] totalLaunched = [4] totalReleased = [4] totalFailed = [0] totalExpired = [0] totalRejected = [0] totalRateLimited = [0] totalRateLimitedTenants = [0] currBuffer = [0] 
2025-12-19 09:32:28,277 [sql-log-1-thread-1] INFO  o.t.s.dao.sql.TbSqlBlockingQueue - Queue-0 [TS Latest] queueSize [0] totalAdded [7] totalSaved [7] totalFailed [0]
2025-12-19 09:32:28,419 [TB-Scheduling-3] INFO  o.t.s.d.u.AbstractBufferedRateExecutor - [Write] Permits queueSize = [0] totalAdded = [7] totalLaunched = [7] totalReleased = [7] totalFailed = [0] totalExpired = [0] totalRejected = [0] totalRateLimited = [0] totalRateLimitedTenants = [0] currBuffer = [0] 
2025-12-19 09:33:08,326 [TB-Scheduling-1] INFO  o.t.s.c.t.s.DefaultTransportService - Transport Stats: openConnections [0]
2025-12-19 09:33:18,277 [sql-log-1-thread-1] INFO  o.t.s.dao.sql.TbSqlBlockingQueue - Queue-0 [TS Latest] queueSize [0] totalAdded [4] totalSaved [4] totalFailed [0]
2025-12-19 09:33:18,421 [TB-Scheduling-4] INFO  o.t.s.d.u.AbstractBufferedRateExecutor - [Write] Permits queueSize = [0] totalAdded = [4] totalLaunched = [4] totalReleased = [4] totalFailed = [0] totalExpired = [0] totalRejected = [0] totalRateLimited = [0] totalRateLimitedTenants = [0] currBuffer = [0] 
2025-12-19 09:33:28,277 [sql-log-1-thread-1] INFO  o.t.s.dao.sql.TbSqlBlockingQueue - Queue-0 [TS Latest] queueSize [0] totalAdded [7] totalSaved [7] totalFailed [0]
2025-12-19 09:33:28,422 [TB-Scheduling-4] INFO  o.t.s.d.u.AbstractBufferedRateExecutor - [Write] Permits queueSize = [0] totalAdded = [7] totalLaunched = [7] totalReleased = [7] totalFailed = [0] totalExpired = [0] totalRejected = [0] totalRateLimited = [0] totalRateLimitedTenants = [0] currBuffer = [0] 
2025-12-19 09:34:08,327 [TB-Scheduling-3] INFO  o.t.s.c.t.s.DefaultTransportService - Transport Stats: openConnections [0]
2025-12-19 09:34:18,277 [sql-log-1-thread-1] INFO  o.t.s.dao.sql.TbSqlBlockingQueue - Queue-0 [TS Latest] queueSize [0] totalAdded [4] totalSaved [4] totalFailed [0]
2025-12-19 09:34:18,423 [TB-Scheduling-3] INFO  o.t.s.d.u.AbstractBufferedRateExecutor - [Write] Permits queueSize = [0] totalAdded = [4] totalLaunched = [4] totalReleased = [4] totalFailed = [0] totalExpired = [0] totalRejected = [0] totalRateLimited = [0] totalRateLimitedTenants = [0] currBuffer = [0] 
2025-12-19 09:34:28,277 [sql-log-1-thread-1] INFO  o.t.s.dao.sql.TbSqlBlockingQueue - Queue-0 [TS Latest] queueSize [0] totalAdded [7] totalSaved [7] totalFailed [0]
2025-12-19 09:34:28,423 [TB-Scheduling-2] INFO  o.t.s.d.u.AbstractBufferedRateExecutor - [Write] Permits queueSize = [0] totalAdded = [7] totalLaunched = [7] totalReleased = [7] totalFailed = [0] totalExpired = [0] totalRejected = [0] totalRateLimited = [0] totalRateLimitedTenants = [0] currBuffer = [0] 
2025-12-19 09:35:08,328 [TB-Scheduling-3] INFO  o.t.s.c.t.s.DefaultTransportService - Transport Stats: openConnections [0]
2025-12-19 09:35:18,277 [sql-log-1-thread-1] INFO  o.t.s.dao.sql.TbSqlBlockingQueue - Queue-0 [TS Latest] queueSize [0] totalAdded [4] totalSaved [4] totalFailed [0]
2025-12-19 09:35:18,425 [TB-Scheduling-4] INFO  o.t.s.d.u.AbstractBufferedRateExecutor - [Write] Permits queueSize = [0] totalAdded = [4] totalLaunched = [4] totalReleased = [4] totalFailed = [0] totalExpired = [0] totalRejected = [0] totalRateLimited = [0] totalRateLimitedTenants = [0] currBuffer = [0] 
2025-12-19 09:35:28,277 [sql-log-1-thread-1] INFO  o.t.s.dao.sql.TbSqlBlockingQueue - Queue-0 [TS Latest] queueSize [0] totalAdded [7] totalSaved [7] totalFailed [0]
2025-12-19 09:35:28,425 [TB-Scheduling-2] INFO  o.t.s.d.u.AbstractBufferedRateExecutor - [Write] Permits queueSize = [0] totalAdded = [7] totalLaunched = [7] totalReleased = [7] totalFailed = [0] totalExpired = [0] totalRejected = [0] totalRateLimited = [0] totalRateLimitedTenants = [0] currBuffer = [0] 
2025-12-19 09:36:08,328 [TB-Scheduling-1] INFO  o.t.s.c.t.s.DefaultTransportService - Transport Stats: openConnections [0]
2025-12-19 09:36:18,277 [sql-log-1-thread-1] INFO  o.t.s.dao.sql.TbSqlBlockingQueue - Queue-0 [TS Latest] queueSize [0] totalAdded [4] totalSaved [4] totalFailed [0]
2025-12-19 09:36:18,427 [TB-Scheduling-2] INFO  o.t.s.d.u.AbstractBufferedRateExecutor - [Write] Permits queueSize = [0] totalAdded = [4] totalLaunched = [4] totalReleased = [4] totalFailed = [0] totalExpired = [0] totalRejected = [0] totalRateLimited = [0] totalRateLimitedTenants = [0] currBuffer = [0] 
2025-12-19 09:36:28,277 [sql-log-1-thread-1] INFO  o.t.s.dao.sql.TbSqlBlockingQueue - Queue-0 [TS Latest] queueSize [0] totalAdded [7] totalSaved [7] totalFailed [0]
2025-12-19 09:36:28,427 [TB-Scheduling-3] INFO  o.t.s.d.u.AbstractBufferedRateExecutor - [Write] Permits queueSize = [0] totalAdded = [7] totalLaunched = [7] totalReleased = [7] totalFailed = [0] totalExpired = [0] totalRejected = [0] totalRateLimited = [0] totalRateLimitedTenants = [0] currBuffer = [0] 
2025-12-19 09:37:08,329 [TB-Scheduling-4] INFO  o.t.s.c.t.s.DefaultTransportService - Transport Stats: openConnections [0]
2025-12-19 09:37:18,277 [sql-log-1-thread-1] INFO  o.t.s.dao.sql.TbSqlBlockingQueue - Queue-0 [TS Latest] queueSize [0] totalAdded [4] totalSaved [4] totalFailed [0]
2025-12-19 09:37:18,429 [TB-Scheduling-2] INFO  o.t.s.d.u.AbstractBufferedRateExecutor - [Write] Permits queueSize = [0] totalAdded = [4] totalLaunched = [4] totalReleased = [4] totalFailed = [0] totalExpired = [0] totalRejected = [0] totalRateLimited = [0] totalRateLimitedTenants = [0] currBuffer = [0] 
2025-12-19 09:37:38,277 [sql-log-1-thread-1] INFO  o.t.s.dao.sql.TbSqlBlockingQueue - Queue-0 [TS Latest] queueSize [0] totalAdded [7] totalSaved [7] totalFailed [0]
2025-12-19 09:37:38,429 [TB-Scheduling-4] INFO  o.t.s.d.u.AbstractBufferedRateExecutor - [Write] Permits queueSize = [0] totalAdded = [7] totalLaunched = [7] totalReleased = [7] totalFailed = [0] totalExpired = [0] totalRejected = [0] totalRateLimited = [0] totalRateLimitedTenants = [0] currBuffer = [0] 
2025-12-19 09:38:08,330 [TB-Scheduling-3] INFO  o.t.s.c.t.s.DefaultTransportService - Transport Stats: openConnections [0]
2025-12-19 09:38:18,277 [sql-log-1-thread-1] INFO  o.t.s.dao.sql.TbSqlBlockingQueue - Queue-0 [TS Latest] queueSize [0] totalAdded [4] totalSaved [4] totalFailed [0]
2025-12-19 09:38:18,431 [TB-Scheduling-2] INFO  o.t.s.d.u.AbstractBufferedRateExecutor - [Write] Permits queueSize = [0] totalAdded = [4] totalLaunched = [4] totalReleased = [4] totalFailed = [0] totalExpired = [0] totalRejected = [0] totalRateLimited = [0] totalRateLimitedTenants = [0] currBuffer = [0] 
2025-12-19 09:38:38,277 [sql-log-1-thread-1] INFO  o.t.s.dao.sql.TbSqlBlockingQueue - Queue-0 [TS Latest] queueSize [0] totalAdded [7] totalSaved [7] totalFailed [0]
2025-12-19 09:38:38,431 [TB-Scheduling-4] INFO  o.t.s.d.u.AbstractBufferedRateExecutor - [Write] Permits queueSize = [0] totalAdded = [7] totalLaunched = [7] totalReleased = [7] totalFailed = [0] totalExpired = [0] totalRejected = [0] totalRateLimited = [0] totalRateLimitedTenants = [0] currBuffer = [0] 
2025-12-19 09:39:08,332 [TB-Scheduling-3] INFO  o.t.s.c.t.s.DefaultTransportService - Transport Stats: openConnections [0]
2025-12-19 09:39:18,277 [sql-log-1-thread-1] INFO  o.t.s.dao.sql.TbSqlBlockingQueue - Queue-0 [TS Latest] queueSize [0] totalAdded [4] totalSaved [4] totalFailed [0]
2025-12-19 09:39:18,433 [TB-Scheduling-4] INFO  o.t.s.d.u.AbstractBufferedRateExecutor - [Write] Permits queueSize = [0] totalAdded = [4] totalLaunched = [4] totalReleased = [4] totalFailed = [0] totalExpired = [0] totalRejected = [0] totalRateLimited = [0] totalRateLimitedTenants = [0] currBuffer = [0] 
2025-12-19 09:39:38,277 [sql-log-1-thread-1] INFO  o.t.s.dao.sql.TbSqlBlockingQueue - Queue-0 [TS Latest] queueSize [0] totalAdded [7] totalSaved [7] totalFailed [0]
2025-12-19 09:39:38,433 [TB-Scheduling-4] INFO  o.t.s.d.u.AbstractBufferedRateExecutor - [Write] Permits queueSize = [0] totalAdded = [7] totalLaunched = [7] totalReleased = [7] totalFailed = [0] totalExpired = [0] totalRejected = [0] totalRateLimited = [0] totalRateLimitedTenants = [0] currBuffer = [0] 
2025-12-19 09:40:08,332 [TB-Scheduling-4] INFO  o.t.s.c.t.s.DefaultTransportService - Transport Stats: openConnections [0]
2025-12-19 09:40:18,277 [sql-log-1-thread-1] INFO  o.t.s.dao.sql.TbSqlBlockingQueue - Queue-0 [TS Latest] queueSize [0] totalAdded [4] totalSaved [4] totalFailed [0]
2025-12-19 09:40:18,434 [TB-Scheduling-1] INFO  o.t.s.d.u.AbstractBufferedRateExecutor - [Write] Permits queueSize = [0] totalAdded = [4] totalLaunched = [4] totalReleased = [4] totalFailed = [0] totalExpired = [0] totalRejected = [0] totalRateLimited = [0] totalRateLimitedTenants = [0] currBuffer = [0] 
2025-12-19 09:40:38,277 [sql-log-1-thread-1] INFO  o.t.s.dao.sql.TbSqlBlockingQueue - Queue-0 [TS Latest] queueSize [0] totalAdded [7] totalSaved [7] totalFailed [0]
2025-12-19 09:40:38,435 [TB-Scheduling-4] INFO  o.t.s.d.u.AbstractBufferedRateExecutor - [Write] Permits queueSize = [0] totalAdded = [7] totalLaunched = [7] totalReleased = [7] totalFailed = [0] totalExpired = [0] totalRejected = [0] totalRateLimited = [0] totalRateLimitedTenants = [0] currBuffer = [0] 
2025-12-19 09:41:08,333 [TB-Scheduling-1] INFO  o.t.s.c.t.s.DefaultTransportService - Transport Stats: openConnections [0]
2025-12-19 09:41:18,277 [sql-log-1-thread-1] INFO  o.t.s.dao.sql.TbSqlBlockingQueue - Queue-0 [TS Latest] queueSize [0] totalAdded [4] totalSaved [4] totalFailed [0]
2025-12-19 09:41:18,436 [TB-Scheduling-3] INFO  o.t.s.d.u.AbstractBufferedRateExecutor - [Write] Permits queueSize = [0] totalAdded = [4] totalLaunched = [4] totalReleased = [4] totalFailed = [0] totalExpired = [0] totalRejected = [0] totalRateLimited = [0] totalRateLimitedTenants = [0] currBuffer = [0] 
2025-12-19 09:41:38,277 [sql-log-1-thread-1] INFO  o.t.s.dao.sql.TbSqlBlockingQueue - Queue-0 [TS Latest] queueSize [0] totalAdded [7] totalSaved [7] totalFailed [0]
2025-12-19 09:41:38,437 [TB-Scheduling-3] INFO  o.t.s.d.u.AbstractBufferedRateExecutor - [Write] Permits queueSize = [0] totalAdded = [7] totalLaunched = [7] totalReleased = [7] totalFailed = [0] totalExpired = [0] totalRejected = [0] totalRateLimited = [0] totalRateLimitedTenants = [0] currBuffer = [0] 
2025-12-19 09:42:08,334 [TB-Scheduling-4] INFO  o.t.s.c.t.s.DefaultTransportService - Transport Stats: openConnections [0]
2025-12-19 09:42:18,277 [sql-log-1-thread-1] INFO  o.t.s.dao.sql.TbSqlBlockingQueue - Queue-0 [TS Latest] queueSize [0] totalAdded [4] totalSaved [4] totalFailed [0]
2025-12-19 09:42:18,438 [TB-Scheduling-2] INFO  o.t.s.d.u.AbstractBufferedRateExecutor - [Write] Permits queueSize = [0] totalAdded = [4] totalLaunched = [4] totalReleased = [4] totalFailed = [0] totalExpired = [0] totalRejected = [0] totalRateLimited = [0] totalRateLimitedTenants = [0] currBuffer = [0] 
2025-12-19 09:42:38,277 [sql-log-1-thread-1] INFO  o.t.s.dao.sql.TbSqlBlockingQueue - Queue-0 [TS Latest] queueSize [0] totalAdded [7] totalSaved [7] totalFailed [0]
2025-12-19 09:42:38,439 [TB-Scheduling-3] INFO  o.t.s.d.u.AbstractBufferedRateExecutor - [Write] Permits queueSize = [0] totalAdded = [7] totalLaunched = [7] totalReleased = [7] totalFailed = [0] totalExpired = [0] totalRejected = [0] totalRateLimited = [0] totalRateLimitedTenants = [0] currBuffer = [0] 
2025-12-19 09:43:08,334 [TB-Scheduling-3] INFO  o.t.s.c.t.s.DefaultTransportService - Transport Stats: openConnections [0]
2025-12-19 09:43:18,277 [sql-log-1-thread-1] INFO  o.t.s.dao.sql.TbSqlBlockingQueue - Queue-0 [TS Latest] queueSize [0] totalAdded [4] totalSaved [4] totalFailed [0]
2025-12-19 09:43:18,440 [TB-Scheduling-3] INFO  o.t.s.d.u.AbstractBufferedRateExecutor - [Write] Permits queueSize = [0] totalAdded = [4] totalLaunched = [4] totalReleased = [4] totalFailed = [0] totalExpired = [0] totalRejected = [0] totalRateLimited = [0] totalRateLimitedTenants = [0] currBuffer = [0] 
2025-12-19 09:43:38,277 [sql-log-1-thread-1] INFO  o.t.s.dao.sql.TbSqlBlockingQueue - Queue-0 [TS Latest] queueSize [0] totalAdded [7] totalSaved [7] totalFailed [0]
2025-12-19 09:43:38,441 [TB-Scheduling-3] INFO  o.t.s.d.u.AbstractBufferedRateExecutor - [Write] Permits queueSize = [0] totalAdded = [7] totalLaunched = [7] totalReleased = [7] totalFailed = [0] totalExpired = [0] totalRejected = [0] totalRateLimited = [0] totalRateLimitedTenants = [0] currBuffer = [0] 
2025-12-19 09:44:08,335 [TB-Scheduling-1] INFO  o.t.s.c.t.s.DefaultTransportService - Transport Stats: openConnections [0]
2025-12-19 09:44:18,277 [sql-log-1-thread-1] INFO  o.t.s.dao.sql.TbSqlBlockingQueue - Queue-0 [TS Latest] queueSize [0] totalAdded [4] totalSaved [4] totalFailed [0]
2025-12-19 09:44:18,442 [TB-Scheduling-1] INFO  o.t.s.d.u.AbstractBufferedRateExecutor - [Write] Permits queueSize = [0] totalAdded = [4] totalLaunched = [4] totalReleased = [4] totalFailed = [0] totalExpired = [0] totalRejected = [0] totalRateLimited = [0] totalRateLimitedTenants = [0] currBuffer = [0] 
2025-12-19 09:44:38,277 [sql-log-1-thread-1] INFO  o.t.s.dao.sql.TbSqlBlockingQueue - Queue-0 [TS Latest] queueSize [0] totalAdded [7] totalSaved [7] totalFailed [0]
2025-12-19 09:44:38,443 [TB-Scheduling-4] INFO  o.t.s.d.u.AbstractBufferedRateExecutor - [Write] Permits queueSize = [0] totalAdded = [7] totalLaunched = [7] totalReleased = [7] totalFailed = [0] totalExpired = [0] totalRejected = [0] totalRateLimited = [0] totalRateLimitedTenants = [0] currBuffer = [0] 
2025-12-19 09:45:08,336 [TB-Scheduling-3] INFO  o.t.s.c.t.s.DefaultTransportService - Transport Stats: openConnections [0]
2025-12-19 09:45:18,277 [sql-log-1-thread-1] INFO  o.t.s.dao.sql.TbSqlBlockingQueue - Queue-0 [TS Latest] queueSize [0] totalAdded [4] totalSaved [4] totalFailed [0]
2025-12-19 09:45:18,444 [TB-Scheduling-4] INFO  o.t.s.d.u.AbstractBufferedRateExecutor - [Write] Permits queueSize = [0] totalAdded = [4] totalLaunched = [4] totalReleased = [4] totalFailed = [0] totalExpired = [0] totalRejected = [0] totalRateLimited = [0] totalRateLimitedTenants = [0] currBuffer = [0] 
2025-12-19 09:45:38,277 [sql-log-1-thread-1] INFO  o.t.s.dao.sql.TbSqlBlockingQueue - Queue-0 [TS Latest] queueSize [0] totalAdded [7] totalSaved [7] totalFailed [0]
2025-12-19 09:45:38,444 [TB-Scheduling-1] INFO  o.t.s.d.u.AbstractBufferedRateExecutor - [Write] Permits queueSize = [0] totalAdded = [7] totalLaunched = [7] totalReleased = [7] totalFailed = [0] totalExpired = [0] totalRejected = [0] totalRateLimited = [0] totalRateLimitedTenants = [0] currBuffer = [0] 
2025-12-19 09:46:08,337 [TB-Scheduling-3] INFO  o.t.s.c.t.s.DefaultTransportService - Transport Stats: openConnections [0]
2025-12-19 09:46:18,277 [sql-log-1-thread-1] INFO  o.t.s.dao.sql.TbSqlBlockingQueue - Queue-0 [TS Latest] queueSize [0] totalAdded [4] totalSaved [4] totalFailed [0]
2025-12-19 09:46:18,445 [TB-Scheduling-2] INFO  o.t.s.d.u.AbstractBufferedRateExecutor - [Write] Permits queueSize = [0] totalAdded = [4] totalLaunched = [4] totalReleased = [4] totalFailed = [0] totalExpired = [0] totalRejected = [0] totalRateLimited = [0] totalRateLimitedTenants = [0] currBuffer = [0] 
2025-12-19 09:46:38,277 [sql-log-1-thread-1] INFO  o.t.s.dao.sql.TbSqlBlockingQueue - Queue-0 [TS Latest] queueSize [0] totalAdded [7] totalSaved [7] totalFailed [0]
2025-12-19 09:46:38,446 [TB-Scheduling-1] INFO  o.t.s.d.u.AbstractBufferedRateExecutor - [Write] Permits queueSize = [0] totalAdded = [7] totalLaunched = [7] totalReleased = [7] totalFailed = [0] totalExpired = [0] totalRejected = [0] totalRateLimited = [0] totalRateLimitedTenants = [0] currBuffer = [0] 
2025-12-19 09:47:08,338 [TB-Scheduling-2] INFO  o.t.s.c.t.s.DefaultTransportService - Transport Stats: openConnections [0]
2025-12-19 09:47:18,277 [sql-log-1-thread-1] INFO  o.t.s.dao.sql.TbSqlBlockingQueue - Queue-0 [TS Latest] queueSize [0] totalAdded [4] totalSaved [4] totalFailed [0]
2025-12-19 09:47:18,448 [TB-Scheduling-2] INFO  o.t.s.d.u.AbstractBufferedRateExecutor - [Write] Permits queueSize = [0] totalAdded = [4] totalLaunched = [4] totalReleased = [4] totalFailed = [0] totalExpired = [0] totalRejected = [0] totalRateLimited = [0] totalRateLimitedTenants = [0] currBuffer = [0] 
2025-12-19 09:47:48,277 [sql-log-1-thread-1] INFO  o.t.s.dao.sql.TbSqlBlockingQueue - Queue-0 [TS Latest] queueSize [0] totalAdded [7] totalSaved [7] totalFailed [0]
2025-12-19 09:47:48,448 [TB-Scheduling-3] INFO  o.t.s.d.u.AbstractBufferedRateExecutor - [Write] Permits queueSize = [0] totalAdded = [7] totalLaunched = [7] totalReleased = [7] totalFailed = [0] totalExpired = [0] totalRejected = [0] totalRateLimited = [0] totalRateLimitedTenants = [0] currBuffer = [0] 
2025-12-19 09:48:08,339 [TB-Scheduling-3] INFO  o.t.s.c.t.s.DefaultTransportService - Transport Stats: openConnections [0]
2025-12-19 09:48:18,277 [sql-log-1-thread-1] INFO  o.t.s.dao.sql.TbSqlBlockingQueue - Queue-0 [TS Latest] queueSize [0] totalAdded [4] totalSaved [4] totalFailed [0]
2025-12-19 09:48:18,449 [TB-Scheduling-1] INFO  o.t.s.d.u.AbstractBufferedRateExecutor - [Write] Permits queueSize = [0] totalAdded = [4] totalLaunched = [4] totalReleased = [4] totalFailed = [0] totalExpired = [0] totalRejected = [0] totalRateLimited = [0] totalRateLimitedTenants = [0] currBuffer = [0] 
2025-12-19 09:48:48,277 [sql-log-1-thread-1] INFO  o.t.s.dao.sql.TbSqlBlockingQueue - Queue-0 [TS Latest] queueSize [0] totalAdded [7] totalSaved [7] totalFailed [0]
2025-12-19 09:48:48,450 [TB-Scheduling-3] INFO  o.t.s.d.u.AbstractBufferedRateExecutor - [Write] Permits queueSize = [0] totalAdded = [7] totalLaunched = [7] totalReleased = [7] totalFailed = [0] totalExpired = [0] totalRejected = [0] totalRateLimited = [0] totalRateLimitedTenants = [0] currBuffer = [0] 
2025-12-19 09:49:08,340 [TB-Scheduling-4] INFO  o.t.s.c.t.s.DefaultTransportService - Transport Stats: openConnections [0]
2025-12-19 09:49:18,277 [sql-log-1-thread-1] INFO  o.t.s.dao.sql.TbSqlBlockingQueue - Queue-0 [TS Latest] queueSize [0] totalAdded [4] totalSaved [4] totalFailed [0]
2025-12-19 09:49:18,451 [TB-Scheduling-3] INFO  o.t.s.d.u.AbstractBufferedRateExecutor - [Write] Permits queueSize = [0] totalAdded = [4] totalLaunched = [4] totalReleased = [4] totalFailed = [0] totalExpired = [0] totalRejected = [0] totalRateLimited = [0] totalRateLimitedTenants = [0] currBuffer = [0] 
2025-12-19 09:49:48,277 [sql-log-1-thread-1] INFO  o.t.s.dao.sql.TbSqlBlockingQueue - Queue-0 [TS Latest] queueSize [0] totalAdded [7] totalSaved [7] totalFailed [0]
2025-12-19 09:49:48,452 [TB-Scheduling-4] INFO  o.t.s.d.u.AbstractBufferedRateExecutor - [Write] Permits queueSize = [0] totalAdded = [7] totalLaunched = [7] totalReleased = [7] totalFailed = [0] totalExpired = [0] totalRejected = [0] totalRateLimited = [0] totalRateLimitedTenants = [0] currBuffer = [0] 
2025-12-19 09:50:08,340 [TB-Scheduling-2] INFO  o.t.s.c.t.s.DefaultTransportService - Transport Stats: openConnections [0]
2025-12-19 09:50:18,277 [sql-log-1-thread-1] INFO  o.t.s.dao.sql.TbSqlBlockingQueue - Queue-0 [TS Latest] queueSize [0] totalAdded [4] totalSaved [4] totalFailed [0]
2025-12-19 09:50:18,453 [TB-Scheduling-2] INFO  o.t.s.d.u.AbstractBufferedRateExecutor - [Write] Permits queueSize = [0] totalAdded = [4] totalLaunched = [4] totalReleased = [4] totalFailed = [0] totalExpired = [0] totalRejected = [0] totalRateLimited = [0] totalRateLimitedTenants = [0] currBuffer = [0] 
2025-12-19 09:50:48,277 [sql-log-1-thread-1] INFO  o.t.s.dao.sql.TbSqlBlockingQueue - Queue-0 [TS Latest] queueSize [0] totalAdded [7] totalSaved [7] totalFailed [0]
2025-12-19 09:50:48,454 [TB-Scheduling-3] INFO  o.t.s.d.u.AbstractBufferedRateExecutor - [Write] Permits queueSize = [0] totalAdded = [7] totalLaunched = [7] totalReleased = [7] totalFailed = [0] totalExpired = [0] totalRejected = [0] totalRateLimited = [0] totalRateLimitedTenants = [0] currBuffer = [0] 
2025-12-19 09:51:08,341 [TB-Scheduling-4] INFO  o.t.s.c.t.s.DefaultTransportService - Transport Stats: openConnections [0]
2025-12-19 09:51:18,277 [sql-log-1-thread-1] INFO  o.t.s.dao.sql.TbSqlBlockingQueue - Queue-0 [TS Latest] queueSize [0] totalAdded [4] totalSaved [4] totalFailed [0]
2025-12-19 09:51:18,455 [TB-Scheduling-3] INFO  o.t.s.d.u.AbstractBufferedRateExecutor - [Write] Permits queueSize = [0] totalAdded = [4] totalLaunched = [4] totalReleased = [4] totalFailed = [0] totalExpired = [0] totalRejected = [0] totalRateLimited = [0] totalRateLimitedTenants = [0] currBuffer = [0] 
2025-12-19 09:51:48,277 [sql-log-1-thread-1] INFO  o.t.s.dao.sql.TbSqlBlockingQueue - Queue-0 [TS Latest] queueSize [0] totalAdded [7] totalSaved [7] totalFailed [0]
2025-12-19 09:51:48,456 [TB-Scheduling-3] INFO  o.t.s.d.u.AbstractBufferedRateExecutor - [Write] Permits queueSize = [0] totalAdded = [7] totalLaunched = [7] totalReleased = [7] totalFailed = [0] totalExpired = [0] totalRejected = [0] totalRateLimited = [0] totalRateLimitedTenants = [0] currBuffer = [0] 
2025-12-19 09:52:08,341 [TB-Scheduling-3] INFO  o.t.s.c.t.s.DefaultTransportService - Transport Stats: openConnections [0]
2025-12-19 09:52:18,277 [sql-log-1-thread-1] INFO  o.t.s.dao.sql.TbSqlBlockingQueue - Queue-0 [TS Latest] queueSize [0] totalAdded [4] totalSaved [4] totalFailed [0]
2025-12-19 09:52:18,457 [TB-Scheduling-2] INFO  o.t.s.d.u.AbstractBufferedRateExecutor - [Write] Permits queueSize = [0] totalAdded = [4] totalLaunched = [4] totalReleased = [4] totalFailed = [0] totalExpired = [0] totalRejected = [0] totalRateLimited = [0] totalRateLimitedTenants = [0] currBuffer = [0] 
2025-12-19 09:52:48,277 [sql-log-1-thread-1] INFO  o.t.s.dao.sql.TbSqlBlockingQueue - Queue-0 [TS Latest] queueSize [0] totalAdded [7] totalSaved [7] totalFailed [0]
2025-12-19 09:52:48,458 [TB-Scheduling-2] INFO  o.t.s.d.u.AbstractBufferedRateExecutor - [Write] Permits queueSize = [0] totalAdded = [7] totalLaunched = [7] totalReleased = [7] totalFailed = [0] totalExpired = [0] totalRejected = [0] totalRateLimited = [0] totalRateLimitedTenants = [0] currBuffer = [0] 
2025-12-19 09:53:08,342 [TB-Scheduling-1] INFO  o.t.s.c.t.s.DefaultTransportService - Transport Stats: openConnections [0]
2025-12-19 09:53:18,277 [sql-log-1-thread-1] INFO  o.t.s.dao.sql.TbSqlBlockingQueue - Queue-0 [TS Latest] queueSize [0] totalAdded [4] totalSaved [4] totalFailed [0]
2025-12-19 09:53:18,459 [TB-Scheduling-2] INFO  o.t.s.d.u.AbstractBufferedRateExecutor - [Write] Permits queueSize = [0] totalAdded = [4] totalLaunched = [4] totalReleased = [4] totalFailed = [0] totalExpired = [0] totalRejected = [0] totalRateLimited = [0] totalRateLimitedTenants = [0] currBuffer = [0] 
2025-12-19 09:53:48,277 [sql-log-1-thread-1] INFO  o.t.s.dao.sql.TbSqlBlockingQueue - Queue-0 [TS Latest] queueSize [0] totalAdded [7] totalSaved [7] totalFailed [0]
2025-12-19 09:53:48,460 [TB-Scheduling-1] INFO  o.t.s.d.u.AbstractBufferedRateExecutor - [Write] Permits queueSize = [0] totalAdded = [7] totalLaunched = [7] totalReleased = [7] totalFailed = [0] totalExpired = [0] totalRejected = [0] totalRateLimited = [0] totalRateLimitedTenants = [0] currBuffer = [0] 
2025-12-19 09:54:08,343 [TB-Scheduling-4] INFO  o.t.s.c.t.s.DefaultTransportService - Transport Stats: openConnections [0]
2025-12-19 09:54:18,277 [sql-log-1-thread-1] INFO  o.t.s.dao.sql.TbSqlBlockingQueue - Queue-0 [TS Latest] queueSize [0] totalAdded [4] totalSaved [4] totalFailed [0]
2025-12-19 09:54:18,461 [TB-Scheduling-2] INFO  o.t.s.d.u.AbstractBufferedRateExecutor - [Write] Permits queueSize = [0] totalAdded = [4] totalLaunched = [4] totalReleased = [4] totalFailed = [0] totalExpired = [0] totalRejected = [0] totalRateLimited = [0] totalRateLimitedTenants = [0] currBuffer = [0] 
2025-12-19 09:54:48,277 [sql-log-1-thread-1] INFO  o.t.s.dao.sql.TbSqlBlockingQueue - Queue-0 [TS Latest] queueSize [0] totalAdded [7] totalSaved [7] totalFailed [0]
2025-12-19 09:54:48,462 [TB-Scheduling-4] INFO  o.t.s.d.u.AbstractBufferedRateExecutor - [Write] Permits queueSize = [0] totalAdded = [7] totalLaunched = [7] totalReleased = [7] totalFailed = [0] totalExpired = [0] totalRejected = [0] totalRateLimited = [0] totalRateLimitedTenants = [0] currBuffer = [0] 
2025-12-19 09:55:08,344 [TB-Scheduling-1] INFO  o.t.s.c.t.s.DefaultTransportService - Transport Stats: openConnections [0]
2025-12-19 09:55:18,277 [sql-log-1-thread-1] INFO  o.t.s.dao.sql.TbSqlBlockingQueue - Queue-0 [TS Latest] queueSize [0] totalAdded [4] totalSaved [4] totalFailed [0]
2025-12-19 09:55:18,463 [TB-Scheduling-4] INFO  o.t.s.d.u.AbstractBufferedRateExecutor - [Write] Permits queueSize = [0] totalAdded = [4] totalLaunched = [4] totalReleased = [4] totalFailed = [0] totalExpired = [0] totalRejected = [0] totalRateLimited = [0] totalRateLimitedTenants = [0] currBuffer = [0] 
2025-12-19 09:55:48,277 [sql-log-1-thread-1] INFO  o.t.s.dao.sql.TbSqlBlockingQueue - Queue-0 [TS Latest] queueSize [0] totalAdded [7] totalSaved [7] totalFailed [0]
2025-12-19 09:55:48,464 [TB-Scheduling-2] INFO  o.t.s.d.u.AbstractBufferedRateExecutor - [Write] Permits queueSize = [0] totalAdded = [7] totalLaunched = [7] totalReleased = [7] totalFailed = [0] totalExpired = [0] totalRejected = [0] totalRateLimited = [0] totalRateLimitedTenants = [0] currBuffer = [0] 
2025-12-19 09:56:08,345 [TB-Scheduling-4] INFO  o.t.s.c.t.s.DefaultTransportService - Transport Stats: openConnections [0]
2025-12-19 09:56:18,277 [sql-log-1-thread-1] INFO  o.t.s.dao.sql.TbSqlBlockingQueue - Queue-0 [TS Latest] queueSize [0] totalAdded [4] totalSaved [4] totalFailed [0]
2025-12-19 09:56:18,465 [TB-Scheduling-1] INFO  o.t.s.d.u.AbstractBufferedRateExecutor - [Write] Permits queueSize = [0] totalAdded = [4] totalLaunched = [4] totalReleased = [4] totalFailed = [0] totalExpired = [0] totalRejected = [0] totalRateLimited = [0] totalRateLimitedTenants = [0] currBuffer = [0] 
2025-12-19 09:56:48,277 [sql-log-1-thread-1] INFO  o.t.s.dao.sql.TbSqlBlockingQueue - Queue-0 [TS Latest] queueSize [0] totalAdded [7] totalSaved [7] totalFailed [0]
2025-12-19 09:56:48,568 [TB-Scheduling-2] INFO  o.t.s.d.u.AbstractBufferedRateExecutor - [Write] Permits queueSize = [0] totalAdded = [7] totalLaunched = [7] totalReleased = [7] totalFailed = [0] totalExpired = [0] totalRejected = [0] totalRateLimited = [0] totalRateLimitedTenants = [0] currBuffer = [0] 
2025-12-19 09:57:03,040 [TB-Scheduling-2] INFO  o.t.s.dao.sql.event.JpaBaseEventDao - Going to cleanup debug events with exp time: 1765533423039
2025-12-19 09:57:08,346 [TB-Scheduling-3] INFO  o.t.s.c.t.s.DefaultTransportService - Transport Stats: openConnections [0]
2025-12-19 09:57:18,277 [sql-log-1-thread-1] INFO  o.t.s.dao.sql.TbSqlBlockingQueue - Queue-0 [TS Latest] queueSize [0] totalAdded [4] totalSaved [4] totalFailed [0]
2025-12-19 09:57:18,569 [TB-Scheduling-3] INFO  o.t.s.d.u.AbstractBufferedRateExecutor - [Write] Permits queueSize = [0] totalAdded = [4] totalLaunched = [4] totalReleased = [4] totalFailed = [0] totalExpired = [0] totalRejected = [0] totalRateLimited = [0] totalRateLimitedTenants = [0] currBuffer = [0] 
2025-12-19 09:57:58,277 [sql-log-1-thread-1] INFO  o.t.s.dao.sql.TbSqlBlockingQueue - Queue-0 [TS Latest] queueSize [0] totalAdded [7] totalSaved [7] totalFailed [0]
2025-12-19 09:57:58,570 [TB-Scheduling-1] INFO  o.t.s.d.u.AbstractBufferedRateExecutor - [Write] Permits queueSize = [0] totalAdded = [7] totalLaunched = [7] totalReleased = [7] totalFailed = [0] totalExpired = [0] totalRejected = [0] totalRateLimited = [0] totalRateLimitedTenants = [0] currBuffer = [0] 
2025-12-19 09:58:08,347 [TB-Scheduling-4] INFO  o.t.s.c.t.s.DefaultTransportService - Transport Stats: openConnections [0]
2025-12-19 09:58:18,277 [sql-log-1-thread-1] INFO  o.t.s.dao.sql.TbSqlBlockingQueue - Queue-0 [TS Latest] queueSize [0] totalAdded [4] totalSaved [4] totalFailed [0]
2025-12-19 09:58:18,571 [TB-Scheduling-4] INFO  o.t.s.d.u.AbstractBufferedRateExecutor - [Write] Permits queueSize = [0] totalAdded = [4] totalLaunched = [4] totalReleased = [4] totalFailed = [0] totalExpired = [0] totalRejected = [0] totalRateLimited = [0] totalRateLimitedTenants = [0] currBuffer = [0] 
2025-12-19 09:58:58,277 [sql-log-1-thread-1] INFO  o.t.s.dao.sql.TbSqlBlockingQueue - Queue-0 [TS Latest] queueSize [0] totalAdded [7] totalSaved [7] totalFailed [0]
2025-12-19 09:58:58,572 [TB-Scheduling-4] INFO  o.t.s.d.u.AbstractBufferedRateExecutor - [Write] Permits queueSize = [0] totalAdded = [7] totalLaunched = [7] totalReleased = [7] totalFailed = [0] totalExpired = [0] totalRejected = [0] totalRateLimited = [0] totalRateLimitedTenants = [0] currBuffer = [0] 
2025-12-19 09:59:08,347 [TB-Scheduling-1] INFO  o.t.s.c.t.s.DefaultTransportService - Transport Stats: openConnections [0]
2025-12-19 09:59:18,277 [sql-log-1-thread-1] INFO  o.t.s.dao.sql.TbSqlBlockingQueue - Queue-0 [TS Latest] queueSize [0] totalAdded [4] totalSaved [4] totalFailed [0]
2025-12-19 09:59:18,573 [TB-Scheduling-4] INFO  o.t.s.d.u.AbstractBufferedRateExecutor - [Write] Permits queueSize = [0] totalAdded = [4] totalLaunched = [4] totalReleased = [4] totalFailed = [0] totalExpired = [0] totalRejected = [0] totalRateLimited = [0] totalRateLimitedTenants = [0] currBuffer = [0] 
2025-12-19 09:59:58,277 [sql-log-1-thread-1] INFO  o.t.s.dao.sql.TbSqlBlockingQueue - Queue-0 [TS Latest] queueSize [0] totalAdded [7] totalSaved [7] totalFailed [0]
2025-12-19 09:59:58,574 [TB-Scheduling-3] INFO  o.t.s.d.u.AbstractBufferedRateExecutor - [Write] Permits queueSize = [0] totalAdded = [7] totalLaunched = [7] totalReleased = [7] totalFailed = [0] totalExpired = [0] totalRejected = [0] totalRateLimited = [0] totalRateLimitedTenants = [0] currBuffer = [0] 
2025-12-19 10:00:08,348 [TB-Scheduling-2] INFO  o.t.s.c.t.s.DefaultTransportService - Transport Stats: openConnections [0]
2025-12-19 10:00:18,277 [sql-log-1-thread-1] INFO  o.t.s.dao.sql.TbSqlBlockingQueue - Queue-0 [TS Latest] queueSize [0] totalAdded [4] totalSaved [4] totalFailed [0]
2025-12-19 10:00:18,575 [TB-Scheduling-3] INFO  o.t.s.d.u.AbstractBufferedRateExecutor - [Write] Permits queueSize = [0] totalAdded = [4] totalLaunched = [4] totalReleased = [4] totalFailed = [0] totalExpired = [0] totalRejected = [0] totalRateLimited = [0] totalRateLimitedTenants = [0] currBuffer = [0] 
2025-12-19 10:00:58,277 [sql-log-1-thread-1] INFO  o.t.s.dao.sql.TbSqlBlockingQueue - Queue-0 [TS Latest] queueSize [0] totalAdded [9] totalSaved [9] totalFailed [0]
2025-12-19 10:00:58,576 [TB-Scheduling-3] INFO  o.t.s.d.u.AbstractBufferedRateExecutor - [Write] Permits queueSize = [0] totalAdded = [9] totalLaunched = [9] totalReleased = [9] totalFailed = [0] totalExpired = [0] totalRejected = [0] totalRateLimited = [0] totalRateLimitedTenants = [0] currBuffer = [0] 
2025-12-19 10:01:08,349 [TB-Scheduling-1] INFO  o.t.s.c.t.s.DefaultTransportService - Transport Stats: openConnections [0]
2025-12-19 10:01:18,277 [sql-log-1-thread-1] INFO  o.t.s.dao.sql.TbSqlBlockingQueue - Queue-0 [TS Latest] queueSize [0] totalAdded [4] totalSaved [4] totalFailed [0]
2025-12-19 10:01:18,577 [TB-Scheduling-2] INFO  o.t.s.d.u.AbstractBufferedRateExecutor - [Write] Permits queueSize = [0] totalAdded = [4] totalLaunched = [4] totalReleased = [4] totalFailed = [0] totalExpired = [0] totalRejected = [0] totalRateLimited = [0] totalRateLimitedTenants = [0] currBuffer = [0] 
2025-12-19 10:01:58,277 [sql-log-1-thread-1] INFO  o.t.s.dao.sql.TbSqlBlockingQueue - Queue-0 [TS Latest] queueSize [0] totalAdded [7] totalSaved [7] totalFailed [0]
2025-12-19 10:01:58,579 [TB-Scheduling-4] INFO  o.t.s.d.u.AbstractBufferedRateExecutor - [Write] Permits queueSize = [0] totalAdded = [7] totalLaunched = [7] totalReleased = [7] totalFailed = [0] totalExpired = [0] totalRejected = [0] totalRateLimited = [0] totalRateLimitedTenants = [0] currBuffer = [0] 
2025-12-19 10:02:08,350 [TB-Scheduling-3] INFO  o.t.s.c.t.s.DefaultTransportService - Transport Stats: openConnections [0]
2025-12-19 10:02:18,277 [sql-log-1-thread-1] INFO  o.t.s.dao.sql.TbSqlBlockingQueue - Queue-0 [TS Latest] queueSize [0] totalAdded [4] totalSaved [4] totalFailed [0]
2025-12-19 10:02:18,579 [TB-Scheduling-2] INFO  o.t.s.d.u.AbstractBufferedRateExecutor - [Write] Permits queueSize = [0] totalAdded = [4] totalLaunched = [4] totalReleased = [4] totalFailed = [0] totalExpired = [0] totalRejected = [0] totalRateLimited = [0] totalRateLimitedTenants = [0] currBuffer = [0] 
2025-12-19 10:02:58,277 [sql-log-1-thread-1] INFO  o.t.s.dao.sql.TbSqlBlockingQueue - Queue-0 [TS Latest] queueSize [0] totalAdded [7] totalSaved [7] totalFailed [0]
2025-12-19 10:02:58,581 [TB-Scheduling-4] INFO  o.t.s.d.u.AbstractBufferedRateExecutor - [Write] Permits queueSize = [0] totalAdded = [7] totalLaunched = [7] totalReleased = [7] totalFailed = [0] totalExpired = [0] totalRejected = [0] totalRateLimited = [0] totalRateLimitedTenants = [0] currBuffer = [0] 
2025-12-19 10:03:08,350 [TB-Scheduling-3] INFO  o.t.s.c.t.s.DefaultTransportService - Transport Stats: openConnections [0]
2025-12-19 10:03:18,277 [sql-log-1-thread-1] INFO  o.t.s.dao.sql.TbSqlBlockingQueue - Queue-0 [TS Latest] queueSize [0] totalAdded [4] totalSaved [4] totalFailed [0]
2025-12-19 10:03:18,582 [TB-Scheduling-4] INFO  o.t.s.d.u.AbstractBufferedRateExecutor - [Write] Permits queueSize = [0] totalAdded = [4] totalLaunched = [4] totalReleased = [4] totalFailed = [0] totalExpired = [0] totalRejected = [0] totalRateLimited = [0] totalRateLimitedTenants = [0] currBuffer = [0] 
2025-12-19 10:03:58,277 [sql-log-1-thread-1] INFO  o.t.s.dao.sql.TbSqlBlockingQueue - Queue-0 [TS Latest] queueSize [0] totalAdded [8] totalSaved [8] totalFailed [0]
2025-12-19 10:03:58,583 [TB-Scheduling-3] INFO  o.t.s.d.u.AbstractBufferedRateExecutor - [Write] Permits queueSize = [0] totalAdded = [8] totalLaunched = [8] totalReleased = [8] totalFailed = [0] totalExpired = [0] totalRejected = [0] totalRateLimited = [0] totalRateLimitedTenants = [0] currBuffer = [0] 
2025-12-19 10:04:08,351 [TB-Scheduling-2] INFO  o.t.s.c.t.s.DefaultTransportService - Transport Stats: openConnections [0]
2025-12-19 10:04:18,277 [sql-log-1-thread-1] INFO  o.t.s.dao.sql.TbSqlBlockingQueue - Queue-0 [TS Latest] queueSize [0] totalAdded [4] totalSaved [4] totalFailed [0]
2025-12-19 10:04:18,584 [TB-Scheduling-3] INFO  o.t.s.d.u.AbstractBufferedRateExecutor - [Write] Permits queueSize = [0] totalAdded = [4] totalLaunched = [4] totalReleased = [4] totalFailed = [0] totalExpired = [0] totalRejected = [0] totalRateLimited = [0] totalRateLimitedTenants = [0] currBuffer = [0] 
2025-12-19 10:04:58,277 [sql-log-1-thread-1] INFO  o.t.s.dao.sql.TbSqlBlockingQueue - Queue-0 [TS Latest] queueSize [0] totalAdded [7] totalSaved [7] totalFailed [0]
2025-12-19 10:04:58,585 [TB-Scheduling-1] INFO  o.t.s.d.u.AbstractBufferedRateExecutor - [Write] Permits queueSize = [0] totalAdded = [7] totalLaunched = [7] totalReleased = [7] totalFailed = [0] totalExpired = [0] totalRejected = [0] totalRateLimited = [0] totalRateLimitedTenants = [0] currBuffer = [0] 
2025-12-19 10:05:08,352 [TB-Scheduling-2] INFO  o.t.s.c.t.s.DefaultTransportService - Transport Stats: openConnections [0]
2025-12-19 10:05:18,277 [sql-log-1-thread-1] INFO  o.t.s.dao.sql.TbSqlBlockingQueue - Queue-0 [TS Latest] queueSize [0] totalAdded [4] totalSaved [4] totalFailed [0]
2025-12-19 10:05:18,586 [TB-Scheduling-1] INFO  o.t.s.d.u.AbstractBufferedRateExecutor - [Write] Permits queueSize = [0] totalAdded = [4] totalLaunched = [4] totalReleased = [4] totalFailed = [0] totalExpired = [0] totalRejected = [0] totalRateLimited = [0] totalRateLimitedTenants = [0] currBuffer = [0] 
2025-12-19 10:05:58,277 [sql-log-1-thread-1] INFO  o.t.s.dao.sql.TbSqlBlockingQueue - Queue-0 [TS Latest] queueSize [0] totalAdded [7] totalSaved [7] totalFailed [0]
2025-12-19 10:05:58,587 [TB-Scheduling-4] INFO  o.t.s.d.u.AbstractBufferedRateExecutor - [Write] Permits queueSize = [0] totalAdded = [7] totalLaunched = [7] totalReleased = [7] totalFailed = [0] totalExpired = [0] totalRejected = [0] totalRateLimited = [0] totalRateLimitedTenants = [0] currBuffer = [0] 
2025-12-19 10:06:08,352 [TB-Scheduling-3] INFO  o.t.s.c.t.s.DefaultTransportService - Transport Stats: openConnections [0]
2025-12-19 10:06:18,277 [sql-log-1-thread-1] INFO  o.t.s.dao.sql.TbSqlBlockingQueue - Queue-0 [TS Latest] queueSize [0] totalAdded [4] totalSaved [4] totalFailed [0]
2025-12-19 10:06:18,588 [TB-Scheduling-2] INFO  o.t.s.d.u.AbstractBufferedRateExecutor - [Write] Permits queueSize = [0] totalAdded = [4] totalLaunched = [4] totalReleased = [4] totalFailed = [0] totalExpired = [0] totalRejected = [0] totalRateLimited = [0] totalRateLimitedTenants = [0] currBuffer = [0] 
2025-12-19 10:06:58,277 [sql-log-1-thread-1] INFO  o.t.s.dao.sql.TbSqlBlockingQueue - Queue-0 [TS Latest] queueSize [0] totalAdded [7] totalSaved [7] totalFailed [0]
2025-12-19 10:06:58,589 [TB-Scheduling-2] INFO  o.t.s.d.u.AbstractBufferedRateExecutor - [Write] Permits queueSize = [0] totalAdded = [7] totalLaunched = [7] totalReleased = [7] totalFailed = [0] totalExpired = [0] totalRejected = [0] totalRateLimited = [0] totalRateLimitedTenants = [0] currBuffer = [0] 
2025-12-19 10:07:08,353 [TB-Scheduling-1] INFO  o.t.s.c.t.s.DefaultTransportService - Transport Stats: openConnections [0]
2025-12-19 10:07:18,277 [sql-log-1-thread-1] INFO  o.t.s.dao.sql.TbSqlBlockingQueue - Queue-0 [TS Latest] queueSize [0] totalAdded [4] totalSaved [4] totalFailed [0]
2025-12-19 10:07:18,590 [TB-Scheduling-3] INFO  o.t.s.d.u.AbstractBufferedRateExecutor - [Write] Permits queueSize = [0] totalAdded = [4] totalLaunched = [4] totalReleased = [4] totalFailed = [0] totalExpired = [0] totalRejected = [0] totalRateLimited = [0] totalRateLimitedTenants = [0] currBuffer = [0] 
2025-12-19 10:08:08,277 [sql-log-1-thread-1] INFO  o.t.s.dao.sql.TbSqlBlockingQueue - Queue-0 [TS Latest] queueSize [0] totalAdded [7] totalSaved [7] totalFailed [0]
2025-12-19 10:08:08,354 [TB-Scheduling-4] INFO  o.t.s.c.t.s.DefaultTransportService - Transport Stats: openConnections [0]
2025-12-19 10:08:08,591 [TB-Scheduling-2] INFO  o.t.s.d.u.AbstractBufferedRateExecutor - [Write] Permits queueSize = [0] totalAdded = [7] totalLaunched = [7] totalReleased = [7] totalFailed = [0] totalExpired = [0] totalRejected = [0] totalRateLimited = [0] totalRateLimitedTenants = [0] currBuffer = [0] 
2025-12-19 10:08:18,277 [sql-log-1-thread-1] INFO  o.t.s.dao.sql.TbSqlBlockingQueue - Queue-0 [TS Latest] queueSize [0] totalAdded [4] totalSaved [4] totalFailed [0]
2025-12-19 10:08:18,592 [TB-Scheduling-4] INFO  o.t.s.d.u.AbstractBufferedRateExecutor - [Write] Permits queueSize = [0] totalAdded = [4] totalLaunched = [4] totalReleased = [4] totalFailed = [0] totalExpired = [0] totalRejected = [0] totalRateLimited = [0] totalRateLimitedTenants = [0] currBuffer = [0] 
2025-12-19 10:09:08,277 [sql-log-1-thread-1] INFO  o.t.s.dao.sql.TbSqlBlockingQueue - Queue-0 [TS Latest] queueSize [0] totalAdded [7] totalSaved [7] totalFailed [0]
2025-12-19 10:09:08,355 [TB-Scheduling-2] INFO  o.t.s.c.t.s.DefaultTransportService - Transport Stats: openConnections [0]
2025-12-19 10:09:08,593 [TB-Scheduling-2] INFO  o.t.s.d.u.AbstractBufferedRateExecutor - [Write] Permits queueSize = [0] totalAdded = [7] totalLaunched = [7] totalReleased = [7] totalFailed = [0] totalExpired = [0] totalRejected = [0] totalRateLimited = [0] totalRateLimitedTenants = [0] currBuffer = [0] 
2025-12-19 10:09:18,277 [sql-log-1-thread-1] INFO  o.t.s.dao.sql.TbSqlBlockingQueue - Queue-0 [TS Latest] queueSize [0] totalAdded [4] totalSaved [4] totalFailed [0]
2025-12-19 10:09:18,594 [TB-Scheduling-4] INFO  o.t.s.d.u.AbstractBufferedRateExecutor - [Write] Permits queueSize = [0] totalAdded = [4] totalLaunched = [4] totalReleased = [4] totalFailed = [0] totalExpired = [0] totalRejected = [0] totalRateLimited = [0] totalRateLimitedTenants = [0] currBuffer = [0] 
2025-12-19 10:10:08,277 [sql-log-1-thread-1] INFO  o.t.s.dao.sql.TbSqlBlockingQueue - Queue-0 [TS Latest] queueSize [0] totalAdded [7] totalSaved [7] totalFailed [0]
2025-12-19 10:10:08,355 [TB-Scheduling-2] INFO  o.t.s.c.t.s.DefaultTransportService - Transport Stats: openConnections [0]
2025-12-19 10:10:08,595 [TB-Scheduling-1] INFO  o.t.s.d.u.AbstractBufferedRateExecutor - [Write] Permits queueSize = [0] totalAdded = [7] totalLaunched = [7] totalReleased = [7] totalFailed = [0] totalExpired = [0] totalRejected = [0] totalRateLimited = [0] totalRateLimitedTenants = [0] currBuffer = [0] 
2025-12-19 10:10:18,277 [sql-log-1-thread-1] INFO  o.t.s.dao.sql.TbSqlBlockingQueue - Queue-0 [TS Latest] queueSize [0] totalAdded [4] totalSaved [4] totalFailed [0]
2025-12-19 10:10:18,595 [TB-Scheduling-4] INFO  o.t.s.d.u.AbstractBufferedRateExecutor - [Write] Permits queueSize = [0] totalAdded = [4] totalLaunched = [4] totalReleased = [4] totalFailed = [0] totalExpired = [0] totalRejected = [0] totalRateLimited = [0] totalRateLimitedTenants = [0] currBuffer = [0] 
2025-12-19 10:11:08,277 [sql-log-1-thread-1] INFO  o.t.s.dao.sql.TbSqlBlockingQueue - Queue-0 [TS Latest] queueSize [0] totalAdded [7] totalSaved [7] totalFailed [0]
2025-12-19 10:11:08,356 [TB-Scheduling-2] INFO  o.t.s.c.t.s.DefaultTransportService - Transport Stats: openConnections [0]
2025-12-19 10:11:08,597 [TB-Scheduling-2] INFO  o.t.s.d.u.AbstractBufferedRateExecutor - [Write] Permits queueSize = [0] totalAdded = [7] totalLaunched = [7] totalReleased = [7] totalFailed = [0] totalExpired = [0] totalRejected = [0] totalRateLimited = [0] totalRateLimitedTenants = [0] currBuffer = [0] 
2025-12-19 10:11:18,277 [sql-log-1-thread-1] INFO  o.t.s.dao.sql.TbSqlBlockingQueue - Queue-0 [TS Latest] queueSize [0] totalAdded [4] totalSaved [4] totalFailed [0]
2025-12-19 10:11:18,597 [TB-Scheduling-3] INFO  o.t.s.d.u.AbstractBufferedRateExecutor - [Write] Permits queueSize = [0] totalAdded = [4] totalLaunched = [4] totalReleased = [4] totalFailed = [0] totalExpired = [0] totalRejected = [0] totalRateLimited = [0] totalRateLimitedTenants = [0] currBuffer = [0] 
2025-12-19 10:12:08,277 [sql-log-1-thread-1] INFO  o.t.s.dao.sql.TbSqlBlockingQueue - Queue-0 [TS Latest] queueSize [0] totalAdded [7] totalSaved [7] totalFailed [0]
2025-12-19 10:12:08,356 [TB-Scheduling-1] INFO  o.t.s.c.t.s.DefaultTransportService - Transport Stats: openConnections [0]
2025-12-19 10:12:08,599 [TB-Scheduling-4] INFO  o.t.s.d.u.AbstractBufferedRateExecutor - [Write] Permits queueSize = [0] totalAdded = [7] totalLaunched = [7] totalReleased = [7] totalFailed = [0] totalExpired = [0] totalRejected = [0] totalRateLimited = [0] totalRateLimitedTenants = [0] currBuffer = [0] 
2025-12-19 10:12:18,277 [sql-log-1-thread-1] INFO  o.t.s.dao.sql.TbSqlBlockingQueue - Queue-0 [TS Latest] queueSize [0] totalAdded [4] totalSaved [4] totalFailed [0]
2025-12-19 10:12:18,599 [TB-Scheduling-1] INFO  o.t.s.d.u.AbstractBufferedRateExecutor - [Write] Permits queueSize = [0] totalAdded = [4] totalLaunched = [4] totalReleased = [4] totalFailed = [0] totalExpired = [0] totalRejected = [0] totalRateLimited = [0] totalRateLimitedTenants = [0] currBuffer = [0] 
2025-12-19 10:13:08,277 [sql-log-1-thread-1] INFO  o.t.s.dao.sql.TbSqlBlockingQueue - Queue-0 [TS Latest] queueSize [0] totalAdded [7] totalSaved [7] totalFailed [0]
2025-12-19 10:13:08,357 [TB-Scheduling-2] INFO  o.t.s.c.t.s.DefaultTransportService - Transport Stats: openConnections [0]
2025-12-19 10:13:08,600 [TB-Scheduling-2] INFO  o.t.s.d.u.AbstractBufferedRateExecutor - [Write] Permits queueSize = [0] totalAdded = [7] totalLaunched = [7] totalReleased = [7] totalFailed = [0] totalExpired = [0] totalRejected = [0] totalRateLimited = [0] totalRateLimitedTenants = [0] currBuffer = [0] 
2025-12-19 10:13:18,277 [sql-log-1-thread-1] INFO  o.t.s.dao.sql.TbSqlBlockingQueue - Queue-0 [TS Latest] queueSize [0] totalAdded [4] totalSaved [4] totalFailed [0]
2025-12-19 10:13:18,600 [TB-Scheduling-4] INFO  o.t.s.d.u.AbstractBufferedRateExecutor - [Write] Permits queueSize = [0] totalAdded = [4] totalLaunched = [4] totalReleased = [4] totalFailed = [0] totalExpired = [0] totalRejected = [0] totalRateLimited = [0] totalRateLimitedTenants = [0] currBuffer = [0] 
2025-12-19 10:14:08,277 [sql-log-1-thread-1] INFO  o.t.s.dao.sql.TbSqlBlockingQueue - Queue-0 [TS Latest] queueSize [0] totalAdded [7] totalSaved [7] totalFailed [0]
2025-12-19 10:14:08,357 [TB-Scheduling-1] INFO  o.t.s.c.t.s.DefaultTransportService - Transport Stats: openConnections [0]
2025-12-19 10:14:08,602 [TB-Scheduling-4] INFO  o.t.s.d.u.AbstractBufferedRateExecutor - [Write] Permits queueSize = [0] totalAdded = [7] totalLaunched = [7] totalReleased = [7] totalFailed = [0] totalExpired = [0] totalRejected = [0] totalRateLimited = [0] totalRateLimitedTenants = [0] currBuffer = [0] 
2025-12-19 10:14:18,277 [sql-log-1-thread-1] INFO  o.t.s.dao.sql.TbSqlBlockingQueue - Queue-0 [TS Latest] queueSize [0] totalAdded [4] totalSaved [4] totalFailed [0]
2025-12-19 10:14:18,602 [TB-Scheduling-3] INFO  o.t.s.d.u.AbstractBufferedRateExecutor - [Write] Permits queueSize = [0] totalAdded = [4] totalLaunched = [4] totalReleased = [4] totalFailed = [0] totalExpired = [0] totalRejected = [0] totalRateLimited = [0] totalRateLimitedTenants = [0] currBuffer = [0] 
2025-12-19 10:15:08,277 [sql-log-1-thread-1] INFO  o.t.s.dao.sql.TbSqlBlockingQueue - Queue-0 [TS Latest] queueSize [0] totalAdded [7] totalSaved [7] totalFailed [0]
2025-12-19 10:15:08,358 [TB-Scheduling-1] INFO  o.t.s.c.t.s.DefaultTransportService - Transport Stats: openConnections [0]
2025-12-19 10:15:08,603 [TB-Scheduling-4] INFO  o.t.s.d.u.AbstractBufferedRateExecutor - [Write] Permits queueSize = [0] totalAdded = [7] totalLaunched = [7] totalReleased = [7] totalFailed = [0] totalExpired = [0] totalRejected = [0] totalRateLimited = [0] totalRateLimitedTenants = [0] currBuffer = [0] 
2025-12-19 10:15:18,277 [sql-log-1-thread-1] INFO  o.t.s.dao.sql.TbSqlBlockingQueue - Queue-0 [TS Latest] queueSize [0] totalAdded [4] totalSaved [4] totalFailed [0]
2025-12-19 10:15:18,604 [TB-Scheduling-1] INFO  o.t.s.d.u.AbstractBufferedRateExecutor - [Write] Permits queueSize = [0] totalAdded = [4] totalLaunched = [4] totalReleased = [4] totalFailed = [0] totalExpired = [0] totalRejected = [0] totalRateLimited = [0] totalRateLimitedTenants = [0] currBuffer = [0] 
2025-12-19 10:16:08,277 [sql-log-1-thread-1] INFO  o.t.s.dao.sql.TbSqlBlockingQueue - Queue-0 [TS Latest] queueSize [0] totalAdded [7] totalSaved [7] totalFailed [0]
2025-12-19 10:16:08,359 [TB-Scheduling-4] INFO  o.t.s.c.t.s.DefaultTransportService - Transport Stats: openConnections [0]
2025-12-19 10:16:08,606 [TB-Scheduling-2] INFO  o.t.s.d.u.AbstractBufferedRateExecutor - [Write] Permits queueSize = [0] totalAdded = [7] totalLaunched = [7] totalReleased = [7] totalFailed = [0] totalExpired = [0] totalRejected = [0] totalRateLimited = [0] totalRateLimitedTenants = [0] currBuffer = [0] 
2025-12-19 10:16:18,277 [sql-log-1-thread-1] INFO  o.t.s.dao.sql.TbSqlBlockingQueue - Queue-0 [TS Latest] queueSize [0] totalAdded [4] totalSaved [4] totalFailed [0]
2025-12-19 10:16:18,606 [TB-Scheduling-3] INFO  o.t.s.d.u.AbstractBufferedRateExecutor - [Write] Permits queueSize = [0] totalAdded = [4] totalLaunched = [4] totalReleased = [4] totalFailed = [0] totalExpired = [0] totalRejected = [0] totalRateLimited = [0] totalRateLimitedTenants = [0] currBuffer = [0] 
2025-12-19 10:16:48,671 [subscription-scheduler-22-thread-1] INFO  o.t.s.s.s.DefaultSubscriptionManagerService - Removed -1 old entity update records.
2025-12-19 10:17:08,277 [sql-log-1-thread-1] INFO  o.t.s.dao.sql.TbSqlBlockingQueue - Queue-0 [TS Latest] queueSize [0] totalAdded [7] totalSaved [7] totalFailed [0]
2025-12-19 10:17:08,359 [TB-Scheduling-2] INFO  o.t.s.c.t.s.DefaultTransportService - Transport Stats: openConnections [0]
2025-12-19 10:17:08,608 [TB-Scheduling-2] INFO  o.t.s.d.u.AbstractBufferedRateExecutor - [Write] Permits queueSize = [0] totalAdded = [7] totalLaunched = [7] totalReleased = [7] totalFailed = [0] totalExpired = [0] totalRejected = [0] totalRateLimited = [0] totalRateLimitedTenants = [0] currBuffer = [0] 
2025-12-19 10:17:12,248 [sql-log-1-thread-1] INFO  o.t.s.dao.sql.TbSqlBlockingQueue - Queue-0 [Events] queueSize [0] totalAdded [1] totalSaved [1] totalFailed [0]
2025-12-19 10:17:12,248 [sql-log-1-thread-1] INFO  o.t.s.dao.sql.TbSqlBlockingQueue - Queue-1 [Events] queueSize [0] totalAdded [1] totalSaved [1] totalFailed [0]
2025-12-19 10:17:18,277 [sql-log-1-thread-1] INFO  o.t.s.dao.sql.TbSqlBlockingQueue - Queue-0 [TS Latest] queueSize [0] totalAdded [4] totalSaved [4] totalFailed [0]
2025-12-19 10:17:18,608 [TB-Scheduling-1] INFO  o.t.s.d.u.AbstractBufferedRateExecutor - [Write] Permits queueSize = [0] totalAdded = [4] totalLaunched = [4] totalReleased = [4] totalFailed = [0] totalExpired = [0] totalRejected = [0] totalRateLimited = [0] totalRateLimitedTenants = [0] currBuffer = [0] 
2025-12-19 10:18:08,360 [TB-Scheduling-1] INFO  o.t.s.c.t.s.DefaultTransportService - Transport Stats: openConnections [0]
2025-12-19 10:18:18,277 [sql-log-1-thread-1] INFO  o.t.s.dao.sql.TbSqlBlockingQueue - Queue-0 [TS Latest] queueSize [0] totalAdded [11] totalSaved [11] totalFailed [0]
2025-12-19 10:18:18,610 [TB-Scheduling-1] INFO  o.t.s.d.u.AbstractBufferedRateExecutor - [Write] Permits queueSize = [0] totalAdded = [11] totalLaunched = [11] totalReleased = [11] totalFailed = [0] totalExpired = [0] totalRejected = [0] totalRateLimited = [0] totalRateLimitedTenants = [0] currBuffer = [0] 
2025-12-19 10:19:08,361 [TB-Scheduling-4] INFO  o.t.s.c.t.s.DefaultTransportService - Transport Stats: openConnections [0]
2025-12-19 10:19:18,277 [sql-log-1-thread-1] INFO  o.t.s.dao.sql.TbSqlBlockingQueue - Queue-0 [TS Latest] queueSize [0] totalAdded [11] totalSaved [11] totalFailed [0]
2025-12-19 10:19:18,612 [TB-Scheduling-2] INFO  o.t.s.d.u.AbstractBufferedRateExecutor - [Write] Permits queueSize = [0] totalAdded = [11] totalLaunched = [11] totalReleased = [11] totalFailed = [0] totalExpired = [0] totalRejected = [0] totalRateLimited = [0] totalRateLimitedTenants = [0] currBuffer = [0] 
2025-12-19 10:20:08,362 [TB-Scheduling-3] INFO  o.t.s.c.t.s.DefaultTransportService - Transport Stats: openConnections [0]
2025-12-19 10:20:18,277 [sql-log-1-thread-1] INFO  o.t.s.dao.sql.TbSqlBlockingQueue - Queue-0 [TS Latest] queueSize [0] totalAdded [11] totalSaved [11] totalFailed [0]
2025-12-19 10:20:18,613 [TB-Scheduling-3] INFO  o.t.s.d.u.AbstractBufferedRateExecutor - [Write] Permits queueSize = [0] totalAdded = [11] totalLaunched = [11] totalReleased = [11] totalFailed = [0] totalExpired = [0] totalRejected = [0] totalRateLimited = [0] totalRateLimitedTenants = [0] currBuffer = [0] 
2025-12-19 10:21:08,363 [TB-Scheduling-3] INFO  o.t.s.c.t.s.DefaultTransportService - Transport Stats: openConnections [0]
2025-12-19 10:21:18,277 [sql-log-1-thread-1] INFO  o.t.s.dao.sql.TbSqlBlockingQueue - Queue-0 [TS Latest] queueSize [0] totalAdded [11] totalSaved [11] totalFailed [0]
2025-12-19 10:21:18,615 [TB-Scheduling-3] INFO  o.t.s.d.u.AbstractBufferedRateExecutor - [Write] Permits queueSize = [0] totalAdded = [11] totalLaunched = [11] totalReleased = [11] totalFailed = [0] totalExpired = [0] totalRejected = [0] totalRateLimited = [0] totalRateLimitedTenants = [0] currBuffer = [0] 
2025-12-19 10:22:08,364 [TB-Scheduling-4] INFO  o.t.s.c.t.s.DefaultTransportService - Transport Stats: openConnections [0]
2025-12-19 10:22:18,277 [sql-log-1-thread-1] INFO  o.t.s.dao.sql.TbSqlBlockingQueue - Queue-0 [TS Latest] queueSize [0] totalAdded [11] totalSaved [11] totalFailed [0]
2025-12-19 10:22:18,617 [TB-Scheduling-2] INFO  o.t.s.d.u.AbstractBufferedRateExecutor - [Write] Permits queueSize = [0] totalAdded = [11] totalLaunched = [11] totalReleased = [11] totalFailed = [0] totalExpired = [0] totalRejected = [0] totalRateLimited = [0] totalRateLimitedTenants = [0] currBuffer = [0] 
2025-12-19 10:23:08,364 [TB-Scheduling-3] INFO  o.t.s.c.t.s.DefaultTransportService - Transport Stats: openConnections [0]
2025-12-19 10:23:18,277 [sql-log-1-thread-1] INFO  o.t.s.dao.sql.TbSqlBlockingQueue - Queue-0 [TS Latest] queueSize [0] totalAdded [11] totalSaved [11] totalFailed [0]
2025-12-19 10:23:18,619 [TB-Scheduling-4] INFO  o.t.s.d.u.AbstractBufferedRateExecutor - [Write] Permits queueSize = [0] totalAdded = [11] totalLaunched = [11] totalReleased = [11] totalFailed = [0] totalExpired = [0] totalRejected = [0] totalRateLimited = [0] totalRateLimitedTenants = [0] currBuffer = [0] 
2025-12-19 10:24:08,365 [TB-Scheduling-3] INFO  o.t.s.c.t.s.DefaultTransportService - Transport Stats: openConnections [0]
2025-12-19 10:24:18,277 [sql-log-1-thread-1] INFO  o.t.s.dao.sql.TbSqlBlockingQueue - Queue-0 [TS Latest] queueSize [0] totalAdded [11] totalSaved [11] totalFailed [0]
2025-12-19 10:24:18,620 [TB-Scheduling-4] INFO  o.t.s.d.u.AbstractBufferedRateExecutor - [Write] Permits queueSize = [0] totalAdded = [11] totalLaunched = [11] totalReleased = [11] totalFailed = [0] totalExpired = [0] totalRejected = [0] totalRateLimited = [0] totalRateLimitedTenants = [0] currBuffer = [0] 
2025-12-19 10:25:08,366 [TB-Scheduling-3] INFO  o.t.s.c.t.s.DefaultTransportService - Transport Stats: openConnections [0]
2025-12-19 10:25:18,277 [sql-log-1-thread-1] INFO  o.t.s.dao.sql.TbSqlBlockingQueue - Queue-0 [TS Latest] queueSize [0] totalAdded [11] totalSaved [11] totalFailed [0]
2025-12-19 10:25:18,623 [TB-Scheduling-2] INFO  o.t.s.d.u.AbstractBufferedRateExecutor - [Write] Permits queueSize = [0] totalAdded = [11] totalLaunched = [11] totalReleased = [11] totalFailed = [0] totalExpired = [0] totalRejected = [0] totalRateLimited = [0] totalRateLimitedTenants = [0] currBuffer = [0] 
2025-12-19 10:26:08,367 [TB-Scheduling-1] INFO  o.t.s.c.t.s.DefaultTransportService - Transport Stats: openConnections [0]
2025-12-19 10:26:18,277 [sql-log-1-thread-1] INFO  o.t.s.dao.sql.TbSqlBlockingQueue - Queue-0 [TS Latest] queueSize [0] totalAdded [11] totalSaved [11] totalFailed [0]
2025-12-19 10:26:18,624 [TB-Scheduling-2] INFO  o.t.s.d.u.AbstractBufferedRateExecutor - [Write] Permits queueSize = [0] totalAdded = [11] totalLaunched = [11] totalReleased = [11] totalFailed = [0] totalExpired = [0] totalRejected = [0] totalRateLimited = [0] totalRateLimitedTenants = [0] currBuffer = [0] 
2025-12-19 10:27:08,376 [TB-Scheduling-2] INFO  o.t.s.c.t.s.DefaultTransportService - Transport Stats: openConnections [0]
2025-12-19 10:27:18,277 [sql-log-1-thread-1] INFO  o.t.s.dao.sql.TbSqlBlockingQueue - Queue-0 [TS Latest] queueSize [0] totalAdded [11] totalSaved [11] totalFailed [0]
2025-12-19 10:27:18,626 [TB-Scheduling-2] INFO  o.t.s.d.u.AbstractBufferedRateExecutor - [Write] Permits queueSize = [0] totalAdded = [11] totalLaunched = [11] totalReleased = [11] totalFailed = [0] totalExpired = [0] totalRejected = [0] totalRateLimited = [0] totalRateLimitedTenants = [0] currBuffer = [0] 
2025-12-19 10:28:08,377 [TB-Scheduling-3] INFO  o.t.s.c.t.s.DefaultTransportService - Transport Stats: openConnections [0]
2025-12-19 10:28:18,277 [sql-log-1-thread-1] INFO  o.t.s.dao.sql.TbSqlBlockingQueue - Queue-0 [TS Latest] queueSize [0] totalAdded [4] totalSaved [4] totalFailed [0]
2025-12-19 10:28:18,627 [TB-Scheduling-2] INFO  o.t.s.d.u.AbstractBufferedRateExecutor - [Write] Permits queueSize = [0] totalAdded = [4] totalLaunched = [4] totalReleased = [4] totalFailed = [0] totalExpired = [0] totalRejected = [0] totalRateLimited = [0] totalRateLimitedTenants = [0] currBuffer = [0] 
2025-12-19 10:28:28,277 [sql-log-1-thread-1] INFO  o.t.s.dao.sql.TbSqlBlockingQueue - Queue-0 [TS Latest] queueSize [0] totalAdded [7] totalSaved [7] totalFailed [0]
2025-12-19 10:28:28,628 [TB-Scheduling-3] INFO  o.t.s.d.u.AbstractBufferedRateExecutor - [Write] Permits queueSize = [0] totalAdded = [7] totalLaunched = [7] totalReleased = [7] totalFailed = [0] totalExpired = [0] totalRejected = [0] totalRateLimited = [0] totalRateLimitedTenants = [0] currBuffer = [0] 
2025-12-19 10:29:08,377 [TB-Scheduling-2] INFO  o.t.s.c.t.s.DefaultTransportService - Transport Stats: openConnections [0]
2025-12-19 10:29:18,277 [sql-log-1-thread-1] INFO  o.t.s.dao.sql.TbSqlBlockingQueue - Queue-0 [TS Latest] queueSize [0] totalAdded [4] totalSaved [4] totalFailed [0]
2025-12-19 10:29:18,629 [TB-Scheduling-3] INFO  o.t.s.d.u.AbstractBufferedRateExecutor - [Write] Permits queueSize = [0] totalAdded = [4] totalLaunched = [4] totalReleased = [4] totalFailed = [0] totalExpired = [0] totalRejected = [0] totalRateLimited = [0] totalRateLimitedTenants = [0] currBuffer = [0] 
2025-12-19 10:29:28,277 [sql-log-1-thread-1] INFO  o.t.s.dao.sql.TbSqlBlockingQueue - Queue-0 [TS Latest] queueSize [0] totalAdded [7] totalSaved [7] totalFailed [0]
2025-12-19 10:29:28,630 [TB-Scheduling-4] INFO  o.t.s.d.u.AbstractBufferedRateExecutor - [Write] Permits queueSize = [0] totalAdded = [7] totalLaunched = [7] totalReleased = [7] totalFailed = [0] totalExpired = [0] totalRejected = [0] totalRateLimited = [0] totalRateLimitedTenants = [0] currBuffer = [0] 
2025-12-19 10:30:08,378 [TB-Scheduling-4] INFO  o.t.s.c.t.s.DefaultTransportService - Transport Stats: openConnections [0]
2025-12-19 10:30:18,277 [sql-log-1-thread-1] INFO  o.t.s.dao.sql.TbSqlBlockingQueue - Queue-0 [TS Latest] queueSize [0] totalAdded [4] totalSaved [4] totalFailed [0]
2025-12-19 10:30:18,631 [TB-Scheduling-3] INFO  o.t.s.d.u.AbstractBufferedRateExecutor - [Write] Permits queueSize = [0] totalAdded = [4] totalLaunched = [4] totalReleased = [4] totalFailed = [0] totalExpired = [0] totalRejected = [0] totalRateLimited = [0] totalRateLimitedTenants = [0] currBuffer = [0] 
2025-12-19 10:30:28,277 [sql-log-1-thread-1] INFO  o.t.s.dao.sql.TbSqlBlockingQueue - Queue-0 [TS Latest] queueSize [0] totalAdded [7] totalSaved [7] totalFailed [0]
2025-12-19 10:30:28,632 [TB-Scheduling-2] INFO  o.t.s.d.u.AbstractBufferedRateExecutor - [Write] Permits queueSize = [0] totalAdded = [7] totalLaunched = [7] totalReleased = [7] totalFailed = [0] totalExpired = [0] totalRejected = [0] totalRateLimited = [0] totalRateLimitedTenants = [0] currBuffer = [0] 
2025-12-19 10:31:08,380 [TB-Scheduling-4] INFO  o.t.s.c.t.s.DefaultTransportService - Transport Stats: openConnections [0]
2025-12-19 10:31:18,277 [sql-log-1-thread-1] INFO  o.t.s.dao.sql.TbSqlBlockingQueue - Queue-0 [TS Latest] queueSize [0] totalAdded [4] totalSaved [4] totalFailed [0]
2025-12-19 10:31:18,633 [TB-Scheduling-2] INFO  o.t.s.d.u.AbstractBufferedRateExecutor - [Write] Permits queueSize = [0] totalAdded = [4] totalLaunched = [4] totalReleased = [4] totalFailed = [0] totalExpired = [0] totalRejected = [0] totalRateLimited = [0] totalRateLimitedTenants = [0] currBuffer = [0] 
2025-12-19 10:31:28,277 [sql-log-1-thread-1] INFO  o.t.s.dao.sql.TbSqlBlockingQueue - Queue-0 [TS Latest] queueSize [0] totalAdded [7] totalSaved [7] totalFailed [0]
2025-12-19 10:31:28,634 [TB-Scheduling-3] INFO  o.t.s.d.u.AbstractBufferedRateExecutor - [Write] Permits queueSize = [0] totalAdded = [7] totalLaunched = [7] totalReleased = [7] totalFailed = [0] totalExpired = [0] totalRejected = [0] totalRateLimited = [0] totalRateLimitedTenants = [0] currBuffer = [0] 
2025-12-19 10:32:08,381 [TB-Scheduling-1] INFO  o.t.s.c.t.s.DefaultTransportService - Transport Stats: openConnections [0]
2025-12-19 10:32:18,277 [sql-log-1-thread-1] INFO  o.t.s.dao.sql.TbSqlBlockingQueue - Queue-0 [TS Latest] queueSize [0] totalAdded [4] totalSaved [4] totalFailed [0]
2025-12-19 10:32:18,645 [TB-Scheduling-3] INFO  o.t.s.d.u.AbstractBufferedRateExecutor - [Write] Permits queueSize = [0] totalAdded = [4] totalLaunched = [4] totalReleased = [4] totalFailed = [0] totalExpired = [0] totalRejected = [0] totalRateLimited = [0] totalRateLimitedTenants = [0] currBuffer = [0] 
2025-12-19 10:32:28,277 [sql-log-1-thread-1] INFO  o.t.s.dao.sql.TbSqlBlockingQueue - Queue-0 [TS Latest] queueSize [0] totalAdded [7] totalSaved [7] totalFailed [0]
2025-12-19 10:32:28,646 [TB-Scheduling-2] INFO  o.t.s.d.u.AbstractBufferedRateExecutor - [Write] Permits queueSize = [0] totalAdded = [7] totalLaunched = [7] totalReleased = [7] totalFailed = [0] totalExpired = [0] totalRejected = [0] totalRateLimited = [0] totalRateLimitedTenants = [0] currBuffer = [0] 
2025-12-19 10:33:08,382 [TB-Scheduling-3] INFO  o.t.s.c.t.s.DefaultTransportService - Transport Stats: openConnections [0]
2025-12-19 10:33:18,277 [sql-log-1-thread-1] INFO  o.t.s.dao.sql.TbSqlBlockingQueue - Queue-0 [TS Latest] queueSize [0] totalAdded [4] totalSaved [4] totalFailed [0]
2025-12-19 10:33:18,647 [TB-Scheduling-1] INFO  o.t.s.d.u.AbstractBufferedRateExecutor - [Write] Permits queueSize = [0] totalAdded = [4] totalLaunched = [4] totalReleased = [4] totalFailed = [0] totalExpired = [0] totalRejected = [0] totalRateLimited = [0] totalRateLimitedTenants = [0] currBuffer = [0] 
2025-12-19 10:33:28,277 [sql-log-1-thread-1] INFO  o.t.s.dao.sql.TbSqlBlockingQueue - Queue-0 [TS Latest] queueSize [0] totalAdded [7] totalSaved [7] totalFailed [0]
2025-12-19 10:33:28,648 [TB-Scheduling-2] INFO  o.t.s.d.u.AbstractBufferedRateExecutor - [Write] Permits queueSize = [0] totalAdded = [7] totalLaunched = [7] totalReleased = [7] totalFailed = [0] totalExpired = [0] totalRejected = [0] totalRateLimited = [0] totalRateLimitedTenants = [0] currBuffer = [0] 
2025-12-19 10:34:08,382 [TB-Scheduling-3] INFO  o.t.s.c.t.s.DefaultTransportService - Transport Stats: openConnections [0]
2025-12-19 10:34:18,277 [sql-log-1-thread-1] INFO  o.t.s.dao.sql.TbSqlBlockingQueue - Queue-0 [TS Latest] queueSize [0] totalAdded [4] totalSaved [4] totalFailed [0]
2025-12-19 10:34:18,649 [TB-Scheduling-2] INFO  o.t.s.d.u.AbstractBufferedRateExecutor - [Write] Permits queueSize = [0] totalAdded = [4] totalLaunched = [4] totalReleased = [4] totalFailed = [0] totalExpired = [0] totalRejected = [0] totalRateLimited = [0] totalRateLimitedTenants = [0] currBuffer = [0] 
2025-12-19 10:34:19,435 [http-nio-0.0.0.0-9090-exec-7] INFO  o.t.s.c.plugin.TbWebSocketHandler - [5c6c4190-f64c-11ee-8f58-c9c802dda3de][5cf87c00-f64c-11ee-8f58-c9c802dda3de][49823d20-5ee0-4628-bed1-d02f0e4f3962][726a1d03-f5d6-8e73-bdde-6e1e968edc6b] Session established from address: /172.19.0.1:54698
2025-12-19 10:34:28,277 [sql-log-1-thread-1] INFO  o.t.s.dao.sql.TbSqlBlockingQueue - Queue-0 [TS Latest] queueSize [0] totalAdded [7] totalSaved [7] totalFailed [0]
2025-12-19 10:34:28,650 [TB-Scheduling-1] INFO  o.t.s.d.u.AbstractBufferedRateExecutor - [Write] Permits queueSize = [0] totalAdded = [7] totalLaunched = [7] totalReleased = [7] totalFailed = [0] totalExpired = [0] totalRejected = [0] totalRateLimited = [0] totalRateLimitedTenants = [0] currBuffer = [0] 
2025-12-19 10:35:08,316 [TB-Scheduling-2] INFO  o.t.s.dao.aspect.SqlDaoCallsAspect - Total timing statistics below:
2025-12-19 10:35:08,317 [TB-Scheduling-2] INFO  o.t.s.dao.aspect.SqlDaoCallsAspect - [5c6c4190-f64c-11ee-8f58-c9c802dda3de]: calls: 4, failures: 0, exec time: 18 
2025-12-19 10:35:08,317 [TB-Scheduling-2] INFO  o.t.s.dao.aspect.SqlDaoCallsAspect - [5c6c4190-f64c-11ee-8f58-c9c802dda3de] Top 3 methods by timing:
2025-12-19 10:35:08,318 [TB-Scheduling-2] INFO  o.t.s.dao.aspect.SqlDaoCallsAspect - [5c6c4190-f64c-11ee-8f58-c9c802dda3de]: method: JpaDashboardInfoDao.findDashboardsByTenantId(..), calls: 1, failures: 0, exec time: 9
2025-12-19 10:35:08,318 [TB-Scheduling-2] INFO  o.t.s.dao.aspect.SqlDaoCallsAspect - [5c6c4190-f64c-11ee-8f58-c9c802dda3de]: method: JpaNotificationDao.countUnreadByDeliveryMethodAndRecipientId(..), calls: 1, failures: 0, exec time: 5
2025-12-19 10:35:08,318 [TB-Scheduling-2] INFO  o.t.s.dao.aspect.SqlDaoCallsAspect - [5c6c4190-f64c-11ee-8f58-c9c802dda3de]: method: JpaAbstractDao.findById(..), calls: 1, failures: 0, exec time: 2
2025-12-19 10:35:08,383 [TB-Scheduling-3] INFO  o.t.s.c.t.s.DefaultTransportService - Transport Stats: openConnections [0]
2025-12-19 10:35:18,277 [sql-log-1-thread-1] INFO  o.t.s.dao.sql.TbSqlBlockingQueue - Queue-0 [TS Latest] queueSize [0] totalAdded [4] totalSaved [4] totalFailed [0]
2025-12-19 10:35:18,651 [TB-Scheduling-1] INFO  o.t.s.d.u.AbstractBufferedRateExecutor - [Write] Permits queueSize = [0] totalAdded = [4] totalLaunched = [4] totalReleased = [4] totalFailed = [0] totalExpired = [0] totalRejected = [0] totalRateLimited = [0] totalRateLimitedTenants = [0] currBuffer = [0] 
2025-12-19 10:35:28,277 [sql-log-1-thread-1] INFO  o.t.s.dao.sql.TbSqlBlockingQueue - Queue-0 [TS Latest] queueSize [0] totalAdded [7] totalSaved [7] totalFailed [0]
2025-12-19 10:35:28,652 [TB-Scheduling-2] INFO  o.t.s.d.u.AbstractBufferedRateExecutor - [Write] Permits queueSize = [0] totalAdded = [7] totalLaunched = [7] totalReleased = [7] totalFailed = [0] totalExpired = [0] totalRejected = [0] totalRateLimited = [0] totalRateLimitedTenants = [0] currBuffer = [0] 
2025-12-19 10:36:08,383 [TB-Scheduling-4] INFO  o.t.s.c.t.s.DefaultTransportService - Transport Stats: openConnections [0]
2025-12-19 10:36:18,277 [sql-log-1-thread-1] INFO  o.t.s.dao.sql.TbSqlBlockingQueue - Queue-0 [TS Latest] queueSize [0] totalAdded [4] totalSaved [4] totalFailed [0]
2025-12-19 10:36:18,653 [TB-Scheduling-2] INFO  o.t.s.d.u.AbstractBufferedRateExecutor - [Write] Permits queueSize = [0] totalAdded = [4] totalLaunched = [4] totalReleased = [4] totalFailed = [0] totalExpired = [0] totalRejected = [0] totalRateLimited = [0] totalRateLimitedTenants = [0] currBuffer = [0] 
2025-12-19 10:36:28,277 [sql-log-1-thread-1] INFO  o.t.s.dao.sql.TbSqlBlockingQueue - Queue-0 [TS Latest] queueSize [0] totalAdded [7] totalSaved [7] totalFailed [0]
2025-12-19 10:36:28,654 [TB-Scheduling-4] INFO  o.t.s.d.u.AbstractBufferedRateExecutor - [Write] Permits queueSize = [0] totalAdded = [7] totalLaunched = [7] totalReleased = [7] totalFailed = [0] totalExpired = [0] totalRejected = [0] totalRateLimited = [0] totalRateLimitedTenants = [0] currBuffer = [0] 
2025-12-19 10:37:08,384 [TB-Scheduling-1] INFO  o.t.s.c.t.s.DefaultTransportService - Transport Stats: openConnections [0]
2025-12-19 10:37:18,277 [sql-log-1-thread-1] INFO  o.t.s.dao.sql.TbSqlBlockingQueue - Queue-0 [TS Latest] queueSize [0] totalAdded [4] totalSaved [4] totalFailed [0]
2025-12-19 10:37:18,655 [TB-Scheduling-1] INFO  o.t.s.d.u.AbstractBufferedRateExecutor - [Write] Permits queueSize = [0] totalAdded = [4] totalLaunched = [4] totalReleased = [4] totalFailed = [0] totalExpired = [0] totalRejected = [0] totalRateLimited = [0] totalRateLimitedTenants = [0] currBuffer = [0] 
2025-12-19 10:37:28,277 [sql-log-1-thread-1] INFO  o.t.s.dao.sql.TbSqlBlockingQueue - Queue-0 [TS Latest] queueSize [0] totalAdded [7] totalSaved [7] totalFailed [0]
2025-12-19 10:37:28,656 [TB-Scheduling-2] INFO  o.t.s.d.u.AbstractBufferedRateExecutor - [Write] Permits queueSize = [0] totalAdded = [7] totalLaunched = [7] totalReleased = [7] totalFailed = [0] totalExpired = [0] totalRejected = [0] totalRateLimited = [0] totalRateLimitedTenants = [0] currBuffer = [0] 
2025-12-19 10:38:08,385 [TB-Scheduling-3] INFO  o.t.s.c.t.s.DefaultTransportService - Transport Stats: openConnections [0]
2025-12-19 10:38:18,277 [sql-log-1-thread-1] INFO  o.t.s.dao.sql.TbSqlBlockingQueue - Queue-0 [TS Latest] queueSize [0] totalAdded [4] totalSaved [4] totalFailed [0]
2025-12-19 10:38:18,657 [TB-Scheduling-3] INFO  o.t.s.d.u.AbstractBufferedRateExecutor - [Write] Permits queueSize = [0] totalAdded = [4] totalLaunched = [4] totalReleased = [4] totalFailed = [0] totalExpired = [0] totalRejected = [0] totalRateLimited = [0] totalRateLimitedTenants = [0] currBuffer = [0] 
2025-12-19 10:38:38,277 [sql-log-1-thread-1] INFO  o.t.s.dao.sql.TbSqlBlockingQueue - Queue-0 [TS Latest] queueSize [0] totalAdded [7] totalSaved [7] totalFailed [0]
2025-12-19 10:38:38,658 [TB-Scheduling-2] INFO  o.t.s.d.u.AbstractBufferedRateExecutor - [Write] Permits queueSize = [0] totalAdded = [7] totalLaunched = [7] totalReleased = [7] totalFailed = [0] totalExpired = [0] totalRejected = [0] totalRateLimited = [0] totalRateLimitedTenants = [0] currBuffer = [0] 
2025-12-19 10:39:08,386 [TB-Scheduling-1] INFO  o.t.s.c.t.s.DefaultTransportService - Transport Stats: openConnections [0]
2025-12-19 10:39:18,277 [sql-log-1-thread-1] INFO  o.t.s.dao.sql.TbSqlBlockingQueue - Queue-0 [TS Latest] queueSize [0] totalAdded [4] totalSaved [4] totalFailed [0]
2025-12-19 10:39:18,659 [TB-Scheduling-4] INFO  o.t.s.d.u.AbstractBufferedRateExecutor - [Write] Permits queueSize = [0] totalAdded = [4] totalLaunched = [4] totalReleased = [4] totalFailed = [0] totalExpired = [0] totalRejected = [0] totalRateLimited = [0] totalRateLimitedTenants = [0] currBuffer = [0] 
2025-12-19 10:39:38,277 [sql-log-1-thread-1] INFO  o.t.s.dao.sql.TbSqlBlockingQueue - Queue-0 [TS Latest] queueSize [0] totalAdded [7] totalSaved [7] totalFailed [0]
2025-12-19 10:39:38,660 [TB-Scheduling-4] INFO  o.t.s.d.u.AbstractBufferedRateExecutor - [Write] Permits queueSize = [0] totalAdded = [7] totalLaunched = [7] totalReleased = [7] totalFailed = [0] totalExpired = [0] totalRejected = [0] totalRateLimited = [0] totalRateLimitedTenants = [0] currBuffer = [0] 
2025-12-19 10:40:08,387 [TB-Scheduling-4] INFO  o.t.s.c.t.s.DefaultTransportService - Transport Stats: openConnections [0]
2025-12-19 10:40:18,277 [sql-log-1-thread-1] INFO  o.t.s.dao.sql.TbSqlBlockingQueue - Queue-0 [TS Latest] queueSize [0] totalAdded [4] totalSaved [4] totalFailed [0]
2025-12-19 10:40:18,661 [TB-Scheduling-4] INFO  o.t.s.d.u.AbstractBufferedRateExecutor - [Write] Permits queueSize = [0] totalAdded = [4] totalLaunched = [4] totalReleased = [4] totalFailed = [0] totalExpired = [0] totalRejected = [0] totalRateLimited = [0] totalRateLimitedTenants = [0] currBuffer = [0] 
2025-12-19 10:40:38,277 [sql-log-1-thread-1] INFO  o.t.s.dao.sql.TbSqlBlockingQueue - Queue-0 [TS Latest] queueSize [0] totalAdded [7] totalSaved [7] totalFailed [0]
2025-12-19 10:40:38,662 [TB-Scheduling-3] INFO  o.t.s.d.u.AbstractBufferedRateExecutor - [Write] Permits queueSize = [0] totalAdded = [7] totalLaunched = [7] totalReleased = [7] totalFailed = [0] totalExpired = [0] totalRejected = [0] totalRateLimited = [0] totalRateLimitedTenants = [0] currBuffer = [0] 
2025-12-19 10:41:08,387 [TB-Scheduling-2] INFO  o.t.s.c.t.s.DefaultTransportService - Transport Stats: openConnections [0]
2025-12-19 10:41:18,277 [sql-log-1-thread-1] INFO  o.t.s.dao.sql.TbSqlBlockingQueue - Queue-0 [TS Latest] queueSize [0] totalAdded [4] totalSaved [4] totalFailed [0]
2025-12-19 10:41:18,664 [TB-Scheduling-3] INFO  o.t.s.d.u.AbstractBufferedRateExecutor - [Write] Permits queueSize = [0] totalAdded = [4] totalLaunched = [4] totalReleased = [4] totalFailed = [0] totalExpired = [0] totalRejected = [0] totalRateLimited = [0] totalRateLimitedTenants = [0] currBuffer = [0] 
2025-12-19 10:41:38,277 [sql-log-1-thread-1] INFO  o.t.s.dao.sql.TbSqlBlockingQueue - Queue-0 [TS Latest] queueSize [0] totalAdded [7] totalSaved [7] totalFailed [0]
2025-12-19 10:41:38,665 [TB-Scheduling-1] INFO  o.t.s.d.u.AbstractBufferedRateExecutor - [Write] Permits queueSize = [0] totalAdded = [7] totalLaunched = [7] totalReleased = [7] totalFailed = [0] totalExpired = [0] totalRejected = [0] totalRateLimited = [0] totalRateLimitedTenants = [0] currBuffer = [0] 
2025-12-19 10:42:08,388 [TB-Scheduling-3] INFO  o.t.s.c.t.s.DefaultTransportService - Transport Stats: openConnections [0]
2025-12-19 10:42:18,277 [sql-log-1-thread-1] INFO  o.t.s.dao.sql.TbSqlBlockingQueue - Queue-0 [TS Latest] queueSize [0] totalAdded [4] totalSaved [4] totalFailed [0]
2025-12-19 10:42:18,666 [TB-Scheduling-1] INFO  o.t.s.d.u.AbstractBufferedRateExecutor - [Write] Permits queueSize = [0] totalAdded = [4] totalLaunched = [4] totalReleased = [4] totalFailed = [0] totalExpired = [0] totalRejected = [0] totalRateLimited = [0] totalRateLimitedTenants = [0] currBuffer = [0] 
2025-12-19 10:42:38,277 [sql-log-1-thread-1] INFO  o.t.s.dao.sql.TbSqlBlockingQueue - Queue-0 [TS Latest] queueSize [0] totalAdded [7] totalSaved [7] totalFailed [0]
2025-12-19 10:42:38,667 [TB-Scheduling-3] INFO  o.t.s.d.u.AbstractBufferedRateExecutor - [Write] Permits queueSize = [0] totalAdded = [7] totalLaunched = [7] totalReleased = [7] totalFailed = [0] totalExpired = [0] totalRejected = [0] totalRateLimited = [0] totalRateLimitedTenants = [0] currBuffer = [0] 
2025-12-19 10:43:08,388 [TB-Scheduling-3] INFO  o.t.s.c.t.s.DefaultTransportService - Transport Stats: openConnections [0]
2025-12-19 10:43:18,277 [sql-log-1-thread-1] INFO  o.t.s.dao.sql.TbSqlBlockingQueue - Queue-0 [TS Latest] queueSize [0] totalAdded [4] totalSaved [4] totalFailed [0]
2025-12-19 10:43:18,668 [TB-Scheduling-4] INFO  o.t.s.d.u.AbstractBufferedRateExecutor - [Write] Permits queueSize = [0] totalAdded = [4] totalLaunched = [4] totalReleased = [4] totalFailed = [0] totalExpired = [0] totalRejected = [0] totalRateLimited = [0] totalRateLimitedTenants = [0] currBuffer = [0] 
2025-12-19 10:43:38,277 [sql-log-1-thread-1] INFO  o.t.s.dao.sql.TbSqlBlockingQueue - Queue-0 [TS Latest] queueSize [0] totalAdded [7] totalSaved [7] totalFailed [0]
2025-12-19 10:43:38,669 [TB-Scheduling-1] INFO  o.t.s.d.u.AbstractBufferedRateExecutor - [Write] Permits queueSize = [0] totalAdded = [7] totalLaunched = [7] totalReleased = [7] totalFailed = [0] totalExpired = [0] totalRejected = [0] totalRateLimited = [0] totalRateLimitedTenants = [0] currBuffer = [0] 
2025-12-19 10:44:08,389 [TB-Scheduling-1] INFO  o.t.s.c.t.s.DefaultTransportService - Transport Stats: openConnections [0]
2025-12-19 10:44:18,277 [sql-log-1-thread-1] INFO  o.t.s.dao.sql.TbSqlBlockingQueue - Queue-0 [TS Latest] queueSize [0] totalAdded [4] totalSaved [4] totalFailed [0]
2025-12-19 10:44:18,670 [TB-Scheduling-4] INFO  o.t.s.d.u.AbstractBufferedRateExecutor - [Write] Permits queueSize = [0] totalAdded = [4] totalLaunched = [4] totalReleased = [4] totalFailed = [0] totalExpired = [0] totalRejected = [0] totalRateLimited = [0] totalRateLimitedTenants = [0] currBuffer = [0] 
2025-12-19 10:44:38,277 [sql-log-1-thread-1] INFO  o.t.s.dao.sql.TbSqlBlockingQueue - Queue-0 [TS Latest] queueSize [0] totalAdded [7] totalSaved [7] totalFailed [0]
2025-12-19 10:44:38,670 [TB-Scheduling-1] INFO  o.t.s.d.u.AbstractBufferedRateExecutor - [Write] Permits queueSize = [0] totalAdded = [7] totalLaunched = [7] totalReleased = [7] totalFailed = [0] totalExpired = [0] totalRejected = [0] totalRateLimited = [0] totalRateLimitedTenants = [0] currBuffer = [0] 
2025-12-19 10:45:08,390 [TB-Scheduling-1] INFO  o.t.s.c.t.s.DefaultTransportService - Transport Stats: openConnections [0]
2025-12-19 10:45:18,277 [sql-log-1-thread-1] INFO  o.t.s.dao.sql.TbSqlBlockingQueue - Queue-0 [TS Latest] queueSize [0] totalAdded [4] totalSaved [4] totalFailed [0]
2025-12-19 10:45:18,672 [TB-Scheduling-4] INFO  o.t.s.d.u.AbstractBufferedRateExecutor - [Write] Permits queueSize = [0] totalAdded = [4] totalLaunched = [4] totalReleased = [4] totalFailed = [0] totalExpired = [0] totalRejected = [0] totalRateLimited = [0] totalRateLimitedTenants = [0] currBuffer = [0] 
2025-12-19 10:45:38,277 [sql-log-1-thread-1] INFO  o.t.s.dao.sql.TbSqlBlockingQueue - Queue-0 [TS Latest] queueSize [0] totalAdded [7] totalSaved [7] totalFailed [0]
2025-12-19 10:45:38,672 [TB-Scheduling-2] INFO  o.t.s.d.u.AbstractBufferedRateExecutor - [Write] Permits queueSize = [0] totalAdded = [7] totalLaunched = [7] totalReleased = [7] totalFailed = [0] totalExpired = [0] totalRejected = [0] totalRateLimited = [0] totalRateLimitedTenants = [0] currBuffer = [0] 
2025-12-19 10:46:08,391 [TB-Scheduling-4] INFO  o.t.s.c.t.s.DefaultTransportService - Transport Stats: openConnections [0]
2025-12-19 10:46:18,277 [sql-log-1-thread-1] INFO  o.t.s.dao.sql.TbSqlBlockingQueue - Queue-0 [TS Latest] queueSize [0] totalAdded [4] totalSaved [4] totalFailed [0]
2025-12-19 10:46:18,673 [TB-Scheduling-3] INFO  o.t.s.d.u.AbstractBufferedRateExecutor - [Write] Permits queueSize = [0] totalAdded = [4] totalLaunched = [4] totalReleased = [4] totalFailed = [0] totalExpired = [0] totalRejected = [0] totalRateLimited = [0] totalRateLimitedTenants = [0] currBuffer = [0] 
2025-12-19 10:46:38,277 [sql-log-1-thread-1] INFO  o.t.s.dao.sql.TbSqlBlockingQueue - Queue-0 [TS Latest] queueSize [0] totalAdded [7] totalSaved [7] totalFailed [0]
2025-12-19 10:46:38,674 [TB-Scheduling-1] INFO  o.t.s.d.u.AbstractBufferedRateExecutor - [Write] Permits queueSize = [0] totalAdded = [7] totalLaunched = [7] totalReleased = [7] totalFailed = [0] totalExpired = [0] totalRejected = [0] totalRateLimited = [0] totalRateLimitedTenants = [0] currBuffer = [0] 
2025-12-19 10:47:08,392 [TB-Scheduling-2] INFO  o.t.s.c.t.s.DefaultTransportService - Transport Stats: openConnections [0]
2025-12-19 10:47:18,277 [sql-log-1-thread-1] INFO  o.t.s.dao.sql.TbSqlBlockingQueue - Queue-0 [TS Latest] queueSize [0] totalAdded [4] totalSaved [4] totalFailed [0]
2025-12-19 10:47:18,675 [TB-Scheduling-1] INFO  o.t.s.d.u.AbstractBufferedRateExecutor - [Write] Permits queueSize = [0] totalAdded = [4] totalLaunched = [4] totalReleased = [4] totalFailed = [0] totalExpired = [0] totalRejected = [0] totalRateLimited = [0] totalRateLimitedTenants = [0] currBuffer = [0] 
2025-12-19 10:47:38,277 [sql-log-1-thread-1] INFO  o.t.s.dao.sql.TbSqlBlockingQueue - Queue-0 [TS Latest] queueSize [0] totalAdded [7] totalSaved [7] totalFailed [0]
2025-12-19 10:47:38,676 [TB-Scheduling-2] INFO  o.t.s.d.u.AbstractBufferedRateExecutor - [Write] Permits queueSize = [0] totalAdded = [7] totalLaunched = [7] totalReleased = [7] totalFailed = [0] totalExpired = [0] totalRejected = [0] totalRateLimited = [0] totalRateLimitedTenants = [0] currBuffer = [0] 
2025-12-19 10:48:08,393 [TB-Scheduling-3] INFO  o.t.s.c.t.s.DefaultTransportService - Transport Stats: openConnections [0]
2025-12-19 10:48:18,277 [sql-log-1-thread-1] INFO  o.t.s.dao.sql.TbSqlBlockingQueue - Queue-0 [TS Latest] queueSize [0] totalAdded [4] totalSaved [4] totalFailed [0]
2025-12-19 10:48:18,677 [TB-Scheduling-2] INFO  o.t.s.d.u.AbstractBufferedRateExecutor - [Write] Permits queueSize = [0] totalAdded = [4] totalLaunched = [4] totalReleased = [4] totalFailed = [0] totalExpired = [0] totalRejected = [0] totalRateLimited = [0] totalRateLimitedTenants = [0] currBuffer = [0] 
2025-12-19 10:48:48,277 [sql-log-1-thread-1] INFO  o.t.s.dao.sql.TbSqlBlockingQueue - Queue-0 [TS Latest] queueSize [0] totalAdded [7] totalSaved [7] totalFailed [0]
2025-12-19 10:48:48,679 [TB-Scheduling-2] INFO  o.t.s.d.u.AbstractBufferedRateExecutor - [Write] Permits queueSize = [0] totalAdded = [7] totalLaunched = [7] totalReleased = [7] totalFailed = [0] totalExpired = [0] totalRejected = [0] totalRateLimited = [0] totalRateLimitedTenants = [0] currBuffer = [0] 
2025-12-19 10:49:08,394 [TB-Scheduling-3] INFO  o.t.s.c.t.s.DefaultTransportService - Transport Stats: openConnections [0]
2025-12-19 10:49:18,277 [sql-log-1-thread-1] INFO  o.t.s.dao.sql.TbSqlBlockingQueue - Queue-0 [TS Latest] queueSize [0] totalAdded [4] totalSaved [4] totalFailed [0]
2025-12-19 10:49:18,680 [TB-Scheduling-3] INFO  o.t.s.d.u.AbstractBufferedRateExecutor - [Write] Permits queueSize = [0] totalAdded = [4] totalLaunched = [4] totalReleased = [4] totalFailed = [0] totalExpired = [0] totalRejected = [0] totalRateLimited = [0] totalRateLimitedTenants = [0] currBuffer = [0] 
2025-12-19 10:49:48,277 [sql-log-1-thread-1] INFO  o.t.s.dao.sql.TbSqlBlockingQueue - Queue-0 [TS Latest] queueSize [0] totalAdded [7] totalSaved [7] totalFailed [0]
2025-12-19 10:49:48,681 [TB-Scheduling-1] INFO  o.t.s.d.u.AbstractBufferedRateExecutor - [Write] Permits queueSize = [0] totalAdded = [7] totalLaunched = [7] totalReleased = [7] totalFailed = [0] totalExpired = [0] totalRejected = [0] totalRateLimited = [0] totalRateLimitedTenants = [0] currBuffer = [0] 
2025-12-19 10:50:08,395 [TB-Scheduling-2] INFO  o.t.s.c.t.s.DefaultTransportService - Transport Stats: openConnections [0]
2025-12-19 10:50:18,277 [sql-log-1-thread-1] INFO  o.t.s.dao.sql.TbSqlBlockingQueue - Queue-0 [TS Latest] queueSize [0] totalAdded [4] totalSaved [4] totalFailed [0]
2025-12-19 10:50:18,682 [TB-Scheduling-3] INFO  o.t.s.d.u.AbstractBufferedRateExecutor - [Write] Permits queueSize = [0] totalAdded = [4] totalLaunched = [4] totalReleased = [4] totalFailed = [0] totalExpired = [0] totalRejected = [0] totalRateLimited = [0] totalRateLimitedTenants = [0] currBuffer = [0] 
2025-12-19 10:50:48,277 [sql-log-1-thread-1] INFO  o.t.s.dao.sql.TbSqlBlockingQueue - Queue-0 [TS Latest] queueSize [0] totalAdded [7] totalSaved [7] totalFailed [0]
2025-12-19 10:50:48,683 [TB-Scheduling-3] INFO  o.t.s.d.u.AbstractBufferedRateExecutor - [Write] Permits queueSize = [0] totalAdded = [7] totalLaunched = [7] totalReleased = [7] totalFailed = [0] totalExpired = [0] totalRejected = [0] totalRateLimited = [0] totalRateLimitedTenants = [0] currBuffer = [0] 
2025-12-19 10:51:08,396 [TB-Scheduling-1] INFO  o.t.s.c.t.s.DefaultTransportService - Transport Stats: openConnections [0]
2025-12-19 10:51:18,277 [sql-log-1-thread-1] INFO  o.t.s.dao.sql.TbSqlBlockingQueue - Queue-0 [TS Latest] queueSize [0] totalAdded [4] totalSaved [4] totalFailed [0]
2025-12-19 10:51:18,684 [TB-Scheduling-2] INFO  o.t.s.d.u.AbstractBufferedRateExecutor - [Write] Permits queueSize = [0] totalAdded = [4] totalLaunched = [4] totalReleased = [4] totalFailed = [0] totalExpired = [0] totalRejected = [0] totalRateLimited = [0] totalRateLimitedTenants = [0] currBuffer = [0] 
2025-12-19 10:51:48,277 [sql-log-1-thread-1] INFO  o.t.s.dao.sql.TbSqlBlockingQueue - Queue-0 [TS Latest] queueSize [0] totalAdded [7] totalSaved [7] totalFailed [0]
2025-12-19 10:51:48,685 [TB-Scheduling-3] INFO  o.t.s.d.u.AbstractBufferedRateExecutor - [Write] Permits queueSize = [0] totalAdded = [7] totalLaunched = [7] totalReleased = [7] totalFailed = [0] totalExpired = [0] totalRejected = [0] totalRateLimited = [0] totalRateLimitedTenants = [0] currBuffer = [0] 
2025-12-19 10:52:08,396 [TB-Scheduling-2] INFO  o.t.s.c.t.s.DefaultTransportService - Transport Stats: openConnections [0]
2025-12-19 10:52:18,277 [sql-log-1-thread-1] INFO  o.t.s.dao.sql.TbSqlBlockingQueue - Queue-0 [TS Latest] queueSize [0] totalAdded [4] totalSaved [4] totalFailed [0]
2025-12-19 10:52:18,685 [TB-Scheduling-3] INFO  o.t.s.d.u.AbstractBufferedRateExecutor - [Write] Permits queueSize = [0] totalAdded = [4] totalLaunched = [4] totalReleased = [4] totalFailed = [0] totalExpired = [0] totalRejected = [0] totalRateLimited = [0] totalRateLimitedTenants = [0] currBuffer = [0] 
2025-12-19 10:52:48,277 [sql-log-1-thread-1] INFO  o.t.s.dao.sql.TbSqlBlockingQueue - Queue-0 [TS Latest] queueSize [0] totalAdded [7] totalSaved [7] totalFailed [0]
2025-12-19 10:52:48,686 [TB-Scheduling-2] INFO  o.t.s.d.u.AbstractBufferedRateExecutor - [Write] Permits queueSize = [0] totalAdded = [7] totalLaunched = [7] totalReleased = [7] totalFailed = [0] totalExpired = [0] totalRejected = [0] totalRateLimited = [0] totalRateLimitedTenants = [0] currBuffer = [0] 
2025-12-19 10:53:08,397 [TB-Scheduling-3] INFO  o.t.s.c.t.s.DefaultTransportService - Transport Stats: openConnections [0]
2025-12-19 10:53:18,277 [sql-log-1-thread-1] INFO  o.t.s.dao.sql.TbSqlBlockingQueue - Queue-0 [TS Latest] queueSize [0] totalAdded [4] totalSaved [4] totalFailed [0]
2025-12-19 10:53:18,687 [TB-Scheduling-3] INFO  o.t.s.d.u.AbstractBufferedRateExecutor - [Write] Permits queueSize = [0] totalAdded = [4] totalLaunched = [4] totalReleased = [4] totalFailed = [0] totalExpired = [0] totalRejected = [0] totalRateLimited = [0] totalRateLimitedTenants = [0] currBuffer = [0] 
2025-12-19 10:53:48,277 [sql-log-1-thread-1] INFO  o.t.s.dao.sql.TbSqlBlockingQueue - Queue-0 [TS Latest] queueSize [0] totalAdded [7] totalSaved [7] totalFailed [0]
2025-12-19 10:53:48,688 [TB-Scheduling-2] INFO  o.t.s.d.u.AbstractBufferedRateExecutor - [Write] Permits queueSize = [0] totalAdded = [7] totalLaunched = [7] totalReleased = [7] totalFailed = [0] totalExpired = [0] totalRejected = [0] totalRateLimited = [0] totalRateLimitedTenants = [0] currBuffer = [0] 
2025-12-19 10:54:08,397 [TB-Scheduling-1] INFO  o.t.s.c.t.s.DefaultTransportService - Transport Stats: openConnections [0]
2025-12-19 10:54:18,277 [sql-log-1-thread-1] INFO  o.t.s.dao.sql.TbSqlBlockingQueue - Queue-0 [TS Latest] queueSize [0] totalAdded [4] totalSaved [4] totalFailed [0]
2025-12-19 10:54:18,689 [TB-Scheduling-4] INFO  o.t.s.d.u.AbstractBufferedRateExecutor - [Write] Permits queueSize = [0] totalAdded = [4] totalLaunched = [4] totalReleased = [4] totalFailed = [0] totalExpired = [0] totalRejected = [0] totalRateLimited = [0] totalRateLimitedTenants = [0] currBuffer = [0] 
2025-12-19 10:54:48,277 [sql-log-1-thread-1] INFO  o.t.s.dao.sql.TbSqlBlockingQueue - Queue-0 [TS Latest] queueSize [0] totalAdded [7] totalSaved [7] totalFailed [0]
2025-12-19 10:54:48,690 [TB-Scheduling-2] INFO  o.t.s.d.u.AbstractBufferedRateExecutor - [Write] Permits queueSize = [0] totalAdded = [7] totalLaunched = [7] totalReleased = [7] totalFailed = [0] totalExpired = [0] totalRejected = [0] totalRateLimited = [0] totalRateLimitedTenants = [0] currBuffer = [0] 
2025-12-19 10:55:08,398 [TB-Scheduling-1] INFO  o.t.s.c.t.s.DefaultTransportService - Transport Stats: openConnections [0]
2025-12-19 10:55:18,277 [sql-log-1-thread-1] INFO  o.t.s.dao.sql.TbSqlBlockingQueue - Queue-0 [TS Latest] queueSize [0] totalAdded [4] totalSaved [4] totalFailed [0]
2025-12-19 10:55:18,691 [TB-Scheduling-2] INFO  o.t.s.d.u.AbstractBufferedRateExecutor - [Write] Permits queueSize = [0] totalAdded = [4] totalLaunched = [4] totalReleased = [4] totalFailed = [0] totalExpired = [0] totalRejected = [0] totalRateLimited = [0] totalRateLimitedTenants = [0] currBuffer = [0] 
2025-12-19 10:55:48,277 [sql-log-1-thread-1] INFO  o.t.s.dao.sql.TbSqlBlockingQueue - Queue-0 [TS Latest] queueSize [0] totalAdded [7] totalSaved [7] totalFailed [0]
2025-12-19 10:55:48,692 [TB-Scheduling-3] INFO  o.t.s.d.u.AbstractBufferedRateExecutor - [Write] Permits queueSize = [0] totalAdded = [7] totalLaunched = [7] totalReleased = [7] totalFailed = [0] totalExpired = [0] totalRejected = [0] totalRateLimited = [0] totalRateLimitedTenants = [0] currBuffer = [0] 
2025-12-19 10:56:08,399 [TB-Scheduling-1] INFO  o.t.s.c.t.s.DefaultTransportService - Transport Stats: openConnections [0]
2025-12-19 10:56:18,277 [sql-log-1-thread-1] INFO  o.t.s.dao.sql.TbSqlBlockingQueue - Queue-0 [TS Latest] queueSize [0] totalAdded [4] totalSaved [4] totalFailed [0]
2025-12-19 10:56:18,693 [TB-Scheduling-1] INFO  o.t.s.d.u.AbstractBufferedRateExecutor - [Write] Permits queueSize = [0] totalAdded = [4] totalLaunched = [4] totalReleased = [4] totalFailed = [0] totalExpired = [0] totalRejected = [0] totalRateLimited = [0] totalRateLimitedTenants = [0] currBuffer = [0] 
2025-12-19 10:56:48,277 [sql-log-1-thread-1] INFO  o.t.s.dao.sql.TbSqlBlockingQueue - Queue-0 [TS Latest] queueSize [0] totalAdded [7] totalSaved [7] totalFailed [0]
2025-12-19 10:56:48,694 [TB-Scheduling-1] INFO  o.t.s.d.u.AbstractBufferedRateExecutor - [Write] Permits queueSize = [0] totalAdded = [7] totalLaunched = [7] totalReleased = [7] totalFailed = [0] totalExpired = [0] totalRejected = [0] totalRateLimited = [0] totalRateLimitedTenants = [0] currBuffer = [0] 
2025-12-19 10:57:03,048 [TB-Scheduling-1] INFO  o.t.s.dao.sql.event.JpaBaseEventDao - Going to cleanup debug events with exp time: 1765537023048
2025-12-19 10:57:08,400 [TB-Scheduling-2] INFO  o.t.s.c.t.s.DefaultTransportService - Transport Stats: openConnections [0]
2025-12-19 10:57:18,277 [sql-log-1-thread-1] INFO  o.t.s.dao.sql.TbSqlBlockingQueue - Queue-0 [TS Latest] queueSize [0] totalAdded [4] totalSaved [4] totalFailed [0]
2025-12-19 10:57:18,695 [TB-Scheduling-1] INFO  o.t.s.d.u.AbstractBufferedRateExecutor - [Write] Permits queueSize = [0] totalAdded = [4] totalLaunched = [4] totalReleased = [4] totalFailed = [0] totalExpired = [0] totalRejected = [0] totalRateLimited = [0] totalRateLimitedTenants = [0] currBuffer = [0] 
2025-12-19 10:57:48,277 [sql-log-1-thread-1] INFO  o.t.s.dao.sql.TbSqlBlockingQueue - Queue-0 [TS Latest] queueSize [0] totalAdded [7] totalSaved [7] totalFailed [0]
2025-12-19 10:57:48,696 [TB-Scheduling-4] INFO  o.t.s.d.u.AbstractBufferedRateExecutor - [Write] Permits queueSize = [0] totalAdded = [7] totalLaunched = [7] totalReleased = [7] totalFailed = [0] totalExpired = [0] totalRejected = [0] totalRateLimited = [0] totalRateLimitedTenants = [0] currBuffer = [0] 
2025-12-19 10:58:08,400 [TB-Scheduling-2] INFO  o.t.s.c.t.s.DefaultTransportService - Transport Stats: openConnections [0]
2025-12-19 10:58:18,277 [sql-log-1-thread-1] INFO  o.t.s.dao.sql.TbSqlBlockingQueue - Queue-0 [TS Latest] queueSize [0] totalAdded [4] totalSaved [4] totalFailed [0]
2025-12-19 10:58:18,697 [TB-Scheduling-1] INFO  o.t.s.d.u.AbstractBufferedRateExecutor - [Write] Permits queueSize = [0] totalAdded = [4] totalLaunched = [4] totalReleased = [4] totalFailed = [0] totalExpired = [0] totalRejected = [0] totalRateLimited = [0] totalRateLimitedTenants = [0] currBuffer = [0] 
2025-12-19 10:58:58,277 [sql-log-1-thread-1] INFO  o.t.s.dao.sql.TbSqlBlockingQueue - Queue-0 [TS Latest] queueSize [0] totalAdded [7] totalSaved [7] totalFailed [0]
2025-12-19 10:58:58,699 [TB-Scheduling-4] INFO  o.t.s.d.u.AbstractBufferedRateExecutor - [Write] Permits queueSize = [0] totalAdded = [7] totalLaunched = [7] totalReleased = [7] totalFailed = [0] totalExpired = [0] totalRejected = [0] totalRateLimited = [0] totalRateLimitedTenants = [0] currBuffer = [0] 
2025-12-19 10:59:08,400 [TB-Scheduling-4] INFO  o.t.s.c.t.s.DefaultTransportService - Transport Stats: openConnections [0]
2025-12-19 10:59:18,277 [sql-log-1-thread-1] INFO  o.t.s.dao.sql.TbSqlBlockingQueue - Queue-0 [TS Latest] queueSize [0] totalAdded [4] totalSaved [4] totalFailed [0]
2025-12-19 10:59:18,699 [TB-Scheduling-2] INFO  o.t.s.d.u.AbstractBufferedRateExecutor - [Write] Permits queueSize = [0] totalAdded = [4] totalLaunched = [4] totalReleased = [4] totalFailed = [0] totalExpired = [0] totalRejected = [0] totalRateLimited = [0] totalRateLimitedTenants = [0] currBuffer = [0] 
2025-12-19 10:59:58,277 [sql-log-1-thread-1] INFO  o.t.s.dao.sql.TbSqlBlockingQueue - Queue-0 [TS Latest] queueSize [0] totalAdded [7] totalSaved [7] totalFailed [0]
2025-12-19 10:59:58,701 [TB-Scheduling-3] INFO  o.t.s.d.u.AbstractBufferedRateExecutor - [Write] Permits queueSize = [0] totalAdded = [7] totalLaunched = [7] totalReleased = [7] totalFailed = [0] totalExpired = [0] totalRejected = [0] totalRateLimited = [0] totalRateLimitedTenants = [0] currBuffer = [0] 
2025-12-19 11:00:08,401 [TB-Scheduling-2] INFO  o.t.s.c.t.s.DefaultTransportService - Transport Stats: openConnections [0]
2025-12-19 11:00:18,277 [sql-log-1-thread-1] INFO  o.t.s.dao.sql.TbSqlBlockingQueue - Queue-0 [TS Latest] queueSize [0] totalAdded [4] totalSaved [4] totalFailed [0]
2025-12-19 11:00:18,702 [TB-Scheduling-1] INFO  o.t.s.d.u.AbstractBufferedRateExecutor - [Write] Permits queueSize = [0] totalAdded = [4] totalLaunched = [4] totalReleased = [4] totalFailed = [0] totalExpired = [0] totalRejected = [0] totalRateLimited = [0] totalRateLimitedTenants = [0] currBuffer = [0] 
2025-12-19 11:00:58,277 [sql-log-1-thread-1] INFO  o.t.s.dao.sql.TbSqlBlockingQueue - Queue-0 [TS Latest] queueSize [0] totalAdded [9] totalSaved [9] totalFailed [0]
2025-12-19 11:00:58,703 [TB-Scheduling-4] INFO  o.t.s.d.u.AbstractBufferedRateExecutor - [Write] Permits queueSize = [0] totalAdded = [9] totalLaunched = [9] totalReleased = [9] totalFailed = [0] totalExpired = [0] totalRejected = [0] totalRateLimited = [0] totalRateLimitedTenants = [0] currBuffer = [0] 
2025-12-19 11:01:08,402 [TB-Scheduling-4] INFO  o.t.s.c.t.s.DefaultTransportService - Transport Stats: openConnections [0]
2025-12-19 11:01:18,277 [sql-log-1-thread-1] INFO  o.t.s.dao.sql.TbSqlBlockingQueue - Queue-0 [TS Latest] queueSize [0] totalAdded [4] totalSaved [4] totalFailed [0]
2025-12-19 11:01:18,704 [TB-Scheduling-2] INFO  o.t.s.d.u.AbstractBufferedRateExecutor - [Write] Permits queueSize = [0] totalAdded = [4] totalLaunched = [4] totalReleased = [4] totalFailed = [0] totalExpired = [0] totalRejected = [0] totalRateLimited = [0] totalRateLimitedTenants = [0] currBuffer = [0] 
2025-12-19 11:01:58,277 [sql-log-1-thread-1] INFO  o.t.s.dao.sql.TbSqlBlockingQueue - Queue-0 [TS Latest] queueSize [0] totalAdded [7] totalSaved [7] totalFailed [0]
2025-12-19 11:01:58,705 [TB-Scheduling-4] INFO  o.t.s.d.u.AbstractBufferedRateExecutor - [Write] Permits queueSize = [0] totalAdded = [7] totalLaunched = [7] totalReleased = [7] totalFailed = [0] totalExpired = [0] totalRejected = [0] totalRateLimited = [0] totalRateLimitedTenants = [0] currBuffer = [0] 
2025-12-19 11:02:08,403 [TB-Scheduling-1] INFO  o.t.s.c.t.s.DefaultTransportService - Transport Stats: openConnections [0]
2025-12-19 11:02:18,277 [sql-log-1-thread-1] INFO  o.t.s.dao.sql.TbSqlBlockingQueue - Queue-0 [TS Latest] queueSize [0] totalAdded [4] totalSaved [4] totalFailed [0]
2025-12-19 11:02:18,706 [TB-Scheduling-3] INFO  o.t.s.d.u.AbstractBufferedRateExecutor - [Write] Permits queueSize = [0] totalAdded = [4] totalLaunched = [4] totalReleased = [4] totalFailed = [0] totalExpired = [0] totalRejected = [0] totalRateLimited = [0] totalRateLimitedTenants = [0] currBuffer = [0] 
2025-12-19 11:02:58,277 [sql-log-1-thread-1] INFO  o.t.s.dao.sql.TbSqlBlockingQueue - Queue-0 [TS Latest] queueSize [0] totalAdded [7] totalSaved [7] totalFailed [0]
2025-12-19 11:02:58,707 [TB-Scheduling-2] INFO  o.t.s.d.u.AbstractBufferedRateExecutor - [Write] Permits queueSize = [0] totalAdded = [7] totalLaunched = [7] totalReleased = [7] totalFailed = [0] totalExpired = [0] totalRejected = [0] totalRateLimited = [0] totalRateLimitedTenants = [0] currBuffer = [0] 
2025-12-19 11:03:08,403 [TB-Scheduling-4] INFO  o.t.s.c.t.s.DefaultTransportService - Transport Stats: openConnections [0]
2025-12-19 11:03:18,277 [sql-log-1-thread-1] INFO  o.t.s.dao.sql.TbSqlBlockingQueue - Queue-0 [TS Latest] queueSize [0] totalAdded [4] totalSaved [4] totalFailed [0]
2025-12-19 11:03:18,708 [TB-Scheduling-3] INFO  o.t.s.d.u.AbstractBufferedRateExecutor - [Write] Permits queueSize = [0] totalAdded = [4] totalLaunched = [4] totalReleased = [4] totalFailed = [0] totalExpired = [0] totalRejected = [0] totalRateLimited = [0] totalRateLimitedTenants = [0] currBuffer = [0] 
2025-12-19 11:03:58,277 [sql-log-1-thread-1] INFO  o.t.s.dao.sql.TbSqlBlockingQueue - Queue-0 [TS Latest] queueSize [0] totalAdded [8] totalSaved [8] totalFailed [0]
2025-12-19 11:03:58,709 [TB-Scheduling-3] INFO  o.t.s.d.u.AbstractBufferedRateExecutor - [Write] Permits queueSize = [0] totalAdded = [8] totalLaunched = [8] totalReleased = [8] totalFailed = [0] totalExpired = [0] totalRejected = [0] totalRateLimited = [0] totalRateLimitedTenants = [0] currBuffer = [0] 
2025-12-19 11:04:08,403 [TB-Scheduling-2] INFO  o.t.s.c.t.s.DefaultTransportService - Transport Stats: openConnections [0]
2025-12-19 11:04:18,277 [sql-log-1-thread-1] INFO  o.t.s.dao.sql.TbSqlBlockingQueue - Queue-0 [TS Latest] queueSize [0] totalAdded [4] totalSaved [4] totalFailed [0]
2025-12-19 11:04:18,710 [TB-Scheduling-1] INFO  o.t.s.d.u.AbstractBufferedRateExecutor - [Write] Permits queueSize = [0] totalAdded = [4] totalLaunched = [4] totalReleased = [4] totalFailed = [0] totalExpired = [0] totalRejected = [0] totalRateLimited = [0] totalRateLimitedTenants = [0] currBuffer = [0] 
2025-12-19 11:04:58,277 [sql-log-1-thread-1] INFO  o.t.s.dao.sql.TbSqlBlockingQueue - Queue-0 [TS Latest] queueSize [0] totalAdded [7] totalSaved [7] totalFailed [0]
2025-12-19 11:04:58,711 [TB-Scheduling-2] INFO  o.t.s.d.u.AbstractBufferedRateExecutor - [Write] Permits queueSize = [0] totalAdded = [7] totalLaunched = [7] totalReleased = [7] totalFailed = [0] totalExpired = [0] totalRejected = [0] totalRateLimited = [0] totalRateLimitedTenants = [0] currBuffer = [0] 
2025-12-19 11:05:08,404 [TB-Scheduling-2] INFO  o.t.s.c.t.s.DefaultTransportService - Transport Stats: openConnections [0]
2025-12-19 11:05:18,277 [sql-log-1-thread-1] INFO  o.t.s.dao.sql.TbSqlBlockingQueue - Queue-0 [TS Latest] queueSize [0] totalAdded [4] totalSaved [4] totalFailed [0]
2025-12-19 11:05:18,711 [TB-Scheduling-4] INFO  o.t.s.d.u.AbstractBufferedRateExecutor - [Write] Permits queueSize = [0] totalAdded = [4] totalLaunched = [4] totalReleased = [4] totalFailed = [0] totalExpired = [0] totalRejected = [0] totalRateLimited = [0] totalRateLimitedTenants = [0] currBuffer = [0] 
2025-12-19 11:05:58,277 [sql-log-1-thread-1] INFO  o.t.s.dao.sql.TbSqlBlockingQueue - Queue-0 [TS Latest] queueSize [0] totalAdded [7] totalSaved [7] totalFailed [0]
2025-12-19 11:05:58,712 [TB-Scheduling-4] INFO  o.t.s.d.u.AbstractBufferedRateExecutor - [Write] Permits queueSize = [0] totalAdded = [7] totalLaunched = [7] totalReleased = [7] totalFailed = [0] totalExpired = [0] totalRejected = [0] totalRateLimited = [0] totalRateLimitedTenants = [0] currBuffer = [0] 
2025-12-19 11:06:08,405 [TB-Scheduling-1] INFO  o.t.s.c.t.s.DefaultTransportService - Transport Stats: openConnections [0]
2025-12-19 11:06:18,277 [sql-log-1-thread-1] INFO  o.t.s.dao.sql.TbSqlBlockingQueue - Queue-0 [TS Latest] queueSize [0] totalAdded [4] totalSaved [4] totalFailed [0]
2025-12-19 11:06:18,713 [TB-Scheduling-4] INFO  o.t.s.d.u.AbstractBufferedRateExecutor - [Write] Permits queueSize = [0] totalAdded = [4] totalLaunched = [4] totalReleased = [4] totalFailed = [0] totalExpired = [0] totalRejected = [0] totalRateLimited = [0] totalRateLimitedTenants = [0] currBuffer = [0] 
2025-12-19 11:06:58,277 [sql-log-1-thread-1] INFO  o.t.s.dao.sql.TbSqlBlockingQueue - Queue-0 [TS Latest] queueSize [0] totalAdded [7] totalSaved [7] totalFailed [0]
2025-12-19 11:06:58,714 [TB-Scheduling-2] INFO  o.t.s.d.u.AbstractBufferedRateExecutor - [Write] Permits queueSize = [0] totalAdded = [7] totalLaunched = [7] totalReleased = [7] totalFailed = [0] totalExpired = [0] totalRejected = [0] totalRateLimited = [0] totalRateLimitedTenants = [0] currBuffer = [0] 
2025-12-19 11:07:08,406 [TB-Scheduling-4] INFO  o.t.s.c.t.s.DefaultTransportService - Transport Stats: openConnections [0]
2025-12-19 11:07:18,277 [sql-log-1-thread-1] INFO  o.t.s.dao.sql.TbSqlBlockingQueue - Queue-0 [TS Latest] queueSize [0] totalAdded [4] totalSaved [4] totalFailed [0]
2025-12-19 11:07:18,715 [TB-Scheduling-3] INFO  o.t.s.d.u.AbstractBufferedRateExecutor - [Write] Permits queueSize = [0] totalAdded = [4] totalLaunched = [4] totalReleased = [4] totalFailed = [0] totalExpired = [0] totalRejected = [0] totalRateLimited = [0] totalRateLimitedTenants = [0] currBuffer = [0] 
2025-12-19 11:07:58,717 [TB-Scheduling-4] INFO  o.t.s.d.u.AbstractBufferedRateExecutor - [Write] Permits queueSize = [0] totalAdded = [7] totalLaunched = [7] totalReleased = [7] totalFailed = [0] totalExpired = [0] totalRejected = [0] totalRateLimited = [0] totalRateLimitedTenants = [0] currBuffer = [0] 
2025-12-19 11:08:08,277 [sql-log-1-thread-1] INFO  o.t.s.dao.sql.TbSqlBlockingQueue - Queue-0 [TS Latest] queueSize [0] totalAdded [7] totalSaved [7] totalFailed [0]
2025-12-19 11:08:08,406 [TB-Scheduling-4] INFO  o.t.s.c.t.s.DefaultTransportService - Transport Stats: openConnections [0]
2025-12-19 11:08:18,277 [sql-log-1-thread-1] INFO  o.t.s.dao.sql.TbSqlBlockingQueue - Queue-0 [TS Latest] queueSize [0] totalAdded [4] totalSaved [4] totalFailed [0]
2025-12-19 11:08:18,718 [TB-Scheduling-3] INFO  o.t.s.d.u.AbstractBufferedRateExecutor - [Write] Permits queueSize = [0] totalAdded = [4] totalLaunched = [4] totalReleased = [4] totalFailed = [0] totalExpired = [0] totalRejected = [0] totalRateLimited = [0] totalRateLimitedTenants = [0] currBuffer = [0] 
2025-12-19 11:09:08,277 [sql-log-1-thread-1] INFO  o.t.s.dao.sql.TbSqlBlockingQueue - Queue-0 [TS Latest] queueSize [0] totalAdded [7] totalSaved [7] totalFailed [0]
2025-12-19 11:09:08,407 [TB-Scheduling-3] INFO  o.t.s.c.t.s.DefaultTransportService - Transport Stats: openConnections [0]
2025-12-19 11:09:08,719 [TB-Scheduling-2] INFO  o.t.s.d.u.AbstractBufferedRateExecutor - [Write] Permits queueSize = [0] totalAdded = [7] totalLaunched = [7] totalReleased = [7] totalFailed = [0] totalExpired = [0] totalRejected = [0] totalRateLimited = [0] totalRateLimitedTenants = [0] currBuffer = [0] 
2025-12-19 11:09:18,277 [sql-log-1-thread-1] INFO  o.t.s.dao.sql.TbSqlBlockingQueue - Queue-0 [TS Latest] queueSize [0] totalAdded [4] totalSaved [4] totalFailed [0]
2025-12-19 11:09:18,720 [TB-Scheduling-3] INFO  o.t.s.d.u.AbstractBufferedRateExecutor - [Write] Permits queueSize = [0] totalAdded = [4] totalLaunched = [4] totalReleased = [4] totalFailed = [0] totalExpired = [0] totalRejected = [0] totalRateLimited = [0] totalRateLimitedTenants = [0] currBuffer = [0] 
2025-12-19 11:10:08,277 [sql-log-1-thread-1] INFO  o.t.s.dao.sql.TbSqlBlockingQueue - Queue-0 [TS Latest] queueSize [0] totalAdded [7] totalSaved [7] totalFailed [0]
2025-12-19 11:10:08,407 [TB-Scheduling-3] INFO  o.t.s.c.t.s.DefaultTransportService - Transport Stats: openConnections [0]
2025-12-19 11:10:08,721 [TB-Scheduling-1] INFO  o.t.s.d.u.AbstractBufferedRateExecutor - [Write] Permits queueSize = [0] totalAdded = [7] totalLaunched = [7] totalReleased = [7] totalFailed = [0] totalExpired = [0] totalRejected = [0] totalRateLimited = [0] totalRateLimitedTenants = [0] currBuffer = [0] 
2025-12-19 11:10:18,277 [sql-log-1-thread-1] INFO  o.t.s.dao.sql.TbSqlBlockingQueue - Queue-0 [TS Latest] queueSize [0] totalAdded [4] totalSaved [4] totalFailed [0]
2025-12-19 11:10:18,721 [TB-Scheduling-2] INFO  o.t.s.d.u.AbstractBufferedRateExecutor - [Write] Permits queueSize = [0] totalAdded = [4] totalLaunched = [4] totalReleased = [4] totalFailed = [0] totalExpired = [0] totalRejected = [0] totalRateLimited = [0] totalRateLimitedTenants = [0] currBuffer = [0] 
2025-12-19 11:11:08,277 [sql-log-1-thread-1] INFO  o.t.s.dao.sql.TbSqlBlockingQueue - Queue-0 [TS Latest] queueSize [0] totalAdded [7] totalSaved [7] totalFailed [0]
2025-12-19 11:11:08,408 [TB-Scheduling-1] INFO  o.t.s.c.t.s.DefaultTransportService - Transport Stats: openConnections [0]
2025-12-19 11:11:08,723 [TB-Scheduling-4] INFO  o.t.s.d.u.AbstractBufferedRateExecutor - [Write] Permits queueSize = [0] totalAdded = [7] totalLaunched = [7] totalReleased = [7] totalFailed = [0] totalExpired = [0] totalRejected = [0] totalRateLimited = [0] totalRateLimitedTenants = [0] currBuffer = [0] 
2025-12-19 11:11:18,277 [sql-log-1-thread-1] INFO  o.t.s.dao.sql.TbSqlBlockingQueue - Queue-0 [TS Latest] queueSize [0] totalAdded [4] totalSaved [4] totalFailed [0]
2025-12-19 11:11:18,723 [TB-Scheduling-2] INFO  o.t.s.d.u.AbstractBufferedRateExecutor - [Write] Permits queueSize = [0] totalAdded = [4] totalLaunched = [4] totalReleased = [4] totalFailed = [0] totalExpired = [0] totalRejected = [0] totalRateLimited = [0] totalRateLimitedTenants = [0] currBuffer = [0] 
2025-12-19 11:12:08,277 [sql-log-1-thread-1] INFO  o.t.s.dao.sql.TbSqlBlockingQueue - Queue-0 [TS Latest] queueSize [0] totalAdded [7] totalSaved [7] totalFailed [0]
2025-12-19 11:12:08,408 [TB-Scheduling-2] INFO  o.t.s.c.t.s.DefaultTransportService - Transport Stats: openConnections [0]
2025-12-19 11:12:08,725 [TB-Scheduling-4] INFO  o.t.s.d.u.AbstractBufferedRateExecutor - [Write] Permits queueSize = [0] totalAdded = [7] totalLaunched = [7] totalReleased = [7] totalFailed = [0] totalExpired = [0] totalRejected = [0] totalRateLimited = [0] totalRateLimitedTenants = [0] currBuffer = [0] 
2025-12-19 11:12:18,277 [sql-log-1-thread-1] INFO  o.t.s.dao.sql.TbSqlBlockingQueue - Queue-0 [TS Latest] queueSize [0] totalAdded [4] totalSaved [4] totalFailed [0]
2025-12-19 11:12:18,726 [TB-Scheduling-2] INFO  o.t.s.d.u.AbstractBufferedRateExecutor - [Write] Permits queueSize = [0] totalAdded = [4] totalLaunched = [4] totalReleased = [4] totalFailed = [0] totalExpired = [0] totalRejected = [0] totalRateLimited = [0] totalRateLimitedTenants = [0] currBuffer = [0] 
2025-12-19 11:13:08,277 [sql-log-1-thread-1] INFO  o.t.s.dao.sql.TbSqlBlockingQueue - Queue-0 [TS Latest] queueSize [0] totalAdded [7] totalSaved [7] totalFailed [0]
2025-12-19 11:13:08,409 [TB-Scheduling-3] INFO  o.t.s.c.t.s.DefaultTransportService - Transport Stats: openConnections [0]
2025-12-19 11:13:08,727 [TB-Scheduling-1] INFO  o.t.s.d.u.AbstractBufferedRateExecutor - [Write] Permits queueSize = [0] totalAdded = [7] totalLaunched = [7] totalReleased = [7] totalFailed = [0] totalExpired = [0] totalRejected = [0] totalRateLimited = [0] totalRateLimitedTenants = [0] currBuffer = [0] 
2025-12-19 11:13:18,277 [sql-log-1-thread-1] INFO  o.t.s.dao.sql.TbSqlBlockingQueue - Queue-0 [TS Latest] queueSize [0] totalAdded [4] totalSaved [4] totalFailed [0]
2025-12-19 11:13:18,727 [TB-Scheduling-3] INFO  o.t.s.d.u.AbstractBufferedRateExecutor - [Write] Permits queueSize = [0] totalAdded = [4] totalLaunched = [4] totalReleased = [4] totalFailed = [0] totalExpired = [0] totalRejected = [0] totalRateLimited = [0] totalRateLimitedTenants = [0] currBuffer = [0] 
2025-12-19 11:14:08,277 [sql-log-1-thread-1] INFO  o.t.s.dao.sql.TbSqlBlockingQueue - Queue-0 [TS Latest] queueSize [0] totalAdded [7] totalSaved [7] totalFailed [0]
2025-12-19 11:14:08,410 [TB-Scheduling-3] INFO  o.t.s.c.t.s.DefaultTransportService - Transport Stats: openConnections [0]
2025-12-19 11:14:08,729 [TB-Scheduling-2] INFO  o.t.s.d.u.AbstractBufferedRateExecutor - [Write] Permits queueSize = [0] totalAdded = [7] totalLaunched = [7] totalReleased = [7] totalFailed = [0] totalExpired = [0] totalRejected = [0] totalRateLimited = [0] totalRateLimitedTenants = [0] currBuffer = [0] 
2025-12-19 11:14:18,277 [sql-log-1-thread-1] INFO  o.t.s.dao.sql.TbSqlBlockingQueue - Queue-0 [TS Latest] queueSize [0] totalAdded [4] totalSaved [4] totalFailed [0]
2025-12-19 11:14:18,730 [TB-Scheduling-1] INFO  o.t.s.d.u.AbstractBufferedRateExecutor - [Write] Permits queueSize = [0] totalAdded = [4] totalLaunched = [4] totalReleased = [4] totalFailed = [0] totalExpired = [0] totalRejected = [0] totalRateLimited = [0] totalRateLimitedTenants = [0] currBuffer = [0] 
2025-12-19 11:15:08,277 [sql-log-1-thread-1] INFO  o.t.s.dao.sql.TbSqlBlockingQueue - Queue-0 [TS Latest] queueSize [0] totalAdded [7] totalSaved [7] totalFailed [0]
2025-12-19 11:15:08,410 [TB-Scheduling-3] INFO  o.t.s.c.t.s.DefaultTransportService - Transport Stats: openConnections [0]
2025-12-19 11:15:08,733 [TB-Scheduling-3] INFO  o.t.s.d.u.AbstractBufferedRateExecutor - [Write] Permits queueSize = [0] totalAdded = [7] totalLaunched = [7] totalReleased = [7] totalFailed = [0] totalExpired = [0] totalRejected = [0] totalRateLimited = [0] totalRateLimitedTenants = [0] currBuffer = [0] 
2025-12-19 11:15:18,277 [sql-log-1-thread-1] INFO  o.t.s.dao.sql.TbSqlBlockingQueue - Queue-0 [TS Latest] queueSize [0] totalAdded [4] totalSaved [4] totalFailed [0]
2025-12-19 11:15:18,734 [TB-Scheduling-1] INFO  o.t.s.d.u.AbstractBufferedRateExecutor - [Write] Permits queueSize = [0] totalAdded = [4] totalLaunched = [4] totalReleased = [4] totalFailed = [0] totalExpired = [0] totalRejected = [0] totalRateLimited = [0] totalRateLimitedTenants = [0] currBuffer = [0] 
2025-12-19 11:16:08,277 [sql-log-1-thread-1] INFO  o.t.s.dao.sql.TbSqlBlockingQueue - Queue-0 [TS Latest] queueSize [0] totalAdded [7] totalSaved [7] totalFailed [0]
2025-12-19 11:16:08,411 [TB-Scheduling-4] INFO  o.t.s.c.t.s.DefaultTransportService - Transport Stats: openConnections [0]
2025-12-19 11:16:08,736 [TB-Scheduling-2] INFO  o.t.s.d.u.AbstractBufferedRateExecutor - [Write] Permits queueSize = [0] totalAdded = [7] totalLaunched = [7] totalReleased = [7] totalFailed = [0] totalExpired = [0] totalRejected = [0] totalRateLimited = [0] totalRateLimitedTenants = [0] currBuffer = [0] 
2025-12-19 11:16:18,277 [sql-log-1-thread-1] INFO  o.t.s.dao.sql.TbSqlBlockingQueue - Queue-0 [TS Latest] queueSize [0] totalAdded [4] totalSaved [4] totalFailed [0]
2025-12-19 11:16:18,736 [TB-Scheduling-1] INFO  o.t.s.d.u.AbstractBufferedRateExecutor - [Write] Permits queueSize = [0] totalAdded = [4] totalLaunched = [4] totalReleased = [4] totalFailed = [0] totalExpired = [0] totalRejected = [0] totalRateLimited = [0] totalRateLimitedTenants = [0] currBuffer = [0] 
2025-12-19 11:16:48,672 [subscription-scheduler-22-thread-1] INFO  o.t.s.s.s.DefaultSubscriptionManagerService - Removed 0 old entity update records.
2025-12-19 11:17:08,277 [sql-log-1-thread-1] INFO  o.t.s.dao.sql.TbSqlBlockingQueue - Queue-0 [TS Latest] queueSize [0] totalAdded [7] totalSaved [7] totalFailed [0]
2025-12-19 11:17:08,411 [TB-Scheduling-3] INFO  o.t.s.c.t.s.DefaultTransportService - Transport Stats: openConnections [0]
2025-12-19 11:17:08,738 [TB-Scheduling-2] INFO  o.t.s.d.u.AbstractBufferedRateExecutor - [Write] Permits queueSize = [0] totalAdded = [7] totalLaunched = [7] totalReleased = [7] totalFailed = [0] totalExpired = [0] totalRejected = [0] totalRateLimited = [0] totalRateLimitedTenants = [0] currBuffer = [0] 
2025-12-19 11:17:12,248 [sql-log-1-thread-1] INFO  o.t.s.dao.sql.TbSqlBlockingQueue - Queue-0 [Events] queueSize [0] totalAdded [1] totalSaved [1] totalFailed [0]
2025-12-19 11:17:12,248 [sql-log-1-thread-1] INFO  o.t.s.dao.sql.TbSqlBlockingQueue - Queue-1 [Events] queueSize [0] totalAdded [1] totalSaved [1] totalFailed [0]
2025-12-19 11:17:18,277 [sql-log-1-thread-1] INFO  o.t.s.dao.sql.TbSqlBlockingQueue - Queue-0 [TS Latest] queueSize [0] totalAdded [4] totalSaved [4] totalFailed [0]
2025-12-19 11:17:18,739 [TB-Scheduling-3] INFO  o.t.s.d.u.AbstractBufferedRateExecutor - [Write] Permits queueSize = [0] totalAdded = [4] totalLaunched = [4] totalReleased = [4] totalFailed = [0] totalExpired = [0] totalRejected = [0] totalRateLimited = [0] totalRateLimitedTenants = [0] currBuffer = [0] 
2025-12-19 11:18:08,412 [TB-Scheduling-3] INFO  o.t.s.c.t.s.DefaultTransportService - Transport Stats: openConnections [0]
2025-12-19 11:18:08,740 [TB-Scheduling-2] INFO  o.t.s.d.u.AbstractBufferedRateExecutor - [Write] Permits queueSize = [0] totalAdded = [7] totalLaunched = [7] totalReleased = [7] totalFailed = [0] totalExpired = [0] totalRejected = [0] totalRateLimited = [0] totalRateLimitedTenants = [0] currBuffer = [0] 
2025-12-19 11:18:18,277 [sql-log-1-thread-1] INFO  o.t.s.dao.sql.TbSqlBlockingQueue - Queue-0 [TS Latest] queueSize [0] totalAdded [11] totalSaved [11] totalFailed [0]
2025-12-19 11:18:18,741 [TB-Scheduling-1] INFO  o.t.s.d.u.AbstractBufferedRateExecutor - [Write] Permits queueSize = [0] totalAdded = [4] totalLaunched = [4] totalReleased = [4] totalFailed = [0] totalExpired = [0] totalRejected = [0] totalRateLimited = [0] totalRateLimitedTenants = [0] currBuffer = [0] 
2025-12-19 11:19:08,412 [TB-Scheduling-2] INFO  o.t.s.c.t.s.DefaultTransportService - Transport Stats: openConnections [0]
2025-12-19 11:19:18,277 [sql-log-1-thread-1] INFO  o.t.s.dao.sql.TbSqlBlockingQueue - Queue-0 [TS Latest] queueSize [0] totalAdded [11] totalSaved [11] totalFailed [0]
2025-12-19 11:19:18,742 [TB-Scheduling-1] INFO  o.t.s.d.u.AbstractBufferedRateExecutor - [Write] Permits queueSize = [0] totalAdded = [11] totalLaunched = [11] totalReleased = [11] totalFailed = [0] totalExpired = [0] totalRejected = [0] totalRateLimited = [0] totalRateLimitedTenants = [0] currBuffer = [0] 
2025-12-19 11:20:08,414 [TB-Scheduling-3] INFO  o.t.s.c.t.s.DefaultTransportService - Transport Stats: openConnections [0]
2025-12-19 11:20:18,277 [sql-log-1-thread-1] INFO  o.t.s.dao.sql.TbSqlBlockingQueue - Queue-0 [TS Latest] queueSize [0] totalAdded [11] totalSaved [11] totalFailed [0]
2025-12-19 11:20:18,743 [TB-Scheduling-3] INFO  o.t.s.d.u.AbstractBufferedRateExecutor - [Write] Permits queueSize = [0] totalAdded = [11] totalLaunched = [11] totalReleased = [11] totalFailed = [0] totalExpired = [0] totalRejected = [0] totalRateLimited = [0] totalRateLimitedTenants = [0] currBuffer = [0] 
2025-12-19 11:21:08,415 [TB-Scheduling-2] INFO  o.t.s.c.t.s.DefaultTransportService - Transport Stats: openConnections [0]
2025-12-19 11:21:18,277 [sql-log-1-thread-1] INFO  o.t.s.dao.sql.TbSqlBlockingQueue - Queue-0 [TS Latest] queueSize [0] totalAdded [11] totalSaved [11] totalFailed [0]
2025-12-19 11:21:18,745 [TB-Scheduling-1] INFO  o.t.s.d.u.AbstractBufferedRateExecutor - [Write] Permits queueSize = [0] totalAdded = [11] totalLaunched = [11] totalReleased = [11] totalFailed = [0] totalExpired = [0] totalRejected = [0] totalRateLimited = [0] totalRateLimitedTenants = [0] currBuffer = [0] 
2025-12-19 11:22:08,415 [TB-Scheduling-3] INFO  o.t.s.c.t.s.DefaultTransportService - Transport Stats: openConnections [0]
2025-12-19 11:22:18,277 [sql-log-1-thread-1] INFO  o.t.s.dao.sql.TbSqlBlockingQueue - Queue-0 [TS Latest] queueSize [0] totalAdded [11] totalSaved [11] totalFailed [0]
2025-12-19 11:22:18,747 [TB-Scheduling-1] INFO  o.t.s.d.u.AbstractBufferedRateExecutor - [Write] Permits queueSize = [0] totalAdded = [11] totalLaunched = [11] totalReleased = [11] totalFailed = [0] totalExpired = [0] totalRejected = [0] totalRateLimited = [0] totalRateLimitedTenants = [0] currBuffer = [0] 
2025-12-19 11:23:08,416 [TB-Scheduling-1] INFO  o.t.s.c.t.s.DefaultTransportService - Transport Stats: openConnections [0]
2025-12-19 11:23:18,277 [sql-log-1-thread-1] INFO  o.t.s.dao.sql.TbSqlBlockingQueue - Queue-0 [TS Latest] queueSize [0] totalAdded [11] totalSaved [11] totalFailed [0]
2025-12-19 11:23:18,748 [TB-Scheduling-4] INFO  o.t.s.d.u.AbstractBufferedRateExecutor - [Write] Permits queueSize = [0] totalAdded = [11] totalLaunched = [11] totalReleased = [11] totalFailed = [0] totalExpired = [0] totalRejected = [0] totalRateLimited = [0] totalRateLimitedTenants = [0] currBuffer = [0] 
2025-12-19 11:24:08,416 [TB-Scheduling-1] INFO  o.t.s.c.t.s.DefaultTransportService - Transport Stats: openConnections [0]
2025-12-19 11:24:18,277 [sql-log-1-thread-1] INFO  o.t.s.dao.sql.TbSqlBlockingQueue - Queue-0 [TS Latest] queueSize [0] totalAdded [11] totalSaved [11] totalFailed [0]
2025-12-19 11:24:18,749 [TB-Scheduling-3] INFO  o.t.s.d.u.AbstractBufferedRateExecutor - [Write] Permits queueSize = [0] totalAdded = [11] totalLaunched = [11] totalReleased = [11] totalFailed = [0] totalExpired = [0] totalRejected = [0] totalRateLimited = [0] totalRateLimitedTenants = [0] currBuffer = [0] 
2025-12-19 11:25:08,417 [TB-Scheduling-3] INFO  o.t.s.c.t.s.DefaultTransportService - Transport Stats: openConnections [0]
2025-12-19 11:25:18,277 [sql-log-1-thread-1] INFO  o.t.s.dao.sql.TbSqlBlockingQueue - Queue-0 [TS Latest] queueSize [0] totalAdded [11] totalSaved [11] totalFailed [0]
2025-12-19 11:25:18,751 [TB-Scheduling-2] INFO  o.t.s.d.u.AbstractBufferedRateExecutor - [Write] Permits queueSize = [0] totalAdded = [11] totalLaunched = [11] totalReleased = [11] totalFailed = [0] totalExpired = [0] totalRejected = [0] totalRateLimited = [0] totalRateLimitedTenants = [0] currBuffer = [0] 
2025-12-19 11:26:08,418 [TB-Scheduling-2] INFO  o.t.s.c.t.s.DefaultTransportService - Transport Stats: openConnections [0]
2025-12-19 11:26:18,277 [sql-log-1-thread-1] INFO  o.t.s.dao.sql.TbSqlBlockingQueue - Queue-0 [TS Latest] queueSize [0] totalAdded [11] totalSaved [11] totalFailed [0]
2025-12-19 11:26:18,753 [TB-Scheduling-3] INFO  o.t.s.d.u.AbstractBufferedRateExecutor - [Write] Permits queueSize = [0] totalAdded = [11] totalLaunched = [11] totalReleased = [11] totalFailed = [0] totalExpired = [0] totalRejected = [0] totalRateLimited = [0] totalRateLimitedTenants = [0] currBuffer = [0] 
2025-12-19 11:27:08,419 [TB-Scheduling-1] INFO  o.t.s.c.t.s.DefaultTransportService - Transport Stats: openConnections [0]
2025-12-19 11:27:18,277 [sql-log-1-thread-1] INFO  o.t.s.dao.sql.TbSqlBlockingQueue - Queue-0 [TS Latest] queueSize [0] totalAdded [11] totalSaved [11] totalFailed [0]
2025-12-19 11:27:18,755 [TB-Scheduling-4] INFO  o.t.s.d.u.AbstractBufferedRateExecutor - [Write] Permits queueSize = [0] totalAdded = [11] totalLaunched = [11] totalReleased = [11] totalFailed = [0] totalExpired = [0] totalRejected = [0] totalRateLimited = [0] totalRateLimitedTenants = [0] currBuffer = [0] 
2025-12-19 11:28:08,420 [TB-Scheduling-2] INFO  o.t.s.c.t.s.DefaultTransportService - Transport Stats: openConnections [0]
2025-12-19 11:28:18,277 [sql-log-1-thread-1] INFO  o.t.s.dao.sql.TbSqlBlockingQueue - Queue-0 [TS Latest] queueSize [0] totalAdded [4] totalSaved [4] totalFailed [0]
2025-12-19 11:28:18,756 [TB-Scheduling-1] INFO  o.t.s.d.u.AbstractBufferedRateExecutor - [Write] Permits queueSize = [0] totalAdded = [11] totalLaunched = [11] totalReleased = [11] totalFailed = [0] totalExpired = [0] totalRejected = [0] totalRateLimited = [0] totalRateLimitedTenants = [0] currBuffer = [0] 
2025-12-19 11:28:28,277 [sql-log-1-thread-1] INFO  o.t.s.dao.sql.TbSqlBlockingQueue - Queue-0 [TS Latest] queueSize [0] totalAdded [7] totalSaved [7] totalFailed [0]
2025-12-19 11:29:08,420 [TB-Scheduling-1] INFO  o.t.s.c.t.s.DefaultTransportService - Transport Stats: openConnections [0]
2025-12-19 11:29:18,277 [sql-log-1-thread-1] INFO  o.t.s.dao.sql.TbSqlBlockingQueue - Queue-0 [TS Latest] queueSize [0] totalAdded [4] totalSaved [4] totalFailed [0]
2025-12-19 11:29:18,758 [TB-Scheduling-4] INFO  o.t.s.d.u.AbstractBufferedRateExecutor - [Write] Permits queueSize = [0] totalAdded = [4] totalLaunched = [4] totalReleased = [4] totalFailed = [0] totalExpired = [0] totalRejected = [0] totalRateLimited = [0] totalRateLimitedTenants = [0] currBuffer = [0] 
2025-12-19 11:29:28,277 [sql-log-1-thread-1] INFO  o.t.s.dao.sql.TbSqlBlockingQueue - Queue-0 [TS Latest] queueSize [0] totalAdded [7] totalSaved [7] totalFailed [0]
2025-12-19 11:29:28,758 [TB-Scheduling-1] INFO  o.t.s.d.u.AbstractBufferedRateExecutor - [Write] Permits queueSize = [0] totalAdded = [7] totalLaunched = [7] totalReleased = [7] totalFailed = [0] totalExpired = [0] totalRejected = [0] totalRateLimited = [0] totalRateLimitedTenants = [0] currBuffer = [0] 
2025-12-19 11:30:08,421 [TB-Scheduling-2] INFO  o.t.s.c.t.s.DefaultTransportService - Transport Stats: openConnections [0]
2025-12-19 11:30:18,277 [sql-log-1-thread-1] INFO  o.t.s.dao.sql.TbSqlBlockingQueue - Queue-0 [TS Latest] queueSize [0] totalAdded [4] totalSaved [4] totalFailed [0]
2025-12-19 11:30:18,760 [TB-Scheduling-1] INFO  o.t.s.d.u.AbstractBufferedRateExecutor - [Write] Permits queueSize = [0] totalAdded = [4] totalLaunched = [4] totalReleased = [4] totalFailed = [0] totalExpired = [0] totalRejected = [0] totalRateLimited = [0] totalRateLimitedTenants = [0] currBuffer = [0] 
2025-12-19 11:30:28,277 [sql-log-1-thread-1] INFO  o.t.s.dao.sql.TbSqlBlockingQueue - Queue-0 [TS Latest] queueSize [0] totalAdded [7] totalSaved [7] totalFailed [0]
2025-12-19 11:30:28,760 [TB-Scheduling-3] INFO  o.t.s.d.u.AbstractBufferedRateExecutor - [Write] Permits queueSize = [0] totalAdded = [7] totalLaunched = [7] totalReleased = [7] totalFailed = [0] totalExpired = [0] totalRejected = [0] totalRateLimited = [0] totalRateLimitedTenants = [0] currBuffer = [0] 
2025-12-19 11:31:08,421 [TB-Scheduling-2] INFO  o.t.s.c.t.s.DefaultTransportService - Transport Stats: openConnections [0]
2025-12-19 11:31:18,277 [sql-log-1-thread-1] INFO  o.t.s.dao.sql.TbSqlBlockingQueue - Queue-0 [TS Latest] queueSize [0] totalAdded [4] totalSaved [4] totalFailed [0]
2025-12-19 11:31:18,761 [TB-Scheduling-1] INFO  o.t.s.d.u.AbstractBufferedRateExecutor - [Write] Permits queueSize = [0] totalAdded = [4] totalLaunched = [4] totalReleased = [4] totalFailed = [0] totalExpired = [0] totalRejected = [0] totalRateLimited = [0] totalRateLimitedTenants = [0] currBuffer = [0] 
2025-12-19 11:31:28,277 [sql-log-1-thread-1] INFO  o.t.s.dao.sql.TbSqlBlockingQueue - Queue-0 [TS Latest] queueSize [0] totalAdded [7] totalSaved [7] totalFailed [0]
2025-12-19 11:31:28,762 [TB-Scheduling-1] INFO  o.t.s.d.u.AbstractBufferedRateExecutor - [Write] Permits queueSize = [0] totalAdded = [7] totalLaunched = [7] totalReleased = [7] totalFailed = [0] totalExpired = [0] totalRejected = [0] totalRateLimited = [0] totalRateLimitedTenants = [0] currBuffer = [0] 
2025-12-19 11:32:08,422 [TB-Scheduling-4] INFO  o.t.s.c.t.s.DefaultTransportService - Transport Stats: openConnections [0]
2025-12-19 11:32:18,277 [sql-log-1-thread-1] INFO  o.t.s.dao.sql.TbSqlBlockingQueue - Queue-0 [TS Latest] queueSize [0] totalAdded [4] totalSaved [4] totalFailed [0]
2025-12-19 11:32:18,763 [TB-Scheduling-2] INFO  o.t.s.d.u.AbstractBufferedRateExecutor - [Write] Permits queueSize = [0] totalAdded = [4] totalLaunched = [4] totalReleased = [4] totalFailed = [0] totalExpired = [0] totalRejected = [0] totalRateLimited = [0] totalRateLimitedTenants = [0] currBuffer = [0] 
2025-12-19 11:32:28,277 [sql-log-1-thread-1] INFO  o.t.s.dao.sql.TbSqlBlockingQueue - Queue-0 [TS Latest] queueSize [0] totalAdded [7] totalSaved [7] totalFailed [0]
2025-12-19 11:32:28,764 [TB-Scheduling-4] INFO  o.t.s.d.u.AbstractBufferedRateExecutor - [Write] Permits queueSize = [0] totalAdded = [7] totalLaunched = [7] totalReleased = [7] totalFailed = [0] totalExpired = [0] totalRejected = [0] totalRateLimited = [0] totalRateLimitedTenants = [0] currBuffer = [0] 
2025-12-19 11:33:08,423 [TB-Scheduling-2] INFO  o.t.s.c.t.s.DefaultTransportService - Transport Stats: openConnections [0]
2025-12-19 11:33:18,277 [sql-log-1-thread-1] INFO  o.t.s.dao.sql.TbSqlBlockingQueue - Queue-0 [TS Latest] queueSize [0] totalAdded [4] totalSaved [4] totalFailed [0]
2025-12-19 11:33:18,765 [TB-Scheduling-4] INFO  o.t.s.d.u.AbstractBufferedRateExecutor - [Write] Permits queueSize = [0] totalAdded = [4] totalLaunched = [4] totalReleased = [4] totalFailed = [0] totalExpired = [0] totalRejected = [0] totalRateLimited = [0] totalRateLimitedTenants = [0] currBuffer = [0] 
2025-12-19 11:33:28,277 [sql-log-1-thread-1] INFO  o.t.s.dao.sql.TbSqlBlockingQueue - Queue-0 [TS Latest] queueSize [0] totalAdded [7] totalSaved [7] totalFailed [0]
2025-12-19 11:33:28,766 [TB-Scheduling-2] INFO  o.t.s.d.u.AbstractBufferedRateExecutor - [Write] Permits queueSize = [0] totalAdded = [7] totalLaunched = [7] totalReleased = [7] totalFailed = [0] totalExpired = [0] totalRejected = [0] totalRateLimited = [0] totalRateLimitedTenants = [0] currBuffer = [0] 
2025-12-19 11:34:08,424 [TB-Scheduling-3] INFO  o.t.s.c.t.s.DefaultTransportService - Transport Stats: openConnections [0]
2025-12-19 11:34:18,277 [sql-log-1-thread-1] INFO  o.t.s.dao.sql.TbSqlBlockingQueue - Queue-0 [TS Latest] queueSize [0] totalAdded [4] totalSaved [4] totalFailed [0]
2025-12-19 11:34:18,767 [TB-Scheduling-2] INFO  o.t.s.d.u.AbstractBufferedRateExecutor - [Write] Permits queueSize = [0] totalAdded = [4] totalLaunched = [4] totalReleased = [4] totalFailed = [0] totalExpired = [0] totalRejected = [0] totalRateLimited = [0] totalRateLimitedTenants = [0] currBuffer = [0] 
2025-12-19 11:34:28,277 [sql-log-1-thread-1] INFO  o.t.s.dao.sql.TbSqlBlockingQueue - Queue-0 [TS Latest] queueSize [0] totalAdded [7] totalSaved [7] totalFailed [0]
2025-12-19 11:34:28,768 [TB-Scheduling-3] INFO  o.t.s.d.u.AbstractBufferedRateExecutor - [Write] Permits queueSize = [0] totalAdded = [7] totalLaunched = [7] totalReleased = [7] totalFailed = [0] totalExpired = [0] totalRejected = [0] totalRateLimited = [0] totalRateLimitedTenants = [0] currBuffer = [0] 
2025-12-19 11:35:08,425 [TB-Scheduling-3] INFO  o.t.s.c.t.s.DefaultTransportService - Transport Stats: openConnections [0]
2025-12-19 11:35:18,277 [sql-log-1-thread-1] INFO  o.t.s.dao.sql.TbSqlBlockingQueue - Queue-0 [TS Latest] queueSize [0] totalAdded [4] totalSaved [4] totalFailed [0]
2025-12-19 11:35:18,769 [TB-Scheduling-2] INFO  o.t.s.d.u.AbstractBufferedRateExecutor - [Write] Permits queueSize = [0] totalAdded = [4] totalLaunched = [4] totalReleased = [4] totalFailed = [0] totalExpired = [0] totalRejected = [0] totalRateLimited = [0] totalRateLimitedTenants = [0] currBuffer = [0] 
2025-12-19 11:35:28,277 [sql-log-1-thread-1] INFO  o.t.s.dao.sql.TbSqlBlockingQueue - Queue-0 [TS Latest] queueSize [0] totalAdded [7] totalSaved [7] totalFailed [0]
2025-12-19 11:35:28,770 [TB-Scheduling-4] INFO  o.t.s.d.u.AbstractBufferedRateExecutor - [Write] Permits queueSize = [0] totalAdded = [7] totalLaunched = [7] totalReleased = [7] totalFailed = [0] totalExpired = [0] totalRejected = [0] totalRateLimited = [0] totalRateLimitedTenants = [0] currBuffer = [0] 
2025-12-19 11:36:08,425 [TB-Scheduling-3] INFO  o.t.s.c.t.s.DefaultTransportService - Transport Stats: openConnections [0]
2025-12-19 11:36:18,277 [sql-log-1-thread-1] INFO  o.t.s.dao.sql.TbSqlBlockingQueue - Queue-0 [TS Latest] queueSize [0] totalAdded [4] totalSaved [4] totalFailed [0]
2025-12-19 11:36:18,771 [TB-Scheduling-1] INFO  o.t.s.d.u.AbstractBufferedRateExecutor - [Write] Permits queueSize = [0] totalAdded = [4] totalLaunched = [4] totalReleased = [4] totalFailed = [0] totalExpired = [0] totalRejected = [0] totalRateLimited = [0] totalRateLimitedTenants = [0] currBuffer = [0] 
2025-12-19 11:36:28,277 [sql-log-1-thread-1] INFO  o.t.s.dao.sql.TbSqlBlockingQueue - Queue-0 [TS Latest] queueSize [0] totalAdded [7] totalSaved [7] totalFailed [0]
2025-12-19 11:36:28,772 [TB-Scheduling-3] INFO  o.t.s.d.u.AbstractBufferedRateExecutor - [Write] Permits queueSize = [0] totalAdded = [7] totalLaunched = [7] totalReleased = [7] totalFailed = [0] totalExpired = [0] totalRejected = [0] totalRateLimited = [0] totalRateLimitedTenants = [0] currBuffer = [0] 
2025-12-19 11:37:08,426 [TB-Scheduling-1] INFO  o.t.s.c.t.s.DefaultTransportService - Transport Stats: openConnections [0]
2025-12-19 11:37:18,277 [sql-log-1-thread-1] INFO  o.t.s.dao.sql.TbSqlBlockingQueue - Queue-0 [TS Latest] queueSize [0] totalAdded [4] totalSaved [4] totalFailed [0]
2025-12-19 11:37:18,773 [TB-Scheduling-2] INFO  o.t.s.d.u.AbstractBufferedRateExecutor - [Write] Permits queueSize = [0] totalAdded = [4] totalLaunched = [4] totalReleased = [4] totalFailed = [0] totalExpired = [0] totalRejected = [0] totalRateLimited = [0] totalRateLimitedTenants = [0] currBuffer = [0] 
2025-12-19 11:37:28,277 [sql-log-1-thread-1] INFO  o.t.s.dao.sql.TbSqlBlockingQueue - Queue-0 [TS Latest] queueSize [0] totalAdded [7] totalSaved [7] totalFailed [0]
2025-12-19 11:37:28,774 [TB-Scheduling-1] INFO  o.t.s.d.u.AbstractBufferedRateExecutor - [Write] Permits queueSize = [0] totalAdded = [7] totalLaunched = [7] totalReleased = [7] totalFailed = [0] totalExpired = [0] totalRejected = [0] totalRateLimited = [0] totalRateLimitedTenants = [0] currBuffer = [0] 
2025-12-19 11:38:08,426 [TB-Scheduling-4] INFO  o.t.s.c.t.s.DefaultTransportService - Transport Stats: openConnections [0]
2025-12-19 11:38:18,277 [sql-log-1-thread-1] INFO  o.t.s.dao.sql.TbSqlBlockingQueue - Queue-0 [TS Latest] queueSize [0] totalAdded [4] totalSaved [4] totalFailed [0]
2025-12-19 11:38:18,775 [TB-Scheduling-4] INFO  o.t.s.d.u.AbstractBufferedRateExecutor - [Write] Permits queueSize = [0] totalAdded = [4] totalLaunched = [4] totalReleased = [4] totalFailed = [0] totalExpired = [0] totalRejected = [0] totalRateLimited = [0] totalRateLimitedTenants = [0] currBuffer = [0] 
2025-12-19 11:38:28,776 [TB-Scheduling-3] INFO  o.t.s.d.u.AbstractBufferedRateExecutor - [Write] Permits queueSize = [0] totalAdded = [7] totalLaunched = [7] totalReleased = [7] totalFailed = [0] totalExpired = [0] totalRejected = [0] totalRateLimited = [0] totalRateLimitedTenants = [0] currBuffer = [0] 
2025-12-19 11:38:38,277 [sql-log-1-thread-1] INFO  o.t.s.dao.sql.TbSqlBlockingQueue - Queue-0 [TS Latest] queueSize [0] totalAdded [7] totalSaved [7] totalFailed [0]
2025-12-19 11:39:08,428 [TB-Scheduling-4] INFO  o.t.s.c.t.s.DefaultTransportService - Transport Stats: openConnections [0]
2025-12-19 11:39:18,277 [sql-log-1-thread-1] INFO  o.t.s.dao.sql.TbSqlBlockingQueue - Queue-0 [TS Latest] queueSize [0] totalAdded [4] totalSaved [4] totalFailed [0]
2025-12-19 11:39:18,778 [TB-Scheduling-4] INFO  o.t.s.d.u.AbstractBufferedRateExecutor - [Write] Permits queueSize = [0] totalAdded = [4] totalLaunched = [4] totalReleased = [4] totalFailed = [0] totalExpired = [0] totalRejected = [0] totalRateLimited = [0] totalRateLimitedTenants = [0] currBuffer = [0] 
2025-12-19 11:39:38,277 [sql-log-1-thread-1] INFO  o.t.s.dao.sql.TbSqlBlockingQueue - Queue-0 [TS Latest] queueSize [0] totalAdded [7] totalSaved [7] totalFailed [0]
2025-12-19 11:39:38,778 [TB-Scheduling-4] INFO  o.t.s.d.u.AbstractBufferedRateExecutor - [Write] Permits queueSize = [0] totalAdded = [7] totalLaunched = [7] totalReleased = [7] totalFailed = [0] totalExpired = [0] totalRejected = [0] totalRateLimited = [0] totalRateLimitedTenants = [0] currBuffer = [0] 
2025-12-19 11:40:08,429 [TB-Scheduling-2] INFO  o.t.s.c.t.s.DefaultTransportService - Transport Stats: openConnections [0]
2025-12-19 11:40:18,277 [sql-log-1-thread-1] INFO  o.t.s.dao.sql.TbSqlBlockingQueue - Queue-0 [TS Latest] queueSize [0] totalAdded [4] totalSaved [4] totalFailed [0]
2025-12-19 11:40:18,781 [TB-Scheduling-4] INFO  o.t.s.d.u.AbstractBufferedRateExecutor - [Write] Permits queueSize = [0] totalAdded = [4] totalLaunched = [4] totalReleased = [4] totalFailed = [0] totalExpired = [0] totalRejected = [0] totalRateLimited = [0] totalRateLimitedTenants = [0] currBuffer = [0] 
2025-12-19 11:40:38,277 [sql-log-1-thread-1] INFO  o.t.s.dao.sql.TbSqlBlockingQueue - Queue-0 [TS Latest] queueSize [0] totalAdded [7] totalSaved [7] totalFailed [0]
2025-12-19 11:40:38,781 [TB-Scheduling-2] INFO  o.t.s.d.u.AbstractBufferedRateExecutor - [Write] Permits queueSize = [0] totalAdded = [7] totalLaunched = [7] totalReleased = [7] totalFailed = [0] totalExpired = [0] totalRejected = [0] totalRateLimited = [0] totalRateLimitedTenants = [0] currBuffer = [0] 
2025-12-19 11:41:08,430 [TB-Scheduling-1] INFO  o.t.s.c.t.s.DefaultTransportService - Transport Stats: openConnections [0]
2025-12-19 11:41:18,277 [sql-log-1-thread-1] INFO  o.t.s.dao.sql.TbSqlBlockingQueue - Queue-0 [TS Latest] queueSize [0] totalAdded [4] totalSaved [4] totalFailed [0]
2025-12-19 11:41:18,783 [TB-Scheduling-4] INFO  o.t.s.d.u.AbstractBufferedRateExecutor - [Write] Permits queueSize = [0] totalAdded = [4] totalLaunched = [4] totalReleased = [4] totalFailed = [0] totalExpired = [0] totalRejected = [0] totalRateLimited = [0] totalRateLimitedTenants = [0] currBuffer = [0] 
2025-12-19 11:41:38,277 [sql-log-1-thread-1] INFO  o.t.s.dao.sql.TbSqlBlockingQueue - Queue-0 [TS Latest] queueSize [0] totalAdded [7] totalSaved [7] totalFailed [0]
2025-12-19 11:41:38,783 [TB-Scheduling-3] INFO  o.t.s.d.u.AbstractBufferedRateExecutor - [Write] Permits queueSize = [0] totalAdded = [7] totalLaunched = [7] totalReleased = [7] totalFailed = [0] totalExpired = [0] totalRejected = [0] totalRateLimited = [0] totalRateLimitedTenants = [0] currBuffer = [0] 
2025-12-19 11:42:08,431 [TB-Scheduling-4] INFO  o.t.s.c.t.s.DefaultTransportService - Transport Stats: openConnections [0]
2025-12-19 11:42:18,277 [sql-log-1-thread-1] INFO  o.t.s.dao.sql.TbSqlBlockingQueue - Queue-0 [TS Latest] queueSize [0] totalAdded [4] totalSaved [4] totalFailed [0]
2025-12-19 11:42:18,785 [TB-Scheduling-2] INFO  o.t.s.d.u.AbstractBufferedRateExecutor - [Write] Permits queueSize = [0] totalAdded = [4] totalLaunched = [4] totalReleased = [4] totalFailed = [0] totalExpired = [0] totalRejected = [0] totalRateLimited = [0] totalRateLimitedTenants = [0] currBuffer = [0] 
2025-12-19 11:42:38,277 [sql-log-1-thread-1] INFO  o.t.s.dao.sql.TbSqlBlockingQueue - Queue-0 [TS Latest] queueSize [0] totalAdded [7] totalSaved [7] totalFailed [0]
2025-12-19 11:42:38,786 [TB-Scheduling-2] INFO  o.t.s.d.u.AbstractBufferedRateExecutor - [Write] Permits queueSize = [0] totalAdded = [7] totalLaunched = [7] totalReleased = [7] totalFailed = [0] totalExpired = [0] totalRejected = [0] totalRateLimited = [0] totalRateLimitedTenants = [0] currBuffer = [0] 
2025-12-19 11:43:08,432 [TB-Scheduling-3] INFO  o.t.s.c.t.s.DefaultTransportService - Transport Stats: openConnections [0]
2025-12-19 11:43:18,277 [sql-log-1-thread-1] INFO  o.t.s.dao.sql.TbSqlBlockingQueue - Queue-0 [TS Latest] queueSize [0] totalAdded [4] totalSaved [4] totalFailed [0]
2025-12-19 11:43:18,787 [TB-Scheduling-1] INFO  o.t.s.d.u.AbstractBufferedRateExecutor - [Write] Permits queueSize = [0] totalAdded = [4] totalLaunched = [4] totalReleased = [4] totalFailed = [0] totalExpired = [0] totalRejected = [0] totalRateLimited = [0] totalRateLimitedTenants = [0] currBuffer = [0] 
2025-12-19 11:43:38,277 [sql-log-1-thread-1] INFO  o.t.s.dao.sql.TbSqlBlockingQueue - Queue-0 [TS Latest] queueSize [0] totalAdded [7] totalSaved [7] totalFailed [0]
2025-12-19 11:43:38,788 [TB-Scheduling-3] INFO  o.t.s.d.u.AbstractBufferedRateExecutor - [Write] Permits queueSize = [0] totalAdded = [7] totalLaunched = [7] totalReleased = [7] totalFailed = [0] totalExpired = [0] totalRejected = [0] totalRateLimited = [0] totalRateLimitedTenants = [0] currBuffer = [0] 
2025-12-19 11:44:08,433 [TB-Scheduling-3] INFO  o.t.s.c.t.s.DefaultTransportService - Transport Stats: openConnections [0]
2025-12-19 11:44:18,277 [sql-log-1-thread-1] INFO  o.t.s.dao.sql.TbSqlBlockingQueue - Queue-0 [TS Latest] queueSize [0] totalAdded [4] totalSaved [4] totalFailed [0]
2025-12-19 11:44:18,790 [TB-Scheduling-4] INFO  o.t.s.d.u.AbstractBufferedRateExecutor - [Write] Permits queueSize = [0] totalAdded = [4] totalLaunched = [4] totalReleased = [4] totalFailed = [0] totalExpired = [0] totalRejected = [0] totalRateLimited = [0] totalRateLimitedTenants = [0] currBuffer = [0] 
2025-12-19 11:44:38,277 [sql-log-1-thread-1] INFO  o.t.s.dao.sql.TbSqlBlockingQueue - Queue-0 [TS Latest] queueSize [0] totalAdded [7] totalSaved [7] totalFailed [0]
2025-12-19 11:44:38,791 [TB-Scheduling-1] INFO  o.t.s.d.u.AbstractBufferedRateExecutor - [Write] Permits queueSize = [0] totalAdded = [7] totalLaunched = [7] totalReleased = [7] totalFailed = [0] totalExpired = [0] totalRejected = [0] totalRateLimited = [0] totalRateLimitedTenants = [0] currBuffer = [0] 
2025-12-19 11:45:08,434 [TB-Scheduling-3] INFO  o.t.s.c.t.s.DefaultTransportService - Transport Stats: openConnections [0]
2025-12-19 11:45:18,277 [sql-log-1-thread-1] INFO  o.t.s.dao.sql.TbSqlBlockingQueue - Queue-0 [TS Latest] queueSize [0] totalAdded [4] totalSaved [4] totalFailed [0]
2025-12-19 11:45:18,792 [TB-Scheduling-2] INFO  o.t.s.d.u.AbstractBufferedRateExecutor - [Write] Permits queueSize = [0] totalAdded = [4] totalLaunched = [4] totalReleased = [4] totalFailed = [0] totalExpired = [0] totalRejected = [0] totalRateLimited = [0] totalRateLimitedTenants = [0] currBuffer = [0] 
2025-12-19 11:45:38,277 [sql-log-1-thread-1] INFO  o.t.s.dao.sql.TbSqlBlockingQueue - Queue-0 [TS Latest] queueSize [0] totalAdded [7] totalSaved [7] totalFailed [0]
2025-12-19 11:45:38,793 [TB-Scheduling-1] INFO  o.t.s.d.u.AbstractBufferedRateExecutor - [Write] Permits queueSize = [0] totalAdded = [7] totalLaunched = [7] totalReleased = [7] totalFailed = [0] totalExpired = [0] totalRejected = [0] totalRateLimited = [0] totalRateLimitedTenants = [0] currBuffer = [0] 
2025-12-19 11:46:08,436 [TB-Scheduling-1] INFO  o.t.s.c.t.s.DefaultTransportService - Transport Stats: openConnections [0]
2025-12-19 11:46:18,277 [sql-log-1-thread-1] INFO  o.t.s.dao.sql.TbSqlBlockingQueue - Queue-0 [TS Latest] queueSize [0] totalAdded [4] totalSaved [4] totalFailed [0]
2025-12-19 11:46:18,794 [TB-Scheduling-2] INFO  o.t.s.d.u.AbstractBufferedRateExecutor - [Write] Permits queueSize = [0] totalAdded = [4] totalLaunched = [4] totalReleased = [4] totalFailed = [0] totalExpired = [0] totalRejected = [0] totalRateLimited = [0] totalRateLimitedTenants = [0] currBuffer = [0] 
2025-12-19 11:46:38,277 [sql-log-1-thread-1] INFO  o.t.s.dao.sql.TbSqlBlockingQueue - Queue-0 [TS Latest] queueSize [0] totalAdded [7] totalSaved [7] totalFailed [0]
2025-12-19 11:46:38,795 [TB-Scheduling-2] INFO  o.t.s.d.u.AbstractBufferedRateExecutor - [Write] Permits queueSize = [0] totalAdded = [7] totalLaunched = [7] totalReleased = [7] totalFailed = [0] totalExpired = [0] totalRejected = [0] totalRateLimited = [0] totalRateLimitedTenants = [0] currBuffer = [0] 
2025-12-19 11:47:08,436 [TB-Scheduling-4] INFO  o.t.s.c.t.s.DefaultTransportService - Transport Stats: openConnections [0]
2025-12-19 11:47:18,277 [sql-log-1-thread-1] INFO  o.t.s.dao.sql.TbSqlBlockingQueue - Queue-0 [TS Latest] queueSize [0] totalAdded [4] totalSaved [4] totalFailed [0]
2025-12-19 11:47:18,796 [TB-Scheduling-2] INFO  o.t.s.d.u.AbstractBufferedRateExecutor - [Write] Permits queueSize = [0] totalAdded = [4] totalLaunched = [4] totalReleased = [4] totalFailed = [0] totalExpired = [0] totalRejected = [0] totalRateLimited = [0] totalRateLimitedTenants = [0] currBuffer = [0] 
2025-12-19 11:47:38,277 [sql-log-1-thread-1] INFO  o.t.s.dao.sql.TbSqlBlockingQueue - Queue-0 [TS Latest] queueSize [0] totalAdded [7] totalSaved [7] totalFailed [0]
2025-12-19 11:47:38,797 [TB-Scheduling-4] INFO  o.t.s.d.u.AbstractBufferedRateExecutor - [Write] Permits queueSize = [0] totalAdded = [7] totalLaunched = [7] totalReleased = [7] totalFailed = [0] totalExpired = [0] totalRejected = [0] totalRateLimited = [0] totalRateLimitedTenants = [0] currBuffer = [0] 
2025-12-19 11:48:08,437 [TB-Scheduling-3] INFO  o.t.s.c.t.s.DefaultTransportService - Transport Stats: openConnections [0]
2025-12-19 11:48:18,277 [sql-log-1-thread-1] INFO  o.t.s.dao.sql.TbSqlBlockingQueue - Queue-0 [TS Latest] queueSize [0] totalAdded [4] totalSaved [4] totalFailed [0]
2025-12-19 11:48:18,798 [TB-Scheduling-4] INFO  o.t.s.d.u.AbstractBufferedRateExecutor - [Write] Permits queueSize = [0] totalAdded = [4] totalLaunched = [4] totalReleased = [4] totalFailed = [0] totalExpired = [0] totalRejected = [0] totalRateLimited = [0] totalRateLimitedTenants = [0] currBuffer = [0] 
2025-12-19 11:48:38,799 [TB-Scheduling-1] INFO  o.t.s.d.u.AbstractBufferedRateExecutor - [Write] Permits queueSize = [0] totalAdded = [7] totalLaunched = [7] totalReleased = [7] totalFailed = [0] totalExpired = [0] totalRejected = [0] totalRateLimited = [0] totalRateLimitedTenants = [0] currBuffer = [0] 
2025-12-19 11:48:48,277 [sql-log-1-thread-1] INFO  o.t.s.dao.sql.TbSqlBlockingQueue - Queue-0 [TS Latest] queueSize [0] totalAdded [7] totalSaved [7] totalFailed [0]
2025-12-19 11:49:08,438 [TB-Scheduling-3] INFO  o.t.s.c.t.s.DefaultTransportService - Transport Stats: openConnections [0]
2025-12-19 11:49:18,277 [sql-log-1-thread-1] INFO  o.t.s.dao.sql.TbSqlBlockingQueue - Queue-0 [TS Latest] queueSize [0] totalAdded [4] totalSaved [4] totalFailed [0]
2025-12-19 11:49:18,800 [TB-Scheduling-4] INFO  o.t.s.d.u.AbstractBufferedRateExecutor - [Write] Permits queueSize = [0] totalAdded = [4] totalLaunched = [4] totalReleased = [4] totalFailed = [0] totalExpired = [0] totalRejected = [0] totalRateLimited = [0] totalRateLimitedTenants = [0] currBuffer = [0] 
2025-12-19 11:49:48,277 [sql-log-1-thread-1] INFO  o.t.s.dao.sql.TbSqlBlockingQueue - Queue-0 [TS Latest] queueSize [0] totalAdded [7] totalSaved [7] totalFailed [0]
2025-12-19 11:49:48,801 [TB-Scheduling-3] INFO  o.t.s.d.u.AbstractBufferedRateExecutor - [Write] Permits queueSize = [0] totalAdded = [7] totalLaunched = [7] totalReleased = [7] totalFailed = [0] totalExpired = [0] totalRejected = [0] totalRateLimited = [0] totalRateLimitedTenants = [0] currBuffer = [0] 
2025-12-19 11:50:08,438 [TB-Scheduling-3] INFO  o.t.s.c.t.s.DefaultTransportService - Transport Stats: openConnections [0]
2025-12-19 11:50:18,277 [sql-log-1-thread-1] INFO  o.t.s.dao.sql.TbSqlBlockingQueue - Queue-0 [TS Latest] queueSize [0] totalAdded [4] totalSaved [4] totalFailed [0]
2025-12-19 11:50:18,802 [TB-Scheduling-4] INFO  o.t.s.d.u.AbstractBufferedRateExecutor - [Write] Permits queueSize = [0] totalAdded = [4] totalLaunched = [4] totalReleased = [4] totalFailed = [0] totalExpired = [0] totalRejected = [0] totalRateLimited = [0] totalRateLimitedTenants = [0] currBuffer = [0] 
2025-12-19 11:50:48,277 [sql-log-1-thread-1] INFO  o.t.s.dao.sql.TbSqlBlockingQueue - Queue-0 [TS Latest] queueSize [0] totalAdded [7] totalSaved [7] totalFailed [0]
2025-12-19 11:50:48,803 [TB-Scheduling-2] INFO  o.t.s.d.u.AbstractBufferedRateExecutor - [Write] Permits queueSize = [0] totalAdded = [7] totalLaunched = [7] totalReleased = [7] totalFailed = [0] totalExpired = [0] totalRejected = [0] totalRateLimited = [0] totalRateLimitedTenants = [0] currBuffer = [0] 
2025-12-19 11:51:08,439 [TB-Scheduling-1] INFO  o.t.s.c.t.s.DefaultTransportService - Transport Stats: openConnections [0]
2025-12-19 11:51:18,277 [sql-log-1-thread-1] INFO  o.t.s.dao.sql.TbSqlBlockingQueue - Queue-0 [TS Latest] queueSize [0] totalAdded [4] totalSaved [4] totalFailed [0]
2025-12-19 11:51:18,804 [TB-Scheduling-3] INFO  o.t.s.d.u.AbstractBufferedRateExecutor - [Write] Permits queueSize = [0] totalAdded = [4] totalLaunched = [4] totalReleased = [4] totalFailed = [0] totalExpired = [0] totalRejected = [0] totalRateLimited = [0] totalRateLimitedTenants = [0] currBuffer = [0] 
2025-12-19 11:51:48,277 [sql-log-1-thread-1] INFO  o.t.s.dao.sql.TbSqlBlockingQueue - Queue-0 [TS Latest] queueSize [0] totalAdded [7] totalSaved [7] totalFailed [0]
2025-12-19 11:51:48,805 [TB-Scheduling-4] INFO  o.t.s.d.u.AbstractBufferedRateExecutor - [Write] Permits queueSize = [0] totalAdded = [7] totalLaunched = [7] totalReleased = [7] totalFailed = [0] totalExpired = [0] totalRejected = [0] totalRateLimited = [0] totalRateLimitedTenants = [0] currBuffer = [0] 
2025-12-19 11:52:08,440 [TB-Scheduling-4] INFO  o.t.s.c.t.s.DefaultTransportService - Transport Stats: openConnections [0]
2025-12-19 11:52:18,277 [sql-log-1-thread-1] INFO  o.t.s.dao.sql.TbSqlBlockingQueue - Queue-0 [TS Latest] queueSize [0] totalAdded [4] totalSaved [4] totalFailed [0]
2025-12-19 11:52:18,806 [TB-Scheduling-3] INFO  o.t.s.d.u.AbstractBufferedRateExecutor - [Write] Permits queueSize = [0] totalAdded = [4] totalLaunched = [4] totalReleased = [4] totalFailed = [0] totalExpired = [0] totalRejected = [0] totalRateLimited = [0] totalRateLimitedTenants = [0] currBuffer = [0] 
2025-12-19 11:52:48,277 [sql-log-1-thread-1] INFO  o.t.s.dao.sql.TbSqlBlockingQueue - Queue-0 [TS Latest] queueSize [0] totalAdded [7] totalSaved [7] totalFailed [0]
2025-12-19 11:52:48,807 [TB-Scheduling-1] INFO  o.t.s.d.u.AbstractBufferedRateExecutor - [Write] Permits queueSize = [0] totalAdded = [7] totalLaunched = [7] totalReleased = [7] totalFailed = [0] totalExpired = [0] totalRejected = [0] totalRateLimited = [0] totalRateLimitedTenants = [0] currBuffer = [0] 
2025-12-19 11:53:08,441 [TB-Scheduling-1] INFO  o.t.s.c.t.s.DefaultTransportService - Transport Stats: openConnections [0]
2025-12-19 11:53:18,277 [sql-log-1-thread-1] INFO  o.t.s.dao.sql.TbSqlBlockingQueue - Queue-0 [TS Latest] queueSize [0] totalAdded [4] totalSaved [4] totalFailed [0]
2025-12-19 11:53:18,808 [TB-Scheduling-3] INFO  o.t.s.d.u.AbstractBufferedRateExecutor - [Write] Permits queueSize = [0] totalAdded = [4] totalLaunched = [4] totalReleased = [4] totalFailed = [0] totalExpired = [0] totalRejected = [0] totalRateLimited = [0] totalRateLimitedTenants = [0] currBuffer = [0] 
2025-12-19 11:53:48,277 [sql-log-1-thread-1] INFO  o.t.s.dao.sql.TbSqlBlockingQueue - Queue-0 [TS Latest] queueSize [0] totalAdded [7] totalSaved [7] totalFailed [0]
2025-12-19 11:53:48,810 [TB-Scheduling-4] INFO  o.t.s.d.u.AbstractBufferedRateExecutor - [Write] Permits queueSize = [0] totalAdded = [7] totalLaunched = [7] totalReleased = [7] totalFailed = [0] totalExpired = [0] totalRejected = [0] totalRateLimited = [0] totalRateLimitedTenants = [0] currBuffer = [0] 
2025-12-19 11:54:08,442 [TB-Scheduling-4] INFO  o.t.s.c.t.s.DefaultTransportService - Transport Stats: openConnections [0]
2025-12-19 11:54:18,277 [sql-log-1-thread-1] INFO  o.t.s.dao.sql.TbSqlBlockingQueue - Queue-0 [TS Latest] queueSize [0] totalAdded [4] totalSaved [4] totalFailed [0]
2025-12-19 11:54:18,811 [TB-Scheduling-2] INFO  o.t.s.d.u.AbstractBufferedRateExecutor - [Write] Permits queueSize = [0] totalAdded = [4] totalLaunched = [4] totalReleased = [4] totalFailed = [0] totalExpired = [0] totalRejected = [0] totalRateLimited = [0] totalRateLimitedTenants = [0] currBuffer = [0] 
2025-12-19 11:54:48,277 [sql-log-1-thread-1] INFO  o.t.s.dao.sql.TbSqlBlockingQueue - Queue-0 [TS Latest] queueSize [0] totalAdded [7] totalSaved [7] totalFailed [0]
2025-12-19 11:54:48,812 [TB-Scheduling-4] INFO  o.t.s.d.u.AbstractBufferedRateExecutor - [Write] Permits queueSize = [0] totalAdded = [7] totalLaunched = [7] totalReleased = [7] totalFailed = [0] totalExpired = [0] totalRejected = [0] totalRateLimited = [0] totalRateLimitedTenants = [0] currBuffer = [0] 
2025-12-19 11:55:08,443 [TB-Scheduling-4] INFO  o.t.s.c.t.s.DefaultTransportService - Transport Stats: openConnections [0]
2025-12-19 11:55:18,277 [sql-log-1-thread-1] INFO  o.t.s.dao.sql.TbSqlBlockingQueue - Queue-0 [TS Latest] queueSize [0] totalAdded [4] totalSaved [4] totalFailed [0]
2025-12-19 11:55:18,813 [TB-Scheduling-2] INFO  o.t.s.d.u.AbstractBufferedRateExecutor - [Write] Permits queueSize = [0] totalAdded = [4] totalLaunched = [4] totalReleased = [4] totalFailed = [0] totalExpired = [0] totalRejected = [0] totalRateLimited = [0] totalRateLimitedTenants = [0] currBuffer = [0] 
2025-12-19 11:55:48,277 [sql-log-1-thread-1] INFO  o.t.s.dao.sql.TbSqlBlockingQueue - Queue-0 [TS Latest] queueSize [0] totalAdded [7] totalSaved [7] totalFailed [0]
2025-12-19 11:55:48,814 [TB-Scheduling-3] INFO  o.t.s.d.u.AbstractBufferedRateExecutor - [Write] Permits queueSize = [0] totalAdded = [7] totalLaunched = [7] totalReleased = [7] totalFailed = [0] totalExpired = [0] totalRejected = [0] totalRateLimited = [0] totalRateLimitedTenants = [0] currBuffer = [0] 
2025-12-19 11:56:08,443 [TB-Scheduling-4] INFO  o.t.s.c.t.s.DefaultTransportService - Transport Stats: openConnections [0]
2025-12-19 11:56:18,277 [sql-log-1-thread-1] INFO  o.t.s.dao.sql.TbSqlBlockingQueue - Queue-0 [TS Latest] queueSize [0] totalAdded [4] totalSaved [4] totalFailed [0]
2025-12-19 11:56:18,815 [TB-Scheduling-1] INFO  o.t.s.d.u.AbstractBufferedRateExecutor - [Write] Permits queueSize = [0] totalAdded = [4] totalLaunched = [4] totalReleased = [4] totalFailed = [0] totalExpired = [0] totalRejected = [0] totalRateLimited = [0] totalRateLimitedTenants = [0] currBuffer = [0] 
2025-12-19 11:56:48,277 [sql-log-1-thread-1] INFO  o.t.s.dao.sql.TbSqlBlockingQueue - Queue-0 [TS Latest] queueSize [0] totalAdded [7] totalSaved [7] totalFailed [0]
2025-12-19 11:56:48,816 [TB-Scheduling-4] INFO  o.t.s.d.u.AbstractBufferedRateExecutor - [Write] Permits queueSize = [0] totalAdded = [7] totalLaunched = [7] totalReleased = [7] totalFailed = [0] totalExpired = [0] totalRejected = [0] totalRateLimited = [0] totalRateLimitedTenants = [0] currBuffer = [0] 
2025-12-19 11:57:03,060 [TB-Scheduling-1] INFO  o.t.s.dao.sql.event.JpaBaseEventDao - Going to cleanup debug events with exp time: 1765540623060
2025-12-19 11:57:08,444 [TB-Scheduling-4] INFO  o.t.s.c.t.s.DefaultTransportService - Transport Stats: openConnections [0]
2025-12-19 11:57:18,277 [sql-log-1-thread-1] INFO  o.t.s.dao.sql.TbSqlBlockingQueue - Queue-0 [TS Latest] queueSize [0] totalAdded [4] totalSaved [4] totalFailed [0]
2025-12-19 11:57:18,817 [TB-Scheduling-2] INFO  o.t.s.d.u.AbstractBufferedRateExecutor - [Write] Permits queueSize = [0] totalAdded = [4] totalLaunched = [4] totalReleased = [4] totalFailed = [0] totalExpired = [0] totalRejected = [0] totalRateLimited = [0] totalRateLimitedTenants = [0] currBuffer = [0] 
2025-12-19 11:57:48,277 [sql-log-1-thread-1] INFO  o.t.s.dao.sql.TbSqlBlockingQueue - Queue-0 [TS Latest] queueSize [0] totalAdded [7] totalSaved [7] totalFailed [0]
2025-12-19 11:57:48,818 [TB-Scheduling-2] INFO  o.t.s.d.u.AbstractBufferedRateExecutor - [Write] Permits queueSize = [0] totalAdded = [7] totalLaunched = [7] totalReleased = [7] totalFailed = [0] totalExpired = [0] totalRejected = [0] totalRateLimited = [0] totalRateLimitedTenants = [0] currBuffer = [0] 
2025-12-19 11:58:08,444 [TB-Scheduling-2] INFO  o.t.s.c.t.s.DefaultTransportService - Transport Stats: openConnections [0]
2025-12-19 11:58:18,277 [sql-log-1-thread-1] INFO  o.t.s.dao.sql.TbSqlBlockingQueue - Queue-0 [TS Latest] queueSize [0] totalAdded [4] totalSaved [4] totalFailed [0]
2025-12-19 11:58:18,819 [TB-Scheduling-3] INFO  o.t.s.d.u.AbstractBufferedRateExecutor - [Write] Permits queueSize = [0] totalAdded = [4] totalLaunched = [4] totalReleased = [4] totalFailed = [0] totalExpired = [0] totalRejected = [0] totalRateLimited = [0] totalRateLimitedTenants = [0] currBuffer = [0] 
2025-12-19 11:58:48,820 [TB-Scheduling-4] INFO  o.t.s.d.u.AbstractBufferedRateExecutor - [Write] Permits queueSize = [0] totalAdded = [7] totalLaunched = [7] totalReleased = [7] totalFailed = [0] totalExpired = [0] totalRejected = [0] totalRateLimited = [0] totalRateLimitedTenants = [0] currBuffer = [0] 
2025-12-19 11:58:58,277 [sql-log-1-thread-1] INFO  o.t.s.dao.sql.TbSqlBlockingQueue - Queue-0 [TS Latest] queueSize [0] totalAdded [7] totalSaved [7] totalFailed [0]
2025-12-19 11:59:08,445 [TB-Scheduling-2] INFO  o.t.s.c.t.s.DefaultTransportService - Transport Stats: openConnections [0]
2025-12-19 11:59:18,277 [sql-log-1-thread-1] INFO  o.t.s.dao.sql.TbSqlBlockingQueue - Queue-0 [TS Latest] queueSize [0] totalAdded [4] totalSaved [4] totalFailed [0]
2025-12-19 11:59:18,821 [TB-Scheduling-1] INFO  o.t.s.d.u.AbstractBufferedRateExecutor - [Write] Permits queueSize = [0] totalAdded = [4] totalLaunched = [4] totalReleased = [4] totalFailed = [0] totalExpired = [0] totalRejected = [0] totalRateLimited = [0] totalRateLimitedTenants = [0] currBuffer = [0] 
2025-12-19 11:59:58,277 [sql-log-1-thread-1] INFO  o.t.s.dao.sql.TbSqlBlockingQueue - Queue-0 [TS Latest] queueSize [0] totalAdded [7] totalSaved [7] totalFailed [0]
2025-12-19 11:59:58,822 [TB-Scheduling-4] INFO  o.t.s.d.u.AbstractBufferedRateExecutor - [Write] Permits queueSize = [0] totalAdded = [7] totalLaunched = [7] totalReleased = [7] totalFailed = [0] totalExpired = [0] totalRejected = [0] totalRateLimited = [0] totalRateLimitedTenants = [0] currBuffer = [0] 
2025-12-19 12:00:08,445 [TB-Scheduling-1] INFO  o.t.s.c.t.s.DefaultTransportService - Transport Stats: openConnections [0]
2025-12-19 12:00:18,277 [sql-log-1-thread-1] INFO  o.t.s.dao.sql.TbSqlBlockingQueue - Queue-0 [TS Latest] queueSize [0] totalAdded [4] totalSaved [4] totalFailed [0]
2025-12-19 12:00:18,823 [TB-Scheduling-4] INFO  o.t.s.d.u.AbstractBufferedRateExecutor - [Write] Permits queueSize = [0] totalAdded = [4] totalLaunched = [4] totalReleased = [4] totalFailed = [0] totalExpired = [0] totalRejected = [0] totalRateLimited = [0] totalRateLimitedTenants = [0] currBuffer = [0] 
2025-12-19 12:00:58,277 [sql-log-1-thread-1] INFO  o.t.s.dao.sql.TbSqlBlockingQueue - Queue-0 [TS Latest] queueSize [0] totalAdded [9] totalSaved [9] totalFailed [0]
2025-12-19 12:00:58,824 [TB-Scheduling-3] INFO  o.t.s.d.u.AbstractBufferedRateExecutor - [Write] Permits queueSize = [0] totalAdded = [9] totalLaunched = [9] totalReleased = [9] totalFailed = [0] totalExpired = [0] totalRejected = [0] totalRateLimited = [0] totalRateLimitedTenants = [0] currBuffer = [0] 
2025-12-19 12:01:08,446 [TB-Scheduling-3] INFO  o.t.s.c.t.s.DefaultTransportService - Transport Stats: openConnections [0]
2025-12-19 12:01:18,277 [sql-log-1-thread-1] INFO  o.t.s.dao.sql.TbSqlBlockingQueue - Queue-0 [TS Latest] queueSize [0] totalAdded [4] totalSaved [4] totalFailed [0]
2025-12-19 12:01:18,825 [TB-Scheduling-1] INFO  o.t.s.d.u.AbstractBufferedRateExecutor - [Write] Permits queueSize = [0] totalAdded = [4] totalLaunched = [4] totalReleased = [4] totalFailed = [0] totalExpired = [0] totalRejected = [0] totalRateLimited = [0] totalRateLimitedTenants = [0] currBuffer = [0] 
2025-12-19 12:01:58,277 [sql-log-1-thread-1] INFO  o.t.s.dao.sql.TbSqlBlockingQueue - Queue-0 [TS Latest] queueSize [0] totalAdded [7] totalSaved [7] totalFailed [0]
2025-12-19 12:01:58,826 [TB-Scheduling-3] INFO  o.t.s.d.u.AbstractBufferedRateExecutor - [Write] Permits queueSize = [0] totalAdded = [7] totalLaunched = [7] totalReleased = [7] totalFailed = [0] totalExpired = [0] totalRejected = [0] totalRateLimited = [0] totalRateLimitedTenants = [0] currBuffer = [0] 
2025-12-19 12:02:08,447 [TB-Scheduling-2] INFO  o.t.s.c.t.s.DefaultTransportService - Transport Stats: openConnections [0]
2025-12-19 12:02:18,277 [sql-log-1-thread-1] INFO  o.t.s.dao.sql.TbSqlBlockingQueue - Queue-0 [TS Latest] queueSize [0] totalAdded [4] totalSaved [4] totalFailed [0]
2025-12-19 12:02:18,827 [TB-Scheduling-4] INFO  o.t.s.d.u.AbstractBufferedRateExecutor - [Write] Permits queueSize = [0] totalAdded = [4] totalLaunched = [4] totalReleased = [4] totalFailed = [0] totalExpired = [0] totalRejected = [0] totalRateLimited = [0] totalRateLimitedTenants = [0] currBuffer = [0] 
2025-12-19 12:02:58,277 [sql-log-1-thread-1] INFO  o.t.s.dao.sql.TbSqlBlockingQueue - Queue-0 [TS Latest] queueSize [0] totalAdded [7] totalSaved [7] totalFailed [0]
2025-12-19 12:02:58,828 [TB-Scheduling-3] INFO  o.t.s.d.u.AbstractBufferedRateExecutor - [Write] Permits queueSize = [0] totalAdded = [7] totalLaunched = [7] totalReleased = [7] totalFailed = [0] totalExpired = [0] totalRejected = [0] totalRateLimited = [0] totalRateLimitedTenants = [0] currBuffer = [0] 
2025-12-19 12:03:08,447 [TB-Scheduling-1] INFO  o.t.s.c.t.s.DefaultTransportService - Transport Stats: openConnections [0]
2025-12-19 12:03:18,277 [sql-log-1-thread-1] INFO  o.t.s.dao.sql.TbSqlBlockingQueue - Queue-0 [TS Latest] queueSize [0] totalAdded [4] totalSaved [4] totalFailed [0]
2025-12-19 12:03:18,829 [TB-Scheduling-2] INFO  o.t.s.d.u.AbstractBufferedRateExecutor - [Write] Permits queueSize = [0] totalAdded = [4] totalLaunched = [4] totalReleased = [4] totalFailed = [0] totalExpired = [0] totalRejected = [0] totalRateLimited = [0] totalRateLimitedTenants = [0] currBuffer = [0] 
2025-12-19 12:03:58,277 [sql-log-1-thread-1] INFO  o.t.s.dao.sql.TbSqlBlockingQueue - Queue-0 [TS Latest] queueSize [0] totalAdded [8] totalSaved [8] totalFailed [0]
2025-12-19 12:03:58,830 [TB-Scheduling-1] INFO  o.t.s.d.u.AbstractBufferedRateExecutor - [Write] Permits queueSize = [0] totalAdded = [8] totalLaunched = [8] totalReleased = [8] totalFailed = [0] totalExpired = [0] totalRejected = [0] totalRateLimited = [0] totalRateLimitedTenants = [0] currBuffer = [0] 
2025-12-19 12:04:08,448 [TB-Scheduling-3] INFO  o.t.s.c.t.s.DefaultTransportService - Transport Stats: openConnections [0]
2025-12-19 12:04:18,277 [sql-log-1-thread-1] INFO  o.t.s.dao.sql.TbSqlBlockingQueue - Queue-0 [TS Latest] queueSize [0] totalAdded [4] totalSaved [4] totalFailed [0]
2025-12-19 12:04:18,831 [TB-Scheduling-3] INFO  o.t.s.d.u.AbstractBufferedRateExecutor - [Write] Permits queueSize = [0] totalAdded = [4] totalLaunched = [4] totalReleased = [4] totalFailed = [0] totalExpired = [0] totalRejected = [0] totalRateLimited = [0] totalRateLimitedTenants = [0] currBuffer = [0] 
2025-12-19 12:04:58,277 [sql-log-1-thread-1] INFO  o.t.s.dao.sql.TbSqlBlockingQueue - Queue-0 [TS Latest] queueSize [0] totalAdded [7] totalSaved [7] totalFailed [0]
2025-12-19 12:04:58,832 [TB-Scheduling-1] INFO  o.t.s.d.u.AbstractBufferedRateExecutor - [Write] Permits queueSize = [0] totalAdded = [7] totalLaunched = [7] totalReleased = [7] totalFailed = [0] totalExpired = [0] totalRejected = [0] totalRateLimited = [0] totalRateLimitedTenants = [0] currBuffer = [0] 
2025-12-19 12:05:08,449 [TB-Scheduling-1] INFO  o.t.s.c.t.s.DefaultTransportService - Transport Stats: openConnections [0]
2025-12-19 12:05:18,277 [sql-log-1-thread-1] INFO  o.t.s.dao.sql.TbSqlBlockingQueue - Queue-0 [TS Latest] queueSize [0] totalAdded [4] totalSaved [4] totalFailed [0]
2025-12-19 12:05:18,833 [TB-Scheduling-3] INFO  o.t.s.d.u.AbstractBufferedRateExecutor - [Write] Permits queueSize = [0] totalAdded = [4] totalLaunched = [4] totalReleased = [4] totalFailed = [0] totalExpired = [0] totalRejected = [0] totalRateLimited = [0] totalRateLimitedTenants = [0] currBuffer = [0] 
2025-12-19 12:05:58,277 [sql-log-1-thread-1] INFO  o.t.s.dao.sql.TbSqlBlockingQueue - Queue-0 [TS Latest] queueSize [0] totalAdded [7] totalSaved [7] totalFailed [0]
2025-12-19 12:05:58,834 [TB-Scheduling-1] INFO  o.t.s.d.u.AbstractBufferedRateExecutor - [Write] Permits queueSize = [0] totalAdded = [7] totalLaunched = [7] totalReleased = [7] totalFailed = [0] totalExpired = [0] totalRejected = [0] totalRateLimited = [0] totalRateLimitedTenants = [0] currBuffer = [0] 
2025-12-19 12:06:08,450 [TB-Scheduling-4] INFO  o.t.s.c.t.s.DefaultTransportService - Transport Stats: openConnections [0]
2025-12-19 12:06:18,277 [sql-log-1-thread-1] INFO  o.t.s.dao.sql.TbSqlBlockingQueue - Queue-0 [TS Latest] queueSize [0] totalAdded [4] totalSaved [4] totalFailed [0]
2025-12-19 12:06:18,835 [TB-Scheduling-3] INFO  o.t.s.d.u.AbstractBufferedRateExecutor - [Write] Permits queueSize = [0] totalAdded = [4] totalLaunched = [4] totalReleased = [4] totalFailed = [0] totalExpired = [0] totalRejected = [0] totalRateLimited = [0] totalRateLimitedTenants = [0] currBuffer = [0] 
2025-12-19 12:06:58,277 [sql-log-1-thread-1] INFO  o.t.s.dao.sql.TbSqlBlockingQueue - Queue-0 [TS Latest] queueSize [0] totalAdded [7] totalSaved [7] totalFailed [0]
2025-12-19 12:06:58,837 [TB-Scheduling-4] INFO  o.t.s.d.u.AbstractBufferedRateExecutor - [Write] Permits queueSize = [0] totalAdded = [7] totalLaunched = [7] totalReleased = [7] totalFailed = [0] totalExpired = [0] totalRejected = [0] totalRateLimited = [0] totalRateLimitedTenants = [0] currBuffer = [0] 
2025-12-19 12:07:08,450 [TB-Scheduling-4] INFO  o.t.s.c.t.s.DefaultTransportService - Transport Stats: openConnections [0]
2025-12-19 12:07:18,277 [sql-log-1-thread-1] INFO  o.t.s.dao.sql.TbSqlBlockingQueue - Queue-0 [TS Latest] queueSize [0] totalAdded [4] totalSaved [4] totalFailed [0]
2025-12-19 12:07:18,838 [TB-Scheduling-1] INFO  o.t.s.d.u.AbstractBufferedRateExecutor - [Write] Permits queueSize = [0] totalAdded = [4] totalLaunched = [4] totalReleased = [4] totalFailed = [0] totalExpired = [0] totalRejected = [0] totalRateLimited = [0] totalRateLimitedTenants = [0] currBuffer = [0] 
2025-12-19 12:07:58,277 [sql-log-1-thread-1] INFO  o.t.s.dao.sql.TbSqlBlockingQueue - Queue-0 [TS Latest] queueSize [0] totalAdded [7] totalSaved [7] totalFailed [0]
2025-12-19 12:07:58,839 [TB-Scheduling-1] INFO  o.t.s.d.u.AbstractBufferedRateExecutor - [Write] Permits queueSize = [0] totalAdded = [7] totalLaunched = [7] totalReleased = [7] totalFailed = [0] totalExpired = [0] totalRejected = [0] totalRateLimited = [0] totalRateLimitedTenants = [0] currBuffer = [0] 
2025-12-19 12:08:08,451 [TB-Scheduling-3] INFO  o.t.s.c.t.s.DefaultTransportService - Transport Stats: openConnections [0]
2025-12-19 12:08:18,277 [sql-log-1-thread-1] INFO  o.t.s.dao.sql.TbSqlBlockingQueue - Queue-0 [TS Latest] queueSize [0] totalAdded [4] totalSaved [4] totalFailed [0]
2025-12-19 12:08:18,840 [TB-Scheduling-2] INFO  o.t.s.d.u.AbstractBufferedRateExecutor - [Write] Permits queueSize = [0] totalAdded = [4] totalLaunched = [4] totalReleased = [4] totalFailed = [0] totalExpired = [0] totalRejected = [0] totalRateLimited = [0] totalRateLimitedTenants = [0] currBuffer = [0] 
2025-12-19 12:08:58,842 [TB-Scheduling-1] INFO  o.t.s.d.u.AbstractBufferedRateExecutor - [Write] Permits queueSize = [0] totalAdded = [7] totalLaunched = [7] totalReleased = [7] totalFailed = [0] totalExpired = [0] totalRejected = [0] totalRateLimited = [0] totalRateLimitedTenants = [0] currBuffer = [0] 
2025-12-19 12:09:08,277 [sql-log-1-thread-1] INFO  o.t.s.dao.sql.TbSqlBlockingQueue - Queue-0 [TS Latest] queueSize [0] totalAdded [7] totalSaved [7] totalFailed [0]
2025-12-19 12:09:08,452 [TB-Scheduling-1] INFO  o.t.s.c.t.s.DefaultTransportService - Transport Stats: openConnections [0]
2025-12-19 12:09:18,277 [sql-log-1-thread-1] INFO  o.t.s.dao.sql.TbSqlBlockingQueue - Queue-0 [TS Latest] queueSize [0] totalAdded [4] totalSaved [4] totalFailed [0]
2025-12-19 12:09:18,843 [TB-Scheduling-4] INFO  o.t.s.d.u.AbstractBufferedRateExecutor - [Write] Permits queueSize = [0] totalAdded = [4] totalLaunched = [4] totalReleased = [4] totalFailed = [0] totalExpired = [0] totalRejected = [0] totalRateLimited = [0] totalRateLimitedTenants = [0] currBuffer = [0] 
2025-12-19 12:10:08,277 [sql-log-1-thread-1] INFO  o.t.s.dao.sql.TbSqlBlockingQueue - Queue-0 [TS Latest] queueSize [0] totalAdded [7] totalSaved [7] totalFailed [0]
2025-12-19 12:10:08,453 [TB-Scheduling-4] INFO  o.t.s.c.t.s.DefaultTransportService - Transport Stats: openConnections [0]
2025-12-19 12:10:08,844 [TB-Scheduling-1] INFO  o.t.s.d.u.AbstractBufferedRateExecutor - [Write] Permits queueSize = [0] totalAdded = [7] totalLaunched = [7] totalReleased = [7] totalFailed = [0] totalExpired = [0] totalRejected = [0] totalRateLimited = [0] totalRateLimitedTenants = [0] currBuffer = [0] 
2025-12-19 12:10:18,277 [sql-log-1-thread-1] INFO  o.t.s.dao.sql.TbSqlBlockingQueue - Queue-0 [TS Latest] queueSize [0] totalAdded [4] totalSaved [4] totalFailed [0]
2025-12-19 12:10:18,845 [TB-Scheduling-3] INFO  o.t.s.d.u.AbstractBufferedRateExecutor - [Write] Permits queueSize = [0] totalAdded = [4] totalLaunched = [4] totalReleased = [4] totalFailed = [0] totalExpired = [0] totalRejected = [0] totalRateLimited = [0] totalRateLimitedTenants = [0] currBuffer = [0] 
2025-12-19 12:11:08,277 [sql-log-1-thread-1] INFO  o.t.s.dao.sql.TbSqlBlockingQueue - Queue-0 [TS Latest] queueSize [0] totalAdded [7] totalSaved [7] totalFailed [0]
2025-12-19 12:11:08,454 [TB-Scheduling-3] INFO  o.t.s.c.t.s.DefaultTransportService - Transport Stats: openConnections [0]
2025-12-19 12:11:08,846 [TB-Scheduling-1] INFO  o.t.s.d.u.AbstractBufferedRateExecutor - [Write] Permits queueSize = [0] totalAdded = [7] totalLaunched = [7] totalReleased = [7] totalFailed = [0] totalExpired = [0] totalRejected = [0] totalRateLimited = [0] totalRateLimitedTenants = [0] currBuffer = [0] 
2025-12-19 12:11:18,277 [sql-log-1-thread-1] INFO  o.t.s.dao.sql.TbSqlBlockingQueue - Queue-0 [TS Latest] queueSize [0] totalAdded [4] totalSaved [4] totalFailed [0]
2025-12-19 12:11:18,847 [TB-Scheduling-3] INFO  o.t.s.d.u.AbstractBufferedRateExecutor - [Write] Permits queueSize = [0] totalAdded = [4] totalLaunched = [4] totalReleased = [4] totalFailed = [0] totalExpired = [0] totalRejected = [0] totalRateLimited = [0] totalRateLimitedTenants = [0] currBuffer = [0] 
2025-12-19 12:12:08,277 [sql-log-1-thread-1] INFO  o.t.s.dao.sql.TbSqlBlockingQueue - Queue-0 [TS Latest] queueSize [0] totalAdded [7] totalSaved [7] totalFailed [0]
2025-12-19 12:12:08,454 [TB-Scheduling-2] INFO  o.t.s.c.t.s.DefaultTransportService - Transport Stats: openConnections [0]
2025-12-19 12:12:08,848 [TB-Scheduling-4] INFO  o.t.s.d.u.AbstractBufferedRateExecutor - [Write] Permits queueSize = [0] totalAdded = [7] totalLaunched = [7] totalReleased = [7] totalFailed = [0] totalExpired = [0] totalRejected = [0] totalRateLimited = [0] totalRateLimitedTenants = [0] currBuffer = [0] 
2025-12-19 12:12:18,277 [sql-log-1-thread-1] INFO  o.t.s.dao.sql.TbSqlBlockingQueue - Queue-0 [TS Latest] queueSize [0] totalAdded [4] totalSaved [4] totalFailed [0]
2025-12-19 12:12:18,849 [TB-Scheduling-2] INFO  o.t.s.d.u.AbstractBufferedRateExecutor - [Write] Permits queueSize = [0] totalAdded = [4] totalLaunched = [4] totalReleased = [4] totalFailed = [0] totalExpired = [0] totalRejected = [0] totalRateLimited = [0] totalRateLimitedTenants = [0] currBuffer = [0] 
2025-12-19 12:13:08,277 [sql-log-1-thread-1] INFO  o.t.s.dao.sql.TbSqlBlockingQueue - Queue-0 [TS Latest] queueSize [0] totalAdded [7] totalSaved [7] totalFailed [0]
2025-12-19 12:13:08,455 [TB-Scheduling-1] INFO  o.t.s.c.t.s.DefaultTransportService - Transport Stats: openConnections [0]
2025-12-19 12:13:08,850 [TB-Scheduling-4] INFO  o.t.s.d.u.AbstractBufferedRateExecutor - [Write] Permits queueSize = [0] totalAdded = [7] totalLaunched = [7] totalReleased = [7] totalFailed = [0] totalExpired = [0] totalRejected = [0] totalRateLimited = [0] totalRateLimitedTenants = [0] currBuffer = [0] 
2025-12-19 12:13:18,277 [sql-log-1-thread-1] INFO  o.t.s.dao.sql.TbSqlBlockingQueue - Queue-0 [TS Latest] queueSize [0] totalAdded [4] totalSaved [4] totalFailed [0]
2025-12-19 12:13:18,851 [TB-Scheduling-1] INFO  o.t.s.d.u.AbstractBufferedRateExecutor - [Write] Permits queueSize = [0] totalAdded = [4] totalLaunched = [4] totalReleased = [4] totalFailed = [0] totalExpired = [0] totalRejected = [0] totalRateLimited = [0] totalRateLimitedTenants = [0] currBuffer = [0] 
2025-12-19 12:14:08,277 [sql-log-1-thread-1] INFO  o.t.s.dao.sql.TbSqlBlockingQueue - Queue-0 [TS Latest] queueSize [0] totalAdded [7] totalSaved [7] totalFailed [0]
2025-12-19 12:14:08,455 [TB-Scheduling-4] INFO  o.t.s.c.t.s.DefaultTransportService - Transport Stats: openConnections [0]
2025-12-19 12:14:08,852 [TB-Scheduling-3] INFO  o.t.s.d.u.AbstractBufferedRateExecutor - [Write] Permits queueSize = [0] totalAdded = [7] totalLaunched = [7] totalReleased = [7] totalFailed = [0] totalExpired = [0] totalRejected = [0] totalRateLimited = [0] totalRateLimitedTenants = [0] currBuffer = [0] 
2025-12-19 12:14:18,277 [sql-log-1-thread-1] INFO  o.t.s.dao.sql.TbSqlBlockingQueue - Queue-0 [TS Latest] queueSize [0] totalAdded [4] totalSaved [4] totalFailed [0]
2025-12-19 12:14:18,853 [TB-Scheduling-4] INFO  o.t.s.d.u.AbstractBufferedRateExecutor - [Write] Permits queueSize = [0] totalAdded = [4] totalLaunched = [4] totalReleased = [4] totalFailed = [0] totalExpired = [0] totalRejected = [0] totalRateLimited = [0] totalRateLimitedTenants = [0] currBuffer = [0] 
2025-12-19 12:15:08,277 [sql-log-1-thread-1] INFO  o.t.s.dao.sql.TbSqlBlockingQueue - Queue-0 [TS Latest] queueSize [0] totalAdded [7] totalSaved [7] totalFailed [0]
2025-12-19 12:15:08,456 [TB-Scheduling-2] INFO  o.t.s.c.t.s.DefaultTransportService - Transport Stats: openConnections [0]
2025-12-19 12:15:08,854 [TB-Scheduling-3] INFO  o.t.s.d.u.AbstractBufferedRateExecutor - [Write] Permits queueSize = [0] totalAdded = [7] totalLaunched = [7] totalReleased = [7] totalFailed = [0] totalExpired = [0] totalRejected = [0] totalRateLimited = [0] totalRateLimitedTenants = [0] currBuffer = [0] 
2025-12-19 12:15:18,277 [sql-log-1-thread-1] INFO  o.t.s.dao.sql.TbSqlBlockingQueue - Queue-0 [TS Latest] queueSize [0] totalAdded [4] totalSaved [4] totalFailed [0]
2025-12-19 12:15:18,855 [TB-Scheduling-2] INFO  o.t.s.d.u.AbstractBufferedRateExecutor - [Write] Permits queueSize = [0] totalAdded = [4] totalLaunched = [4] totalReleased = [4] totalFailed = [0] totalExpired = [0] totalRejected = [0] totalRateLimited = [0] totalRateLimitedTenants = [0] currBuffer = [0] 
2025-12-19 12:16:08,277 [sql-log-1-thread-1] INFO  o.t.s.dao.sql.TbSqlBlockingQueue - Queue-0 [TS Latest] queueSize [0] totalAdded [7] totalSaved [7] totalFailed [0]
2025-12-19 12:16:08,456 [TB-Scheduling-3] INFO  o.t.s.c.t.s.DefaultTransportService - Transport Stats: openConnections [0]
2025-12-19 12:16:08,856 [TB-Scheduling-4] INFO  o.t.s.d.u.AbstractBufferedRateExecutor - [Write] Permits queueSize = [0] totalAdded = [7] totalLaunched = [7] totalReleased = [7] totalFailed = [0] totalExpired = [0] totalRejected = [0] totalRateLimited = [0] totalRateLimitedTenants = [0] currBuffer = [0] 
2025-12-19 12:16:18,277 [sql-log-1-thread-1] INFO  o.t.s.dao.sql.TbSqlBlockingQueue - Queue-0 [TS Latest] queueSize [0] totalAdded [4] totalSaved [4] totalFailed [0]
2025-12-19 12:16:18,857 [TB-Scheduling-2] INFO  o.t.s.d.u.AbstractBufferedRateExecutor - [Write] Permits queueSize = [0] totalAdded = [4] totalLaunched = [4] totalReleased = [4] totalFailed = [0] totalExpired = [0] totalRejected = [0] totalRateLimited = [0] totalRateLimitedTenants = [0] currBuffer = [0] 
2025-12-19 12:16:48,673 [subscription-scheduler-22-thread-1] INFO  o.t.s.s.s.DefaultSubscriptionManagerService - Removed 0 old entity update records.
2025-12-19 12:17:08,277 [sql-log-1-thread-1] INFO  o.t.s.dao.sql.TbSqlBlockingQueue - Queue-0 [TS Latest] queueSize [0] totalAdded [7] totalSaved [7] totalFailed [0]
2025-12-19 12:17:08,457 [TB-Scheduling-2] INFO  o.t.s.c.t.s.DefaultTransportService - Transport Stats: openConnections [0]
2025-12-19 12:17:08,859 [TB-Scheduling-1] INFO  o.t.s.d.u.AbstractBufferedRateExecutor - [Write] Permits queueSize = [0] totalAdded = [7] totalLaunched = [7] totalReleased = [7] totalFailed = [0] totalExpired = [0] totalRejected = [0] totalRateLimited = [0] totalRateLimitedTenants = [0] currBuffer = [0] 
2025-12-19 12:17:12,248 [sql-log-1-thread-1] INFO  o.t.s.dao.sql.TbSqlBlockingQueue - Queue-0 [Events] queueSize [0] totalAdded [1] totalSaved [1] totalFailed [0]
2025-12-19 12:17:12,248 [sql-log-1-thread-1] INFO  o.t.s.dao.sql.TbSqlBlockingQueue - Queue-1 [Events] queueSize [0] totalAdded [1] totalSaved [1] totalFailed [0]
2025-12-19 12:17:18,277 [sql-log-1-thread-1] INFO  o.t.s.dao.sql.TbSqlBlockingQueue - Queue-0 [TS Latest] queueSize [0] totalAdded [4] totalSaved [4] totalFailed [0]
2025-12-19 12:17:18,859 [TB-Scheduling-2] INFO  o.t.s.d.u.AbstractBufferedRateExecutor - [Write] Permits queueSize = [0] totalAdded = [4] totalLaunched = [4] totalReleased = [4] totalFailed = [0] totalExpired = [0] totalRejected = [0] totalRateLimited = [0] totalRateLimitedTenants = [0] currBuffer = [0] 
2025-12-19 12:18:08,277 [sql-log-1-thread-1] INFO  o.t.s.dao.sql.TbSqlBlockingQueue - Queue-0 [TS Latest] queueSize [0] totalAdded [7] totalSaved [7] totalFailed [0]
2025-12-19 12:18:08,458 [TB-Scheduling-2] INFO  o.t.s.c.t.s.DefaultTransportService - Transport Stats: openConnections [0]
2025-12-19 12:18:08,861 [TB-Scheduling-1] INFO  o.t.s.d.u.AbstractBufferedRateExecutor - [Write] Permits queueSize = [0] totalAdded = [7] totalLaunched = [7] totalReleased = [7] totalFailed = [0] totalExpired = [0] totalRejected = [0] totalRateLimited = [0] totalRateLimitedTenants = [0] currBuffer = [0] 
2025-12-19 12:18:18,277 [sql-log-1-thread-1] INFO  o.t.s.dao.sql.TbSqlBlockingQueue - Queue-0 [TS Latest] queueSize [0] totalAdded [4] totalSaved [4] totalFailed [0]
2025-12-19 12:18:18,861 [TB-Scheduling-4] INFO  o.t.s.d.u.AbstractBufferedRateExecutor - [Write] Permits queueSize = [0] totalAdded = [4] totalLaunched = [4] totalReleased = [4] totalFailed = [0] totalExpired = [0] totalRejected = [0] totalRateLimited = [0] totalRateLimitedTenants = [0] currBuffer = [0] 
2025-12-19 12:19:08,458 [TB-Scheduling-1] INFO  o.t.s.c.t.s.DefaultTransportService - Transport Stats: openConnections [0]
2025-12-19 12:19:08,863 [TB-Scheduling-2] INFO  o.t.s.d.u.AbstractBufferedRateExecutor - [Write] Permits queueSize = [0] totalAdded = [7] totalLaunched = [7] totalReleased = [7] totalFailed = [0] totalExpired = [0] totalRejected = [0] totalRateLimited = [0] totalRateLimitedTenants = [0] currBuffer = [0] 
2025-12-19 12:19:18,277 [sql-log-1-thread-1] INFO  o.t.s.dao.sql.TbSqlBlockingQueue - Queue-0 [TS Latest] queueSize [0] totalAdded [11] totalSaved [11] totalFailed [0]
2025-12-19 12:19:18,863 [TB-Scheduling-3] INFO  o.t.s.d.u.AbstractBufferedRateExecutor - [Write] Permits queueSize = [0] totalAdded = [4] totalLaunched = [4] totalReleased = [4] totalFailed = [0] totalExpired = [0] totalRejected = [0] totalRateLimited = [0] totalRateLimitedTenants = [0] currBuffer = [0] 
2025-12-19 12:20:08,459 [TB-Scheduling-4] INFO  o.t.s.c.t.s.DefaultTransportService - Transport Stats: openConnections [0]
2025-12-19 12:20:18,277 [sql-log-1-thread-1] INFO  o.t.s.dao.sql.TbSqlBlockingQueue - Queue-0 [TS Latest] queueSize [0] totalAdded [11] totalSaved [11] totalFailed [0]
2025-12-19 12:20:18,865 [TB-Scheduling-3] INFO  o.t.s.d.u.AbstractBufferedRateExecutor - [Write] Permits queueSize = [0] totalAdded = [11] totalLaunched = [11] totalReleased = [11] totalFailed = [0] totalExpired = [0] totalRejected = [0] totalRateLimited = [0] totalRateLimitedTenants = [0] currBuffer = [0] 
2025-12-19 12:21:08,459 [TB-Scheduling-2] INFO  o.t.s.c.t.s.DefaultTransportService - Transport Stats: openConnections [0]
2025-12-19 12:21:18,277 [sql-log-1-thread-1] INFO  o.t.s.dao.sql.TbSqlBlockingQueue - Queue-0 [TS Latest] queueSize [0] totalAdded [11] totalSaved [11] totalFailed [0]
2025-12-19 12:21:18,866 [TB-Scheduling-3] INFO  o.t.s.d.u.AbstractBufferedRateExecutor - [Write] Permits queueSize = [0] totalAdded = [11] totalLaunched = [11] totalReleased = [11] totalFailed = [0] totalExpired = [0] totalRejected = [0] totalRateLimited = [0] totalRateLimitedTenants = [0] currBuffer = [0] 
2025-12-19 12:22:08,460 [TB-Scheduling-1] INFO  o.t.s.c.t.s.DefaultTransportService - Transport Stats: openConnections [0]
2025-12-19 12:22:18,277 [sql-log-1-thread-1] INFO  o.t.s.dao.sql.TbSqlBlockingQueue - Queue-0 [TS Latest] queueSize [0] totalAdded [11] totalSaved [11] totalFailed [0]
2025-12-19 12:22:18,868 [TB-Scheduling-1] INFO  o.t.s.d.u.AbstractBufferedRateExecutor - [Write] Permits queueSize = [0] totalAdded = [11] totalLaunched = [11] totalReleased = [11] totalFailed = [0] totalExpired = [0] totalRejected = [0] totalRateLimited = [0] totalRateLimitedTenants = [0] currBuffer = [0] 
2025-12-19 12:23:08,461 [TB-Scheduling-1] INFO  o.t.s.c.t.s.DefaultTransportService - Transport Stats: openConnections [0]
2025-12-19 12:23:18,277 [sql-log-1-thread-1] INFO  o.t.s.dao.sql.TbSqlBlockingQueue - Queue-0 [TS Latest] queueSize [0] totalAdded [11] totalSaved [11] totalFailed [0]
2025-12-19 12:23:18,870 [TB-Scheduling-4] INFO  o.t.s.d.u.AbstractBufferedRateExecutor - [Write] Permits queueSize = [0] totalAdded = [11] totalLaunched = [11] totalReleased = [11] totalFailed = [0] totalExpired = [0] totalRejected = [0] totalRateLimited = [0] totalRateLimitedTenants = [0] currBuffer = [0] 
2025-12-19 12:24:08,462 [TB-Scheduling-4] INFO  o.t.s.c.t.s.DefaultTransportService - Transport Stats: openConnections [0]
2025-12-19 12:24:18,277 [sql-log-1-thread-1] INFO  o.t.s.dao.sql.TbSqlBlockingQueue - Queue-0 [TS Latest] queueSize [0] totalAdded [11] totalSaved [11] totalFailed [0]
2025-12-19 12:24:18,872 [TB-Scheduling-1] INFO  o.t.s.d.u.AbstractBufferedRateExecutor - [Write] Permits queueSize = [0] totalAdded = [11] totalLaunched = [11] totalReleased = [11] totalFailed = [0] totalExpired = [0] totalRejected = [0] totalRateLimited = [0] totalRateLimitedTenants = [0] currBuffer = [0] 
2025-12-19 12:25:08,463 [TB-Scheduling-1] INFO  o.t.s.c.t.s.DefaultTransportService - Transport Stats: openConnections [0]
2025-12-19 12:25:18,277 [sql-log-1-thread-1] INFO  o.t.s.dao.sql.TbSqlBlockingQueue - Queue-0 [TS Latest] queueSize [0] totalAdded [11] totalSaved [11] totalFailed [0]
2025-12-19 12:25:18,874 [TB-Scheduling-2] INFO  o.t.s.d.u.AbstractBufferedRateExecutor - [Write] Permits queueSize = [0] totalAdded = [11] totalLaunched = [11] totalReleased = [11] totalFailed = [0] totalExpired = [0] totalRejected = [0] totalRateLimited = [0] totalRateLimitedTenants = [0] currBuffer = [0] 
2025-12-19 12:26:08,464 [TB-Scheduling-4] INFO  o.t.s.c.t.s.DefaultTransportService - Transport Stats: openConnections [0]
2025-12-19 12:26:18,277 [sql-log-1-thread-1] INFO  o.t.s.dao.sql.TbSqlBlockingQueue - Queue-0 [TS Latest] queueSize [0] totalAdded [11] totalSaved [11] totalFailed [0]
2025-12-19 12:26:18,875 [TB-Scheduling-4] INFO  o.t.s.d.u.AbstractBufferedRateExecutor - [Write] Permits queueSize = [0] totalAdded = [11] totalLaunched = [11] totalReleased = [11] totalFailed = [0] totalExpired = [0] totalRejected = [0] totalRateLimited = [0] totalRateLimitedTenants = [0] currBuffer = [0] 
2025-12-19 12:27:08,465 [TB-Scheduling-1] INFO  o.t.s.c.t.s.DefaultTransportService - Transport Stats: openConnections [0]
2025-12-19 12:27:18,277 [sql-log-1-thread-1] INFO  o.t.s.dao.sql.TbSqlBlockingQueue - Queue-0 [TS Latest] queueSize [0] totalAdded [11] totalSaved [11] totalFailed [0]
2025-12-19 12:27:18,877 [TB-Scheduling-2] INFO  o.t.s.d.u.AbstractBufferedRateExecutor - [Write] Permits queueSize = [0] totalAdded = [11] totalLaunched = [11] totalReleased = [11] totalFailed = [0] totalExpired = [0] totalRejected = [0] totalRateLimited = [0] totalRateLimitedTenants = [0] currBuffer = [0] 
2025-12-19 12:28:08,466 [TB-Scheduling-1] INFO  o.t.s.c.t.s.DefaultTransportService - Transport Stats: openConnections [0]
2025-12-19 12:28:18,277 [sql-log-1-thread-1] INFO  o.t.s.dao.sql.TbSqlBlockingQueue - Queue-0 [TS Latest] queueSize [0] totalAdded [11] totalSaved [11] totalFailed [0]
2025-12-19 12:28:18,879 [TB-Scheduling-4] INFO  o.t.s.d.u.AbstractBufferedRateExecutor - [Write] Permits queueSize = [0] totalAdded = [11] totalLaunched = [11] totalReleased = [11] totalFailed = [0] totalExpired = [0] totalRejected = [0] totalRateLimited = [0] totalRateLimitedTenants = [0] currBuffer = [0] 
2025-12-19 12:29:08,467 [TB-Scheduling-3] INFO  o.t.s.c.t.s.DefaultTransportService - Transport Stats: openConnections [0]
2025-12-19 12:29:18,277 [sql-log-1-thread-1] INFO  o.t.s.dao.sql.TbSqlBlockingQueue - Queue-0 [TS Latest] queueSize [0] totalAdded [4] totalSaved [4] totalFailed [0]
2025-12-19 12:29:18,881 [TB-Scheduling-2] INFO  o.t.s.d.u.AbstractBufferedRateExecutor - [Write] Permits queueSize = [0] totalAdded = [11] totalLaunched = [11] totalReleased = [11] totalFailed = [0] totalExpired = [0] totalRejected = [0] totalRateLimited = [0] totalRateLimitedTenants = [0] currBuffer = [0] 
2025-12-19 12:29:28,277 [sql-log-1-thread-1] INFO  o.t.s.dao.sql.TbSqlBlockingQueue - Queue-0 [TS Latest] queueSize [0] totalAdded [7] totalSaved [7] totalFailed [0]
2025-12-19 12:30:08,468 [TB-Scheduling-2] INFO  o.t.s.c.t.s.DefaultTransportService - Transport Stats: openConnections [0]
2025-12-19 12:30:18,277 [sql-log-1-thread-1] INFO  o.t.s.dao.sql.TbSqlBlockingQueue - Queue-0 [TS Latest] queueSize [0] totalAdded [4] totalSaved [4] totalFailed [0]
2025-12-19 12:30:18,882 [TB-Scheduling-3] INFO  o.t.s.d.u.AbstractBufferedRateExecutor - [Write] Permits queueSize = [0] totalAdded = [4] totalLaunched = [4] totalReleased = [4] totalFailed = [0] totalExpired = [0] totalRejected = [0] totalRateLimited = [0] totalRateLimitedTenants = [0] currBuffer = [0] 
2025-12-19 12:30:28,277 [sql-log-1-thread-1] INFO  o.t.s.dao.sql.TbSqlBlockingQueue - Queue-0 [TS Latest] queueSize [0] totalAdded [7] totalSaved [7] totalFailed [0]
2025-12-19 12:30:28,883 [TB-Scheduling-1] INFO  o.t.s.d.u.AbstractBufferedRateExecutor - [Write] Permits queueSize = [0] totalAdded = [7] totalLaunched = [7] totalReleased = [7] totalFailed = [0] totalExpired = [0] totalRejected = [0] totalRateLimited = [0] totalRateLimitedTenants = [0] currBuffer = [0] 
2025-12-19 12:31:08,469 [TB-Scheduling-4] INFO  o.t.s.c.t.s.DefaultTransportService - Transport Stats: openConnections [0]
2025-12-19 12:31:18,277 [sql-log-1-thread-1] INFO  o.t.s.dao.sql.TbSqlBlockingQueue - Queue-0 [TS Latest] queueSize [0] totalAdded [4] totalSaved [4] totalFailed [0]
2025-12-19 12:31:18,884 [TB-Scheduling-2] INFO  o.t.s.d.u.AbstractBufferedRateExecutor - [Write] Permits queueSize = [0] totalAdded = [4] totalLaunched = [4] totalReleased = [4] totalFailed = [0] totalExpired = [0] totalRejected = [0] totalRateLimited = [0] totalRateLimitedTenants = [0] currBuffer = [0] 
2025-12-19 12:31:28,277 [sql-log-1-thread-1] INFO  o.t.s.dao.sql.TbSqlBlockingQueue - Queue-0 [TS Latest] queueSize [0] totalAdded [7] totalSaved [7] totalFailed [0]
2025-12-19 12:31:28,885 [TB-Scheduling-3] INFO  o.t.s.d.u.AbstractBufferedRateExecutor - [Write] Permits queueSize = [0] totalAdded = [7] totalLaunched = [7] totalReleased = [7] totalFailed = [0] totalExpired = [0] totalRejected = [0] totalRateLimited = [0] totalRateLimitedTenants = [0] currBuffer = [0] 
2025-12-19 12:32:08,470 [TB-Scheduling-1] INFO  o.t.s.c.t.s.DefaultTransportService - Transport Stats: openConnections [0]
2025-12-19 12:32:18,277 [sql-log-1-thread-1] INFO  o.t.s.dao.sql.TbSqlBlockingQueue - Queue-0 [TS Latest] queueSize [0] totalAdded [4] totalSaved [4] totalFailed [0]
2025-12-19 12:32:18,886 [TB-Scheduling-2] INFO  o.t.s.d.u.AbstractBufferedRateExecutor - [Write] Permits queueSize = [0] totalAdded = [4] totalLaunched = [4] totalReleased = [4] totalFailed = [0] totalExpired = [0] totalRejected = [0] totalRateLimited = [0] totalRateLimitedTenants = [0] currBuffer = [0] 
2025-12-19 12:32:28,277 [sql-log-1-thread-1] INFO  o.t.s.dao.sql.TbSqlBlockingQueue - Queue-0 [TS Latest] queueSize [0] totalAdded [7] totalSaved [7] totalFailed [0]
2025-12-19 12:32:28,887 [TB-Scheduling-1] INFO  o.t.s.d.u.AbstractBufferedRateExecutor - [Write] Permits queueSize = [0] totalAdded = [7] totalLaunched = [7] totalReleased = [7] totalFailed = [0] totalExpired = [0] totalRejected = [0] totalRateLimited = [0] totalRateLimitedTenants = [0] currBuffer = [0] 
2025-12-19 12:33:08,471 [TB-Scheduling-3] INFO  o.t.s.c.t.s.DefaultTransportService - Transport Stats: openConnections [0]
2025-12-19 12:33:18,277 [sql-log-1-thread-1] INFO  o.t.s.dao.sql.TbSqlBlockingQueue - Queue-0 [TS Latest] queueSize [0] totalAdded [4] totalSaved [4] totalFailed [0]
2025-12-19 12:33:18,888 [TB-Scheduling-4] INFO  o.t.s.d.u.AbstractBufferedRateExecutor - [Write] Permits queueSize = [0] totalAdded = [4] totalLaunched = [4] totalReleased = [4] totalFailed = [0] totalExpired = [0] totalRejected = [0] totalRateLimited = [0] totalRateLimitedTenants = [0] currBuffer = [0] 
2025-12-19 12:33:28,277 [sql-log-1-thread-1] INFO  o.t.s.dao.sql.TbSqlBlockingQueue - Queue-0 [TS Latest] queueSize [0] totalAdded [7] totalSaved [7] totalFailed [0]
2025-12-19 12:33:28,889 [TB-Scheduling-3] INFO  o.t.s.d.u.AbstractBufferedRateExecutor - [Write] Permits queueSize = [0] totalAdded = [7] totalLaunched = [7] totalReleased = [7] totalFailed = [0] totalExpired = [0] totalRejected = [0] totalRateLimited = [0] totalRateLimitedTenants = [0] currBuffer = [0] 
2025-12-19 12:34:08,472 [TB-Scheduling-3] INFO  o.t.s.c.t.s.DefaultTransportService - Transport Stats: openConnections [0]
2025-12-19 12:34:18,277 [sql-log-1-thread-1] INFO  o.t.s.dao.sql.TbSqlBlockingQueue - Queue-0 [TS Latest] queueSize [0] totalAdded [4] totalSaved [4] totalFailed [0]
2025-12-19 12:34:18,890 [TB-Scheduling-2] INFO  o.t.s.d.u.AbstractBufferedRateExecutor - [Write] Permits queueSize = [0] totalAdded = [4] totalLaunched = [4] totalReleased = [4] totalFailed = [0] totalExpired = [0] totalRejected = [0] totalRateLimited = [0] totalRateLimitedTenants = [0] currBuffer = [0] 
2025-12-19 12:34:28,277 [sql-log-1-thread-1] INFO  o.t.s.dao.sql.TbSqlBlockingQueue - Queue-0 [TS Latest] queueSize [0] totalAdded [7] totalSaved [7] totalFailed [0]
2025-12-19 12:34:28,891 [TB-Scheduling-1] INFO  o.t.s.d.u.AbstractBufferedRateExecutor - [Write] Permits queueSize = [0] totalAdded = [7] totalLaunched = [7] totalReleased = [7] totalFailed = [0] totalExpired = [0] totalRejected = [0] totalRateLimited = [0] totalRateLimitedTenants = [0] currBuffer = [0] 
2025-12-19 12:35:08,472 [TB-Scheduling-3] INFO  o.t.s.c.t.s.DefaultTransportService - Transport Stats: openConnections [0]
2025-12-19 12:35:18,277 [sql-log-1-thread-1] INFO  o.t.s.dao.sql.TbSqlBlockingQueue - Queue-0 [TS Latest] queueSize [0] totalAdded [4] totalSaved [4] totalFailed [0]
2025-12-19 12:35:18,892 [TB-Scheduling-4] INFO  o.t.s.d.u.AbstractBufferedRateExecutor - [Write] Permits queueSize = [0] totalAdded = [4] totalLaunched = [4] totalReleased = [4] totalFailed = [0] totalExpired = [0] totalRejected = [0] totalRateLimited = [0] totalRateLimitedTenants = [0] currBuffer = [0] 
2025-12-19 12:35:28,277 [sql-log-1-thread-1] INFO  o.t.s.dao.sql.TbSqlBlockingQueue - Queue-0 [TS Latest] queueSize [0] totalAdded [7] totalSaved [7] totalFailed [0]
2025-12-19 12:35:28,893 [TB-Scheduling-3] INFO  o.t.s.d.u.AbstractBufferedRateExecutor - [Write] Permits queueSize = [0] totalAdded = [7] totalLaunched = [7] totalReleased = [7] totalFailed = [0] totalExpired = [0] totalRejected = [0] totalRateLimited = [0] totalRateLimitedTenants = [0] currBuffer = [0] 
2025-12-19 12:36:08,473 [TB-Scheduling-4] INFO  o.t.s.c.t.s.DefaultTransportService - Transport Stats: openConnections [0]
2025-12-19 12:36:18,279 [sql-log-1-thread-1] INFO  o.t.s.dao.sql.TbSqlBlockingQueue - Queue-0 [TS Latest] queueSize [0] totalAdded [4] totalSaved [4] totalFailed [0]
2025-12-19 12:36:18,894 [TB-Scheduling-2] INFO  o.t.s.d.u.AbstractBufferedRateExecutor - [Write] Permits queueSize = [0] totalAdded = [4] totalLaunched = [4] totalReleased = [4] totalFailed = [0] totalExpired = [0] totalRejected = [0] totalRateLimited = [0] totalRateLimitedTenants = [0] currBuffer = [0] 
2025-12-19 12:36:28,277 [sql-log-1-thread-1] INFO  o.t.s.dao.sql.TbSqlBlockingQueue - Queue-0 [TS Latest] queueSize [0] totalAdded [7] totalSaved [7] totalFailed [0]
2025-12-19 12:36:28,895 [TB-Scheduling-3] INFO  o.t.s.d.u.AbstractBufferedRateExecutor - [Write] Permits queueSize = [0] totalAdded = [7] totalLaunched = [7] totalReleased = [7] totalFailed = [0] totalExpired = [0] totalRejected = [0] totalRateLimited = [0] totalRateLimitedTenants = [0] currBuffer = [0] 
2025-12-19 12:37:08,474 [TB-Scheduling-2] INFO  o.t.s.c.t.s.DefaultTransportService - Transport Stats: openConnections [0]
2025-12-19 12:37:18,277 [sql-log-1-thread-1] INFO  o.t.s.dao.sql.TbSqlBlockingQueue - Queue-0 [TS Latest] queueSize [0] totalAdded [4] totalSaved [4] totalFailed [0]
2025-12-19 12:37:18,896 [TB-Scheduling-3] INFO  o.t.s.d.u.AbstractBufferedRateExecutor - [Write] Permits queueSize = [0] totalAdded = [4] totalLaunched = [4] totalReleased = [4] totalFailed = [0] totalExpired = [0] totalRejected = [0] totalRateLimited = [0] totalRateLimitedTenants = [0] currBuffer = [0] 
2025-12-19 12:37:28,277 [sql-log-1-thread-1] INFO  o.t.s.dao.sql.TbSqlBlockingQueue - Queue-0 [TS Latest] queueSize [0] totalAdded [7] totalSaved [7] totalFailed [0]
2025-12-19 12:37:28,897 [TB-Scheduling-2] INFO  o.t.s.d.u.AbstractBufferedRateExecutor - [Write] Permits queueSize = [0] totalAdded = [7] totalLaunched = [7] totalReleased = [7] totalFailed = [0] totalExpired = [0] totalRejected = [0] totalRateLimited = [0] totalRateLimitedTenants = [0] currBuffer = [0] 
2025-12-19 12:38:08,475 [TB-Scheduling-3] INFO  o.t.s.c.t.s.DefaultTransportService - Transport Stats: openConnections [0]
2025-12-19 12:38:18,277 [sql-log-1-thread-1] INFO  o.t.s.dao.sql.TbSqlBlockingQueue - Queue-0 [TS Latest] queueSize [0] totalAdded [4] totalSaved [4] totalFailed [0]
2025-12-19 12:38:18,899 [TB-Scheduling-3] INFO  o.t.s.d.u.AbstractBufferedRateExecutor - [Write] Permits queueSize = [0] totalAdded = [4] totalLaunched = [4] totalReleased = [4] totalFailed = [0] totalExpired = [0] totalRejected = [0] totalRateLimited = [0] totalRateLimitedTenants = [0] currBuffer = [0] 
2025-12-19 12:38:28,277 [sql-log-1-thread-1] INFO  o.t.s.dao.sql.TbSqlBlockingQueue - Queue-0 [TS Latest] queueSize [0] totalAdded [7] totalSaved [7] totalFailed [0]
2025-12-19 12:38:28,899 [TB-Scheduling-1] INFO  o.t.s.d.u.AbstractBufferedRateExecutor - [Write] Permits queueSize = [0] totalAdded = [7] totalLaunched = [7] totalReleased = [7] totalFailed = [0] totalExpired = [0] totalRejected = [0] totalRateLimited = [0] totalRateLimitedTenants = [0] currBuffer = [0] 
2025-12-19 12:39:08,475 [TB-Scheduling-3] INFO  o.t.s.c.t.s.DefaultTransportService - Transport Stats: openConnections [0]
2025-12-19 12:39:18,277 [sql-log-1-thread-1] INFO  o.t.s.dao.sql.TbSqlBlockingQueue - Queue-0 [TS Latest] queueSize [0] totalAdded [4] totalSaved [4] totalFailed [0]
2025-12-19 12:39:18,901 [TB-Scheduling-4] INFO  o.t.s.d.u.AbstractBufferedRateExecutor - [Write] Permits queueSize = [0] totalAdded = [4] totalLaunched = [4] totalReleased = [4] totalFailed = [0] totalExpired = [0] totalRejected = [0] totalRateLimited = [0] totalRateLimitedTenants = [0] currBuffer = [0] 
2025-12-19 12:39:28,901 [TB-Scheduling-3] INFO  o.t.s.d.u.AbstractBufferedRateExecutor - [Write] Permits queueSize = [0] totalAdded = [7] totalLaunched = [7] totalReleased = [7] totalFailed = [0] totalExpired = [0] totalRejected = [0] totalRateLimited = [0] totalRateLimitedTenants = [0] currBuffer = [0] 
2025-12-19 12:39:38,277 [sql-log-1-thread-1] INFO  o.t.s.dao.sql.TbSqlBlockingQueue - Queue-0 [TS Latest] queueSize [0] totalAdded [7] totalSaved [7] totalFailed [0]
2025-12-19 12:40:08,476 [TB-Scheduling-3] INFO  o.t.s.c.t.s.DefaultTransportService - Transport Stats: openConnections [0]
2025-12-19 12:40:18,277 [sql-log-1-thread-1] INFO  o.t.s.dao.sql.TbSqlBlockingQueue - Queue-0 [TS Latest] queueSize [0] totalAdded [4] totalSaved [4] totalFailed [0]
2025-12-19 12:40:18,903 [TB-Scheduling-3] INFO  o.t.s.d.u.AbstractBufferedRateExecutor - [Write] Permits queueSize = [0] totalAdded = [4] totalLaunched = [4] totalReleased = [4] totalFailed = [0] totalExpired = [0] totalRejected = [0] totalRateLimited = [0] totalRateLimitedTenants = [0] currBuffer = [0] 
2025-12-19 12:40:38,277 [sql-log-1-thread-1] INFO  o.t.s.dao.sql.TbSqlBlockingQueue - Queue-0 [TS Latest] queueSize [0] totalAdded [7] totalSaved [7] totalFailed [0]
2025-12-19 12:40:38,904 [TB-Scheduling-2] INFO  o.t.s.d.u.AbstractBufferedRateExecutor - [Write] Permits queueSize = [0] totalAdded = [7] totalLaunched = [7] totalReleased = [7] totalFailed = [0] totalExpired = [0] totalRejected = [0] totalRateLimited = [0] totalRateLimitedTenants = [0] currBuffer = [0] 
2025-12-19 12:41:08,476 [TB-Scheduling-1] INFO  o.t.s.c.t.s.DefaultTransportService - Transport Stats: openConnections [0]
2025-12-19 12:41:18,277 [sql-log-1-thread-1] INFO  o.t.s.dao.sql.TbSqlBlockingQueue - Queue-0 [TS Latest] queueSize [0] totalAdded [4] totalSaved [4] totalFailed [0]
2025-12-19 12:41:18,905 [TB-Scheduling-3] INFO  o.t.s.d.u.AbstractBufferedRateExecutor - [Write] Permits queueSize = [0] totalAdded = [4] totalLaunched = [4] totalReleased = [4] totalFailed = [0] totalExpired = [0] totalRejected = [0] totalRateLimited = [0] totalRateLimitedTenants = [0] currBuffer = [0] 
2025-12-19 12:41:38,277 [sql-log-1-thread-1] INFO  o.t.s.dao.sql.TbSqlBlockingQueue - Queue-0 [TS Latest] queueSize [0] totalAdded [7] totalSaved [7] totalFailed [0]
2025-12-19 12:41:38,906 [TB-Scheduling-4] INFO  o.t.s.d.u.AbstractBufferedRateExecutor - [Write] Permits queueSize = [0] totalAdded = [7] totalLaunched = [7] totalReleased = [7] totalFailed = [0] totalExpired = [0] totalRejected = [0] totalRateLimited = [0] totalRateLimitedTenants = [0] currBuffer = [0] 
2025-12-19 12:42:08,477 [TB-Scheduling-3] INFO  o.t.s.c.t.s.DefaultTransportService - Transport Stats: openConnections [0]
2025-12-19 12:42:18,277 [sql-log-1-thread-1] INFO  o.t.s.dao.sql.TbSqlBlockingQueue - Queue-0 [TS Latest] queueSize [0] totalAdded [4] totalSaved [4] totalFailed [0]
2025-12-19 12:42:18,907 [TB-Scheduling-2] INFO  o.t.s.d.u.AbstractBufferedRateExecutor - [Write] Permits queueSize = [0] totalAdded = [4] totalLaunched = [4] totalReleased = [4] totalFailed = [0] totalExpired = [0] totalRejected = [0] totalRateLimited = [0] totalRateLimitedTenants = [0] currBuffer = [0] 
2025-12-19 12:42:38,277 [sql-log-1-thread-1] INFO  o.t.s.dao.sql.TbSqlBlockingQueue - Queue-0 [TS Latest] queueSize [0] totalAdded [7] totalSaved [7] totalFailed [0]
2025-12-19 12:42:38,910 [TB-Scheduling-1] INFO  o.t.s.d.u.AbstractBufferedRateExecutor - [Write] Permits queueSize = [0] totalAdded = [7] totalLaunched = [7] totalReleased = [7] totalFailed = [0] totalExpired = [0] totalRejected = [0] totalRateLimited = [0] totalRateLimitedTenants = [0] currBuffer = [0] 
2025-12-19 12:43:08,478 [TB-Scheduling-3] INFO  o.t.s.c.t.s.DefaultTransportService - Transport Stats: openConnections [0]
2025-12-19 12:43:18,277 [sql-log-1-thread-1] INFO  o.t.s.dao.sql.TbSqlBlockingQueue - Queue-0 [TS Latest] queueSize [0] totalAdded [4] totalSaved [4] totalFailed [0]
2025-12-19 12:43:18,912 [TB-Scheduling-1] INFO  o.t.s.d.u.AbstractBufferedRateExecutor - [Write] Permits queueSize = [0] totalAdded = [4] totalLaunched = [4] totalReleased = [4] totalFailed = [0] totalExpired = [0] totalRejected = [0] totalRateLimited = [0] totalRateLimitedTenants = [0] currBuffer = [0] 
2025-12-19 12:43:38,277 [sql-log-1-thread-1] INFO  o.t.s.dao.sql.TbSqlBlockingQueue - Queue-0 [TS Latest] queueSize [0] totalAdded [7] totalSaved [7] totalFailed [0]
2025-12-19 12:43:38,913 [TB-Scheduling-3] INFO  o.t.s.d.u.AbstractBufferedRateExecutor - [Write] Permits queueSize = [0] totalAdded = [7] totalLaunched = [7] totalReleased = [7] totalFailed = [0] totalExpired = [0] totalRejected = [0] totalRateLimited = [0] totalRateLimitedTenants = [0] currBuffer = [0] 
2025-12-19 12:44:08,478 [TB-Scheduling-4] INFO  o.t.s.c.t.s.DefaultTransportService - Transport Stats: openConnections [0]
2025-12-19 12:44:18,277 [sql-log-1-thread-1] INFO  o.t.s.dao.sql.TbSqlBlockingQueue - Queue-0 [TS Latest] queueSize [0] totalAdded [4] totalSaved [4] totalFailed [0]
2025-12-19 12:44:18,915 [TB-Scheduling-1] INFO  o.t.s.d.u.AbstractBufferedRateExecutor - [Write] Permits queueSize = [0] totalAdded = [4] totalLaunched = [4] totalReleased = [4] totalFailed = [0] totalExpired = [0] totalRejected = [0] totalRateLimited = [0] totalRateLimitedTenants = [0] currBuffer = [0] 
2025-12-19 12:44:38,277 [sql-log-1-thread-1] INFO  o.t.s.dao.sql.TbSqlBlockingQueue - Queue-0 [TS Latest] queueSize [0] totalAdded [7] totalSaved [7] totalFailed [0]
2025-12-19 12:44:38,915 [TB-Scheduling-4] INFO  o.t.s.d.u.AbstractBufferedRateExecutor - [Write] Permits queueSize = [0] totalAdded = [7] totalLaunched = [7] totalReleased = [7] totalFailed = [0] totalExpired = [0] totalRejected = [0] totalRateLimited = [0] totalRateLimitedTenants = [0] currBuffer = [0] 
2025-12-19 12:45:08,479 [TB-Scheduling-4] INFO  o.t.s.c.t.s.DefaultTransportService - Transport Stats: openConnections [0]
2025-12-19 12:45:18,277 [sql-log-1-thread-1] INFO  o.t.s.dao.sql.TbSqlBlockingQueue - Queue-0 [TS Latest] queueSize [0] totalAdded [4] totalSaved [4] totalFailed [0]
2025-12-19 12:45:18,917 [TB-Scheduling-1] INFO  o.t.s.d.u.AbstractBufferedRateExecutor - [Write] Permits queueSize = [0] totalAdded = [4] totalLaunched = [4] totalReleased = [4] totalFailed = [0] totalExpired = [0] totalRejected = [0] totalRateLimited = [0] totalRateLimitedTenants = [0] currBuffer = [0] 
2025-12-19 12:45:38,277 [sql-log-1-thread-1] INFO  o.t.s.dao.sql.TbSqlBlockingQueue - Queue-0 [TS Latest] queueSize [0] totalAdded [7] totalSaved [7] totalFailed [0]
2025-12-19 12:45:38,918 [TB-Scheduling-1] INFO  o.t.s.d.u.AbstractBufferedRateExecutor - [Write] Permits queueSize = [0] totalAdded = [7] totalLaunched = [7] totalReleased = [7] totalFailed = [0] totalExpired = [0] totalRejected = [0] totalRateLimited = [0] totalRateLimitedTenants = [0] currBuffer = [0] 
2025-12-19 12:46:08,479 [TB-Scheduling-1] INFO  o.t.s.c.t.s.DefaultTransportService - Transport Stats: openConnections [0]
2025-12-19 12:46:18,277 [sql-log-1-thread-1] INFO  o.t.s.dao.sql.TbSqlBlockingQueue - Queue-0 [TS Latest] queueSize [0] totalAdded [4] totalSaved [4] totalFailed [0]
2025-12-19 12:46:18,919 [TB-Scheduling-2] INFO  o.t.s.d.u.AbstractBufferedRateExecutor - [Write] Permits queueSize = [0] totalAdded = [4] totalLaunched = [4] totalReleased = [4] totalFailed = [0] totalExpired = [0] totalRejected = [0] totalRateLimited = [0] totalRateLimitedTenants = [0] currBuffer = [0] 
2025-12-19 12:46:38,277 [sql-log-1-thread-1] INFO  o.t.s.dao.sql.TbSqlBlockingQueue - Queue-0 [TS Latest] queueSize [0] totalAdded [7] totalSaved [7] totalFailed [0]
2025-12-19 12:46:38,919 [TB-Scheduling-1] INFO  o.t.s.d.u.AbstractBufferedRateExecutor - [Write] Permits queueSize = [0] totalAdded = [7] totalLaunched = [7] totalReleased = [7] totalFailed = [0] totalExpired = [0] totalRejected = [0] totalRateLimited = [0] totalRateLimitedTenants = [0] currBuffer = [0] 
2025-12-19 12:47:08,480 [TB-Scheduling-2] INFO  o.t.s.c.t.s.DefaultTransportService - Transport Stats: openConnections [0]
2025-12-19 12:47:18,277 [sql-log-1-thread-1] INFO  o.t.s.dao.sql.TbSqlBlockingQueue - Queue-0 [TS Latest] queueSize [0] totalAdded [4] totalSaved [4] totalFailed [0]
2025-12-19 12:47:18,920 [TB-Scheduling-1] INFO  o.t.s.d.u.AbstractBufferedRateExecutor - [Write] Permits queueSize = [0] totalAdded = [4] totalLaunched = [4] totalReleased = [4] totalFailed = [0] totalExpired = [0] totalRejected = [0] totalRateLimited = [0] totalRateLimitedTenants = [0] currBuffer = [0] 
2025-12-19 12:47:38,277 [sql-log-1-thread-1] INFO  o.t.s.dao.sql.TbSqlBlockingQueue - Queue-0 [TS Latest] queueSize [0] totalAdded [7] totalSaved [7] totalFailed [0]
2025-12-19 12:47:38,921 [TB-Scheduling-4] INFO  o.t.s.d.u.AbstractBufferedRateExecutor - [Write] Permits queueSize = [0] totalAdded = [7] totalLaunched = [7] totalReleased = [7] totalFailed = [0] totalExpired = [0] totalRejected = [0] totalRateLimited = [0] totalRateLimitedTenants = [0] currBuffer = [0] 
2025-12-19 12:48:08,480 [TB-Scheduling-2] INFO  o.t.s.c.t.s.DefaultTransportService - Transport Stats: openConnections [0]
2025-12-19 12:48:18,277 [sql-log-1-thread-1] INFO  o.t.s.dao.sql.TbSqlBlockingQueue - Queue-0 [TS Latest] queueSize [0] totalAdded [4] totalSaved [4] totalFailed [0]
2025-12-19 12:48:18,923 [TB-Scheduling-2] INFO  o.t.s.d.u.AbstractBufferedRateExecutor - [Write] Permits queueSize = [0] totalAdded = [4] totalLaunched = [4] totalReleased = [4] totalFailed = [0] totalExpired = [0] totalRejected = [0] totalRateLimited = [0] totalRateLimitedTenants = [0] currBuffer = [0] 
2025-12-19 12:48:38,277 [sql-log-1-thread-1] INFO  o.t.s.dao.sql.TbSqlBlockingQueue - Queue-0 [TS Latest] queueSize [0] totalAdded [7] totalSaved [7] totalFailed [0]
2025-12-19 12:48:38,923 [TB-Scheduling-1] INFO  o.t.s.d.u.AbstractBufferedRateExecutor - [Write] Permits queueSize = [0] totalAdded = [7] totalLaunched = [7] totalReleased = [7] totalFailed = [0] totalExpired = [0] totalRejected = [0] totalRateLimited = [0] totalRateLimitedTenants = [0] currBuffer = [0] 
2025-12-19 12:49:08,481 [TB-Scheduling-3] INFO  o.t.s.c.t.s.DefaultTransportService - Transport Stats: openConnections [0]
2025-12-19 12:49:18,277 [sql-log-1-thread-1] INFO  o.t.s.dao.sql.TbSqlBlockingQueue - Queue-0 [TS Latest] queueSize [0] totalAdded [4] totalSaved [4] totalFailed [0]
2025-12-19 12:49:18,925 [TB-Scheduling-1] INFO  o.t.s.d.u.AbstractBufferedRateExecutor - [Write] Permits queueSize = [0] totalAdded = [4] totalLaunched = [4] totalReleased = [4] totalFailed = [0] totalExpired = [0] totalRejected = [0] totalRateLimited = [0] totalRateLimitedTenants = [0] currBuffer = [0] 
2025-12-19 12:49:38,926 [TB-Scheduling-2] INFO  o.t.s.d.u.AbstractBufferedRateExecutor - [Write] Permits queueSize = [0] totalAdded = [7] totalLaunched = [7] totalReleased = [7] totalFailed = [0] totalExpired = [0] totalRejected = [0] totalRateLimited = [0] totalRateLimitedTenants = [0] currBuffer = [0] 
2025-12-19 12:49:48,277 [sql-log-1-thread-1] INFO  o.t.s.dao.sql.TbSqlBlockingQueue - Queue-0 [TS Latest] queueSize [0] totalAdded [7] totalSaved [7] totalFailed [0]
2025-12-19 12:50:08,482 [TB-Scheduling-1] INFO  o.t.s.c.t.s.DefaultTransportService - Transport Stats: openConnections [0]
2025-12-19 12:50:18,277 [sql-log-1-thread-1] INFO  o.t.s.dao.sql.TbSqlBlockingQueue - Queue-0 [TS Latest] queueSize [0] totalAdded [4] totalSaved [4] totalFailed [0]
2025-12-19 12:50:18,927 [TB-Scheduling-2] INFO  o.t.s.d.u.AbstractBufferedRateExecutor - [Write] Permits queueSize = [0] totalAdded = [4] totalLaunched = [4] totalReleased = [4] totalFailed = [0] totalExpired = [0] totalRejected = [0] totalRateLimited = [0] totalRateLimitedTenants = [0] currBuffer = [0] 
2025-12-19 12:50:48,277 [sql-log-1-thread-1] INFO  o.t.s.dao.sql.TbSqlBlockingQueue - Queue-0 [TS Latest] queueSize [0] totalAdded [7] totalSaved [7] totalFailed [0]
2025-12-19 12:50:48,928 [TB-Scheduling-1] INFO  o.t.s.d.u.AbstractBufferedRateExecutor - [Write] Permits queueSize = [0] totalAdded = [7] totalLaunched = [7] totalReleased = [7] totalFailed = [0] totalExpired = [0] totalRejected = [0] totalRateLimited = [0] totalRateLimitedTenants = [0] currBuffer = [0] 
2025-12-19 12:51:08,483 [TB-Scheduling-3] INFO  o.t.s.c.t.s.DefaultTransportService - Transport Stats: openConnections [0]
2025-12-19 12:51:18,277 [sql-log-1-thread-1] INFO  o.t.s.dao.sql.TbSqlBlockingQueue - Queue-0 [TS Latest] queueSize [0] totalAdded [4] totalSaved [4] totalFailed [0]
2025-12-19 12:51:18,930 [TB-Scheduling-4] INFO  o.t.s.d.u.AbstractBufferedRateExecutor - [Write] Permits queueSize = [0] totalAdded = [4] totalLaunched = [4] totalReleased = [4] totalFailed = [0] totalExpired = [0] totalRejected = [0] totalRateLimited = [0] totalRateLimitedTenants = [0] currBuffer = [0] 
2025-12-19 12:51:48,277 [sql-log-1-thread-1] INFO  o.t.s.dao.sql.TbSqlBlockingQueue - Queue-0 [TS Latest] queueSize [0] totalAdded [7] totalSaved [7] totalFailed [0]
2025-12-19 12:51:48,932 [TB-Scheduling-4] INFO  o.t.s.d.u.AbstractBufferedRateExecutor - [Write] Permits queueSize = [0] totalAdded = [7] totalLaunched = [7] totalReleased = [7] totalFailed = [0] totalExpired = [0] totalRejected = [0] totalRateLimited = [0] totalRateLimitedTenants = [0] currBuffer = [0] 
2025-12-19 12:52:08,485 [TB-Scheduling-3] INFO  o.t.s.c.t.s.DefaultTransportService - Transport Stats: openConnections [0]
2025-12-19 12:52:18,277 [sql-log-1-thread-1] INFO  o.t.s.dao.sql.TbSqlBlockingQueue - Queue-0 [TS Latest] queueSize [0] totalAdded [4] totalSaved [4] totalFailed [0]
2025-12-19 12:52:18,933 [TB-Scheduling-3] INFO  o.t.s.d.u.AbstractBufferedRateExecutor - [Write] Permits queueSize = [0] totalAdded = [4] totalLaunched = [4] totalReleased = [4] totalFailed = [0] totalExpired = [0] totalRejected = [0] totalRateLimited = [0] totalRateLimitedTenants = [0] currBuffer = [0] 
2025-12-19 12:52:48,277 [sql-log-1-thread-1] INFO  o.t.s.dao.sql.TbSqlBlockingQueue - Queue-0 [TS Latest] queueSize [0] totalAdded [7] totalSaved [7] totalFailed [0]
2025-12-19 12:52:48,934 [TB-Scheduling-3] INFO  o.t.s.d.u.AbstractBufferedRateExecutor - [Write] Permits queueSize = [0] totalAdded = [7] totalLaunched = [7] totalReleased = [7] totalFailed = [0] totalExpired = [0] totalRejected = [0] totalRateLimited = [0] totalRateLimitedTenants = [0] currBuffer = [0] 
2025-12-19 12:53:08,486 [TB-Scheduling-1] INFO  o.t.s.c.t.s.DefaultTransportService - Transport Stats: openConnections [0]
2025-12-19 12:53:18,277 [sql-log-1-thread-1] INFO  o.t.s.dao.sql.TbSqlBlockingQueue - Queue-0 [TS Latest] queueSize [0] totalAdded [4] totalSaved [4] totalFailed [0]
2025-12-19 12:53:18,935 [TB-Scheduling-3] INFO  o.t.s.d.u.AbstractBufferedRateExecutor - [Write] Permits queueSize = [0] totalAdded = [4] totalLaunched = [4] totalReleased = [4] totalFailed = [0] totalExpired = [0] totalRejected = [0] totalRateLimited = [0] totalRateLimitedTenants = [0] currBuffer = [0] 
2025-12-19 12:53:48,277 [sql-log-1-thread-1] INFO  o.t.s.dao.sql.TbSqlBlockingQueue - Queue-0 [TS Latest] queueSize [0] totalAdded [7] totalSaved [7] totalFailed [0]
2025-12-19 12:53:48,936 [TB-Scheduling-3] INFO  o.t.s.d.u.AbstractBufferedRateExecutor - [Write] Permits queueSize = [0] totalAdded = [7] totalLaunched = [7] totalReleased = [7] totalFailed = [0] totalExpired = [0] totalRejected = [0] totalRateLimited = [0] totalRateLimitedTenants = [0] currBuffer = [0] 
2025-12-19 12:54:08,487 [TB-Scheduling-3] INFO  o.t.s.c.t.s.DefaultTransportService - Transport Stats: openConnections [0]
2025-12-19 12:54:18,277 [sql-log-1-thread-1] INFO  o.t.s.dao.sql.TbSqlBlockingQueue - Queue-0 [TS Latest] queueSize [0] totalAdded [4] totalSaved [4] totalFailed [0]
2025-12-19 12:54:18,937 [TB-Scheduling-1] INFO  o.t.s.d.u.AbstractBufferedRateExecutor - [Write] Permits queueSize = [0] totalAdded = [4] totalLaunched = [4] totalReleased = [4] totalFailed = [0] totalExpired = [0] totalRejected = [0] totalRateLimited = [0] totalRateLimitedTenants = [0] currBuffer = [0] 
2025-12-19 12:54:48,277 [sql-log-1-thread-1] INFO  o.t.s.dao.sql.TbSqlBlockingQueue - Queue-0 [TS Latest] queueSize [0] totalAdded [7] totalSaved [7] totalFailed [0]
2025-12-19 12:54:48,938 [TB-Scheduling-2] INFO  o.t.s.d.u.AbstractBufferedRateExecutor - [Write] Permits queueSize = [0] totalAdded = [7] totalLaunched = [7] totalReleased = [7] totalFailed = [0] totalExpired = [0] totalRejected = [0] totalRateLimited = [0] totalRateLimitedTenants = [0] currBuffer = [0] 
2025-12-19 12:55:08,487 [TB-Scheduling-4] INFO  o.t.s.c.t.s.DefaultTransportService - Transport Stats: openConnections [0]
2025-12-19 12:55:18,277 [sql-log-1-thread-1] INFO  o.t.s.dao.sql.TbSqlBlockingQueue - Queue-0 [TS Latest] queueSize [0] totalAdded [4] totalSaved [4] totalFailed [0]
2025-12-19 12:55:18,939 [TB-Scheduling-3] INFO  o.t.s.d.u.AbstractBufferedRateExecutor - [Write] Permits queueSize = [0] totalAdded = [4] totalLaunched = [4] totalReleased = [4] totalFailed = [0] totalExpired = [0] totalRejected = [0] totalRateLimited = [0] totalRateLimitedTenants = [0] currBuffer = [0] 
2025-12-19 12:55:48,277 [sql-log-1-thread-1] INFO  o.t.s.dao.sql.TbSqlBlockingQueue - Queue-0 [TS Latest] queueSize [0] totalAdded [7] totalSaved [7] totalFailed [0]
2025-12-19 12:55:48,940 [TB-Scheduling-3] INFO  o.t.s.d.u.AbstractBufferedRateExecutor - [Write] Permits queueSize = [0] totalAdded = [7] totalLaunched = [7] totalReleased = [7] totalFailed = [0] totalExpired = [0] totalRejected = [0] totalRateLimited = [0] totalRateLimitedTenants = [0] currBuffer = [0] 
2025-12-19 12:56:08,488 [TB-Scheduling-1] INFO  o.t.s.c.t.s.DefaultTransportService - Transport Stats: openConnections [0]
2025-12-19 12:56:18,277 [sql-log-1-thread-1] INFO  o.t.s.dao.sql.TbSqlBlockingQueue - Queue-0 [TS Latest] queueSize [0] totalAdded [4] totalSaved [4] totalFailed [0]
2025-12-19 12:56:18,942 [TB-Scheduling-4] INFO  o.t.s.d.u.AbstractBufferedRateExecutor - [Write] Permits queueSize = [0] totalAdded = [4] totalLaunched = [4] totalReleased = [4] totalFailed = [0] totalExpired = [0] totalRejected = [0] totalRateLimited = [0] totalRateLimitedTenants = [0] currBuffer = [0] 
2025-12-19 12:56:48,277 [sql-log-1-thread-1] INFO  o.t.s.dao.sql.TbSqlBlockingQueue - Queue-0 [TS Latest] queueSize [0] totalAdded [7] totalSaved [7] totalFailed [0]
2025-12-19 12:56:48,943 [TB-Scheduling-1] INFO  o.t.s.d.u.AbstractBufferedRateExecutor - [Write] Permits queueSize = [0] totalAdded = [7] totalLaunched = [7] totalReleased = [7] totalFailed = [0] totalExpired = [0] totalRejected = [0] totalRateLimited = [0] totalRateLimitedTenants = [0] currBuffer = [0] 
2025-12-19 12:57:03,069 [TB-Scheduling-4] INFO  o.t.s.dao.sql.event.JpaBaseEventDao - Going to cleanup debug events with exp time: 1765544223069
2025-12-19 12:57:08,489 [TB-Scheduling-4] INFO  o.t.s.c.t.s.DefaultTransportService - Transport Stats: openConnections [0]
2025-12-19 12:57:18,277 [sql-log-1-thread-1] INFO  o.t.s.dao.sql.TbSqlBlockingQueue - Queue-0 [TS Latest] queueSize [0] totalAdded [4] totalSaved [4] totalFailed [0]
2025-12-19 12:57:18,944 [TB-Scheduling-1] INFO  o.t.s.d.u.AbstractBufferedRateExecutor - [Write] Permits queueSize = [0] totalAdded = [4] totalLaunched = [4] totalReleased = [4] totalFailed = [0] totalExpired = [0] totalRejected = [0] totalRateLimited = [0] totalRateLimitedTenants = [0] currBuffer = [0] 
2025-12-19 12:57:48,277 [sql-log-1-thread-1] INFO  o.t.s.dao.sql.TbSqlBlockingQueue - Queue-0 [TS Latest] queueSize [0] totalAdded [7] totalSaved [7] totalFailed [0]
2025-12-19 12:57:48,945 [TB-Scheduling-4] INFO  o.t.s.d.u.AbstractBufferedRateExecutor - [Write] Permits queueSize = [0] totalAdded = [7] totalLaunched = [7] totalReleased = [7] totalFailed = [0] totalExpired = [0] totalRejected = [0] totalRateLimited = [0] totalRateLimitedTenants = [0] currBuffer = [0] 
2025-12-19 12:58:08,489 [TB-Scheduling-4] INFO  o.t.s.c.t.s.DefaultTransportService - Transport Stats: openConnections [0]
2025-12-19 12:58:18,277 [sql-log-1-thread-1] INFO  o.t.s.dao.sql.TbSqlBlockingQueue - Queue-0 [TS Latest] queueSize [0] totalAdded [4] totalSaved [4] totalFailed [0]
2025-12-19 12:58:18,946 [TB-Scheduling-1] INFO  o.t.s.d.u.AbstractBufferedRateExecutor - [Write] Permits queueSize = [0] totalAdded = [4] totalLaunched = [4] totalReleased = [4] totalFailed = [0] totalExpired = [0] totalRejected = [0] totalRateLimited = [0] totalRateLimitedTenants = [0] currBuffer = [0] 
2025-12-19 12:58:48,277 [sql-log-1-thread-1] INFO  o.t.s.dao.sql.TbSqlBlockingQueue - Queue-0 [TS Latest] queueSize [0] totalAdded [7] totalSaved [7] totalFailed [0]
2025-12-19 12:58:48,947 [TB-Scheduling-4] INFO  o.t.s.d.u.AbstractBufferedRateExecutor - [Write] Permits queueSize = [0] totalAdded = [7] totalLaunched = [7] totalReleased = [7] totalFailed = [0] totalExpired = [0] totalRejected = [0] totalRateLimited = [0] totalRateLimitedTenants = [0] currBuffer = [0] 
2025-12-19 12:59:08,490 [TB-Scheduling-3] INFO  o.t.s.c.t.s.DefaultTransportService - Transport Stats: openConnections [0]
2025-12-19 12:59:18,277 [sql-log-1-thread-1] INFO  o.t.s.dao.sql.TbSqlBlockingQueue - Queue-0 [TS Latest] queueSize [0] totalAdded [4] totalSaved [4] totalFailed [0]
2025-12-19 12:59:18,948 [TB-Scheduling-4] INFO  o.t.s.d.u.AbstractBufferedRateExecutor - [Write] Permits queueSize = [0] totalAdded = [4] totalLaunched = [4] totalReleased = [4] totalFailed = [0] totalExpired = [0] totalRejected = [0] totalRateLimited = [0] totalRateLimitedTenants = [0] currBuffer = [0] 
2025-12-19 12:59:48,950 [TB-Scheduling-3] INFO  o.t.s.d.u.AbstractBufferedRateExecutor - [Write] Permits queueSize = [0] totalAdded = [7] totalLaunched = [7] totalReleased = [7] totalFailed = [0] totalExpired = [0] totalRejected = [0] totalRateLimited = [0] totalRateLimitedTenants = [0] currBuffer = [0] 
2025-12-19 12:59:58,277 [sql-log-1-thread-1] INFO  o.t.s.dao.sql.TbSqlBlockingQueue - Queue-0 [TS Latest] queueSize [0] totalAdded [7] totalSaved [7] totalFailed [0]
2025-12-19 13:00:08,492 [TB-Scheduling-4] INFO  o.t.s.c.t.s.DefaultTransportService - Transport Stats: openConnections [0]
2025-12-19 13:00:18,277 [sql-log-1-thread-1] INFO  o.t.s.dao.sql.TbSqlBlockingQueue - Queue-0 [TS Latest] queueSize [0] totalAdded [4] totalSaved [4] totalFailed [0]
2025-12-19 13:00:18,951 [TB-Scheduling-2] INFO  o.t.s.d.u.AbstractBufferedRateExecutor - [Write] Permits queueSize = [0] totalAdded = [4] totalLaunched = [4] totalReleased = [4] totalFailed = [0] totalExpired = [0] totalRejected = [0] totalRateLimited = [0] totalRateLimitedTenants = [0] currBuffer = [0] 
2025-12-19 13:00:58,277 [sql-log-1-thread-1] INFO  o.t.s.dao.sql.TbSqlBlockingQueue - Queue-0 [TS Latest] queueSize [0] totalAdded [9] totalSaved [9] totalFailed [0]
2025-12-19 13:00:58,952 [TB-Scheduling-2] INFO  o.t.s.d.u.AbstractBufferedRateExecutor - [Write] Permits queueSize = [0] totalAdded = [9] totalLaunched = [9] totalReleased = [9] totalFailed = [0] totalExpired = [0] totalRejected = [0] totalRateLimited = [0] totalRateLimitedTenants = [0] currBuffer = [0] 
2025-12-19 13:01:08,493 [TB-Scheduling-1] INFO  o.t.s.c.t.s.DefaultTransportService - Transport Stats: openConnections [0]
2025-12-19 13:01:18,277 [sql-log-1-thread-1] INFO  o.t.s.dao.sql.TbSqlBlockingQueue - Queue-0 [TS Latest] queueSize [0] totalAdded [4] totalSaved [4] totalFailed [0]
2025-12-19 13:01:18,953 [TB-Scheduling-4] INFO  o.t.s.d.u.AbstractBufferedRateExecutor - [Write] Permits queueSize = [0] totalAdded = [4] totalLaunched = [4] totalReleased = [4] totalFailed = [0] totalExpired = [0] totalRejected = [0] totalRateLimited = [0] totalRateLimitedTenants = [0] currBuffer = [0] 
2025-12-19 13:01:58,277 [sql-log-1-thread-1] INFO  o.t.s.dao.sql.TbSqlBlockingQueue - Queue-0 [TS Latest] queueSize [0] totalAdded [7] totalSaved [7] totalFailed [0]
2025-12-19 13:01:58,954 [TB-Scheduling-1] INFO  o.t.s.d.u.AbstractBufferedRateExecutor - [Write] Permits queueSize = [0] totalAdded = [7] totalLaunched = [7] totalReleased = [7] totalFailed = [0] totalExpired = [0] totalRejected = [0] totalRateLimited = [0] totalRateLimitedTenants = [0] currBuffer = [0] 
2025-12-19 13:02:08,493 [TB-Scheduling-4] INFO  o.t.s.c.t.s.DefaultTransportService - Transport Stats: openConnections [0]
2025-12-19 13:02:18,277 [sql-log-1-thread-1] INFO  o.t.s.dao.sql.TbSqlBlockingQueue - Queue-0 [TS Latest] queueSize [0] totalAdded [4] totalSaved [4] totalFailed [0]
2025-12-19 13:02:18,955 [TB-Scheduling-4] INFO  o.t.s.d.u.AbstractBufferedRateExecutor - [Write] Permits queueSize = [0] totalAdded = [4] totalLaunched = [4] totalReleased = [4] totalFailed = [0] totalExpired = [0] totalRejected = [0] totalRateLimited = [0] totalRateLimitedTenants = [0] currBuffer = [0] 
2025-12-19 13:02:58,277 [sql-log-1-thread-1] INFO  o.t.s.dao.sql.TbSqlBlockingQueue - Queue-0 [TS Latest] queueSize [0] totalAdded [7] totalSaved [7] totalFailed [0]
2025-12-19 13:02:58,956 [TB-Scheduling-1] INFO  o.t.s.d.u.AbstractBufferedRateExecutor - [Write] Permits queueSize = [0] totalAdded = [7] totalLaunched = [7] totalReleased = [7] totalFailed = [0] totalExpired = [0] totalRejected = [0] totalRateLimited = [0] totalRateLimitedTenants = [0] currBuffer = [0] 
2025-12-19 13:03:08,494 [TB-Scheduling-4] INFO  o.t.s.c.t.s.DefaultTransportService - Transport Stats: openConnections [0]
2025-12-19 13:03:18,277 [sql-log-1-thread-1] INFO  o.t.s.dao.sql.TbSqlBlockingQueue - Queue-0 [TS Latest] queueSize [0] totalAdded [4] totalSaved [4] totalFailed [0]
2025-12-19 13:03:18,957 [TB-Scheduling-3] INFO  o.t.s.d.u.AbstractBufferedRateExecutor - [Write] Permits queueSize = [0] totalAdded = [4] totalLaunched = [4] totalReleased = [4] totalFailed = [0] totalExpired = [0] totalRejected = [0] totalRateLimited = [0] totalRateLimitedTenants = [0] currBuffer = [0] 
2025-12-19 13:03:58,277 [sql-log-1-thread-1] INFO  o.t.s.dao.sql.TbSqlBlockingQueue - Queue-0 [TS Latest] queueSize [0] totalAdded [8] totalSaved [8] totalFailed [0]
2025-12-19 13:03:58,959 [TB-Scheduling-4] INFO  o.t.s.d.u.AbstractBufferedRateExecutor - [Write] Permits queueSize = [0] totalAdded = [8] totalLaunched = [8] totalReleased = [8] totalFailed = [0] totalExpired = [0] totalRejected = [0] totalRateLimited = [0] totalRateLimitedTenants = [0] currBuffer = [0] 
2025-12-19 13:04:08,495 [TB-Scheduling-3] INFO  o.t.s.c.t.s.DefaultTransportService - Transport Stats: openConnections [0]
2025-12-19 13:04:18,277 [sql-log-1-thread-1] INFO  o.t.s.dao.sql.TbSqlBlockingQueue - Queue-0 [TS Latest] queueSize [0] totalAdded [4] totalSaved [4] totalFailed [0]
2025-12-19 13:04:18,959 [TB-Scheduling-2] INFO  o.t.s.d.u.AbstractBufferedRateExecutor - [Write] Permits queueSize = [0] totalAdded = [4] totalLaunched = [4] totalReleased = [4] totalFailed = [0] totalExpired = [0] totalRejected = [0] totalRateLimited = [0] totalRateLimitedTenants = [0] currBuffer = [0] 
2025-12-19 13:04:58,277 [sql-log-1-thread-1] INFO  o.t.s.dao.sql.TbSqlBlockingQueue - Queue-0 [TS Latest] queueSize [0] totalAdded [7] totalSaved [7] totalFailed [0]
2025-12-19 13:04:58,960 [TB-Scheduling-1] INFO  o.t.s.d.u.AbstractBufferedRateExecutor - [Write] Permits queueSize = [0] totalAdded = [7] totalLaunched = [7] totalReleased = [7] totalFailed = [0] totalExpired = [0] totalRejected = [0] totalRateLimited = [0] totalRateLimitedTenants = [0] currBuffer = [0] 
2025-12-19 13:05:08,495 [TB-Scheduling-3] INFO  o.t.s.c.t.s.DefaultTransportService - Transport Stats: openConnections [0]
2025-12-19 13:05:18,277 [sql-log-1-thread-1] INFO  o.t.s.dao.sql.TbSqlBlockingQueue - Queue-0 [TS Latest] queueSize [0] totalAdded [4] totalSaved [4] totalFailed [0]
2025-12-19 13:05:18,961 [TB-Scheduling-4] INFO  o.t.s.d.u.AbstractBufferedRateExecutor - [Write] Permits queueSize = [0] totalAdded = [4] totalLaunched = [4] totalReleased = [4] totalFailed = [0] totalExpired = [0] totalRejected = [0] totalRateLimited = [0] totalRateLimitedTenants = [0] currBuffer = [0] 
2025-12-19 13:05:58,277 [sql-log-1-thread-1] INFO  o.t.s.dao.sql.TbSqlBlockingQueue - Queue-0 [TS Latest] queueSize [0] totalAdded [7] totalSaved [7] totalFailed [0]
2025-12-19 13:05:58,963 [TB-Scheduling-1] INFO  o.t.s.d.u.AbstractBufferedRateExecutor - [Write] Permits queueSize = [0] totalAdded = [7] totalLaunched = [7] totalReleased = [7] totalFailed = [0] totalExpired = [0] totalRejected = [0] totalRateLimited = [0] totalRateLimitedTenants = [0] currBuffer = [0] 
2025-12-19 13:06:08,496 [TB-Scheduling-2] INFO  o.t.s.c.t.s.DefaultTransportService - Transport Stats: openConnections [0]
2025-12-19 13:06:18,277 [sql-log-1-thread-1] INFO  o.t.s.dao.sql.TbSqlBlockingQueue - Queue-0 [TS Latest] queueSize [0] totalAdded [4] totalSaved [4] totalFailed [0]
2025-12-19 13:06:18,963 [TB-Scheduling-3] INFO  o.t.s.d.u.AbstractBufferedRateExecutor - [Write] Permits queueSize = [0] totalAdded = [4] totalLaunched = [4] totalReleased = [4] totalFailed = [0] totalExpired = [0] totalRejected = [0] totalRateLimited = [0] totalRateLimitedTenants = [0] currBuffer = [0] 
2025-12-19 13:06:58,277 [sql-log-1-thread-1] INFO  o.t.s.dao.sql.TbSqlBlockingQueue - Queue-0 [TS Latest] queueSize [0] totalAdded [7] totalSaved [7] totalFailed [0]
2025-12-19 13:06:58,965 [TB-Scheduling-3] INFO  o.t.s.d.u.AbstractBufferedRateExecutor - [Write] Permits queueSize = [0] totalAdded = [7] totalLaunched = [7] totalReleased = [7] totalFailed = [0] totalExpired = [0] totalRejected = [0] totalRateLimited = [0] totalRateLimitedTenants = [0] currBuffer = [0] 
2025-12-19 13:07:08,497 [TB-Scheduling-1] INFO  o.t.s.c.t.s.DefaultTransportService - Transport Stats: openConnections [0]
2025-12-19 13:07:18,277 [sql-log-1-thread-1] INFO  o.t.s.dao.sql.TbSqlBlockingQueue - Queue-0 [TS Latest] queueSize [0] totalAdded [4] totalSaved [4] totalFailed [0]
2025-12-19 13:07:18,966 [TB-Scheduling-2] INFO  o.t.s.d.u.AbstractBufferedRateExecutor - [Write] Permits queueSize = [0] totalAdded = [4] totalLaunched = [4] totalReleased = [4] totalFailed = [0] totalExpired = [0] totalRejected = [0] totalRateLimited = [0] totalRateLimitedTenants = [0] currBuffer = [0] 
2025-12-19 13:07:58,277 [sql-log-1-thread-1] INFO  o.t.s.dao.sql.TbSqlBlockingQueue - Queue-0 [TS Latest] queueSize [0] totalAdded [7] totalSaved [7] totalFailed [0]
2025-12-19 13:07:58,967 [TB-Scheduling-3] INFO  o.t.s.d.u.AbstractBufferedRateExecutor - [Write] Permits queueSize = [0] totalAdded = [7] totalLaunched = [7] totalReleased = [7] totalFailed = [0] totalExpired = [0] totalRejected = [0] totalRateLimited = [0] totalRateLimitedTenants = [0] currBuffer = [0] 
2025-12-19 13:08:08,497 [TB-Scheduling-1] INFO  o.t.s.c.t.s.DefaultTransportService - Transport Stats: openConnections [0]
2025-12-19 13:08:18,277 [sql-log-1-thread-1] INFO  o.t.s.dao.sql.TbSqlBlockingQueue - Queue-0 [TS Latest] queueSize [0] totalAdded [4] totalSaved [4] totalFailed [0]
2025-12-19 13:08:18,968 [TB-Scheduling-3] INFO  o.t.s.d.u.AbstractBufferedRateExecutor - [Write] Permits queueSize = [0] totalAdded = [4] totalLaunched = [4] totalReleased = [4] totalFailed = [0] totalExpired = [0] totalRejected = [0] totalRateLimited = [0] totalRateLimitedTenants = [0] currBuffer = [0] 
2025-12-19 13:08:58,277 [sql-log-1-thread-1] INFO  o.t.s.dao.sql.TbSqlBlockingQueue - Queue-0 [TS Latest] queueSize [0] totalAdded [7] totalSaved [7] totalFailed [0]
2025-12-19 13:08:58,969 [TB-Scheduling-2] INFO  o.t.s.d.u.AbstractBufferedRateExecutor - [Write] Permits queueSize = [0] totalAdded = [7] totalLaunched = [7] totalReleased = [7] totalFailed = [0] totalExpired = [0] totalRejected = [0] totalRateLimited = [0] totalRateLimitedTenants = [0] currBuffer = [0] 
2025-12-19 13:09:08,498 [TB-Scheduling-4] INFO  o.t.s.c.t.s.DefaultTransportService - Transport Stats: openConnections [0]
2025-12-19 13:09:18,277 [sql-log-1-thread-1] INFO  o.t.s.dao.sql.TbSqlBlockingQueue - Queue-0 [TS Latest] queueSize [0] totalAdded [4] totalSaved [4] totalFailed [0]
2025-12-19 13:09:18,970 [TB-Scheduling-2] INFO  o.t.s.d.u.AbstractBufferedRateExecutor - [Write] Permits queueSize = [0] totalAdded = [4] totalLaunched = [4] totalReleased = [4] totalFailed = [0] totalExpired = [0] totalRejected = [0] totalRateLimited = [0] totalRateLimitedTenants = [0] currBuffer = [0] 
2025-12-19 13:09:58,971 [TB-Scheduling-4] INFO  o.t.s.d.u.AbstractBufferedRateExecutor - [Write] Permits queueSize = [0] totalAdded = [7] totalLaunched = [7] totalReleased = [7] totalFailed = [0] totalExpired = [0] totalRejected = [0] totalRateLimited = [0] totalRateLimitedTenants = [0] currBuffer = [0] 
2025-12-19 13:10:08,277 [sql-log-1-thread-1] INFO  o.t.s.dao.sql.TbSqlBlockingQueue - Queue-0 [TS Latest] queueSize [0] totalAdded [7] totalSaved [7] totalFailed [0]
2025-12-19 13:10:08,498 [TB-Scheduling-4] INFO  o.t.s.c.t.s.DefaultTransportService - Transport Stats: openConnections [0]
2025-12-19 13:10:18,277 [sql-log-1-thread-1] INFO  o.t.s.dao.sql.TbSqlBlockingQueue - Queue-0 [TS Latest] queueSize [0] totalAdded [4] totalSaved [4] totalFailed [0]
2025-12-19 13:10:18,972 [TB-Scheduling-2] INFO  o.t.s.d.u.AbstractBufferedRateExecutor - [Write] Permits queueSize = [0] totalAdded = [4] totalLaunched = [4] totalReleased = [4] totalFailed = [0] totalExpired = [0] totalRejected = [0] totalRateLimited = [0] totalRateLimitedTenants = [0] currBuffer = [0] 
2025-12-19 13:11:08,277 [sql-log-1-thread-1] INFO  o.t.s.dao.sql.TbSqlBlockingQueue - Queue-0 [TS Latest] queueSize [0] totalAdded [7] totalSaved [7] totalFailed [0]
2025-12-19 13:11:08,499 [TB-Scheduling-4] INFO  o.t.s.c.t.s.DefaultTransportService - Transport Stats: openConnections [0]
2025-12-19 13:11:08,974 [TB-Scheduling-1] INFO  o.t.s.d.u.AbstractBufferedRateExecutor - [Write] Permits queueSize = [0] totalAdded = [7] totalLaunched = [7] totalReleased = [7] totalFailed = [0] totalExpired = [0] totalRejected = [0] totalRateLimited = [0] totalRateLimitedTenants = [0] currBuffer = [0] 
2025-12-19 13:11:18,277 [sql-log-1-thread-1] INFO  o.t.s.dao.sql.TbSqlBlockingQueue - Queue-0 [TS Latest] queueSize [0] totalAdded [4] totalSaved [4] totalFailed [0]
2025-12-19 13:11:18,975 [TB-Scheduling-4] INFO  o.t.s.d.u.AbstractBufferedRateExecutor - [Write] Permits queueSize = [0] totalAdded = [4] totalLaunched = [4] totalReleased = [4] totalFailed = [0] totalExpired = [0] totalRejected = [0] totalRateLimited = [0] totalRateLimitedTenants = [0] currBuffer = [0] 
2025-12-19 13:12:08,277 [sql-log-1-thread-1] INFO  o.t.s.dao.sql.TbSqlBlockingQueue - Queue-0 [TS Latest] queueSize [0] totalAdded [7] totalSaved [7] totalFailed [0]
2025-12-19 13:12:08,499 [TB-Scheduling-1] INFO  o.t.s.c.t.s.DefaultTransportService - Transport Stats: openConnections [0]
2025-12-19 13:12:08,976 [TB-Scheduling-3] INFO  o.t.s.d.u.AbstractBufferedRateExecutor - [Write] Permits queueSize = [0] totalAdded = [7] totalLaunched = [7] totalReleased = [7] totalFailed = [0] totalExpired = [0] totalRejected = [0] totalRateLimited = [0] totalRateLimitedTenants = [0] currBuffer = [0] 
2025-12-19 13:12:18,277 [sql-log-1-thread-1] INFO  o.t.s.dao.sql.TbSqlBlockingQueue - Queue-0 [TS Latest] queueSize [0] totalAdded [4] totalSaved [4] totalFailed [0]
2025-12-19 13:12:18,977 [TB-Scheduling-4] INFO  o.t.s.d.u.AbstractBufferedRateExecutor - [Write] Permits queueSize = [0] totalAdded = [4] totalLaunched = [4] totalReleased = [4] totalFailed = [0] totalExpired = [0] totalRejected = [0] totalRateLimited = [0] totalRateLimitedTenants = [0] currBuffer = [0] 
2025-12-19 13:13:08,277 [sql-log-1-thread-1] INFO  o.t.s.dao.sql.TbSqlBlockingQueue - Queue-0 [TS Latest] queueSize [0] totalAdded [7] totalSaved [7] totalFailed [0]
2025-12-19 13:13:08,500 [TB-Scheduling-2] INFO  o.t.s.c.t.s.DefaultTransportService - Transport Stats: openConnections [0]
2025-12-19 13:13:08,978 [TB-Scheduling-3] INFO  o.t.s.d.u.AbstractBufferedRateExecutor - [Write] Permits queueSize = [0] totalAdded = [7] totalLaunched = [7] totalReleased = [7] totalFailed = [0] totalExpired = [0] totalRejected = [0] totalRateLimited = [0] totalRateLimitedTenants = [0] currBuffer = [0] 
2025-12-19 13:13:18,277 [sql-log-1-thread-1] INFO  o.t.s.dao.sql.TbSqlBlockingQueue - Queue-0 [TS Latest] queueSize [0] totalAdded [4] totalSaved [4] totalFailed [0]
2025-12-19 13:13:18,979 [TB-Scheduling-4] INFO  o.t.s.d.u.AbstractBufferedRateExecutor - [Write] Permits queueSize = [0] totalAdded = [4] totalLaunched = [4] totalReleased = [4] totalFailed = [0] totalExpired = [0] totalRejected = [0] totalRateLimited = [0] totalRateLimitedTenants = [0] currBuffer = [0] 
2025-12-19 13:14:08,277 [sql-log-1-thread-1] INFO  o.t.s.dao.sql.TbSqlBlockingQueue - Queue-0 [TS Latest] queueSize [0] totalAdded [7] totalSaved [7] totalFailed [0]
2025-12-19 13:14:08,501 [TB-Scheduling-4] INFO  o.t.s.c.t.s.DefaultTransportService - Transport Stats: openConnections [0]
2025-12-19 13:14:08,980 [TB-Scheduling-3] INFO  o.t.s.d.u.AbstractBufferedRateExecutor - [Write] Permits queueSize = [0] totalAdded = [7] totalLaunched = [7] totalReleased = [7] totalFailed = [0] totalExpired = [0] totalRejected = [0] totalRateLimited = [0] totalRateLimitedTenants = [0] currBuffer = [0] 
2025-12-19 13:14:18,277 [sql-log-1-thread-1] INFO  o.t.s.dao.sql.TbSqlBlockingQueue - Queue-0 [TS Latest] queueSize [0] totalAdded [4] totalSaved [4] totalFailed [0]
2025-12-19 13:14:18,981 [TB-Scheduling-4] INFO  o.t.s.d.u.AbstractBufferedRateExecutor - [Write] Permits queueSize = [0] totalAdded = [4] totalLaunched = [4] totalReleased = [4] totalFailed = [0] totalExpired = [0] totalRejected = [0] totalRateLimited = [0] totalRateLimitedTenants = [0] currBuffer = [0] 
2025-12-19 13:15:08,277 [sql-log-1-thread-1] INFO  o.t.s.dao.sql.TbSqlBlockingQueue - Queue-0 [TS Latest] queueSize [0] totalAdded [7] totalSaved [7] totalFailed [0]
2025-12-19 13:15:08,501 [TB-Scheduling-4] INFO  o.t.s.c.t.s.DefaultTransportService - Transport Stats: openConnections [0]
2025-12-19 13:15:08,982 [TB-Scheduling-3] INFO  o.t.s.d.u.AbstractBufferedRateExecutor - [Write] Permits queueSize = [0] totalAdded = [7] totalLaunched = [7] totalReleased = [7] totalFailed = [0] totalExpired = [0] totalRejected = [0] totalRateLimited = [0] totalRateLimitedTenants = [0] currBuffer = [0] 
2025-12-19 13:15:18,277 [sql-log-1-thread-1] INFO  o.t.s.dao.sql.TbSqlBlockingQueue - Queue-0 [TS Latest] queueSize [0] totalAdded [4] totalSaved [4] totalFailed [0]
2025-12-19 13:15:18,983 [TB-Scheduling-4] INFO  o.t.s.d.u.AbstractBufferedRateExecutor - [Write] Permits queueSize = [0] totalAdded = [4] totalLaunched = [4] totalReleased = [4] totalFailed = [0] totalExpired = [0] totalRejected = [0] totalRateLimited = [0] totalRateLimitedTenants = [0] currBuffer = [0] 
2025-12-19 13:16:08,277 [sql-log-1-thread-1] INFO  o.t.s.dao.sql.TbSqlBlockingQueue - Queue-0 [TS Latest] queueSize [0] totalAdded [7] totalSaved [7] totalFailed [0]
2025-12-19 13:16:08,502 [TB-Scheduling-2] INFO  o.t.s.c.t.s.DefaultTransportService - Transport Stats: openConnections [0]
2025-12-19 13:16:08,984 [TB-Scheduling-4] INFO  o.t.s.d.u.AbstractBufferedRateExecutor - [Write] Permits queueSize = [0] totalAdded = [7] totalLaunched = [7] totalReleased = [7] totalFailed = [0] totalExpired = [0] totalRejected = [0] totalRateLimited = [0] totalRateLimitedTenants = [0] currBuffer = [0] 
2025-12-19 13:16:18,277 [sql-log-1-thread-1] INFO  o.t.s.dao.sql.TbSqlBlockingQueue - Queue-0 [TS Latest] queueSize [0] totalAdded [4] totalSaved [4] totalFailed [0]
2025-12-19 13:16:18,985 [TB-Scheduling-1] INFO  o.t.s.d.u.AbstractBufferedRateExecutor - [Write] Permits queueSize = [0] totalAdded = [4] totalLaunched = [4] totalReleased = [4] totalFailed = [0] totalExpired = [0] totalRejected = [0] totalRateLimited = [0] totalRateLimitedTenants = [0] currBuffer = [0] 
2025-12-19 13:16:48,674 [subscription-scheduler-22-thread-1] INFO  o.t.s.s.s.DefaultSubscriptionManagerService - Removed 0 old entity update records.
2025-12-19 13:17:08,277 [sql-log-1-thread-1] INFO  o.t.s.dao.sql.TbSqlBlockingQueue - Queue-0 [TS Latest] queueSize [0] totalAdded [7] totalSaved [7] totalFailed [0]
2025-12-19 13:17:08,502 [TB-Scheduling-1] INFO  o.t.s.c.t.s.DefaultTransportService - Transport Stats: openConnections [0]
2025-12-19 13:17:08,986 [TB-Scheduling-4] INFO  o.t.s.d.u.AbstractBufferedRateExecutor - [Write] Permits queueSize = [0] totalAdded = [7] totalLaunched = [7] totalReleased = [7] totalFailed = [0] totalExpired = [0] totalRejected = [0] totalRateLimited = [0] totalRateLimitedTenants = [0] currBuffer = [0] 
2025-12-19 13:17:12,248 [sql-log-1-thread-1] INFO  o.t.s.dao.sql.TbSqlBlockingQueue - Queue-0 [Events] queueSize [0] totalAdded [1] totalSaved [1] totalFailed [0]
2025-12-19 13:17:12,248 [sql-log-1-thread-1] INFO  o.t.s.dao.sql.TbSqlBlockingQueue - Queue-1 [Events] queueSize [0] totalAdded [1] totalSaved [1] totalFailed [0]
2025-12-19 13:17:18,277 [sql-log-1-thread-1] INFO  o.t.s.dao.sql.TbSqlBlockingQueue - Queue-0 [TS Latest] queueSize [0] totalAdded [4] totalSaved [4] totalFailed [0]
2025-12-19 13:17:18,987 [TB-Scheduling-3] INFO  o.t.s.d.u.AbstractBufferedRateExecutor - [Write] Permits queueSize = [0] totalAdded = [4] totalLaunched = [4] totalReleased = [4] totalFailed = [0] totalExpired = [0] totalRejected = [0] totalRateLimited = [0] totalRateLimitedTenants = [0] currBuffer = [0] 
2025-12-19 13:18:08,277 [sql-log-1-thread-1] INFO  o.t.s.dao.sql.TbSqlBlockingQueue - Queue-0 [TS Latest] queueSize [0] totalAdded [7] totalSaved [7] totalFailed [0]
2025-12-19 13:18:08,503 [TB-Scheduling-4] INFO  o.t.s.c.t.s.DefaultTransportService - Transport Stats: openConnections [0]
2025-12-19 13:18:08,988 [TB-Scheduling-1] INFO  o.t.s.d.u.AbstractBufferedRateExecutor - [Write] Permits queueSize = [0] totalAdded = [7] totalLaunched = [7] totalReleased = [7] totalFailed = [0] totalExpired = [0] totalRejected = [0] totalRateLimited = [0] totalRateLimitedTenants = [0] currBuffer = [0] 
2025-12-19 13:18:18,277 [sql-log-1-thread-1] INFO  o.t.s.dao.sql.TbSqlBlockingQueue - Queue-0 [TS Latest] queueSize [0] totalAdded [4] totalSaved [4] totalFailed [0]
2025-12-19 13:18:18,989 [TB-Scheduling-4] INFO  o.t.s.d.u.AbstractBufferedRateExecutor - [Write] Permits queueSize = [0] totalAdded = [4] totalLaunched = [4] totalReleased = [4] totalFailed = [0] totalExpired = [0] totalRejected = [0] totalRateLimited = [0] totalRateLimitedTenants = [0] currBuffer = [0] 
2025-12-19 13:19:08,277 [sql-log-1-thread-1] INFO  o.t.s.dao.sql.TbSqlBlockingQueue - Queue-0 [TS Latest] queueSize [0] totalAdded [7] totalSaved [7] totalFailed [0]
2025-12-19 13:19:08,503 [TB-Scheduling-3] INFO  o.t.s.c.t.s.DefaultTransportService - Transport Stats: openConnections [0]
2025-12-19 13:19:08,990 [TB-Scheduling-2] INFO  o.t.s.d.u.AbstractBufferedRateExecutor - [Write] Permits queueSize = [0] totalAdded = [7] totalLaunched = [7] totalReleased = [7] totalFailed = [0] totalExpired = [0] totalRejected = [0] totalRateLimited = [0] totalRateLimitedTenants = [0] currBuffer = [0] 
2025-12-19 13:19:18,277 [sql-log-1-thread-1] INFO  o.t.s.dao.sql.TbSqlBlockingQueue - Queue-0 [TS Latest] queueSize [0] totalAdded [4] totalSaved [4] totalFailed [0]
2025-12-19 13:19:18,991 [TB-Scheduling-3] INFO  o.t.s.d.u.AbstractBufferedRateExecutor - [Write] Permits queueSize = [0] totalAdded = [4] totalLaunched = [4] totalReleased = [4] totalFailed = [0] totalExpired = [0] totalRejected = [0] totalRateLimited = [0] totalRateLimitedTenants = [0] currBuffer = [0] 
2025-12-19 13:20:08,504 [TB-Scheduling-3] INFO  o.t.s.c.t.s.DefaultTransportService - Transport Stats: openConnections [0]
2025-12-19 13:20:08,992 [TB-Scheduling-1] INFO  o.t.s.d.u.AbstractBufferedRateExecutor - [Write] Permits queueSize = [0] totalAdded = [7] totalLaunched = [7] totalReleased = [7] totalFailed = [0] totalExpired = [0] totalRejected = [0] totalRateLimited = [0] totalRateLimitedTenants = [0] currBuffer = [0] 
2025-12-19 13:20:18,277 [sql-log-1-thread-1] INFO  o.t.s.dao.sql.TbSqlBlockingQueue - Queue-0 [TS Latest] queueSize [0] totalAdded [11] totalSaved [11] totalFailed [0]
2025-12-19 13:20:18,992 [TB-Scheduling-4] INFO  o.t.s.d.u.AbstractBufferedRateExecutor - [Write] Permits queueSize = [0] totalAdded = [4] totalLaunched = [4] totalReleased = [4] totalFailed = [0] totalExpired = [0] totalRejected = [0] totalRateLimited = [0] totalRateLimitedTenants = [0] currBuffer = [0] 
2025-12-19 13:21:08,504 [TB-Scheduling-4] INFO  o.t.s.c.t.s.DefaultTransportService - Transport Stats: openConnections [0]
2025-12-19 13:21:18,277 [sql-log-1-thread-1] INFO  o.t.s.dao.sql.TbSqlBlockingQueue - Queue-0 [TS Latest] queueSize [0] totalAdded [11] totalSaved [11] totalFailed [0]
2025-12-19 13:21:18,994 [TB-Scheduling-2] INFO  o.t.s.d.u.AbstractBufferedRateExecutor - [Write] Permits queueSize = [0] totalAdded = [11] totalLaunched = [11] totalReleased = [11] totalFailed = [0] totalExpired = [0] totalRejected = [0] totalRateLimited = [0] totalRateLimitedTenants = [0] currBuffer = [0] 
2025-12-19 13:22:08,505 [TB-Scheduling-3] INFO  o.t.s.c.t.s.DefaultTransportService - Transport Stats: openConnections [0]
2025-12-19 13:22:18,277 [sql-log-1-thread-1] INFO  o.t.s.dao.sql.TbSqlBlockingQueue - Queue-0 [TS Latest] queueSize [0] totalAdded [11] totalSaved [11] totalFailed [0]
2025-12-19 13:22:18,995 [TB-Scheduling-4] INFO  o.t.s.d.u.AbstractBufferedRateExecutor - [Write] Permits queueSize = [0] totalAdded = [11] totalLaunched = [11] totalReleased = [11] totalFailed = [0] totalExpired = [0] totalRejected = [0] totalRateLimited = [0] totalRateLimitedTenants = [0] currBuffer = [0] 
2025-12-19 13:23:08,507 [TB-Scheduling-4] INFO  o.t.s.c.t.s.DefaultTransportService - Transport Stats: openConnections [0]
2025-12-19 13:23:18,277 [sql-log-1-thread-1] INFO  o.t.s.dao.sql.TbSqlBlockingQueue - Queue-0 [TS Latest] queueSize [0] totalAdded [11] totalSaved [11] totalFailed [0]
2025-12-19 13:23:18,996 [TB-Scheduling-1] INFO  o.t.s.d.u.AbstractBufferedRateExecutor - [Write] Permits queueSize = [0] totalAdded = [11] totalLaunched = [11] totalReleased = [11] totalFailed = [0] totalExpired = [0] totalRejected = [0] totalRateLimited = [0] totalRateLimitedTenants = [0] currBuffer = [0] 
2025-12-19 13:24:08,508 [TB-Scheduling-1] INFO  o.t.s.c.t.s.DefaultTransportService - Transport Stats: openConnections [0]
2025-12-19 13:24:18,277 [sql-log-1-thread-1] INFO  o.t.s.dao.sql.TbSqlBlockingQueue - Queue-0 [TS Latest] queueSize [0] totalAdded [11] totalSaved [11] totalFailed [0]
2025-12-19 13:24:18,998 [TB-Scheduling-2] INFO  o.t.s.d.u.AbstractBufferedRateExecutor - [Write] Permits queueSize = [0] totalAdded = [11] totalLaunched = [11] totalReleased = [11] totalFailed = [0] totalExpired = [0] totalRejected = [0] totalRateLimited = [0] totalRateLimitedTenants = [0] currBuffer = [0] 
2025-12-19 13:25:08,509 [TB-Scheduling-3] INFO  o.t.s.c.t.s.DefaultTransportService - Transport Stats: openConnections [0]
2025-12-19 13:25:18,277 [sql-log-1-thread-1] INFO  o.t.s.dao.sql.TbSqlBlockingQueue - Queue-0 [TS Latest] queueSize [0] totalAdded [11] totalSaved [11] totalFailed [0]
2025-12-19 13:25:19,000 [TB-Scheduling-3] INFO  o.t.s.d.u.AbstractBufferedRateExecutor - [Write] Permits queueSize = [0] totalAdded = [11] totalLaunched = [11] totalReleased = [11] totalFailed = [0] totalExpired = [0] totalRejected = [0] totalRateLimited = [0] totalRateLimitedTenants = [0] currBuffer = [0] 
2025-12-19 13:26:08,510 [TB-Scheduling-1] INFO  o.t.s.c.t.s.DefaultTransportService - Transport Stats: openConnections [0]
2025-12-19 13:26:18,277 [sql-log-1-thread-1] INFO  o.t.s.dao.sql.TbSqlBlockingQueue - Queue-0 [TS Latest] queueSize [0] totalAdded [11] totalSaved [11] totalFailed [0]
2025-12-19 13:26:19,001 [TB-Scheduling-4] INFO  o.t.s.d.u.AbstractBufferedRateExecutor - [Write] Permits queueSize = [0] totalAdded = [11] totalLaunched = [11] totalReleased = [11] totalFailed = [0] totalExpired = [0] totalRejected = [0] totalRateLimited = [0] totalRateLimitedTenants = [0] currBuffer = [0] 
2025-12-19 13:27:08,510 [TB-Scheduling-3] INFO  o.t.s.c.t.s.DefaultTransportService - Transport Stats: openConnections [0]
2025-12-19 13:27:18,277 [sql-log-1-thread-1] INFO  o.t.s.dao.sql.TbSqlBlockingQueue - Queue-0 [TS Latest] queueSize [0] totalAdded [11] totalSaved [11] totalFailed [0]
2025-12-19 13:27:19,003 [TB-Scheduling-1] INFO  o.t.s.d.u.AbstractBufferedRateExecutor - [Write] Permits queueSize = [0] totalAdded = [11] totalLaunched = [11] totalReleased = [11] totalFailed = [0] totalExpired = [0] totalRejected = [0] totalRateLimited = [0] totalRateLimitedTenants = [0] currBuffer = [0] 
2025-12-19 13:28:08,511 [TB-Scheduling-3] INFO  o.t.s.c.t.s.DefaultTransportService - Transport Stats: openConnections [0]
2025-12-19 13:28:18,277 [sql-log-1-thread-1] INFO  o.t.s.dao.sql.TbSqlBlockingQueue - Queue-0 [TS Latest] queueSize [0] totalAdded [11] totalSaved [11] totalFailed [0]
2025-12-19 13:28:19,004 [TB-Scheduling-2] INFO  o.t.s.d.u.AbstractBufferedRateExecutor - [Write] Permits queueSize = [0] totalAdded = [11] totalLaunched = [11] totalReleased = [11] totalFailed = [0] totalExpired = [0] totalRejected = [0] totalRateLimited = [0] totalRateLimitedTenants = [0] currBuffer = [0] 
2025-12-19 13:29:08,511 [TB-Scheduling-2] INFO  o.t.s.c.t.s.DefaultTransportService - Transport Stats: openConnections [0]
2025-12-19 13:29:18,277 [sql-log-1-thread-1] INFO  o.t.s.dao.sql.TbSqlBlockingQueue - Queue-0 [TS Latest] queueSize [0] totalAdded [11] totalSaved [11] totalFailed [0]
2025-12-19 13:29:19,006 [TB-Scheduling-1] INFO  o.t.s.d.u.AbstractBufferedRateExecutor - [Write] Permits queueSize = [0] totalAdded = [11] totalLaunched = [11] totalReleased = [11] totalFailed = [0] totalExpired = [0] totalRejected = [0] totalRateLimited = [0] totalRateLimitedTenants = [0] currBuffer = [0] 
2025-12-19 13:30:08,512 [TB-Scheduling-2] INFO  o.t.s.c.t.s.DefaultTransportService - Transport Stats: openConnections [0]
2025-12-19 13:30:18,277 [sql-log-1-thread-1] INFO  o.t.s.dao.sql.TbSqlBlockingQueue - Queue-0 [TS Latest] queueSize [0] totalAdded [4] totalSaved [4] totalFailed [0]
2025-12-19 13:30:19,007 [TB-Scheduling-3] INFO  o.t.s.d.u.AbstractBufferedRateExecutor - [Write] Permits queueSize = [0] totalAdded = [11] totalLaunched = [11] totalReleased = [11] totalFailed = [0] totalExpired = [0] totalRejected = [0] totalRateLimited = [0] totalRateLimitedTenants = [0] currBuffer = [0] 
2025-12-19 13:30:28,277 [sql-log-1-thread-1] INFO  o.t.s.dao.sql.TbSqlBlockingQueue - Queue-0 [TS Latest] queueSize [0] totalAdded [7] totalSaved [7] totalFailed [0]
2025-12-19 13:31:08,513 [TB-Scheduling-1] INFO  o.t.s.c.t.s.DefaultTransportService - Transport Stats: openConnections [0]
2025-12-19 13:31:18,277 [sql-log-1-thread-1] INFO  o.t.s.dao.sql.TbSqlBlockingQueue - Queue-0 [TS Latest] queueSize [0] totalAdded [4] totalSaved [4] totalFailed [0]
2025-12-19 13:31:19,009 [TB-Scheduling-4] INFO  o.t.s.d.u.AbstractBufferedRateExecutor - [Write] Permits queueSize = [0] totalAdded = [4] totalLaunched = [4] totalReleased = [4] totalFailed = [0] totalExpired = [0] totalRejected = [0] totalRateLimited = [0] totalRateLimitedTenants = [0] currBuffer = [0] 
2025-12-19 13:31:28,277 [sql-log-1-thread-1] INFO  o.t.s.dao.sql.TbSqlBlockingQueue - Queue-0 [TS Latest] queueSize [0] totalAdded [7] totalSaved [7] totalFailed [0]
2025-12-19 13:31:29,010 [TB-Scheduling-3] INFO  o.t.s.d.u.AbstractBufferedRateExecutor - [Write] Permits queueSize = [0] totalAdded = [7] totalLaunched = [7] totalReleased = [7] totalFailed = [0] totalExpired = [0] totalRejected = [0] totalRateLimited = [0] totalRateLimitedTenants = [0] currBuffer = [0] 
2025-12-19 13:32:08,514 [TB-Scheduling-4] INFO  o.t.s.c.t.s.DefaultTransportService - Transport Stats: openConnections [0]
2025-12-19 13:32:18,277 [sql-log-1-thread-1] INFO  o.t.s.dao.sql.TbSqlBlockingQueue - Queue-0 [TS Latest] queueSize [0] totalAdded [4] totalSaved [4] totalFailed [0]
2025-12-19 13:32:19,011 [TB-Scheduling-3] INFO  o.t.s.d.u.AbstractBufferedRateExecutor - [Write] Permits queueSize = [0] totalAdded = [4] totalLaunched = [4] totalReleased = [4] totalFailed = [0] totalExpired = [0] totalRejected = [0] totalRateLimited = [0] totalRateLimitedTenants = [0] currBuffer = [0] 
2025-12-19 13:32:28,277 [sql-log-1-thread-1] INFO  o.t.s.dao.sql.TbSqlBlockingQueue - Queue-0 [TS Latest] queueSize [0] totalAdded [7] totalSaved [7] totalFailed [0]
2025-12-19 13:32:29,012 [TB-Scheduling-4] INFO  o.t.s.d.u.AbstractBufferedRateExecutor - [Write] Permits queueSize = [0] totalAdded = [7] totalLaunched = [7] totalReleased = [7] totalFailed = [0] totalExpired = [0] totalRejected = [0] totalRateLimited = [0] totalRateLimitedTenants = [0] currBuffer = [0] 
2025-12-19 13:33:08,515 [TB-Scheduling-4] INFO  o.t.s.c.t.s.DefaultTransportService - Transport Stats: openConnections [0]
2025-12-19 13:33:18,277 [sql-log-1-thread-1] INFO  o.t.s.dao.sql.TbSqlBlockingQueue - Queue-0 [TS Latest] queueSize [0] totalAdded [4] totalSaved [4] totalFailed [0]
2025-12-19 13:33:19,013 [TB-Scheduling-2] INFO  o.t.s.d.u.AbstractBufferedRateExecutor - [Write] Permits queueSize = [0] totalAdded = [4] totalLaunched = [4] totalReleased = [4] totalFailed = [0] totalExpired = [0] totalRejected = [0] totalRateLimited = [0] totalRateLimitedTenants = [0] currBuffer = [0] 
2025-12-19 13:33:28,277 [sql-log-1-thread-1] INFO  o.t.s.dao.sql.TbSqlBlockingQueue - Queue-0 [TS Latest] queueSize [0] totalAdded [7] totalSaved [7] totalFailed [0]
2025-12-19 13:33:29,014 [TB-Scheduling-1] INFO  o.t.s.d.u.AbstractBufferedRateExecutor - [Write] Permits queueSize = [0] totalAdded = [7] totalLaunched = [7] totalReleased = [7] totalFailed = [0] totalExpired = [0] totalRejected = [0] totalRateLimited = [0] totalRateLimitedTenants = [0] currBuffer = [0] 
2025-12-19 13:34:08,517 [TB-Scheduling-1] INFO  o.t.s.c.t.s.DefaultTransportService - Transport Stats: openConnections [0]
2025-12-19 13:34:18,277 [sql-log-1-thread-1] INFO  o.t.s.dao.sql.TbSqlBlockingQueue - Queue-0 [TS Latest] queueSize [0] totalAdded [4] totalSaved [4] totalFailed [0]
2025-12-19 13:34:19,015 [TB-Scheduling-2] INFO  o.t.s.d.u.AbstractBufferedRateExecutor - [Write] Permits queueSize = [0] totalAdded = [4] totalLaunched = [4] totalReleased = [4] totalFailed = [0] totalExpired = [0] totalRejected = [0] totalRateLimited = [0] totalRateLimitedTenants = [0] currBuffer = [0] 
2025-12-19 13:34:28,277 [sql-log-1-thread-1] INFO  o.t.s.dao.sql.TbSqlBlockingQueue - Queue-0 [TS Latest] queueSize [0] totalAdded [7] totalSaved [7] totalFailed [0]
2025-12-19 13:34:29,016 [TB-Scheduling-1] INFO  o.t.s.d.u.AbstractBufferedRateExecutor - [Write] Permits queueSize = [0] totalAdded = [7] totalLaunched = [7] totalReleased = [7] totalFailed = [0] totalExpired = [0] totalRejected = [0] totalRateLimited = [0] totalRateLimitedTenants = [0] currBuffer = [0] 
2025-12-19 13:35:08,519 [TB-Scheduling-3] INFO  o.t.s.c.t.s.DefaultTransportService - Transport Stats: openConnections [0]
2025-12-19 13:35:18,277 [sql-log-1-thread-1] INFO  o.t.s.dao.sql.TbSqlBlockingQueue - Queue-0 [TS Latest] queueSize [0] totalAdded [4] totalSaved [4] totalFailed [0]
2025-12-19 13:35:19,018 [TB-Scheduling-1] INFO  o.t.s.d.u.AbstractBufferedRateExecutor - [Write] Permits queueSize = [0] totalAdded = [4] totalLaunched = [4] totalReleased = [4] totalFailed = [0] totalExpired = [0] totalRejected = [0] totalRateLimited = [0] totalRateLimitedTenants = [0] currBuffer = [0] 
2025-12-19 13:35:28,277 [sql-log-1-thread-1] INFO  o.t.s.dao.sql.TbSqlBlockingQueue - Queue-0 [TS Latest] queueSize [0] totalAdded [7] totalSaved [7] totalFailed [0]
2025-12-19 13:35:29,018 [TB-Scheduling-3] INFO  o.t.s.d.u.AbstractBufferedRateExecutor - [Write] Permits queueSize = [0] totalAdded = [7] totalLaunched = [7] totalReleased = [7] totalFailed = [0] totalExpired = [0] totalRejected = [0] totalRateLimited = [0] totalRateLimitedTenants = [0] currBuffer = [0] 
2025-12-19 13:36:08,519 [TB-Scheduling-1] INFO  o.t.s.c.t.s.DefaultTransportService - Transport Stats: openConnections [0]
2025-12-19 13:36:18,277 [sql-log-1-thread-1] INFO  o.t.s.dao.sql.TbSqlBlockingQueue - Queue-0 [TS Latest] queueSize [0] totalAdded [4] totalSaved [4] totalFailed [0]
2025-12-19 13:36:19,020 [TB-Scheduling-2] INFO  o.t.s.d.u.AbstractBufferedRateExecutor - [Write] Permits queueSize = [0] totalAdded = [4] totalLaunched = [4] totalReleased = [4] totalFailed = [0] totalExpired = [0] totalRejected = [0] totalRateLimited = [0] totalRateLimitedTenants = [0] currBuffer = [0] 
2025-12-19 13:36:28,277 [sql-log-1-thread-1] INFO  o.t.s.dao.sql.TbSqlBlockingQueue - Queue-0 [TS Latest] queueSize [0] totalAdded [7] totalSaved [7] totalFailed [0]
2025-12-19 13:36:29,020 [TB-Scheduling-4] INFO  o.t.s.d.u.AbstractBufferedRateExecutor - [Write] Permits queueSize = [0] totalAdded = [7] totalLaunched = [7] totalReleased = [7] totalFailed = [0] totalExpired = [0] totalRejected = [0] totalRateLimited = [0] totalRateLimitedTenants = [0] currBuffer = [0] 
2025-12-19 13:37:08,520 [TB-Scheduling-4] INFO  o.t.s.c.t.s.DefaultTransportService - Transport Stats: openConnections [0]
2025-12-19 13:37:18,277 [sql-log-1-thread-1] INFO  o.t.s.dao.sql.TbSqlBlockingQueue - Queue-0 [TS Latest] queueSize [0] totalAdded [4] totalSaved [4] totalFailed [0]
2025-12-19 13:37:19,022 [TB-Scheduling-3] INFO  o.t.s.d.u.AbstractBufferedRateExecutor - [Write] Permits queueSize = [0] totalAdded = [4] totalLaunched = [4] totalReleased = [4] totalFailed = [0] totalExpired = [0] totalRejected = [0] totalRateLimited = [0] totalRateLimitedTenants = [0] currBuffer = [0] 
2025-12-19 13:37:28,277 [sql-log-1-thread-1] INFO  o.t.s.dao.sql.TbSqlBlockingQueue - Queue-0 [TS Latest] queueSize [0] totalAdded [7] totalSaved [7] totalFailed [0]
2025-12-19 13:37:29,022 [TB-Scheduling-3] INFO  o.t.s.d.u.AbstractBufferedRateExecutor - [Write] Permits queueSize = [0] totalAdded = [7] totalLaunched = [7] totalReleased = [7] totalFailed = [0] totalExpired = [0] totalRejected = [0] totalRateLimited = [0] totalRateLimitedTenants = [0] currBuffer = [0] 
2025-12-19 13:38:08,521 [TB-Scheduling-1] INFO  o.t.s.c.t.s.DefaultTransportService - Transport Stats: openConnections [0]
2025-12-19 13:38:18,277 [sql-log-1-thread-1] INFO  o.t.s.dao.sql.TbSqlBlockingQueue - Queue-0 [TS Latest] queueSize [0] totalAdded [4] totalSaved [4] totalFailed [0]
2025-12-19 13:38:19,024 [TB-Scheduling-1] INFO  o.t.s.d.u.AbstractBufferedRateExecutor - [Write] Permits queueSize = [0] totalAdded = [4] totalLaunched = [4] totalReleased = [4] totalFailed = [0] totalExpired = [0] totalRejected = [0] totalRateLimited = [0] totalRateLimitedTenants = [0] currBuffer = [0] 
2025-12-19 13:38:28,277 [sql-log-1-thread-1] INFO  o.t.s.dao.sql.TbSqlBlockingQueue - Queue-0 [TS Latest] queueSize [0] totalAdded [7] totalSaved [7] totalFailed [0]
2025-12-19 13:38:29,024 [TB-Scheduling-3] INFO  o.t.s.d.u.AbstractBufferedRateExecutor - [Write] Permits queueSize = [0] totalAdded = [7] totalLaunched = [7] totalReleased = [7] totalFailed = [0] totalExpired = [0] totalRejected = [0] totalRateLimited = [0] totalRateLimitedTenants = [0] currBuffer = [0] 
2025-12-19 13:39:08,521 [TB-Scheduling-4] INFO  o.t.s.c.t.s.DefaultTransportService - Transport Stats: openConnections [0]
2025-12-19 13:39:18,277 [sql-log-1-thread-1] INFO  o.t.s.dao.sql.TbSqlBlockingQueue - Queue-0 [TS Latest] queueSize [0] totalAdded [4] totalSaved [4] totalFailed [0]
2025-12-19 13:39:19,026 [TB-Scheduling-1] INFO  o.t.s.d.u.AbstractBufferedRateExecutor - [Write] Permits queueSize = [0] totalAdded = [4] totalLaunched = [4] totalReleased = [4] totalFailed = [0] totalExpired = [0] totalRejected = [0] totalRateLimited = [0] totalRateLimitedTenants = [0] currBuffer = [0] 
2025-12-19 13:39:28,277 [sql-log-1-thread-1] INFO  o.t.s.dao.sql.TbSqlBlockingQueue - Queue-0 [TS Latest] queueSize [0] totalAdded [7] totalSaved [7] totalFailed [0]
2025-12-19 13:39:29,026 [TB-Scheduling-3] INFO  o.t.s.d.u.AbstractBufferedRateExecutor - [Write] Permits queueSize = [0] totalAdded = [7] totalLaunched = [7] totalReleased = [7] totalFailed = [0] totalExpired = [0] totalRejected = [0] totalRateLimited = [0] totalRateLimitedTenants = [0] currBuffer = [0] 
2025-12-19 13:40:08,522 [TB-Scheduling-1] INFO  o.t.s.c.t.s.DefaultTransportService - Transport Stats: openConnections [0]
2025-12-19 13:40:18,285 [sql-log-1-thread-1] INFO  o.t.s.dao.sql.TbSqlBlockingQueue - Queue-0 [TS Latest] queueSize [0] totalAdded [4] totalSaved [4] totalFailed [0]
2025-12-19 13:40:19,028 [TB-Scheduling-4] INFO  o.t.s.d.u.AbstractBufferedRateExecutor - [Write] Permits queueSize = [0] totalAdded = [4] totalLaunched = [4] totalReleased = [4] totalFailed = [0] totalExpired = [0] totalRejected = [0] totalRateLimited = [0] totalRateLimitedTenants = [0] currBuffer = [0] 
2025-12-19 13:40:29,028 [TB-Scheduling-3] INFO  o.t.s.d.u.AbstractBufferedRateExecutor - [Write] Permits queueSize = [0] totalAdded = [7] totalLaunched = [7] totalReleased = [7] totalFailed = [0] totalExpired = [0] totalRejected = [0] totalRateLimited = [0] totalRateLimitedTenants = [0] currBuffer = [0] 
2025-12-19 13:40:38,277 [sql-log-1-thread-1] INFO  o.t.s.dao.sql.TbSqlBlockingQueue - Queue-0 [TS Latest] queueSize [0] totalAdded [7] totalSaved [7] totalFailed [0]
2025-12-19 13:41:08,523 [TB-Scheduling-1] INFO  o.t.s.c.t.s.DefaultTransportService - Transport Stats: openConnections [0]
2025-12-19 13:41:18,277 [sql-log-1-thread-1] INFO  o.t.s.dao.sql.TbSqlBlockingQueue - Queue-0 [TS Latest] queueSize [0] totalAdded [4] totalSaved [4] totalFailed [0]
2025-12-19 13:41:19,030 [TB-Scheduling-4] INFO  o.t.s.d.u.AbstractBufferedRateExecutor - [Write] Permits queueSize = [0] totalAdded = [4] totalLaunched = [4] totalReleased = [4] totalFailed = [0] totalExpired = [0] totalRejected = [0] totalRateLimited = [0] totalRateLimitedTenants = [0] currBuffer = [0] 
2025-12-19 13:41:38,277 [sql-log-1-thread-1] INFO  o.t.s.dao.sql.TbSqlBlockingQueue - Queue-0 [TS Latest] queueSize [0] totalAdded [7] totalSaved [7] totalFailed [0]
2025-12-19 13:41:39,031 [TB-Scheduling-3] INFO  o.t.s.d.u.AbstractBufferedRateExecutor - [Write] Permits queueSize = [0] totalAdded = [7] totalLaunched = [7] totalReleased = [7] totalFailed = [0] totalExpired = [0] totalRejected = [0] totalRateLimited = [0] totalRateLimitedTenants = [0] currBuffer = [0] 
2025-12-19 13:42:08,524 [TB-Scheduling-1] INFO  o.t.s.c.t.s.DefaultTransportService - Transport Stats: openConnections [0]
2025-12-19 13:42:18,277 [sql-log-1-thread-1] INFO  o.t.s.dao.sql.TbSqlBlockingQueue - Queue-0 [TS Latest] queueSize [0] totalAdded [4] totalSaved [4] totalFailed [0]
2025-12-19 13:42:19,032 [TB-Scheduling-2] INFO  o.t.s.d.u.AbstractBufferedRateExecutor - [Write] Permits queueSize = [0] totalAdded = [4] totalLaunched = [4] totalReleased = [4] totalFailed = [0] totalExpired = [0] totalRejected = [0] totalRateLimited = [0] totalRateLimitedTenants = [0] currBuffer = [0] 
2025-12-19 13:42:38,277 [sql-log-1-thread-1] INFO  o.t.s.dao.sql.TbSqlBlockingQueue - Queue-0 [TS Latest] queueSize [0] totalAdded [7] totalSaved [7] totalFailed [0]
2025-12-19 13:42:39,033 [TB-Scheduling-1] INFO  o.t.s.d.u.AbstractBufferedRateExecutor - [Write] Permits queueSize = [0] totalAdded = [7] totalLaunched = [7] totalReleased = [7] totalFailed = [0] totalExpired = [0] totalRejected = [0] totalRateLimited = [0] totalRateLimitedTenants = [0] currBuffer = [0] 
2025-12-19 13:43:08,525 [TB-Scheduling-3] INFO  o.t.s.c.t.s.DefaultTransportService - Transport Stats: openConnections [0]
2025-12-19 13:43:18,277 [sql-log-1-thread-1] INFO  o.t.s.dao.sql.TbSqlBlockingQueue - Queue-0 [TS Latest] queueSize [0] totalAdded [4] totalSaved [4] totalFailed [0]
2025-12-19 13:43:19,034 [TB-Scheduling-2] INFO  o.t.s.d.u.AbstractBufferedRateExecutor - [Write] Permits queueSize = [0] totalAdded = [4] totalLaunched = [4] totalReleased = [4] totalFailed = [0] totalExpired = [0] totalRejected = [0] totalRateLimited = [0] totalRateLimitedTenants = [0] currBuffer = [0] 
2025-12-19 13:43:38,277 [sql-log-1-thread-1] INFO  o.t.s.dao.sql.TbSqlBlockingQueue - Queue-0 [TS Latest] queueSize [0] totalAdded [7] totalSaved [7] totalFailed [0]
2025-12-19 13:43:39,035 [TB-Scheduling-1] INFO  o.t.s.d.u.AbstractBufferedRateExecutor - [Write] Permits queueSize = [0] totalAdded = [7] totalLaunched = [7] totalReleased = [7] totalFailed = [0] totalExpired = [0] totalRejected = [0] totalRateLimited = [0] totalRateLimitedTenants = [0] currBuffer = [0] 
2025-12-19 13:44:08,525 [TB-Scheduling-1] INFO  o.t.s.c.t.s.DefaultTransportService - Transport Stats: openConnections [0]
2025-12-19 13:44:18,277 [sql-log-1-thread-1] INFO  o.t.s.dao.sql.TbSqlBlockingQueue - Queue-0 [TS Latest] queueSize [0] totalAdded [4] totalSaved [4] totalFailed [0]
2025-12-19 13:44:19,036 [TB-Scheduling-2] INFO  o.t.s.d.u.AbstractBufferedRateExecutor - [Write] Permits queueSize = [0] totalAdded = [4] totalLaunched = [4] totalReleased = [4] totalFailed = [0] totalExpired = [0] totalRejected = [0] totalRateLimited = [0] totalRateLimitedTenants = [0] currBuffer = [0] 
2025-12-19 13:44:38,277 [sql-log-1-thread-1] INFO  o.t.s.dao.sql.TbSqlBlockingQueue - Queue-0 [TS Latest] queueSize [0] totalAdded [7] totalSaved [7] totalFailed [0]
2025-12-19 13:44:39,037 [TB-Scheduling-3] INFO  o.t.s.d.u.AbstractBufferedRateExecutor - [Write] Permits queueSize = [0] totalAdded = [7] totalLaunched = [7] totalReleased = [7] totalFailed = [0] totalExpired = [0] totalRejected = [0] totalRateLimited = [0] totalRateLimitedTenants = [0] currBuffer = [0] 
2025-12-19 13:45:08,526 [TB-Scheduling-3] INFO  o.t.s.c.t.s.DefaultTransportService - Transport Stats: openConnections [0]
2025-12-19 13:45:18,277 [sql-log-1-thread-1] INFO  o.t.s.dao.sql.TbSqlBlockingQueue - Queue-0 [TS Latest] queueSize [0] totalAdded [4] totalSaved [4] totalFailed [0]
2025-12-19 13:45:19,038 [TB-Scheduling-1] INFO  o.t.s.d.u.AbstractBufferedRateExecutor - [Write] Permits queueSize = [0] totalAdded = [4] totalLaunched = [4] totalReleased = [4] totalFailed = [0] totalExpired = [0] totalRejected = [0] totalRateLimited = [0] totalRateLimitedTenants = [0] currBuffer = [0] 
2025-12-19 13:45:38,277 [sql-log-1-thread-1] INFO  o.t.s.dao.sql.TbSqlBlockingQueue - Queue-0 [TS Latest] queueSize [0] totalAdded [7] totalSaved [7] totalFailed [0]
2025-12-19 13:45:39,039 [TB-Scheduling-2] INFO  o.t.s.d.u.AbstractBufferedRateExecutor - [Write] Permits queueSize = [0] totalAdded = [7] totalLaunched = [7] totalReleased = [7] totalFailed = [0] totalExpired = [0] totalRejected = [0] totalRateLimited = [0] totalRateLimitedTenants = [0] currBuffer = [0] 
2025-12-19 13:46:08,527 [TB-Scheduling-4] INFO  o.t.s.c.t.s.DefaultTransportService - Transport Stats: openConnections [0]
2025-12-19 13:46:18,277 [sql-log-1-thread-1] INFO  o.t.s.dao.sql.TbSqlBlockingQueue - Queue-0 [TS Latest] queueSize [0] totalAdded [4] totalSaved [4] totalFailed [0]
2025-12-19 13:46:19,040 [TB-Scheduling-3] INFO  o.t.s.d.u.AbstractBufferedRateExecutor - [Write] Permits queueSize = [0] totalAdded = [4] totalLaunched = [4] totalReleased = [4] totalFailed = [0] totalExpired = [0] totalRejected = [0] totalRateLimited = [0] totalRateLimitedTenants = [0] currBuffer = [0] 
2025-12-19 13:46:38,277 [sql-log-1-thread-1] INFO  o.t.s.dao.sql.TbSqlBlockingQueue - Queue-0 [TS Latest] queueSize [0] totalAdded [7] totalSaved [7] totalFailed [0]
2025-12-19 13:46:39,041 [TB-Scheduling-1] INFO  o.t.s.d.u.AbstractBufferedRateExecutor - [Write] Permits queueSize = [0] totalAdded = [7] totalLaunched = [7] totalReleased = [7] totalFailed = [0] totalExpired = [0] totalRejected = [0] totalRateLimited = [0] totalRateLimitedTenants = [0] currBuffer = [0] 
2025-12-19 13:47:08,528 [TB-Scheduling-2] INFO  o.t.s.c.t.s.DefaultTransportService - Transport Stats: openConnections [0]
2025-12-19 13:47:18,277 [sql-log-1-thread-1] INFO  o.t.s.dao.sql.TbSqlBlockingQueue - Queue-0 [TS Latest] queueSize [0] totalAdded [4] totalSaved [4] totalFailed [0]
2025-12-19 13:47:19,042 [TB-Scheduling-3] INFO  o.t.s.d.u.AbstractBufferedRateExecutor - [Write] Permits queueSize = [0] totalAdded = [4] totalLaunched = [4] totalReleased = [4] totalFailed = [0] totalExpired = [0] totalRejected = [0] totalRateLimited = [0] totalRateLimitedTenants = [0] currBuffer = [0] 
2025-12-19 13:47:38,277 [sql-log-1-thread-1] INFO  o.t.s.dao.sql.TbSqlBlockingQueue - Queue-0 [TS Latest] queueSize [0] totalAdded [7] totalSaved [7] totalFailed [0]
2025-12-19 13:47:39,043 [TB-Scheduling-4] INFO  o.t.s.d.u.AbstractBufferedRateExecutor - [Write] Permits queueSize = [0] totalAdded = [7] totalLaunched = [7] totalReleased = [7] totalFailed = [0] totalExpired = [0] totalRejected = [0] totalRateLimited = [0] totalRateLimitedTenants = [0] currBuffer = [0] 
2025-12-19 13:48:08,529 [TB-Scheduling-4] INFO  o.t.s.c.t.s.DefaultTransportService - Transport Stats: openConnections [0]
2025-12-19 13:48:18,277 [sql-log-1-thread-1] INFO  o.t.s.dao.sql.TbSqlBlockingQueue - Queue-0 [TS Latest] queueSize [0] totalAdded [4] totalSaved [4] totalFailed [0]
2025-12-19 13:48:19,044 [TB-Scheduling-2] INFO  o.t.s.d.u.AbstractBufferedRateExecutor - [Write] Permits queueSize = [0] totalAdded = [4] totalLaunched = [4] totalReleased = [4] totalFailed = [0] totalExpired = [0] totalRejected = [0] totalRateLimited = [0] totalRateLimitedTenants = [0] currBuffer = [0] 
2025-12-19 13:48:38,277 [sql-log-1-thread-1] INFO  o.t.s.dao.sql.TbSqlBlockingQueue - Queue-0 [TS Latest] queueSize [0] totalAdded [7] totalSaved [7] totalFailed [0]
2025-12-19 13:48:39,045 [TB-Scheduling-2] INFO  o.t.s.d.u.AbstractBufferedRateExecutor - [Write] Permits queueSize = [0] totalAdded = [7] totalLaunched = [7] totalReleased = [7] totalFailed = [0] totalExpired = [0] totalRejected = [0] totalRateLimited = [0] totalRateLimitedTenants = [0] currBuffer = [0] 
2025-12-19 13:49:08,529 [TB-Scheduling-2] INFO  o.t.s.c.t.s.DefaultTransportService - Transport Stats: openConnections [0]
2025-12-19 13:49:18,277 [sql-log-1-thread-1] INFO  o.t.s.dao.sql.TbSqlBlockingQueue - Queue-0 [TS Latest] queueSize [0] totalAdded [4] totalSaved [4] totalFailed [0]
2025-12-19 13:49:19,046 [TB-Scheduling-3] INFO  o.t.s.d.u.AbstractBufferedRateExecutor - [Write] Permits queueSize = [0] totalAdded = [4] totalLaunched = [4] totalReleased = [4] totalFailed = [0] totalExpired = [0] totalRejected = [0] totalRateLimited = [0] totalRateLimitedTenants = [0] currBuffer = [0] 
2025-12-19 13:49:38,277 [sql-log-1-thread-1] INFO  o.t.s.dao.sql.TbSqlBlockingQueue - Queue-0 [TS Latest] queueSize [0] totalAdded [7] totalSaved [7] totalFailed [0]
2025-12-19 13:49:39,047 [TB-Scheduling-2] INFO  o.t.s.d.u.AbstractBufferedRateExecutor - [Write] Permits queueSize = [0] totalAdded = [7] totalLaunched = [7] totalReleased = [7] totalFailed = [0] totalExpired = [0] totalRejected = [0] totalRateLimited = [0] totalRateLimitedTenants = [0] currBuffer = [0] 
2025-12-19 13:50:08,530 [TB-Scheduling-3] INFO  o.t.s.c.t.s.DefaultTransportService - Transport Stats: openConnections [0]
2025-12-19 13:50:18,277 [sql-log-1-thread-1] INFO  o.t.s.dao.sql.TbSqlBlockingQueue - Queue-0 [TS Latest] queueSize [0] totalAdded [4] totalSaved [4] totalFailed [0]
2025-12-19 13:50:19,048 [TB-Scheduling-2] INFO  o.t.s.d.u.AbstractBufferedRateExecutor - [Write] Permits queueSize = [0] totalAdded = [4] totalLaunched = [4] totalReleased = [4] totalFailed = [0] totalExpired = [0] totalRejected = [0] totalRateLimited = [0] totalRateLimitedTenants = [0] currBuffer = [0] 
2025-12-19 13:50:39,049 [TB-Scheduling-2] INFO  o.t.s.d.u.AbstractBufferedRateExecutor - [Write] Permits queueSize = [0] totalAdded = [7] totalLaunched = [7] totalReleased = [7] totalFailed = [0] totalExpired = [0] totalRejected = [0] totalRateLimited = [0] totalRateLimitedTenants = [0] currBuffer = [0] 
2025-12-19 13:50:48,277 [sql-log-1-thread-1] INFO  o.t.s.dao.sql.TbSqlBlockingQueue - Queue-0 [TS Latest] queueSize [0] totalAdded [7] totalSaved [7] totalFailed [0]
2025-12-19 13:51:08,530 [TB-Scheduling-2] INFO  o.t.s.c.t.s.DefaultTransportService - Transport Stats: openConnections [0]
2025-12-19 13:51:18,277 [sql-log-1-thread-1] INFO  o.t.s.dao.sql.TbSqlBlockingQueue - Queue-0 [TS Latest] queueSize [0] totalAdded [4] totalSaved [4] totalFailed [0]
2025-12-19 13:51:19,051 [TB-Scheduling-1] INFO  o.t.s.d.u.AbstractBufferedRateExecutor - [Write] Permits queueSize = [0] totalAdded = [4] totalLaunched = [4] totalReleased = [4] totalFailed = [0] totalExpired = [0] totalRejected = [0] totalRateLimited = [0] totalRateLimitedTenants = [0] currBuffer = [0] 
2025-12-19 13:51:48,277 [sql-log-1-thread-1] INFO  o.t.s.dao.sql.TbSqlBlockingQueue - Queue-0 [TS Latest] queueSize [0] totalAdded [7] totalSaved [7] totalFailed [0]
2025-12-19 13:51:49,051 [TB-Scheduling-4] INFO  o.t.s.d.u.AbstractBufferedRateExecutor - [Write] Permits queueSize = [0] totalAdded = [7] totalLaunched = [7] totalReleased = [7] totalFailed = [0] totalExpired = [0] totalRejected = [0] totalRateLimited = [0] totalRateLimitedTenants = [0] currBuffer = [0] 
2025-12-19 13:52:08,531 [TB-Scheduling-1] INFO  o.t.s.c.t.s.DefaultTransportService - Transport Stats: openConnections [0]
2025-12-19 13:52:18,277 [sql-log-1-thread-1] INFO  o.t.s.dao.sql.TbSqlBlockingQueue - Queue-0 [TS Latest] queueSize [0] totalAdded [4] totalSaved [4] totalFailed [0]
2025-12-19 13:52:19,052 [TB-Scheduling-4] INFO  o.t.s.d.u.AbstractBufferedRateExecutor - [Write] Permits queueSize = [0] totalAdded = [4] totalLaunched = [4] totalReleased = [4] totalFailed = [0] totalExpired = [0] totalRejected = [0] totalRateLimited = [0] totalRateLimitedTenants = [0] currBuffer = [0] 
2025-12-19 13:52:48,277 [sql-log-1-thread-1] INFO  o.t.s.dao.sql.TbSqlBlockingQueue - Queue-0 [TS Latest] queueSize [0] totalAdded [7] totalSaved [7] totalFailed [0]
2025-12-19 13:52:49,053 [TB-Scheduling-2] INFO  o.t.s.d.u.AbstractBufferedRateExecutor - [Write] Permits queueSize = [0] totalAdded = [7] totalLaunched = [7] totalReleased = [7] totalFailed = [0] totalExpired = [0] totalRejected = [0] totalRateLimited = [0] totalRateLimitedTenants = [0] currBuffer = [0] 
2025-12-19 13:53:07,782 [http-nio-0.0.0.0-9090-exec-7] INFO  o.t.s.c.plugin.TbWebSocketHandler - [5c6c4190-f64c-11ee-8f58-c9c802dda3de][5cf87c00-f64c-11ee-8f58-c9c802dda3de][ab46154e-7b65-4dc1-bb91-056694b30072][517346e5-dd45-c3b0-9e7a-99e7b6f66078] Session established from address: /172.19.0.1:39548
2025-12-19 13:53:08,371 [TB-Scheduling-3] INFO  o.t.s.dao.aspect.SqlDaoCallsAspect - Total timing statistics below:
2025-12-19 13:53:08,372 [TB-Scheduling-3] INFO  o.t.s.dao.aspect.SqlDaoCallsAspect - [5c6c4190-f64c-11ee-8f58-c9c802dda3de]: calls: 12, failures: 0, exec time: 40 
2025-12-19 13:53:08,372 [TB-Scheduling-3] INFO  o.t.s.dao.aspect.SqlDaoCallsAspect - [5c6c4190-f64c-11ee-8f58-c9c802dda3de] Top 3 methods by timing:
2025-12-19 13:53:08,372 [TB-Scheduling-3] INFO  o.t.s.dao.aspect.SqlDaoCallsAspect - [5c6c4190-f64c-11ee-8f58-c9c802dda3de]: method: JpaAlarmDao.countAlarmsByQuery(..), calls: 3, failures: 0, exec time: 11
2025-12-19 13:53:08,373 [TB-Scheduling-3] INFO  o.t.s.dao.aspect.SqlDaoCallsAspect - [5c6c4190-f64c-11ee-8f58-c9c802dda3de]: method: JpaUserSettingsDao.findById(..), calls: 1, failures: 0, exec time: 8
2025-12-19 13:53:08,373 [TB-Scheduling-3] INFO  o.t.s.dao.aspect.SqlDaoCallsAspect - [5c6c4190-f64c-11ee-8f58-c9c802dda3de]: method: JpaNotificationDao.countUnreadByDeliveryMethodAndRecipientId(..), calls: 1, failures: 0, exec time: 6
2025-12-19 13:53:08,532 [TB-Scheduling-1] INFO  o.t.s.c.t.s.DefaultTransportService - Transport Stats: openConnections [0]
2025-12-19 13:53:08,741 [TB-Scheduling-4] INFO  o.t.s.d.u.AbstractBufferedRateExecutor - [Read] Permits queueSize = [0] totalAdded = [2] totalLaunched = [2] totalReleased = [2] totalFailed = [0] totalExpired = [0] totalRejected = [0] totalRateLimited = [0] totalRateLimitedTenants = [0] currBuffer = [0] 
2025-12-19 13:53:08,866 [TB-Scheduling-3] INFO  o.t.s.s.s.DefaultTbEntityDataSubscriptionService - Stats: regularQueryInvocationCnt = [4], regularQueryInvocationTime = [12], dynamicQueryCnt = [6] dynamicQueryInvocationCnt = [0], dynamicQueryInvocationTime = [0], alarmQueryInvocationCnt = [3], alarmQueryInvocationTime = [11]
2025-12-19 13:53:18,277 [sql-log-1-thread-1] INFO  o.t.s.dao.sql.TbSqlBlockingQueue - Queue-0 [TS Latest] queueSize [0] totalAdded [4] totalSaved [4] totalFailed [0]
2025-12-19 13:53:18,742 [TB-Scheduling-2] INFO  o.t.s.d.u.AbstractBufferedRateExecutor - [Read] Permits queueSize = [0] totalAdded = [150] totalLaunched = [150] totalReleased = [150] totalFailed = [0] totalExpired = [0] totalRejected = [0] totalRateLimited = [0] totalRateLimitedTenants = [0] currBuffer = [0] 
2025-12-19 13:53:18,867 [TB-Scheduling-4] INFO  o.t.s.s.s.DefaultTbEntityDataSubscriptionService - Stats: regularQueryInvocationCnt = [13], regularQueryInvocationTime = [142], dynamicQueryCnt = [2] dynamicQueryInvocationCnt = [0], dynamicQueryInvocationTime = [0], alarmQueryInvocationCnt = [0], alarmQueryInvocationTime = [0]
2025-12-19 13:53:19,054 [TB-Scheduling-3] INFO  o.t.s.d.u.AbstractBufferedRateExecutor - [Write] Permits queueSize = [0] totalAdded = [4] totalLaunched = [4] totalReleased = [4] totalFailed = [0] totalExpired = [0] totalRejected = [0] totalRateLimited = [0] totalRateLimitedTenants = [0] currBuffer = [0] 
2025-12-19 13:53:28,867 [TB-Scheduling-1] INFO  o.t.s.s.s.DefaultTbEntityDataSubscriptionService - Stats: regularQueryInvocationCnt = [0], regularQueryInvocationTime = [0], dynamicQueryCnt = [2] dynamicQueryInvocationCnt = [0], dynamicQueryInvocationTime = [0], alarmQueryInvocationCnt = [0], alarmQueryInvocationTime = [0]
2025-12-19 13:53:38,868 [TB-Scheduling-4] INFO  o.t.s.s.s.DefaultTbEntityDataSubscriptionService - Stats: regularQueryInvocationCnt = [0], regularQueryInvocationTime = [0], dynamicQueryCnt = [2] dynamicQueryInvocationCnt = [0], dynamicQueryInvocationTime = [0], alarmQueryInvocationCnt = [0], alarmQueryInvocationTime = [0]
2025-12-19 13:53:48,277 [sql-log-1-thread-1] INFO  o.t.s.dao.sql.TbSqlBlockingQueue - Queue-0 [TS Latest] queueSize [0] totalAdded [7] totalSaved [7] totalFailed [0]
2025-12-19 13:53:48,868 [TB-Scheduling-3] INFO  o.t.s.s.s.DefaultTbEntityDataSubscriptionService - Stats: regularQueryInvocationCnt = [0], regularQueryInvocationTime = [0], dynamicQueryCnt = [2] dynamicQueryInvocationCnt = [0], dynamicQueryInvocationTime = [0], alarmQueryInvocationCnt = [0], alarmQueryInvocationTime = [0]
2025-12-19 13:53:49,055 [TB-Scheduling-4] INFO  o.t.s.d.u.AbstractBufferedRateExecutor - [Write] Permits queueSize = [0] totalAdded = [7] totalLaunched = [7] totalReleased = [7] totalFailed = [0] totalExpired = [0] totalRejected = [0] totalRateLimited = [0] totalRateLimitedTenants = [0] currBuffer = [0] 
2025-12-19 13:53:58,869 [TB-Scheduling-2] INFO  o.t.s.s.s.DefaultTbEntityDataSubscriptionService - Stats: regularQueryInvocationCnt = [0], regularQueryInvocationTime = [0], dynamicQueryCnt = [2] dynamicQueryInvocationCnt = [0], dynamicQueryInvocationTime = [0], alarmQueryInvocationCnt = [0], alarmQueryInvocationTime = [0]
2025-12-19 13:54:08,373 [TB-Scheduling-4] INFO  o.t.s.dao.aspect.SqlDaoCallsAspect - Total timing statistics below:
2025-12-19 13:54:08,374 [TB-Scheduling-4] INFO  o.t.s.dao.aspect.SqlDaoCallsAspect - [5c6c4190-f64c-11ee-8f58-c9c802dda3de]: calls: 4, failures: 0, exec time: 24 
2025-12-19 13:54:08,374 [TB-Scheduling-4] INFO  o.t.s.dao.aspect.SqlDaoCallsAspect - [5c6c4190-f64c-11ee-8f58-c9c802dda3de] Top 3 methods by timing:
2025-12-19 13:54:08,374 [TB-Scheduling-4] INFO  o.t.s.dao.aspect.SqlDaoCallsAspect - [5c6c4190-f64c-11ee-8f58-c9c802dda3de]: method: JpaUserSettingsDao.save(..), calls: 1, failures: 0, exec time: 11
2025-12-19 13:54:08,374 [TB-Scheduling-4] INFO  o.t.s.dao.aspect.SqlDaoCallsAspect - [5c6c4190-f64c-11ee-8f58-c9c802dda3de]: method: JpaAbstractDao.findById(..), calls: 2, failures: 0, exec time: 8
2025-12-19 13:54:08,374 [TB-Scheduling-4] INFO  o.t.s.dao.aspect.SqlDaoCallsAspect - [5c6c4190-f64c-11ee-8f58-c9c802dda3de]: method: JpaDashboardInfoDao.findDashboardsByTenantId(..), calls: 1, failures: 0, exec time: 5
2025-12-19 13:54:08,532 [TB-Scheduling-2] INFO  o.t.s.c.t.s.DefaultTransportService - Transport Stats: openConnections [0]
2025-12-19 13:54:08,869 [TB-Scheduling-1] INFO  o.t.s.s.s.DefaultTbEntityDataSubscriptionService - Stats: regularQueryInvocationCnt = [0], regularQueryInvocationTime = [0], dynamicQueryCnt = [2] dynamicQueryInvocationCnt = [0], dynamicQueryInvocationTime = [0], alarmQueryInvocationCnt = [0], alarmQueryInvocationTime = [0]
2025-12-19 13:54:18,277 [sql-log-1-thread-1] INFO  o.t.s.dao.sql.TbSqlBlockingQueue - Queue-0 [TS Latest] queueSize [0] totalAdded [4] totalSaved [4] totalFailed [0]
2025-12-19 13:54:18,870 [TB-Scheduling-2] INFO  o.t.s.s.s.DefaultTbEntityDataSubscriptionService - Stats: regularQueryInvocationCnt = [0], regularQueryInvocationTime = [0], dynamicQueryCnt = [2] dynamicQueryInvocationCnt = [2], dynamicQueryInvocationTime = [47], alarmQueryInvocationCnt = [0], alarmQueryInvocationTime = [0]
2025-12-19 13:54:19,056 [TB-Scheduling-1] INFO  o.t.s.d.u.AbstractBufferedRateExecutor - [Write] Permits queueSize = [0] totalAdded = [4] totalLaunched = [4] totalReleased = [4] totalFailed = [0] totalExpired = [0] totalRejected = [0] totalRateLimited = [0] totalRateLimitedTenants = [0] currBuffer = [0] 
2025-12-19 13:54:28,870 [TB-Scheduling-4] INFO  o.t.s.s.s.DefaultTbEntityDataSubscriptionService - Stats: regularQueryInvocationCnt = [0], regularQueryInvocationTime = [0], dynamicQueryCnt = [2] dynamicQueryInvocationCnt = [0], dynamicQueryInvocationTime = [0], alarmQueryInvocationCnt = [0], alarmQueryInvocationTime = [0]
2025-12-19 13:54:38,871 [TB-Scheduling-1] INFO  o.t.s.s.s.DefaultTbEntityDataSubscriptionService - Stats: regularQueryInvocationCnt = [0], regularQueryInvocationTime = [0], dynamicQueryCnt = [2] dynamicQueryInvocationCnt = [0], dynamicQueryInvocationTime = [0], alarmQueryInvocationCnt = [0], alarmQueryInvocationTime = [0]
2025-12-19 13:54:48,277 [sql-log-1-thread-1] INFO  o.t.s.dao.sql.TbSqlBlockingQueue - Queue-0 [TS Latest] queueSize [0] totalAdded [7] totalSaved [7] totalFailed [0]
2025-12-19 13:54:48,871 [TB-Scheduling-4] INFO  o.t.s.s.s.DefaultTbEntityDataSubscriptionService - Stats: regularQueryInvocationCnt = [0], regularQueryInvocationTime = [0], dynamicQueryCnt = [2] dynamicQueryInvocationCnt = [0], dynamicQueryInvocationTime = [0], alarmQueryInvocationCnt = [0], alarmQueryInvocationTime = [0]
2025-12-19 13:54:49,057 [TB-Scheduling-1] INFO  o.t.s.d.u.AbstractBufferedRateExecutor - [Write] Permits queueSize = [0] totalAdded = [7] totalLaunched = [7] totalReleased = [7] totalFailed = [0] totalExpired = [0] totalRejected = [0] totalRateLimited = [0] totalRateLimitedTenants = [0] currBuffer = [0] 
2025-12-19 13:54:58,872 [TB-Scheduling-3] INFO  o.t.s.s.s.DefaultTbEntityDataSubscriptionService - Stats: regularQueryInvocationCnt = [0], regularQueryInvocationTime = [0], dynamicQueryCnt = [2] dynamicQueryInvocationCnt = [0], dynamicQueryInvocationTime = [0], alarmQueryInvocationCnt = [0], alarmQueryInvocationTime = [0]
2025-12-19 13:55:08,533 [TB-Scheduling-2] INFO  o.t.s.c.t.s.DefaultTransportService - Transport Stats: openConnections [0]
2025-12-19 13:55:08,872 [TB-Scheduling-3] INFO  o.t.s.s.s.DefaultTbEntityDataSubscriptionService - Stats: regularQueryInvocationCnt = [0], regularQueryInvocationTime = [0], dynamicQueryCnt = [2] dynamicQueryInvocationCnt = [0], dynamicQueryInvocationTime = [0], alarmQueryInvocationCnt = [0], alarmQueryInvocationTime = [0]
2025-12-19 13:55:18,277 [sql-log-1-thread-1] INFO  o.t.s.dao.sql.TbSqlBlockingQueue - Queue-0 [TS Latest] queueSize [0] totalAdded [4] totalSaved [4] totalFailed [0]
2025-12-19 13:55:18,873 [TB-Scheduling-3] INFO  o.t.s.s.s.DefaultTbEntityDataSubscriptionService - Stats: regularQueryInvocationCnt = [0], regularQueryInvocationTime = [0], dynamicQueryCnt = [2] dynamicQueryInvocationCnt = [2], dynamicQueryInvocationTime = [49], alarmQueryInvocationCnt = [0], alarmQueryInvocationTime = [0]
2025-12-19 13:55:19,058 [TB-Scheduling-4] INFO  o.t.s.d.u.AbstractBufferedRateExecutor - [Write] Permits queueSize = [0] totalAdded = [4] totalLaunched = [4] totalReleased = [4] totalFailed = [0] totalExpired = [0] totalRejected = [0] totalRateLimited = [0] totalRateLimitedTenants = [0] currBuffer = [0] 
2025-12-19 13:55:28,873 [TB-Scheduling-1] INFO  o.t.s.s.s.DefaultTbEntityDataSubscriptionService - Stats: regularQueryInvocationCnt = [0], regularQueryInvocationTime = [0], dynamicQueryCnt = [2] dynamicQueryInvocationCnt = [0], dynamicQueryInvocationTime = [0], alarmQueryInvocationCnt = [0], alarmQueryInvocationTime = [0]
2025-12-19 13:55:38,874 [TB-Scheduling-1] INFO  o.t.s.s.s.DefaultTbEntityDataSubscriptionService - Stats: regularQueryInvocationCnt = [0], regularQueryInvocationTime = [0], dynamicQueryCnt = [2] dynamicQueryInvocationCnt = [0], dynamicQueryInvocationTime = [0], alarmQueryInvocationCnt = [0], alarmQueryInvocationTime = [0]
2025-12-19 13:55:48,277 [sql-log-1-thread-1] INFO  o.t.s.dao.sql.TbSqlBlockingQueue - Queue-0 [TS Latest] queueSize [0] totalAdded [7] totalSaved [7] totalFailed [0]
2025-12-19 13:55:48,875 [TB-Scheduling-4] INFO  o.t.s.s.s.DefaultTbEntityDataSubscriptionService - Stats: regularQueryInvocationCnt = [1], regularQueryInvocationTime = [8], dynamicQueryCnt = [2] dynamicQueryInvocationCnt = [0], dynamicQueryInvocationTime = [0], alarmQueryInvocationCnt = [0], alarmQueryInvocationTime = [0]
2025-12-19 13:55:49,059 [TB-Scheduling-1] INFO  o.t.s.d.u.AbstractBufferedRateExecutor - [Write] Permits queueSize = [0] totalAdded = [7] totalLaunched = [7] totalReleased = [7] totalFailed = [0] totalExpired = [0] totalRejected = [0] totalRateLimited = [0] totalRateLimitedTenants = [0] currBuffer = [0] 
2025-12-19 13:55:58,875 [TB-Scheduling-2] INFO  o.t.s.s.s.DefaultTbEntityDataSubscriptionService - Stats: regularQueryInvocationCnt = [0], regularQueryInvocationTime = [0], dynamicQueryCnt = [2] dynamicQueryInvocationCnt = [0], dynamicQueryInvocationTime = [0], alarmQueryInvocationCnt = [0], alarmQueryInvocationTime = [0]
2025-12-19 13:56:05,283 [http-nio-0.0.0.0-9090-exec-7] INFO  o.t.s.c.plugin.TbWebSocketHandler - [5c6c4190-f64c-11ee-8f58-c9c802dda3de][5cf87c00-f64c-11ee-8f58-c9c802dda3de][1ba68cd4-99ed-4eeb-b2c9-0e7d834b7e72][2d0e46d1-4c8a-584e-ef6a-9c988afd3e51] Session established from address: /172.19.0.1:38514
2025-12-19 13:56:08,376 [TB-Scheduling-1] INFO  o.t.s.dao.aspect.SqlDaoCallsAspect - Total timing statistics below:
2025-12-19 13:56:08,377 [TB-Scheduling-1] INFO  o.t.s.dao.aspect.SqlDaoCallsAspect - [5c6c4190-f64c-11ee-8f58-c9c802dda3de]: calls: 9, failures: 0, exec time: 51 
2025-12-19 13:56:08,377 [TB-Scheduling-1] INFO  o.t.s.dao.aspect.SqlDaoCallsAspect - [5c6c4190-f64c-11ee-8f58-c9c802dda3de] Top 3 methods by timing:
2025-12-19 13:56:08,377 [TB-Scheduling-1] INFO  o.t.s.dao.aspect.SqlDaoCallsAspect - [5c6c4190-f64c-11ee-8f58-c9c802dda3de]: method: JpaAbstractDao.findById(..), calls: 3, failures: 0, exec time: 18
2025-12-19 13:56:08,377 [TB-Scheduling-1] INFO  o.t.s.dao.aspect.SqlDaoCallsAspect - [5c6c4190-f64c-11ee-8f58-c9c802dda3de]: method: JpaWidgetsBundleDao.findAllTenantWidgetsBundlesByTenantId(..), calls: 1, failures: 0, exec time: 9
2025-12-19 13:56:08,378 [TB-Scheduling-1] INFO  o.t.s.dao.aspect.SqlDaoCallsAspect - [5c6c4190-f64c-11ee-8f58-c9c802dda3de]: method: JpaUserSettingsDao.save(..), calls: 1, failures: 0, exec time: 7
2025-12-19 13:56:08,534 [TB-Scheduling-2] INFO  o.t.s.c.t.s.DefaultTransportService - Transport Stats: openConnections [0]
2025-12-19 13:56:08,747 [TB-Scheduling-3] INFO  o.t.s.d.u.AbstractBufferedRateExecutor - [Read] Permits queueSize = [0] totalAdded = [150] totalLaunched = [150] totalReleased = [150] totalFailed = [0] totalExpired = [0] totalRejected = [0] totalRateLimited = [0] totalRateLimitedTenants = [0] currBuffer = [0] 
2025-12-19 13:56:08,876 [TB-Scheduling-1] INFO  o.t.s.s.s.DefaultTbEntityDataSubscriptionService - Stats: regularQueryInvocationCnt = [13], regularQueryInvocationTime = [137], dynamicQueryCnt = [4] dynamicQueryInvocationCnt = [0], dynamicQueryInvocationTime = [0], alarmQueryInvocationCnt = [0], alarmQueryInvocationTime = [0]
2025-12-19 13:56:18,277 [sql-log-1-thread-1] INFO  o.t.s.dao.sql.TbSqlBlockingQueue - Queue-0 [TS Latest] queueSize [0] totalAdded [4] totalSaved [4] totalFailed [0]
2025-12-19 13:56:18,878 [TB-Scheduling-4] INFO  o.t.s.s.s.DefaultTbEntityDataSubscriptionService - Stats: regularQueryInvocationCnt = [0], regularQueryInvocationTime = [0], dynamicQueryCnt = [4] dynamicQueryInvocationCnt = [2], dynamicQueryInvocationTime = [47], alarmQueryInvocationCnt = [0], alarmQueryInvocationTime = [0]
2025-12-19 13:56:19,060 [TB-Scheduling-1] INFO  o.t.s.d.u.AbstractBufferedRateExecutor - [Write] Permits queueSize = [0] totalAdded = [4] totalLaunched = [4] totalReleased = [4] totalFailed = [0] totalExpired = [0] totalRejected = [0] totalRateLimited = [0] totalRateLimitedTenants = [0] currBuffer = [0] 
2025-12-19 13:56:28,878 [TB-Scheduling-2] INFO  o.t.s.s.s.DefaultTbEntityDataSubscriptionService - Stats: regularQueryInvocationCnt = [0], regularQueryInvocationTime = [0], dynamicQueryCnt = [4] dynamicQueryInvocationCnt = [0], dynamicQueryInvocationTime = [0], alarmQueryInvocationCnt = [0], alarmQueryInvocationTime = [0]
2025-12-19 13:56:38,879 [TB-Scheduling-4] INFO  o.t.s.s.s.DefaultTbEntityDataSubscriptionService - Stats: regularQueryInvocationCnt = [0], regularQueryInvocationTime = [0], dynamicQueryCnt = [4] dynamicQueryInvocationCnt = [0], dynamicQueryInvocationTime = [0], alarmQueryInvocationCnt = [0], alarmQueryInvocationTime = [0]
2025-12-19 13:56:48,277 [sql-log-1-thread-1] INFO  o.t.s.dao.sql.TbSqlBlockingQueue - Queue-0 [TS Latest] queueSize [0] totalAdded [7] totalSaved [7] totalFailed [0]
2025-12-19 13:56:48,879 [TB-Scheduling-2] INFO  o.t.s.s.s.DefaultTbEntityDataSubscriptionService - Stats: regularQueryInvocationCnt = [0], regularQueryInvocationTime = [0], dynamicQueryCnt = [4] dynamicQueryInvocationCnt = [0], dynamicQueryInvocationTime = [0], alarmQueryInvocationCnt = [0], alarmQueryInvocationTime = [0]
2025-12-19 13:56:49,061 [TB-Scheduling-4] INFO  o.t.s.d.u.AbstractBufferedRateExecutor - [Write] Permits queueSize = [0] totalAdded = [7] totalLaunched = [7] totalReleased = [7] totalFailed = [0] totalExpired = [0] totalRejected = [0] totalRateLimited = [0] totalRateLimitedTenants = [0] currBuffer = [0] 
2025-12-19 13:56:58,880 [TB-Scheduling-1] INFO  o.t.s.s.s.DefaultTbEntityDataSubscriptionService - Stats: regularQueryInvocationCnt = [0], regularQueryInvocationTime = [0], dynamicQueryCnt = [4] dynamicQueryInvocationCnt = [0], dynamicQueryInvocationTime = [0], alarmQueryInvocationCnt = [0], alarmQueryInvocationTime = [0]
2025-12-19 13:57:03,079 [TB-Scheduling-2] INFO  o.t.s.dao.sql.event.JpaBaseEventDao - Going to cleanup debug events with exp time: 1765547823078
2025-12-19 13:57:08,534 [TB-Scheduling-3] INFO  o.t.s.c.t.s.DefaultTransportService - Transport Stats: openConnections [0]
2025-12-19 13:57:08,880 [TB-Scheduling-1] INFO  o.t.s.s.s.DefaultTbEntityDataSubscriptionService - Stats: regularQueryInvocationCnt = [0], regularQueryInvocationTime = [0], dynamicQueryCnt = [4] dynamicQueryInvocationCnt = [2], dynamicQueryInvocationTime = [44], alarmQueryInvocationCnt = [0], alarmQueryInvocationTime = [0]
2025-12-19 13:57:18,277 [sql-log-1-thread-1] INFO  o.t.s.dao.sql.TbSqlBlockingQueue - Queue-0 [TS Latest] queueSize [0] totalAdded [4] totalSaved [4] totalFailed [0]
2025-12-19 13:57:18,881 [TB-Scheduling-2] INFO  o.t.s.s.s.DefaultTbEntityDataSubscriptionService - Stats: regularQueryInvocationCnt = [0], regularQueryInvocationTime = [0], dynamicQueryCnt = [4] dynamicQueryInvocationCnt = [2], dynamicQueryInvocationTime = [43], alarmQueryInvocationCnt = [0], alarmQueryInvocationTime = [0]
2025-12-19 13:57:19,062 [TB-Scheduling-1] INFO  o.t.s.d.u.AbstractBufferedRateExecutor - [Write] Permits queueSize = [0] totalAdded = [4] totalLaunched = [4] totalReleased = [4] totalFailed = [0] totalExpired = [0] totalRejected = [0] totalRateLimited = [0] totalRateLimitedTenants = [0] currBuffer = [0] 
2025-12-19 13:57:28,881 [TB-Scheduling-4] INFO  o.t.s.s.s.DefaultTbEntityDataSubscriptionService - Stats: regularQueryInvocationCnt = [0], regularQueryInvocationTime = [0], dynamicQueryCnt = [4] dynamicQueryInvocationCnt = [0], dynamicQueryInvocationTime = [0], alarmQueryInvocationCnt = [0], alarmQueryInvocationTime = [0]
2025-12-19 13:57:38,882 [TB-Scheduling-2] INFO  o.t.s.s.s.DefaultTbEntityDataSubscriptionService - Stats: regularQueryInvocationCnt = [0], regularQueryInvocationTime = [0], dynamicQueryCnt = [4] dynamicQueryInvocationCnt = [0], dynamicQueryInvocationTime = [0], alarmQueryInvocationCnt = [0], alarmQueryInvocationTime = [0]
2025-12-19 13:57:48,277 [sql-log-1-thread-1] INFO  o.t.s.dao.sql.TbSqlBlockingQueue - Queue-0 [TS Latest] queueSize [0] totalAdded [7] totalSaved [7] totalFailed [0]
2025-12-19 13:57:48,882 [TB-Scheduling-4] INFO  o.t.s.s.s.DefaultTbEntityDataSubscriptionService - Stats: regularQueryInvocationCnt = [0], regularQueryInvocationTime = [0], dynamicQueryCnt = [4] dynamicQueryInvocationCnt = [0], dynamicQueryInvocationTime = [0], alarmQueryInvocationCnt = [0], alarmQueryInvocationTime = [0]
2025-12-19 13:57:49,063 [TB-Scheduling-2] INFO  o.t.s.d.u.AbstractBufferedRateExecutor - [Write] Permits queueSize = [0] totalAdded = [7] totalLaunched = [7] totalReleased = [7] totalFailed = [0] totalExpired = [0] totalRejected = [0] totalRateLimited = [0] totalRateLimitedTenants = [0] currBuffer = [0] 
2025-12-19 13:57:58,883 [TB-Scheduling-1] INFO  o.t.s.s.s.DefaultTbEntityDataSubscriptionService - Stats: regularQueryInvocationCnt = [0], regularQueryInvocationTime = [0], dynamicQueryCnt = [4] dynamicQueryInvocationCnt = [0], dynamicQueryInvocationTime = [0], alarmQueryInvocationCnt = [0], alarmQueryInvocationTime = [0]
2025-12-19 13:58:08,535 [TB-Scheduling-4] INFO  o.t.s.c.t.s.DefaultTransportService - Transport Stats: openConnections [0]
2025-12-19 13:58:08,883 [TB-Scheduling-3] INFO  o.t.s.s.s.DefaultTbEntityDataSubscriptionService - Stats: regularQueryInvocationCnt = [0], regularQueryInvocationTime = [0], dynamicQueryCnt = [4] dynamicQueryInvocationCnt = [2], dynamicQueryInvocationTime = [38], alarmQueryInvocationCnt = [0], alarmQueryInvocationTime = [0]
2025-12-19 13:58:18,277 [sql-log-1-thread-1] INFO  o.t.s.dao.sql.TbSqlBlockingQueue - Queue-0 [TS Latest] queueSize [0] totalAdded [4] totalSaved [4] totalFailed [0]
2025-12-19 13:58:18,884 [TB-Scheduling-2] INFO  o.t.s.s.s.DefaultTbEntityDataSubscriptionService - Stats: regularQueryInvocationCnt = [0], regularQueryInvocationTime = [0], dynamicQueryCnt = [4] dynamicQueryInvocationCnt = [2], dynamicQueryInvocationTime = [35], alarmQueryInvocationCnt = [0], alarmQueryInvocationTime = [0]
2025-12-19 13:58:19,064 [TB-Scheduling-3] INFO  o.t.s.d.u.AbstractBufferedRateExecutor - [Write] Permits queueSize = [0] totalAdded = [4] totalLaunched = [4] totalReleased = [4] totalFailed = [0] totalExpired = [0] totalRejected = [0] totalRateLimited = [0] totalRateLimitedTenants = [0] currBuffer = [0] 
2025-12-19 13:58:28,884 [TB-Scheduling-1] INFO  o.t.s.s.s.DefaultTbEntityDataSubscriptionService - Stats: regularQueryInvocationCnt = [0], regularQueryInvocationTime = [0], dynamicQueryCnt = [4] dynamicQueryInvocationCnt = [0], dynamicQueryInvocationTime = [0], alarmQueryInvocationCnt = [0], alarmQueryInvocationTime = [0]
2025-12-19 13:58:38,885 [TB-Scheduling-2] INFO  o.t.s.s.s.DefaultTbEntityDataSubscriptionService - Stats: regularQueryInvocationCnt = [0], regularQueryInvocationTime = [0], dynamicQueryCnt = [4] dynamicQueryInvocationCnt = [0], dynamicQueryInvocationTime = [0], alarmQueryInvocationCnt = [0], alarmQueryInvocationTime = [0]
2025-12-19 13:58:48,277 [sql-log-1-thread-1] INFO  o.t.s.dao.sql.TbSqlBlockingQueue - Queue-0 [TS Latest] queueSize [0] totalAdded [7] totalSaved [7] totalFailed [0]
2025-12-19 13:58:48,885 [TB-Scheduling-1] INFO  o.t.s.s.s.DefaultTbEntityDataSubscriptionService - Stats: regularQueryInvocationCnt = [0], regularQueryInvocationTime = [0], dynamicQueryCnt = [4] dynamicQueryInvocationCnt = [0], dynamicQueryInvocationTime = [0], alarmQueryInvocationCnt = [0], alarmQueryInvocationTime = [0]
2025-12-19 13:58:49,065 [TB-Scheduling-2] INFO  o.t.s.d.u.AbstractBufferedRateExecutor - [Write] Permits queueSize = [0] totalAdded = [7] totalLaunched = [7] totalReleased = [7] totalFailed = [0] totalExpired = [0] totalRejected = [0] totalRateLimited = [0] totalRateLimitedTenants = [0] currBuffer = [0] 
2025-12-19 13:58:58,886 [TB-Scheduling-4] INFO  o.t.s.s.s.DefaultTbEntityDataSubscriptionService - Stats: regularQueryInvocationCnt = [0], regularQueryInvocationTime = [0], dynamicQueryCnt = [4] dynamicQueryInvocationCnt = [0], dynamicQueryInvocationTime = [0], alarmQueryInvocationCnt = [0], alarmQueryInvocationTime = [0]
2025-12-19 13:59:08,535 [TB-Scheduling-1] INFO  o.t.s.c.t.s.DefaultTransportService - Transport Stats: openConnections [0]
2025-12-19 13:59:08,886 [TB-Scheduling-3] INFO  o.t.s.s.s.DefaultTbEntityDataSubscriptionService - Stats: regularQueryInvocationCnt = [0], regularQueryInvocationTime = [0], dynamicQueryCnt = [4] dynamicQueryInvocationCnt = [2], dynamicQueryInvocationTime = [46], alarmQueryInvocationCnt = [0], alarmQueryInvocationTime = [0]
2025-12-19 13:59:18,277 [sql-log-1-thread-1] INFO  o.t.s.dao.sql.TbSqlBlockingQueue - Queue-0 [TS Latest] queueSize [0] totalAdded [4] totalSaved [4] totalFailed [0]
2025-12-19 13:59:18,887 [TB-Scheduling-2] INFO  o.t.s.s.s.DefaultTbEntityDataSubscriptionService - Stats: regularQueryInvocationCnt = [0], regularQueryInvocationTime = [0], dynamicQueryCnt = [4] dynamicQueryInvocationCnt = [2], dynamicQueryInvocationTime = [35], alarmQueryInvocationCnt = [0], alarmQueryInvocationTime = [0]
2025-12-19 13:59:19,066 [TB-Scheduling-3] INFO  o.t.s.d.u.AbstractBufferedRateExecutor - [Write] Permits queueSize = [0] totalAdded = [4] totalLaunched = [4] totalReleased = [4] totalFailed = [0] totalExpired = [0] totalRejected = [0] totalRateLimited = [0] totalRateLimitedTenants = [0] currBuffer = [0] 
2025-12-19 13:59:28,887 [TB-Scheduling-1] INFO  o.t.s.s.s.DefaultTbEntityDataSubscriptionService - Stats: regularQueryInvocationCnt = [0], regularQueryInvocationTime = [0], dynamicQueryCnt = [4] dynamicQueryInvocationCnt = [0], dynamicQueryInvocationTime = [0], alarmQueryInvocationCnt = [0], alarmQueryInvocationTime = [0]
2025-12-19 13:59:38,888 [TB-Scheduling-4] INFO  o.t.s.s.s.DefaultTbEntityDataSubscriptionService - Stats: regularQueryInvocationCnt = [0], regularQueryInvocationTime = [0], dynamicQueryCnt = [4] dynamicQueryInvocationCnt = [0], dynamicQueryInvocationTime = [0], alarmQueryInvocationCnt = [0], alarmQueryInvocationTime = [0]
2025-12-19 13:59:48,277 [sql-log-1-thread-1] INFO  o.t.s.dao.sql.TbSqlBlockingQueue - Queue-0 [TS Latest] queueSize [0] totalAdded [7] totalSaved [7] totalFailed [0]
2025-12-19 13:59:48,888 [TB-Scheduling-2] INFO  o.t.s.s.s.DefaultTbEntityDataSubscriptionService - Stats: regularQueryInvocationCnt = [0], regularQueryInvocationTime = [0], dynamicQueryCnt = [4] dynamicQueryInvocationCnt = [0], dynamicQueryInvocationTime = [0], alarmQueryInvocationCnt = [0], alarmQueryInvocationTime = [0]
2025-12-19 13:59:49,068 [TB-Scheduling-4] INFO  o.t.s.d.u.AbstractBufferedRateExecutor - [Write] Permits queueSize = [0] totalAdded = [7] totalLaunched = [7] totalReleased = [7] totalFailed = [0] totalExpired = [0] totalRejected = [0] totalRateLimited = [0] totalRateLimitedTenants = [0] currBuffer = [0] 
2025-12-19 13:59:58,889 [TB-Scheduling-1] INFO  o.t.s.s.s.DefaultTbEntityDataSubscriptionService - Stats: regularQueryInvocationCnt = [0], regularQueryInvocationTime = [0], dynamicQueryCnt = [4] dynamicQueryInvocationCnt = [0], dynamicQueryInvocationTime = [0], alarmQueryInvocationCnt = [0], alarmQueryInvocationTime = [0]
2025-12-19 14:00:08,536 [TB-Scheduling-4] INFO  o.t.s.c.t.s.DefaultTransportService - Transport Stats: openConnections [0]
2025-12-19 14:00:08,889 [TB-Scheduling-2] INFO  o.t.s.s.s.DefaultTbEntityDataSubscriptionService - Stats: regularQueryInvocationCnt = [0], regularQueryInvocationTime = [0], dynamicQueryCnt = [4] dynamicQueryInvocationCnt = [2], dynamicQueryInvocationTime = [35], alarmQueryInvocationCnt = [0], alarmQueryInvocationTime = [0]
2025-12-19 14:00:18,277 [sql-log-1-thread-1] INFO  o.t.s.dao.sql.TbSqlBlockingQueue - Queue-0 [TS Latest] queueSize [0] totalAdded [4] totalSaved [4] totalFailed [0]
2025-12-19 14:00:18,890 [TB-Scheduling-3] INFO  o.t.s.s.s.DefaultTbEntityDataSubscriptionService - Stats: regularQueryInvocationCnt = [0], regularQueryInvocationTime = [0], dynamicQueryCnt = [4] dynamicQueryInvocationCnt = [2], dynamicQueryInvocationTime = [9], alarmQueryInvocationCnt = [0], alarmQueryInvocationTime = [0]
2025-12-19 14:00:19,068 [TB-Scheduling-2] INFO  o.t.s.d.u.AbstractBufferedRateExecutor - [Write] Permits queueSize = [0] totalAdded = [4] totalLaunched = [4] totalReleased = [4] totalFailed = [0] totalExpired = [0] totalRejected = [0] totalRateLimited = [0] totalRateLimitedTenants = [0] currBuffer = [0] 
2025-12-19 14:00:28,890 [TB-Scheduling-1] INFO  o.t.s.s.s.DefaultTbEntityDataSubscriptionService - Stats: regularQueryInvocationCnt = [0], regularQueryInvocationTime = [0], dynamicQueryCnt = [4] dynamicQueryInvocationCnt = [0], dynamicQueryInvocationTime = [0], alarmQueryInvocationCnt = [0], alarmQueryInvocationTime = [0]
2025-12-19 14:00:38,891 [TB-Scheduling-3] INFO  o.t.s.s.s.DefaultTbEntityDataSubscriptionService - Stats: regularQueryInvocationCnt = [0], regularQueryInvocationTime = [0], dynamicQueryCnt = [4] dynamicQueryInvocationCnt = [0], dynamicQueryInvocationTime = [0], alarmQueryInvocationCnt = [0], alarmQueryInvocationTime = [0]
2025-12-19 14:00:48,891 [TB-Scheduling-2] INFO  o.t.s.s.s.DefaultTbEntityDataSubscriptionService - Stats: regularQueryInvocationCnt = [0], regularQueryInvocationTime = [0], dynamicQueryCnt = [4] dynamicQueryInvocationCnt = [0], dynamicQueryInvocationTime = [0], alarmQueryInvocationCnt = [0], alarmQueryInvocationTime = [0]
2025-12-19 14:00:49,069 [TB-Scheduling-3] INFO  o.t.s.d.u.AbstractBufferedRateExecutor - [Write] Permits queueSize = [0] totalAdded = [7] totalLaunched = [7] totalReleased = [7] totalFailed = [0] totalExpired = [0] totalRejected = [0] totalRateLimited = [0] totalRateLimitedTenants = [0] currBuffer = [0] 
2025-12-19 14:00:58,277 [sql-log-1-thread-1] INFO  o.t.s.dao.sql.TbSqlBlockingQueue - Queue-0 [TS Latest] queueSize [0] totalAdded [9] totalSaved [9] totalFailed [0]
2025-12-19 14:00:58,892 [TB-Scheduling-2] INFO  o.t.s.s.s.DefaultTbEntityDataSubscriptionService - Stats: regularQueryInvocationCnt = [0], regularQueryInvocationTime = [0], dynamicQueryCnt = [4] dynamicQueryInvocationCnt = [0], dynamicQueryInvocationTime = [0], alarmQueryInvocationCnt = [0], alarmQueryInvocationTime = [0]
2025-12-19 14:00:59,070 [TB-Scheduling-3] INFO  o.t.s.d.u.AbstractBufferedRateExecutor - [Write] Permits queueSize = [0] totalAdded = [2] totalLaunched = [2] totalReleased = [2] totalFailed = [0] totalExpired = [0] totalRejected = [0] totalRateLimited = [0] totalRateLimitedTenants = [0] currBuffer = [0] 
2025-12-19 14:01:08,537 [TB-Scheduling-2] INFO  o.t.s.c.t.s.DefaultTransportService - Transport Stats: openConnections [0]
2025-12-19 14:01:08,892 [TB-Scheduling-4] INFO  o.t.s.s.s.DefaultTbEntityDataSubscriptionService - Stats: regularQueryInvocationCnt = [0], regularQueryInvocationTime = [0], dynamicQueryCnt = [4] dynamicQueryInvocationCnt = [2], dynamicQueryInvocationTime = [29], alarmQueryInvocationCnt = [0], alarmQueryInvocationTime = [0]
2025-12-19 14:01:18,277 [sql-log-1-thread-1] INFO  o.t.s.dao.sql.TbSqlBlockingQueue - Queue-0 [TS Latest] queueSize [0] totalAdded [4] totalSaved [4] totalFailed [0]
2025-12-19 14:01:18,893 [TB-Scheduling-1] INFO  o.t.s.s.s.DefaultTbEntityDataSubscriptionService - Stats: regularQueryInvocationCnt = [0], regularQueryInvocationTime = [0], dynamicQueryCnt = [4] dynamicQueryInvocationCnt = [2], dynamicQueryInvocationTime = [10], alarmQueryInvocationCnt = [0], alarmQueryInvocationTime = [0]
2025-12-19 14:01:19,070 [TB-Scheduling-2] INFO  o.t.s.d.u.AbstractBufferedRateExecutor - [Write] Permits queueSize = [0] totalAdded = [4] totalLaunched = [4] totalReleased = [4] totalFailed = [0] totalExpired = [0] totalRejected = [0] totalRateLimited = [0] totalRateLimitedTenants = [0] currBuffer = [0] 
2025-12-19 14:01:28,894 [TB-Scheduling-4] INFO  o.t.s.s.s.DefaultTbEntityDataSubscriptionService - Stats: regularQueryInvocationCnt = [0], regularQueryInvocationTime = [0], dynamicQueryCnt = [4] dynamicQueryInvocationCnt = [0], dynamicQueryInvocationTime = [0], alarmQueryInvocationCnt = [0], alarmQueryInvocationTime = [0]
2025-12-19 14:01:38,894 [TB-Scheduling-1] INFO  o.t.s.s.s.DefaultTbEntityDataSubscriptionService - Stats: regularQueryInvocationCnt = [0], regularQueryInvocationTime = [0], dynamicQueryCnt = [4] dynamicQueryInvocationCnt = [0], dynamicQueryInvocationTime = [0], alarmQueryInvocationCnt = [0], alarmQueryInvocationTime = [0]
2025-12-19 14:01:48,897 [TB-Scheduling-4] INFO  o.t.s.s.s.DefaultTbEntityDataSubscriptionService - Stats: regularQueryInvocationCnt = [0], regularQueryInvocationTime = [0], dynamicQueryCnt = [4] dynamicQueryInvocationCnt = [0], dynamicQueryInvocationTime = [0], alarmQueryInvocationCnt = [0], alarmQueryInvocationTime = [0]
2025-12-19 14:01:58,277 [sql-log-1-thread-1] INFO  o.t.s.dao.sql.TbSqlBlockingQueue - Queue-0 [TS Latest] queueSize [0] totalAdded [7] totalSaved [7] totalFailed [0]
2025-12-19 14:01:58,897 [TB-Scheduling-1] INFO  o.t.s.s.s.DefaultTbEntityDataSubscriptionService - Stats: regularQueryInvocationCnt = [0], regularQueryInvocationTime = [0], dynamicQueryCnt = [4] dynamicQueryInvocationCnt = [0], dynamicQueryInvocationTime = [0], alarmQueryInvocationCnt = [0], alarmQueryInvocationTime = [0]
2025-12-19 14:01:59,072 [TB-Scheduling-4] INFO  o.t.s.d.u.AbstractBufferedRateExecutor - [Write] Permits queueSize = [0] totalAdded = [7] totalLaunched = [7] totalReleased = [7] totalFailed = [0] totalExpired = [0] totalRejected = [0] totalRateLimited = [0] totalRateLimitedTenants = [0] currBuffer = [0] 
2025-12-19 14:02:08,538 [TB-Scheduling-1] INFO  o.t.s.c.t.s.DefaultTransportService - Transport Stats: openConnections [0]
2025-12-19 14:02:08,898 [TB-Scheduling-3] INFO  o.t.s.s.s.DefaultTbEntityDataSubscriptionService - Stats: regularQueryInvocationCnt = [0], regularQueryInvocationTime = [0], dynamicQueryCnt = [4] dynamicQueryInvocationCnt = [2], dynamicQueryInvocationTime = [12], alarmQueryInvocationCnt = [0], alarmQueryInvocationTime = [0]
2025-12-19 14:02:18,277 [sql-log-1-thread-1] INFO  o.t.s.dao.sql.TbSqlBlockingQueue - Queue-0 [TS Latest] queueSize [0] totalAdded [4] totalSaved [4] totalFailed [0]
2025-12-19 14:02:18,898 [TB-Scheduling-2] INFO  o.t.s.s.s.DefaultTbEntityDataSubscriptionService - Stats: regularQueryInvocationCnt = [0], regularQueryInvocationTime = [0], dynamicQueryCnt = [4] dynamicQueryInvocationCnt = [2], dynamicQueryInvocationTime = [8], alarmQueryInvocationCnt = [0], alarmQueryInvocationTime = [0]
2025-12-19 14:02:19,072 [TB-Scheduling-3] INFO  o.t.s.d.u.AbstractBufferedRateExecutor - [Write] Permits queueSize = [0] totalAdded = [4] totalLaunched = [4] totalReleased = [4] totalFailed = [0] totalExpired = [0] totalRejected = [0] totalRateLimited = [0] totalRateLimitedTenants = [0] currBuffer = [0] 
2025-12-19 14:02:28,899 [TB-Scheduling-1] INFO  o.t.s.s.s.DefaultTbEntityDataSubscriptionService - Stats: regularQueryInvocationCnt = [0], regularQueryInvocationTime = [0], dynamicQueryCnt = [4] dynamicQueryInvocationCnt = [0], dynamicQueryInvocationTime = [0], alarmQueryInvocationCnt = [0], alarmQueryInvocationTime = [0]
2025-12-19 14:02:38,899 [TB-Scheduling-4] INFO  o.t.s.s.s.DefaultTbEntityDataSubscriptionService - Stats: regularQueryInvocationCnt = [0], regularQueryInvocationTime = [0], dynamicQueryCnt = [4] dynamicQueryInvocationCnt = [0], dynamicQueryInvocationTime = [0], alarmQueryInvocationCnt = [0], alarmQueryInvocationTime = [0]
2025-12-19 14:02:48,900 [TB-Scheduling-1] INFO  o.t.s.s.s.DefaultTbEntityDataSubscriptionService - Stats: regularQueryInvocationCnt = [0], regularQueryInvocationTime = [0], dynamicQueryCnt = [4] dynamicQueryInvocationCnt = [0], dynamicQueryInvocationTime = [0], alarmQueryInvocationCnt = [0], alarmQueryInvocationTime = [0]
2025-12-19 14:02:58,277 [sql-log-1-thread-1] INFO  o.t.s.dao.sql.TbSqlBlockingQueue - Queue-0 [TS Latest] queueSize [0] totalAdded [7] totalSaved [7] totalFailed [0]
2025-12-19 14:02:58,900 [TB-Scheduling-4] INFO  o.t.s.s.s.DefaultTbEntityDataSubscriptionService - Stats: regularQueryInvocationCnt = [0], regularQueryInvocationTime = [0], dynamicQueryCnt = [4] dynamicQueryInvocationCnt = [0], dynamicQueryInvocationTime = [0], alarmQueryInvocationCnt = [0], alarmQueryInvocationTime = [0]
2025-12-19 14:02:59,074 [TB-Scheduling-1] INFO  o.t.s.d.u.AbstractBufferedRateExecutor - [Write] Permits queueSize = [0] totalAdded = [7] totalLaunched = [7] totalReleased = [7] totalFailed = [0] totalExpired = [0] totalRejected = [0] totalRateLimited = [0] totalRateLimitedTenants = [0] currBuffer = [0] 
2025-12-19 14:03:08,539 [TB-Scheduling-3] INFO  o.t.s.c.t.s.DefaultTransportService - Transport Stats: openConnections [0]
2025-12-19 14:03:08,901 [TB-Scheduling-4] INFO  o.t.s.s.s.DefaultTbEntityDataSubscriptionService - Stats: regularQueryInvocationCnt = [0], regularQueryInvocationTime = [0], dynamicQueryCnt = [4] dynamicQueryInvocationCnt = [2], dynamicQueryInvocationTime = [37], alarmQueryInvocationCnt = [0], alarmQueryInvocationTime = [0]
2025-12-19 14:03:18,277 [sql-log-1-thread-1] INFO  o.t.s.dao.sql.TbSqlBlockingQueue - Queue-0 [TS Latest] queueSize [0] totalAdded [4] totalSaved [4] totalFailed [0]
2025-12-19 14:03:18,901 [TB-Scheduling-3] INFO  o.t.s.s.s.DefaultTbEntityDataSubscriptionService - Stats: regularQueryInvocationCnt = [0], regularQueryInvocationTime = [0], dynamicQueryCnt = [4] dynamicQueryInvocationCnt = [2], dynamicQueryInvocationTime = [8], alarmQueryInvocationCnt = [0], alarmQueryInvocationTime = [0]
2025-12-19 14:03:19,074 [TB-Scheduling-4] INFO  o.t.s.d.u.AbstractBufferedRateExecutor - [Write] Permits queueSize = [0] totalAdded = [4] totalLaunched = [4] totalReleased = [4] totalFailed = [0] totalExpired = [0] totalRejected = [0] totalRateLimited = [0] totalRateLimitedTenants = [0] currBuffer = [0] 
2025-12-19 14:03:28,902 [TB-Scheduling-1] INFO  o.t.s.s.s.DefaultTbEntityDataSubscriptionService - Stats: regularQueryInvocationCnt = [0], regularQueryInvocationTime = [0], dynamicQueryCnt = [4] dynamicQueryInvocationCnt = [0], dynamicQueryInvocationTime = [0], alarmQueryInvocationCnt = [0], alarmQueryInvocationTime = [0]
2025-12-19 14:03:38,903 [TB-Scheduling-3] INFO  o.t.s.s.s.DefaultTbEntityDataSubscriptionService - Stats: regularQueryInvocationCnt = [0], regularQueryInvocationTime = [0], dynamicQueryCnt = [4] dynamicQueryInvocationCnt = [0], dynamicQueryInvocationTime = [0], alarmQueryInvocationCnt = [0], alarmQueryInvocationTime = [0]
2025-12-19 14:03:48,903 [TB-Scheduling-2] INFO  o.t.s.s.s.DefaultTbEntityDataSubscriptionService - Stats: regularQueryInvocationCnt = [0], regularQueryInvocationTime = [0], dynamicQueryCnt = [4] dynamicQueryInvocationCnt = [0], dynamicQueryInvocationTime = [0], alarmQueryInvocationCnt = [0], alarmQueryInvocationTime = [0]
2025-12-19 14:03:58,277 [sql-log-1-thread-1] INFO  o.t.s.dao.sql.TbSqlBlockingQueue - Queue-0 [TS Latest] queueSize [0] totalAdded [8] totalSaved [8] totalFailed [0]
2025-12-19 14:03:58,904 [TB-Scheduling-3] INFO  o.t.s.s.s.DefaultTbEntityDataSubscriptionService - Stats: regularQueryInvocationCnt = [0], regularQueryInvocationTime = [0], dynamicQueryCnt = [4] dynamicQueryInvocationCnt = [0], dynamicQueryInvocationTime = [0], alarmQueryInvocationCnt = [0], alarmQueryInvocationTime = [0]
2025-12-19 14:03:59,076 [TB-Scheduling-2] INFO  o.t.s.d.u.AbstractBufferedRateExecutor - [Write] Permits queueSize = [0] totalAdded = [8] totalLaunched = [8] totalReleased = [8] totalFailed = [0] totalExpired = [0] totalRejected = [0] totalRateLimited = [0] totalRateLimitedTenants = [0] currBuffer = [0] 
2025-12-19 14:04:08,540 [TB-Scheduling-3] INFO  o.t.s.c.t.s.DefaultTransportService - Transport Stats: openConnections [0]
2025-12-19 14:04:08,905 [TB-Scheduling-1] INFO  o.t.s.s.s.DefaultTbEntityDataSubscriptionService - Stats: regularQueryInvocationCnt = [0], regularQueryInvocationTime = [0], dynamicQueryCnt = [4] dynamicQueryInvocationCnt = [2], dynamicQueryInvocationTime = [7], alarmQueryInvocationCnt = [0], alarmQueryInvocationTime = [0]
2025-12-19 14:04:18,277 [sql-log-1-thread-1] INFO  o.t.s.dao.sql.TbSqlBlockingQueue - Queue-0 [TS Latest] queueSize [0] totalAdded [4] totalSaved [4] totalFailed [0]
2025-12-19 14:04:18,905 [TB-Scheduling-4] INFO  o.t.s.s.s.DefaultTbEntityDataSubscriptionService - Stats: regularQueryInvocationCnt = [0], regularQueryInvocationTime = [0], dynamicQueryCnt = [4] dynamicQueryInvocationCnt = [2], dynamicQueryInvocationTime = [7], alarmQueryInvocationCnt = [0], alarmQueryInvocationTime = [0]
2025-12-19 14:04:19,076 [TB-Scheduling-1] INFO  o.t.s.d.u.AbstractBufferedRateExecutor - [Write] Permits queueSize = [0] totalAdded = [4] totalLaunched = [4] totalReleased = [4] totalFailed = [0] totalExpired = [0] totalRejected = [0] totalRateLimited = [0] totalRateLimitedTenants = [0] currBuffer = [0] 
2025-12-19 14:04:28,906 [TB-Scheduling-3] INFO  o.t.s.s.s.DefaultTbEntityDataSubscriptionService - Stats: regularQueryInvocationCnt = [0], regularQueryInvocationTime = [0], dynamicQueryCnt = [4] dynamicQueryInvocationCnt = [0], dynamicQueryInvocationTime = [0], alarmQueryInvocationCnt = [0], alarmQueryInvocationTime = [0]
2025-12-19 14:04:38,906 [TB-Scheduling-2] INFO  o.t.s.s.s.DefaultTbEntityDataSubscriptionService - Stats: regularQueryInvocationCnt = [0], regularQueryInvocationTime = [0], dynamicQueryCnt = [4] dynamicQueryInvocationCnt = [0], dynamicQueryInvocationTime = [0], alarmQueryInvocationCnt = [0], alarmQueryInvocationTime = [0]
2025-12-19 14:04:48,907 [TB-Scheduling-4] INFO  o.t.s.s.s.DefaultTbEntityDataSubscriptionService - Stats: regularQueryInvocationCnt = [0], regularQueryInvocationTime = [0], dynamicQueryCnt = [4] dynamicQueryInvocationCnt = [0], dynamicQueryInvocationTime = [0], alarmQueryInvocationCnt = [0], alarmQueryInvocationTime = [0]
2025-12-19 14:04:58,277 [sql-log-1-thread-1] INFO  o.t.s.dao.sql.TbSqlBlockingQueue - Queue-0 [TS Latest] queueSize [0] totalAdded [7] totalSaved [7] totalFailed [0]
2025-12-19 14:04:58,907 [TB-Scheduling-3] INFO  o.t.s.s.s.DefaultTbEntityDataSubscriptionService - Stats: regularQueryInvocationCnt = [0], regularQueryInvocationTime = [0], dynamicQueryCnt = [4] dynamicQueryInvocationCnt = [0], dynamicQueryInvocationTime = [0], alarmQueryInvocationCnt = [0], alarmQueryInvocationTime = [0]
2025-12-19 14:04:59,078 [TB-Scheduling-4] INFO  o.t.s.d.u.AbstractBufferedRateExecutor - [Write] Permits queueSize = [0] totalAdded = [7] totalLaunched = [7] totalReleased = [7] totalFailed = [0] totalExpired = [0] totalRejected = [0] totalRateLimited = [0] totalRateLimitedTenants = [0] currBuffer = [0] 
2025-12-19 14:05:08,541 [TB-Scheduling-1] INFO  o.t.s.c.t.s.DefaultTransportService - Transport Stats: openConnections [0]
2025-12-19 14:05:08,908 [TB-Scheduling-3] INFO  o.t.s.s.s.DefaultTbEntityDataSubscriptionService - Stats: regularQueryInvocationCnt = [0], regularQueryInvocationTime = [0], dynamicQueryCnt = [4] dynamicQueryInvocationCnt = [2], dynamicQueryInvocationTime = [9], alarmQueryInvocationCnt = [0], alarmQueryInvocationTime = [0]
2025-12-19 14:05:18,277 [sql-log-1-thread-1] INFO  o.t.s.dao.sql.TbSqlBlockingQueue - Queue-0 [TS Latest] queueSize [0] totalAdded [4] totalSaved [4] totalFailed [0]
2025-12-19 14:05:18,908 [TB-Scheduling-1] INFO  o.t.s.s.s.DefaultTbEntityDataSubscriptionService - Stats: regularQueryInvocationCnt = [1], regularQueryInvocationTime = [7], dynamicQueryCnt = [4] dynamicQueryInvocationCnt = [2], dynamicQueryInvocationTime = [10], alarmQueryInvocationCnt = [0], alarmQueryInvocationTime = [0]
2025-12-19 14:05:19,078 [TB-Scheduling-3] INFO  o.t.s.d.u.AbstractBufferedRateExecutor - [Write] Permits queueSize = [0] totalAdded = [4] totalLaunched = [4] totalReleased = [4] totalFailed = [0] totalExpired = [0] totalRejected = [0] totalRateLimited = [0] totalRateLimitedTenants = [0] currBuffer = [0] 
2025-12-19 14:05:28,909 [TB-Scheduling-4] INFO  o.t.s.s.s.DefaultTbEntityDataSubscriptionService - Stats: regularQueryInvocationCnt = [0], regularQueryInvocationTime = [0], dynamicQueryCnt = [4] dynamicQueryInvocationCnt = [0], dynamicQueryInvocationTime = [0], alarmQueryInvocationCnt = [0], alarmQueryInvocationTime = [0]
2025-12-19 14:05:38,910 [TB-Scheduling-1] INFO  o.t.s.s.s.DefaultTbEntityDataSubscriptionService - Stats: regularQueryInvocationCnt = [0], regularQueryInvocationTime = [0], dynamicQueryCnt = [4] dynamicQueryInvocationCnt = [0], dynamicQueryInvocationTime = [0], alarmQueryInvocationCnt = [0], alarmQueryInvocationTime = [0]
2025-12-19 14:05:48,910 [TB-Scheduling-2] INFO  o.t.s.s.s.DefaultTbEntityDataSubscriptionService - Stats: regularQueryInvocationCnt = [0], regularQueryInvocationTime = [0], dynamicQueryCnt = [4] dynamicQueryInvocationCnt = [0], dynamicQueryInvocationTime = [0], alarmQueryInvocationCnt = [0], alarmQueryInvocationTime = [0]
2025-12-19 14:05:58,277 [sql-log-1-thread-1] INFO  o.t.s.dao.sql.TbSqlBlockingQueue - Queue-0 [TS Latest] queueSize [0] totalAdded [7] totalSaved [7] totalFailed [0]
2025-12-19 14:05:58,911 [TB-Scheduling-3] INFO  o.t.s.s.s.DefaultTbEntityDataSubscriptionService - Stats: regularQueryInvocationCnt = [2], regularQueryInvocationTime = [7], dynamicQueryCnt = [4] dynamicQueryInvocationCnt = [0], dynamicQueryInvocationTime = [0], alarmQueryInvocationCnt = [0], alarmQueryInvocationTime = [0]
2025-12-19 14:05:59,080 [TB-Scheduling-2] INFO  o.t.s.d.u.AbstractBufferedRateExecutor - [Write] Permits queueSize = [0] totalAdded = [7] totalLaunched = [7] totalReleased = [7] totalFailed = [0] totalExpired = [0] totalRejected = [0] totalRateLimited = [0] totalRateLimitedTenants = [0] currBuffer = [0] 
2025-12-19 14:06:08,542 [TB-Scheduling-2] INFO  o.t.s.c.t.s.DefaultTransportService - Transport Stats: openConnections [0]
2025-12-19 14:06:08,912 [TB-Scheduling-1] INFO  o.t.s.s.s.DefaultTbEntityDataSubscriptionService - Stats: regularQueryInvocationCnt = [0], regularQueryInvocationTime = [0], dynamicQueryCnt = [4] dynamicQueryInvocationCnt = [2], dynamicQueryInvocationTime = [8], alarmQueryInvocationCnt = [0], alarmQueryInvocationTime = [0]
2025-12-19 14:06:18,277 [sql-log-1-thread-1] INFO  o.t.s.dao.sql.TbSqlBlockingQueue - Queue-0 [TS Latest] queueSize [0] totalAdded [4] totalSaved [4] totalFailed [0]
2025-12-19 14:06:18,912 [TB-Scheduling-3] INFO  o.t.s.s.s.DefaultTbEntityDataSubscriptionService - Stats: regularQueryInvocationCnt = [0], regularQueryInvocationTime = [0], dynamicQueryCnt = [4] dynamicQueryInvocationCnt = [2], dynamicQueryInvocationTime = [10], alarmQueryInvocationCnt = [0], alarmQueryInvocationTime = [0]
2025-12-19 14:06:19,080 [TB-Scheduling-2] INFO  o.t.s.d.u.AbstractBufferedRateExecutor - [Write] Permits queueSize = [0] totalAdded = [4] totalLaunched = [4] totalReleased = [4] totalFailed = [0] totalExpired = [0] totalRejected = [0] totalRateLimited = [0] totalRateLimitedTenants = [0] currBuffer = [0] 
2025-12-19 14:06:28,913 [TB-Scheduling-3] INFO  o.t.s.s.s.DefaultTbEntityDataSubscriptionService - Stats: regularQueryInvocationCnt = [0], regularQueryInvocationTime = [0], dynamicQueryCnt = [4] dynamicQueryInvocationCnt = [0], dynamicQueryInvocationTime = [0], alarmQueryInvocationCnt = [0], alarmQueryInvocationTime = [0]
2025-12-19 14:06:38,913 [TB-Scheduling-2] INFO  o.t.s.s.s.DefaultTbEntityDataSubscriptionService - Stats: regularQueryInvocationCnt = [0], regularQueryInvocationTime = [0], dynamicQueryCnt = [4] dynamicQueryInvocationCnt = [0], dynamicQueryInvocationTime = [0], alarmQueryInvocationCnt = [0], alarmQueryInvocationTime = [0]
2025-12-19 14:06:48,914 [TB-Scheduling-1] INFO  o.t.s.s.s.DefaultTbEntityDataSubscriptionService - Stats: regularQueryInvocationCnt = [0], regularQueryInvocationTime = [0], dynamicQueryCnt = [4] dynamicQueryInvocationCnt = [0], dynamicQueryInvocationTime = [0], alarmQueryInvocationCnt = [0], alarmQueryInvocationTime = [0]
2025-12-19 14:06:58,277 [sql-log-1-thread-1] INFO  o.t.s.dao.sql.TbSqlBlockingQueue - Queue-0 [TS Latest] queueSize [0] totalAdded [7] totalSaved [7] totalFailed [0]
2025-12-19 14:06:58,915 [TB-Scheduling-3] INFO  o.t.s.s.s.DefaultTbEntityDataSubscriptionService - Stats: regularQueryInvocationCnt = [0], regularQueryInvocationTime = [0], dynamicQueryCnt = [4] dynamicQueryInvocationCnt = [0], dynamicQueryInvocationTime = [0], alarmQueryInvocationCnt = [0], alarmQueryInvocationTime = [0]
2025-12-19 14:06:59,082 [TB-Scheduling-1] INFO  o.t.s.d.u.AbstractBufferedRateExecutor - [Write] Permits queueSize = [0] totalAdded = [7] totalLaunched = [7] totalReleased = [7] totalFailed = [0] totalExpired = [0] totalRejected = [0] totalRateLimited = [0] totalRateLimitedTenants = [0] currBuffer = [0] 
2025-12-19 14:07:08,542 [TB-Scheduling-1] INFO  o.t.s.c.t.s.DefaultTransportService - Transport Stats: openConnections [0]
2025-12-19 14:07:08,915 [TB-Scheduling-2] INFO  o.t.s.s.s.DefaultTbEntityDataSubscriptionService - Stats: regularQueryInvocationCnt = [0], regularQueryInvocationTime = [0], dynamicQueryCnt = [4] dynamicQueryInvocationCnt = [2], dynamicQueryInvocationTime = [39], alarmQueryInvocationCnt = [0], alarmQueryInvocationTime = [0]
2025-12-19 14:07:18,277 [sql-log-1-thread-1] INFO  o.t.s.dao.sql.TbSqlBlockingQueue - Queue-0 [TS Latest] queueSize [0] totalAdded [4] totalSaved [4] totalFailed [0]
2025-12-19 14:07:18,916 [TB-Scheduling-4] INFO  o.t.s.s.s.DefaultTbEntityDataSubscriptionService - Stats: regularQueryInvocationCnt = [0], regularQueryInvocationTime = [0], dynamicQueryCnt = [4] dynamicQueryInvocationCnt = [2], dynamicQueryInvocationTime = [14], alarmQueryInvocationCnt = [0], alarmQueryInvocationTime = [0]
2025-12-19 14:07:19,082 [TB-Scheduling-2] INFO  o.t.s.d.u.AbstractBufferedRateExecutor - [Write] Permits queueSize = [0] totalAdded = [4] totalLaunched = [4] totalReleased = [4] totalFailed = [0] totalExpired = [0] totalRejected = [0] totalRateLimited = [0] totalRateLimitedTenants = [0] currBuffer = [0] 
2025-12-19 14:07:28,916 [TB-Scheduling-3] INFO  o.t.s.s.s.DefaultTbEntityDataSubscriptionService - Stats: regularQueryInvocationCnt = [1], regularQueryInvocationTime = [5], dynamicQueryCnt = [4] dynamicQueryInvocationCnt = [0], dynamicQueryInvocationTime = [0], alarmQueryInvocationCnt = [0], alarmQueryInvocationTime = [0]
2025-12-19 14:07:38,917 [TB-Scheduling-3] INFO  o.t.s.s.s.DefaultTbEntityDataSubscriptionService - Stats: regularQueryInvocationCnt = [0], regularQueryInvocationTime = [0], dynamicQueryCnt = [4] dynamicQueryInvocationCnt = [0], dynamicQueryInvocationTime = [0], alarmQueryInvocationCnt = [0], alarmQueryInvocationTime = [0]
2025-12-19 14:07:48,917 [TB-Scheduling-1] INFO  o.t.s.s.s.DefaultTbEntityDataSubscriptionService - Stats: regularQueryInvocationCnt = [0], regularQueryInvocationTime = [0], dynamicQueryCnt = [4] dynamicQueryInvocationCnt = [0], dynamicQueryInvocationTime = [0], alarmQueryInvocationCnt = [0], alarmQueryInvocationTime = [0]
2025-12-19 14:07:58,277 [sql-log-1-thread-1] INFO  o.t.s.dao.sql.TbSqlBlockingQueue - Queue-0 [TS Latest] queueSize [0] totalAdded [7] totalSaved [7] totalFailed [0]
2025-12-19 14:07:58,918 [TB-Scheduling-3] INFO  o.t.s.s.s.DefaultTbEntityDataSubscriptionService - Stats: regularQueryInvocationCnt = [0], regularQueryInvocationTime = [0], dynamicQueryCnt = [4] dynamicQueryInvocationCnt = [0], dynamicQueryInvocationTime = [0], alarmQueryInvocationCnt = [0], alarmQueryInvocationTime = [0]
2025-12-19 14:07:59,083 [TB-Scheduling-1] INFO  o.t.s.d.u.AbstractBufferedRateExecutor - [Write] Permits queueSize = [0] totalAdded = [7] totalLaunched = [7] totalReleased = [7] totalFailed = [0] totalExpired = [0] totalRejected = [0] totalRateLimited = [0] totalRateLimitedTenants = [0] currBuffer = [0] 
2025-12-19 14:08:08,381 [TB-Scheduling-2] INFO  o.t.s.dao.aspect.SqlDaoCallsAspect - Total timing statistics below:
2025-12-19 14:08:08,381 [TB-Scheduling-2] INFO  o.t.s.dao.aspect.SqlDaoCallsAspect - [5c6c4190-f64c-11ee-8f58-c9c802dda3de]: calls: 1, failures: 0, exec time: 12 
2025-12-19 14:08:08,381 [TB-Scheduling-2] INFO  o.t.s.dao.aspect.SqlDaoCallsAspect - [5c6c4190-f64c-11ee-8f58-c9c802dda3de] Top 3 methods by timing:
2025-12-19 14:08:08,382 [TB-Scheduling-2] INFO  o.t.s.dao.aspect.SqlDaoCallsAspect - [5c6c4190-f64c-11ee-8f58-c9c802dda3de]: method: JpaWidgetsBundleDao.findAllTenantWidgetsBundlesByTenantId(..), calls: 1, failures: 0, exec time: 12
2025-12-19 14:08:08,543 [TB-Scheduling-3] INFO  o.t.s.c.t.s.DefaultTransportService - Transport Stats: openConnections [0]
2025-12-19 14:08:08,918 [TB-Scheduling-4] INFO  o.t.s.s.s.DefaultTbEntityDataSubscriptionService - Stats: regularQueryInvocationCnt = [0], regularQueryInvocationTime = [0], dynamicQueryCnt = [4] dynamicQueryInvocationCnt = [2], dynamicQueryInvocationTime = [8], alarmQueryInvocationCnt = [0], alarmQueryInvocationTime = [0]
2025-12-19 14:08:18,277 [sql-log-1-thread-1] INFO  o.t.s.dao.sql.TbSqlBlockingQueue - Queue-0 [TS Latest] queueSize [0] totalAdded [4] totalSaved [4] totalFailed [0]
2025-12-19 14:08:18,919 [TB-Scheduling-2] INFO  o.t.s.s.s.DefaultTbEntityDataSubscriptionService - Stats: regularQueryInvocationCnt = [0], regularQueryInvocationTime = [0], dynamicQueryCnt = [4] dynamicQueryInvocationCnt = [2], dynamicQueryInvocationTime = [10], alarmQueryInvocationCnt = [0], alarmQueryInvocationTime = [0]
2025-12-19 14:08:19,084 [TB-Scheduling-4] INFO  o.t.s.d.u.AbstractBufferedRateExecutor - [Write] Permits queueSize = [0] totalAdded = [4] totalLaunched = [4] totalReleased = [4] totalFailed = [0] totalExpired = [0] totalRejected = [0] totalRateLimited = [0] totalRateLimitedTenants = [0] currBuffer = [0] 
2025-12-19 14:08:28,920 [TB-Scheduling-3] INFO  o.t.s.s.s.DefaultTbEntityDataSubscriptionService - Stats: regularQueryInvocationCnt = [0], regularQueryInvocationTime = [0], dynamicQueryCnt = [4] dynamicQueryInvocationCnt = [0], dynamicQueryInvocationTime = [0], alarmQueryInvocationCnt = [0], alarmQueryInvocationTime = [0]
2025-12-19 14:08:38,921 [TB-Scheduling-2] INFO  o.t.s.s.s.DefaultTbEntityDataSubscriptionService - Stats: regularQueryInvocationCnt = [0], regularQueryInvocationTime = [0], dynamicQueryCnt = [4] dynamicQueryInvocationCnt = [0], dynamicQueryInvocationTime = [0], alarmQueryInvocationCnt = [0], alarmQueryInvocationTime = [0]
2025-12-19 14:08:48,922 [TB-Scheduling-1] INFO  o.t.s.s.s.DefaultTbEntityDataSubscriptionService - Stats: regularQueryInvocationCnt = [0], regularQueryInvocationTime = [0], dynamicQueryCnt = [4] dynamicQueryInvocationCnt = [0], dynamicQueryInvocationTime = [0], alarmQueryInvocationCnt = [0], alarmQueryInvocationTime = [0]
2025-12-19 14:08:58,277 [sql-log-1-thread-1] INFO  o.t.s.dao.sql.TbSqlBlockingQueue - Queue-0 [TS Latest] queueSize [0] totalAdded [7] totalSaved [7] totalFailed [0]
2025-12-19 14:08:58,923 [TB-Scheduling-3] INFO  o.t.s.s.s.DefaultTbEntityDataSubscriptionService - Stats: regularQueryInvocationCnt = [0], regularQueryInvocationTime = [0], dynamicQueryCnt = [4] dynamicQueryInvocationCnt = [0], dynamicQueryInvocationTime = [0], alarmQueryInvocationCnt = [0], alarmQueryInvocationTime = [0]
2025-12-19 14:08:59,086 [TB-Scheduling-1] INFO  o.t.s.d.u.AbstractBufferedRateExecutor - [Write] Permits queueSize = [0] totalAdded = [7] totalLaunched = [7] totalReleased = [7] totalFailed = [0] totalExpired = [0] totalRejected = [0] totalRateLimited = [0] totalRateLimitedTenants = [0] currBuffer = [0] 
2025-12-19 14:09:08,544 [TB-Scheduling-4] INFO  o.t.s.c.t.s.DefaultTransportService - Transport Stats: openConnections [0]
2025-12-19 14:09:08,923 [TB-Scheduling-2] INFO  o.t.s.s.s.DefaultTbEntityDataSubscriptionService - Stats: regularQueryInvocationCnt = [1], regularQueryInvocationTime = [5], dynamicQueryCnt = [4] dynamicQueryInvocationCnt = [2], dynamicQueryInvocationTime = [8], alarmQueryInvocationCnt = [0], alarmQueryInvocationTime = [0]
2025-12-19 14:09:18,277 [sql-log-1-thread-1] INFO  o.t.s.dao.sql.TbSqlBlockingQueue - Queue-0 [TS Latest] queueSize [0] totalAdded [4] totalSaved [4] totalFailed [0]
2025-12-19 14:09:18,924 [TB-Scheduling-1] INFO  o.t.s.s.s.DefaultTbEntityDataSubscriptionService - Stats: regularQueryInvocationCnt = [0], regularQueryInvocationTime = [0], dynamicQueryCnt = [4] dynamicQueryInvocationCnt = [2], dynamicQueryInvocationTime = [10], alarmQueryInvocationCnt = [0], alarmQueryInvocationTime = [0]
2025-12-19 14:09:19,086 [TB-Scheduling-2] INFO  o.t.s.d.u.AbstractBufferedRateExecutor - [Write] Permits queueSize = [0] totalAdded = [4] totalLaunched = [4] totalReleased = [4] totalFailed = [0] totalExpired = [0] totalRejected = [0] totalRateLimited = [0] totalRateLimitedTenants = [0] currBuffer = [0] 
2025-12-19 14:09:28,924 [TB-Scheduling-3] INFO  o.t.s.s.s.DefaultTbEntityDataSubscriptionService - Stats: regularQueryInvocationCnt = [0], regularQueryInvocationTime = [0], dynamicQueryCnt = [4] dynamicQueryInvocationCnt = [0], dynamicQueryInvocationTime = [0], alarmQueryInvocationCnt = [0], alarmQueryInvocationTime = [0]
2025-12-19 14:09:38,925 [TB-Scheduling-1] INFO  o.t.s.s.s.DefaultTbEntityDataSubscriptionService - Stats: regularQueryInvocationCnt = [0], regularQueryInvocationTime = [0], dynamicQueryCnt = [4] dynamicQueryInvocationCnt = [0], dynamicQueryInvocationTime = [0], alarmQueryInvocationCnt = [0], alarmQueryInvocationTime = [0]
2025-12-19 14:09:48,926 [TB-Scheduling-3] INFO  o.t.s.s.s.DefaultTbEntityDataSubscriptionService - Stats: regularQueryInvocationCnt = [1], regularQueryInvocationTime = [3], dynamicQueryCnt = [4] dynamicQueryInvocationCnt = [0], dynamicQueryInvocationTime = [0], alarmQueryInvocationCnt = [0], alarmQueryInvocationTime = [0]
2025-12-19 14:09:58,277 [sql-log-1-thread-1] INFO  o.t.s.dao.sql.TbSqlBlockingQueue - Queue-0 [TS Latest] queueSize [0] totalAdded [7] totalSaved [7] totalFailed [0]
2025-12-19 14:09:58,926 [TB-Scheduling-4] INFO  o.t.s.s.s.DefaultTbEntityDataSubscriptionService - Stats: regularQueryInvocationCnt = [0], regularQueryInvocationTime = [0], dynamicQueryCnt = [4] dynamicQueryInvocationCnt = [0], dynamicQueryInvocationTime = [0], alarmQueryInvocationCnt = [0], alarmQueryInvocationTime = [0]
2025-12-19 14:09:59,087 [TB-Scheduling-3] INFO  o.t.s.d.u.AbstractBufferedRateExecutor - [Write] Permits queueSize = [0] totalAdded = [7] totalLaunched = [7] totalReleased = [7] totalFailed = [0] totalExpired = [0] totalRejected = [0] totalRateLimited = [0] totalRateLimitedTenants = [0] currBuffer = [0] 
2025-12-19 14:10:08,544 [TB-Scheduling-2] INFO  o.t.s.c.t.s.DefaultTransportService - Transport Stats: openConnections [0]
2025-12-19 14:10:08,927 [TB-Scheduling-1] INFO  o.t.s.s.s.DefaultTbEntityDataSubscriptionService - Stats: regularQueryInvocationCnt = [0], regularQueryInvocationTime = [0], dynamicQueryCnt = [4] dynamicQueryInvocationCnt = [2], dynamicQueryInvocationTime = [11], alarmQueryInvocationCnt = [0], alarmQueryInvocationTime = [0]
2025-12-19 14:10:18,277 [sql-log-1-thread-1] INFO  o.t.s.dao.sql.TbSqlBlockingQueue - Queue-0 [TS Latest] queueSize [0] totalAdded [4] totalSaved [4] totalFailed [0]
2025-12-19 14:10:18,927 [TB-Scheduling-4] INFO  o.t.s.s.s.DefaultTbEntityDataSubscriptionService - Stats: regularQueryInvocationCnt = [0], regularQueryInvocationTime = [0], dynamicQueryCnt = [4] dynamicQueryInvocationCnt = [2], dynamicQueryInvocationTime = [10], alarmQueryInvocationCnt = [0], alarmQueryInvocationTime = [0]
2025-12-19 14:10:19,088 [TB-Scheduling-1] INFO  o.t.s.d.u.AbstractBufferedRateExecutor - [Write] Permits queueSize = [0] totalAdded = [4] totalLaunched = [4] totalReleased = [4] totalFailed = [0] totalExpired = [0] totalRejected = [0] totalRateLimited = [0] totalRateLimitedTenants = [0] currBuffer = [0] 
2025-12-19 14:10:28,928 [TB-Scheduling-3] INFO  o.t.s.s.s.DefaultTbEntityDataSubscriptionService - Stats: regularQueryInvocationCnt = [0], regularQueryInvocationTime = [0], dynamicQueryCnt = [4] dynamicQueryInvocationCnt = [0], dynamicQueryInvocationTime = [0], alarmQueryInvocationCnt = [0], alarmQueryInvocationTime = [0]
2025-12-19 14:10:38,929 [TB-Scheduling-4] INFO  o.t.s.s.s.DefaultTbEntityDataSubscriptionService - Stats: regularQueryInvocationCnt = [0], regularQueryInvocationTime = [0], dynamicQueryCnt = [4] dynamicQueryInvocationCnt = [0], dynamicQueryInvocationTime = [0], alarmQueryInvocationCnt = [0], alarmQueryInvocationTime = [0]
2025-12-19 14:10:48,929 [TB-Scheduling-2] INFO  o.t.s.s.s.DefaultTbEntityDataSubscriptionService - Stats: regularQueryInvocationCnt = [1], regularQueryInvocationTime = [6], dynamicQueryCnt = [4] dynamicQueryInvocationCnt = [0], dynamicQueryInvocationTime = [0], alarmQueryInvocationCnt = [0], alarmQueryInvocationTime = [0]
2025-12-19 14:10:58,930 [TB-Scheduling-4] INFO  o.t.s.s.s.DefaultTbEntityDataSubscriptionService - Stats: regularQueryInvocationCnt = [0], regularQueryInvocationTime = [0], dynamicQueryCnt = [4] dynamicQueryInvocationCnt = [0], dynamicQueryInvocationTime = [0], alarmQueryInvocationCnt = [0], alarmQueryInvocationTime = [0]
2025-12-19 14:10:59,089 [TB-Scheduling-2] INFO  o.t.s.d.u.AbstractBufferedRateExecutor - [Write] Permits queueSize = [0] totalAdded = [7] totalLaunched = [7] totalReleased = [7] totalFailed = [0] totalExpired = [0] totalRejected = [0] totalRateLimited = [0] totalRateLimitedTenants = [0] currBuffer = [0] 
2025-12-19 14:11:08,277 [sql-log-1-thread-1] INFO  o.t.s.dao.sql.TbSqlBlockingQueue - Queue-0 [TS Latest] queueSize [0] totalAdded [7] totalSaved [7] totalFailed [0]
2025-12-19 14:11:08,545 [TB-Scheduling-1] INFO  o.t.s.c.t.s.DefaultTransportService - Transport Stats: openConnections [0]
2025-12-19 14:11:08,931 [TB-Scheduling-3] INFO  o.t.s.s.s.DefaultTbEntityDataSubscriptionService - Stats: regularQueryInvocationCnt = [0], regularQueryInvocationTime = [0], dynamicQueryCnt = [4] dynamicQueryInvocationCnt = [2], dynamicQueryInvocationTime = [51], alarmQueryInvocationCnt = [0], alarmQueryInvocationTime = [0]
2025-12-19 14:11:18,277 [sql-log-1-thread-1] INFO  o.t.s.dao.sql.TbSqlBlockingQueue - Queue-0 [TS Latest] queueSize [0] totalAdded [4] totalSaved [4] totalFailed [0]
2025-12-19 14:11:18,931 [TB-Scheduling-4] INFO  o.t.s.s.s.DefaultTbEntityDataSubscriptionService - Stats: regularQueryInvocationCnt = [0], regularQueryInvocationTime = [0], dynamicQueryCnt = [4] dynamicQueryInvocationCnt = [2], dynamicQueryInvocationTime = [45], alarmQueryInvocationCnt = [0], alarmQueryInvocationTime = [0]
2025-12-19 14:11:19,090 [TB-Scheduling-3] INFO  o.t.s.d.u.AbstractBufferedRateExecutor - [Write] Permits queueSize = [0] totalAdded = [4] totalLaunched = [4] totalReleased = [4] totalFailed = [0] totalExpired = [0] totalRejected = [0] totalRateLimited = [0] totalRateLimitedTenants = [0] currBuffer = [0] 
2025-12-19 14:11:28,932 [TB-Scheduling-1] INFO  o.t.s.s.s.DefaultTbEntityDataSubscriptionService - Stats: regularQueryInvocationCnt = [0], regularQueryInvocationTime = [0], dynamicQueryCnt = [4] dynamicQueryInvocationCnt = [0], dynamicQueryInvocationTime = [0], alarmQueryInvocationCnt = [0], alarmQueryInvocationTime = [0]
2025-12-19 14:11:38,277 [sql-log-1-thread-1] INFO  o.t.s.dao.sql.TbSqlBlockingQueue - Queue-0 [TS Latest] queueSize [0] totalAdded [4] totalSaved [4] totalFailed [0]
2025-12-19 14:11:38,932 [TB-Scheduling-4] INFO  o.t.s.s.s.DefaultTbEntityDataSubscriptionService - Stats: regularQueryInvocationCnt = [0], regularQueryInvocationTime = [0], dynamicQueryCnt = [4] dynamicQueryInvocationCnt = [0], dynamicQueryInvocationTime = [0], alarmQueryInvocationCnt = [0], alarmQueryInvocationTime = [0]
2025-12-19 14:11:39,091 [TB-Scheduling-1] INFO  o.t.s.d.u.AbstractBufferedRateExecutor - [Write] Permits queueSize = [0] totalAdded = [4] totalLaunched = [4] totalReleased = [4] totalFailed = [0] totalExpired = [0] totalRejected = [0] totalRateLimited = [0] totalRateLimitedTenants = [0] currBuffer = [0] 
2025-12-19 14:11:48,933 [TB-Scheduling-2] INFO  o.t.s.s.s.DefaultTbEntityDataSubscriptionService - Stats: regularQueryInvocationCnt = [0], regularQueryInvocationTime = [0], dynamicQueryCnt = [4] dynamicQueryInvocationCnt = [0], dynamicQueryInvocationTime = [0], alarmQueryInvocationCnt = [0], alarmQueryInvocationTime = [0]
2025-12-19 14:11:58,933 [TB-Scheduling-2] INFO  o.t.s.s.s.DefaultTbEntityDataSubscriptionService - Stats: regularQueryInvocationCnt = [1], regularQueryInvocationTime = [10], dynamicQueryCnt = [4] dynamicQueryInvocationCnt = [0], dynamicQueryInvocationTime = [0], alarmQueryInvocationCnt = [0], alarmQueryInvocationTime = [0]
2025-12-19 14:12:08,277 [sql-log-1-thread-1] INFO  o.t.s.dao.sql.TbSqlBlockingQueue - Queue-0 [TS Latest] queueSize [0] totalAdded [7] totalSaved [7] totalFailed [0]
2025-12-19 14:12:08,359 [TB-Scheduling-4] INFO  o.t.s.s.queue.TbCoreConsumerStats - Core Stats: totalMsgs = [1] sessionEvents = [0] getAttr = [0] subToAttr = [0] subToRpc = [0] toDevRpc = [0] subInfo = [0] claimDevice = [0] deviceState = [0] subMsgs = [0] edgeNfs = [1] deviceConnect = [0] deviceActivity = [0] deviceDisconnect = [0] deviceInactivity = [0] coreNfOther = [0] coreNfCompLfcl = [0] coreNfDevRpcRsp = [0] coreNfEdgeUpd = [0] coreNfEdgeSyncReq = [0] coreNfEdgeSyncResp = [0] coreNfNfRlProc = [0] coreNfQueueUpd = [0] coreNfQueueDel = [0] coreNfSubSvc = [0] coreNfSubMgr = [0] coreNfVCRsp = [0] 
2025-12-19 14:12:08,383 [TB-Scheduling-3] INFO  o.t.s.dao.aspect.SqlDaoCallsAspect - Total timing statistics below:
2025-12-19 14:12:08,383 [TB-Scheduling-3] INFO  o.t.s.dao.aspect.SqlDaoCallsAspect - [5c6c4190-f64c-11ee-8f58-c9c802dda3de]: calls: 6, failures: 0, exec time: 23 
2025-12-19 14:12:08,383 [TB-Scheduling-3] INFO  o.t.s.dao.aspect.SqlDaoCallsAspect - [5c6c4190-f64c-11ee-8f58-c9c802dda3de] Top 3 methods by timing:
2025-12-19 14:12:08,383 [TB-Scheduling-3] INFO  o.t.s.dao.aspect.SqlDaoCallsAspect - [5c6c4190-f64c-11ee-8f58-c9c802dda3de]: method: JpaAbstractDao.save(..), calls: 2, failures: 0, exec time: 8
2025-12-19 14:12:08,383 [TB-Scheduling-3] INFO  o.t.s.dao.aspect.SqlDaoCallsAspect - [5c6c4190-f64c-11ee-8f58-c9c802dda3de]: method: JpaAbstractDao.findById(..), calls: 1, failures: 0, exec time: 5
2025-12-19 14:12:08,383 [TB-Scheduling-3] INFO  o.t.s.dao.aspect.SqlDaoCallsAspect - [5c6c4190-f64c-11ee-8f58-c9c802dda3de]: method: JpaDashboardInfoDao.findDashboardsByTenantId(..), calls: 1, failures: 0, exec time: 4
2025-12-19 14:12:08,446 [TB-Scheduling-2] INFO  o.t.s.s.q.TbRuleEngineConsumerStats - [Main] Stats: totalMsgs = [1] successfulMsgs = [1] timeoutMsgs = [0] failedMsgs = [0] tmpTimeout = [0] tmpFailed = [0] successfulIterations = [1] failedIterations = [0] 
2025-12-19 14:12:08,545 [TB-Scheduling-1] INFO  o.t.s.c.t.s.DefaultTransportService - Transport Stats: openConnections [0]
2025-12-19 14:12:08,934 [TB-Scheduling-4] INFO  o.t.s.s.s.DefaultTbEntityDataSubscriptionService - Stats: regularQueryInvocationCnt = [0], regularQueryInvocationTime = [0], dynamicQueryCnt = [4] dynamicQueryInvocationCnt = [2], dynamicQueryInvocationTime = [46], alarmQueryInvocationCnt = [0], alarmQueryInvocationTime = [0]
2025-12-19 14:12:09,091 [TB-Scheduling-2] INFO  o.t.s.d.u.AbstractBufferedRateExecutor - [Write] Permits queueSize = [0] totalAdded = [13] totalLaunched = [13] totalReleased = [13] totalFailed = [0] totalExpired = [0] totalRejected = [0] totalRateLimited = [0] totalRateLimitedTenants = [0] currBuffer = [0] 
2025-12-19 14:12:18,277 [sql-log-1-thread-1] INFO  o.t.s.dao.sql.TbSqlBlockingQueue - Queue-0 [TS Latest] queueSize [0] totalAdded [4] totalSaved [4] totalFailed [0]
2025-12-19 14:12:18,278 [sql-log-1-thread-1] INFO  o.t.s.dao.sql.TbSqlBlockingQueue - Queue-2 [TS Latest] queueSize [0] totalAdded [6] totalSaved [6] totalFailed [0]
2025-12-19 14:12:18,935 [TB-Scheduling-1] INFO  o.t.s.s.s.DefaultTbEntityDataSubscriptionService - Stats: regularQueryInvocationCnt = [1], regularQueryInvocationTime = [3], dynamicQueryCnt = [4] dynamicQueryInvocationCnt = [2], dynamicQueryInvocationTime = [39], alarmQueryInvocationCnt = [0], alarmQueryInvocationTime = [0]
2025-12-19 14:12:19,092 [TB-Scheduling-4] INFO  o.t.s.d.u.AbstractBufferedRateExecutor - [Write] Permits queueSize = [0] totalAdded = [4] totalLaunched = [4] totalReleased = [4] totalFailed = [0] totalExpired = [0] totalRejected = [0] totalRateLimited = [0] totalRateLimitedTenants = [0] currBuffer = [0] 
2025-12-19 14:12:28,935 [TB-Scheduling-2] INFO  o.t.s.s.s.DefaultTbEntityDataSubscriptionService - Stats: regularQueryInvocationCnt = [1], regularQueryInvocationTime = [4], dynamicQueryCnt = [4] dynamicQueryInvocationCnt = [0], dynamicQueryInvocationTime = [0], alarmQueryInvocationCnt = [0], alarmQueryInvocationTime = [0]
2025-12-19 14:12:38,277 [sql-log-1-thread-1] INFO  o.t.s.dao.sql.TbSqlBlockingQueue - Queue-0 [TS Latest] queueSize [0] totalAdded [4] totalSaved [4] totalFailed [0]
2025-12-19 14:12:38,936 [TB-Scheduling-3] INFO  o.t.s.s.s.DefaultTbEntityDataSubscriptionService - Stats: regularQueryInvocationCnt = [0], regularQueryInvocationTime = [0], dynamicQueryCnt = [4] dynamicQueryInvocationCnt = [0], dynamicQueryInvocationTime = [0], alarmQueryInvocationCnt = [0], alarmQueryInvocationTime = [0]
2025-12-19 14:12:39,093 [TB-Scheduling-2] INFO  o.t.s.d.u.AbstractBufferedRateExecutor - [Write] Permits queueSize = [0] totalAdded = [4] totalLaunched = [4] totalReleased = [4] totalFailed = [0] totalExpired = [0] totalRejected = [0] totalRateLimited = [0] totalRateLimitedTenants = [0] currBuffer = [0] 
2025-12-19 14:12:48,936 [TB-Scheduling-4] INFO  o.t.s.s.s.DefaultTbEntityDataSubscriptionService - Stats: regularQueryInvocationCnt = [0], regularQueryInvocationTime = [0], dynamicQueryCnt = [4] dynamicQueryInvocationCnt = [0], dynamicQueryInvocationTime = [0], alarmQueryInvocationCnt = [0], alarmQueryInvocationTime = [0]
2025-12-19 14:12:58,937 [TB-Scheduling-3] INFO  o.t.s.s.s.DefaultTbEntityDataSubscriptionService - Stats: regularQueryInvocationCnt = [0], regularQueryInvocationTime = [0], dynamicQueryCnt = [4] dynamicQueryInvocationCnt = [0], dynamicQueryInvocationTime = [0], alarmQueryInvocationCnt = [0], alarmQueryInvocationTime = [0]
2025-12-19 14:13:08,277 [sql-log-1-thread-1] INFO  o.t.s.dao.sql.TbSqlBlockingQueue - Queue-0 [TS Latest] queueSize [0] totalAdded [7] totalSaved [7] totalFailed [0]
2025-12-19 14:13:08,359 [TB-Scheduling-4] INFO  o.t.s.s.queue.TbCoreConsumerStats - Core Stats: totalMsgs = [1] sessionEvents = [0] getAttr = [0] subToAttr = [0] subToRpc = [0] toDevRpc = [0] subInfo = [0] claimDevice = [0] deviceState = [0] subMsgs = [0] edgeNfs = [1] deviceConnect = [0] deviceActivity = [0] deviceDisconnect = [0] deviceInactivity = [0] coreNfOther = [0] coreNfCompLfcl = [0] coreNfDevRpcRsp = [0] coreNfEdgeUpd = [0] coreNfEdgeSyncReq = [0] coreNfEdgeSyncResp = [0] coreNfNfRlProc = [0] coreNfQueueUpd = [0] coreNfQueueDel = [0] coreNfSubSvc = [0] coreNfSubMgr = [0] coreNfVCRsp = [0] 
2025-12-19 14:13:08,384 [TB-Scheduling-1] INFO  o.t.s.dao.aspect.SqlDaoCallsAspect - Total timing statistics below:
2025-12-19 14:13:08,384 [TB-Scheduling-1] INFO  o.t.s.dao.aspect.SqlDaoCallsAspect - [5c6c4190-f64c-11ee-8f58-c9c802dda3de]: calls: 5, failures: 0, exec time: 24 
2025-12-19 14:13:08,384 [TB-Scheduling-1] INFO  o.t.s.dao.aspect.SqlDaoCallsAspect - [5c6c4190-f64c-11ee-8f58-c9c802dda3de] Top 3 methods by timing:
2025-12-19 14:13:08,384 [TB-Scheduling-1] INFO  o.t.s.dao.aspect.SqlDaoCallsAspect - [5c6c4190-f64c-11ee-8f58-c9c802dda3de]: method: JpaAbstractDao.save(..), calls: 2, failures: 0, exec time: 11
2025-12-19 14:13:08,385 [TB-Scheduling-1] INFO  o.t.s.dao.aspect.SqlDaoCallsAspect - [5c6c4190-f64c-11ee-8f58-c9c802dda3de]: method: JpaDashboardInfoDao.findDashboardsByTenantId(..), calls: 1, failures: 0, exec time: 6
2025-12-19 14:13:08,385 [TB-Scheduling-1] INFO  o.t.s.dao.aspect.SqlDaoCallsAspect - [5c6c4190-f64c-11ee-8f58-c9c802dda3de]: method: JpaAbstractDao.findById(..), calls: 1, failures: 0, exec time: 4
2025-12-19 14:13:08,449 [TB-Scheduling-3] INFO  o.t.s.s.q.TbRuleEngineConsumerStats - [Main] Stats: totalMsgs = [1] successfulMsgs = [1] timeoutMsgs = [0] failedMsgs = [0] tmpTimeout = [0] tmpFailed = [0] successfulIterations = [1] failedIterations = [0] 
2025-12-19 14:13:08,546 [TB-Scheduling-2] INFO  o.t.s.c.t.s.DefaultTransportService - Transport Stats: openConnections [0]
2025-12-19 14:13:08,938 [TB-Scheduling-4] INFO  o.t.s.s.s.DefaultTbEntityDataSubscriptionService - Stats: regularQueryInvocationCnt = [0], regularQueryInvocationTime = [0], dynamicQueryCnt = [4] dynamicQueryInvocationCnt = [2], dynamicQueryInvocationTime = [46], alarmQueryInvocationCnt = [0], alarmQueryInvocationTime = [0]
2025-12-19 14:13:09,094 [TB-Scheduling-3] INFO  o.t.s.d.u.AbstractBufferedRateExecutor - [Write] Permits queueSize = [0] totalAdded = [13] totalLaunched = [13] totalReleased = [13] totalFailed = [0] totalExpired = [0] totalRejected = [0] totalRateLimited = [0] totalRateLimitedTenants = [0] currBuffer = [0] 
2025-12-19 14:13:18,277 [sql-log-1-thread-1] INFO  o.t.s.dao.sql.TbSqlBlockingQueue - Queue-0 [TS Latest] queueSize [0] totalAdded [4] totalSaved [4] totalFailed [0]
2025-12-19 14:13:18,278 [sql-log-1-thread-1] INFO  o.t.s.dao.sql.TbSqlBlockingQueue - Queue-2 [TS Latest] queueSize [0] totalAdded [6] totalSaved [6] totalFailed [0]
2025-12-19 14:13:18,938 [TB-Scheduling-2] INFO  o.t.s.s.s.DefaultTbEntityDataSubscriptionService - Stats: regularQueryInvocationCnt = [1], regularQueryInvocationTime = [10], dynamicQueryCnt = [4] dynamicQueryInvocationCnt = [2], dynamicQueryInvocationTime = [46], alarmQueryInvocationCnt = [0], alarmQueryInvocationTime = [0]
2025-12-19 14:13:19,094 [TB-Scheduling-4] INFO  o.t.s.d.u.AbstractBufferedRateExecutor - [Write] Permits queueSize = [0] totalAdded = [4] totalLaunched = [4] totalReleased = [4] totalFailed = [0] totalExpired = [0] totalRejected = [0] totalRateLimited = [0] totalRateLimitedTenants = [0] currBuffer = [0] 
2025-12-19 14:13:28,939 [TB-Scheduling-1] INFO  o.t.s.s.s.DefaultTbEntityDataSubscriptionService - Stats: regularQueryInvocationCnt = [0], regularQueryInvocationTime = [0], dynamicQueryCnt = [4] dynamicQueryInvocationCnt = [0], dynamicQueryInvocationTime = [0], alarmQueryInvocationCnt = [0], alarmQueryInvocationTime = [0]
2025-12-19 14:13:38,939 [TB-Scheduling-2] INFO  o.t.s.s.s.DefaultTbEntityDataSubscriptionService - Stats: regularQueryInvocationCnt = [0], regularQueryInvocationTime = [0], dynamicQueryCnt = [4] dynamicQueryInvocationCnt = [0], dynamicQueryInvocationTime = [0], alarmQueryInvocationCnt = [0], alarmQueryInvocationTime = [0]
2025-12-19 14:13:48,940 [TB-Scheduling-4] INFO  o.t.s.s.s.DefaultTbEntityDataSubscriptionService - Stats: regularQueryInvocationCnt = [0], regularQueryInvocationTime = [0], dynamicQueryCnt = [4] dynamicQueryInvocationCnt = [0], dynamicQueryInvocationTime = [0], alarmQueryInvocationCnt = [0], alarmQueryInvocationTime = [0]
2025-12-19 14:13:58,941 [TB-Scheduling-3] INFO  o.t.s.s.s.DefaultTbEntityDataSubscriptionService - Stats: regularQueryInvocationCnt = [0], regularQueryInvocationTime = [0], dynamicQueryCnt = [4] dynamicQueryInvocationCnt = [0], dynamicQueryInvocationTime = [0], alarmQueryInvocationCnt = [0], alarmQueryInvocationTime = [0]
2025-12-19 14:14:08,277 [sql-log-1-thread-1] INFO  o.t.s.dao.sql.TbSqlBlockingQueue - Queue-0 [TS Latest] queueSize [0] totalAdded [7] totalSaved [7] totalFailed [0]
2025-12-19 14:14:08,546 [TB-Scheduling-4] INFO  o.t.s.c.t.s.DefaultTransportService - Transport Stats: openConnections [0]
2025-12-19 14:14:08,942 [TB-Scheduling-3] INFO  o.t.s.s.s.DefaultTbEntityDataSubscriptionService - Stats: regularQueryInvocationCnt = [1], regularQueryInvocationTime = [15], dynamicQueryCnt = [4] dynamicQueryInvocationCnt = [2], dynamicQueryInvocationTime = [57], alarmQueryInvocationCnt = [0], alarmQueryInvocationTime = [0]
2025-12-19 14:14:09,095 [TB-Scheduling-1] INFO  o.t.s.d.u.AbstractBufferedRateExecutor - [Write] Permits queueSize = [0] totalAdded = [7] totalLaunched = [7] totalReleased = [7] totalFailed = [0] totalExpired = [0] totalRejected = [0] totalRateLimited = [0] totalRateLimitedTenants = [0] currBuffer = [0] 
2025-12-19 14:14:18,277 [sql-log-1-thread-1] INFO  o.t.s.dao.sql.TbSqlBlockingQueue - Queue-0 [TS Latest] queueSize [0] totalAdded [4] totalSaved [4] totalFailed [0]
2025-12-19 14:14:18,943 [TB-Scheduling-4] INFO  o.t.s.s.s.DefaultTbEntityDataSubscriptionService - Stats: regularQueryInvocationCnt = [0], regularQueryInvocationTime = [0], dynamicQueryCnt = [4] dynamicQueryInvocationCnt = [2], dynamicQueryInvocationTime = [48], alarmQueryInvocationCnt = [0], alarmQueryInvocationTime = [0]
2025-12-19 14:14:19,096 [TB-Scheduling-3] INFO  o.t.s.d.u.AbstractBufferedRateExecutor - [Write] Permits queueSize = [0] totalAdded = [4] totalLaunched = [4] totalReleased = [4] totalFailed = [0] totalExpired = [0] totalRejected = [0] totalRateLimited = [0] totalRateLimitedTenants = [0] currBuffer = [0] 
2025-12-19 14:14:28,943 [TB-Scheduling-1] INFO  o.t.s.s.s.DefaultTbEntityDataSubscriptionService - Stats: regularQueryInvocationCnt = [0], regularQueryInvocationTime = [0], dynamicQueryCnt = [4] dynamicQueryInvocationCnt = [0], dynamicQueryInvocationTime = [0], alarmQueryInvocationCnt = [0], alarmQueryInvocationTime = [0]
2025-12-19 14:14:38,944 [TB-Scheduling-2] INFO  o.t.s.s.s.DefaultTbEntityDataSubscriptionService - Stats: regularQueryInvocationCnt = [0], regularQueryInvocationTime = [0], dynamicQueryCnt = [4] dynamicQueryInvocationCnt = [0], dynamicQueryInvocationTime = [0], alarmQueryInvocationCnt = [0], alarmQueryInvocationTime = [0]
2025-12-19 14:14:48,944 [TB-Scheduling-4] INFO  o.t.s.s.s.DefaultTbEntityDataSubscriptionService - Stats: regularQueryInvocationCnt = [2], regularQueryInvocationTime = [7], dynamicQueryCnt = [4] dynamicQueryInvocationCnt = [0], dynamicQueryInvocationTime = [0], alarmQueryInvocationCnt = [0], alarmQueryInvocationTime = [0]
2025-12-19 14:14:58,945 [TB-Scheduling-2] INFO  o.t.s.s.s.DefaultTbEntityDataSubscriptionService - Stats: regularQueryInvocationCnt = [0], regularQueryInvocationTime = [0], dynamicQueryCnt = [4] dynamicQueryInvocationCnt = [0], dynamicQueryInvocationTime = [0], alarmQueryInvocationCnt = [0], alarmQueryInvocationTime = [0]
2025-12-19 14:15:08,277 [sql-log-1-thread-1] INFO  o.t.s.dao.sql.TbSqlBlockingQueue - Queue-0 [TS Latest] queueSize [0] totalAdded [11] totalSaved [11] totalFailed [0]
2025-12-19 14:15:08,360 [TB-Scheduling-3] INFO  o.t.s.s.queue.TbCoreConsumerStats - Core Stats: totalMsgs = [1] sessionEvents = [0] getAttr = [0] subToAttr = [0] subToRpc = [0] toDevRpc = [0] subInfo = [0] claimDevice = [0] deviceState = [0] subMsgs = [0] edgeNfs = [1] deviceConnect = [0] deviceActivity = [0] deviceDisconnect = [0] deviceInactivity = [0] coreNfOther = [0] coreNfCompLfcl = [0] coreNfDevRpcRsp = [0] coreNfEdgeUpd = [0] coreNfEdgeSyncReq = [0] coreNfEdgeSyncResp = [0] coreNfNfRlProc = [0] coreNfQueueUpd = [0] coreNfQueueDel = [0] coreNfSubSvc = [0] coreNfSubMgr = [0] coreNfVCRsp = [0] 
2025-12-19 14:15:08,385 [TB-Scheduling-1] INFO  o.t.s.dao.aspect.SqlDaoCallsAspect - Total timing statistics below:
2025-12-19 14:15:08,386 [TB-Scheduling-1] INFO  o.t.s.dao.aspect.SqlDaoCallsAspect - [5c6c4190-f64c-11ee-8f58-c9c802dda3de]: calls: 5, failures: 0, exec time: 28 
2025-12-19 14:15:08,386 [TB-Scheduling-1] INFO  o.t.s.dao.aspect.SqlDaoCallsAspect - [5c6c4190-f64c-11ee-8f58-c9c802dda3de] Top 3 methods by timing:
2025-12-19 14:15:08,386 [TB-Scheduling-1] INFO  o.t.s.dao.aspect.SqlDaoCallsAspect - [5c6c4190-f64c-11ee-8f58-c9c802dda3de]: method: JpaAbstractDao.save(..), calls: 2, failures: 0, exec time: 10
2025-12-19 14:15:08,386 [TB-Scheduling-1] INFO  o.t.s.dao.aspect.SqlDaoCallsAspect - [5c6c4190-f64c-11ee-8f58-c9c802dda3de]: method: JpaDashboardInfoDao.findDashboardsByTenantId(..), calls: 1, failures: 0, exec time: 9
2025-12-19 14:15:08,387 [TB-Scheduling-1] INFO  o.t.s.dao.aspect.SqlDaoCallsAspect - [5c6c4190-f64c-11ee-8f58-c9c802dda3de]: method: JpaAbstractDao.findById(..), calls: 1, failures: 0, exec time: 6
2025-12-19 14:15:08,450 [TB-Scheduling-2] INFO  o.t.s.s.q.TbRuleEngineConsumerStats - [Main] Stats: totalMsgs = [1] successfulMsgs = [1] timeoutMsgs = [0] failedMsgs = [0] tmpTimeout = [0] tmpFailed = [0] successfulIterations = [1] failedIterations = [0] 
2025-12-19 14:15:08,547 [TB-Scheduling-4] INFO  o.t.s.c.t.s.DefaultTransportService - Transport Stats: openConnections [0]
2025-12-19 14:15:08,945 [TB-Scheduling-3] INFO  o.t.s.s.s.DefaultTbEntityDataSubscriptionService - Stats: regularQueryInvocationCnt = [0], regularQueryInvocationTime = [0], dynamicQueryCnt = [4] dynamicQueryInvocationCnt = [2], dynamicQueryInvocationTime = [39], alarmQueryInvocationCnt = [0], alarmQueryInvocationTime = [0]
2025-12-19 14:15:09,097 [TB-Scheduling-2] INFO  o.t.s.d.u.AbstractBufferedRateExecutor - [Write] Permits queueSize = [0] totalAdded = [17] totalLaunched = [17] totalReleased = [17] totalFailed = [0] totalExpired = [0] totalRejected = [0] totalRateLimited = [0] totalRateLimitedTenants = [0] currBuffer = [0] 
2025-12-19 14:15:18,277 [sql-log-1-thread-1] INFO  o.t.s.dao.sql.TbSqlBlockingQueue - Queue-0 [TS Latest] queueSize [0] totalAdded [4] totalSaved [4] totalFailed [0]
2025-12-19 14:15:18,278 [sql-log-1-thread-1] INFO  o.t.s.dao.sql.TbSqlBlockingQueue - Queue-2 [TS Latest] queueSize [0] totalAdded [6] totalSaved [6] totalFailed [0]
2025-12-19 14:15:18,946 [TB-Scheduling-4] INFO  o.t.s.s.s.DefaultTbEntityDataSubscriptionService - Stats: regularQueryInvocationCnt = [1], regularQueryInvocationTime = [3], dynamicQueryCnt = [4] dynamicQueryInvocationCnt = [2], dynamicQueryInvocationTime = [45], alarmQueryInvocationCnt = [0], alarmQueryInvocationTime = [0]
2025-12-19 14:15:19,097 [TB-Scheduling-3] INFO  o.t.s.d.u.AbstractBufferedRateExecutor - [Write] Permits queueSize = [0] totalAdded = [4] totalLaunched = [4] totalReleased = [4] totalFailed = [0] totalExpired = [0] totalRejected = [0] totalRateLimited = [0] totalRateLimitedTenants = [0] currBuffer = [0] 
2025-12-19 14:15:28,946 [TB-Scheduling-2] INFO  o.t.s.s.s.DefaultTbEntityDataSubscriptionService - Stats: regularQueryInvocationCnt = [0], regularQueryInvocationTime = [0], dynamicQueryCnt = [4] dynamicQueryInvocationCnt = [0], dynamicQueryInvocationTime = [0], alarmQueryInvocationCnt = [0], alarmQueryInvocationTime = [0]
2025-12-19 14:15:38,947 [TB-Scheduling-1] INFO  o.t.s.s.s.DefaultTbEntityDataSubscriptionService - Stats: regularQueryInvocationCnt = [0], regularQueryInvocationTime = [0], dynamicQueryCnt = [4] dynamicQueryInvocationCnt = [0], dynamicQueryInvocationTime = [0], alarmQueryInvocationCnt = [0], alarmQueryInvocationTime = [0]
2025-12-19 14:15:48,947 [TB-Scheduling-2] INFO  o.t.s.s.s.DefaultTbEntityDataSubscriptionService - Stats: regularQueryInvocationCnt = [1], regularQueryInvocationTime = [3], dynamicQueryCnt = [4] dynamicQueryInvocationCnt = [0], dynamicQueryInvocationTime = [0], alarmQueryInvocationCnt = [0], alarmQueryInvocationTime = [0]
2025-12-19 14:15:58,948 [TB-Scheduling-1] INFO  o.t.s.s.s.DefaultTbEntityDataSubscriptionService - Stats: regularQueryInvocationCnt = [1], regularQueryInvocationTime = [8], dynamicQueryCnt = [4] dynamicQueryInvocationCnt = [0], dynamicQueryInvocationTime = [0], alarmQueryInvocationCnt = [0], alarmQueryInvocationTime = [0]
2025-12-19 14:16:08,277 [sql-log-1-thread-1] INFO  o.t.s.dao.sql.TbSqlBlockingQueue - Queue-0 [TS Latest] queueSize [0] totalAdded [7] totalSaved [7] totalFailed [0]
2025-12-19 14:16:08,547 [TB-Scheduling-2] INFO  o.t.s.c.t.s.DefaultTransportService - Transport Stats: openConnections [0]
2025-12-19 14:16:08,948 [TB-Scheduling-4] INFO  o.t.s.s.s.DefaultTbEntityDataSubscriptionService - Stats: regularQueryInvocationCnt = [1], regularQueryInvocationTime = [2], dynamicQueryCnt = [4] dynamicQueryInvocationCnt = [2], dynamicQueryInvocationTime = [37], alarmQueryInvocationCnt = [0], alarmQueryInvocationTime = [0]
2025-12-19 14:16:09,099 [TB-Scheduling-3] INFO  o.t.s.d.u.AbstractBufferedRateExecutor - [Write] Permits queueSize = [0] totalAdded = [7] totalLaunched = [7] totalReleased = [7] totalFailed = [0] totalExpired = [0] totalRejected = [0] totalRateLimited = [0] totalRateLimitedTenants = [0] currBuffer = [0] 
2025-12-19 14:16:18,277 [sql-log-1-thread-1] INFO  o.t.s.dao.sql.TbSqlBlockingQueue - Queue-0 [TS Latest] queueSize [0] totalAdded [4] totalSaved [4] totalFailed [0]
2025-12-19 14:16:18,949 [TB-Scheduling-2] INFO  o.t.s.s.s.DefaultTbEntityDataSubscriptionService - Stats: regularQueryInvocationCnt = [0], regularQueryInvocationTime = [0], dynamicQueryCnt = [4] dynamicQueryInvocationCnt = [2], dynamicQueryInvocationTime = [33], alarmQueryInvocationCnt = [0], alarmQueryInvocationTime = [0]
2025-12-19 14:16:19,099 [TB-Scheduling-4] INFO  o.t.s.d.u.AbstractBufferedRateExecutor - [Write] Permits queueSize = [0] totalAdded = [4] totalLaunched = [4] totalReleased = [4] totalFailed = [0] totalExpired = [0] totalRejected = [0] totalRateLimited = [0] totalRateLimitedTenants = [0] currBuffer = [0] 
2025-12-19 14:16:28,949 [TB-Scheduling-1] INFO  o.t.s.s.s.DefaultTbEntityDataSubscriptionService - Stats: regularQueryInvocationCnt = [0], regularQueryInvocationTime = [0], dynamicQueryCnt = [4] dynamicQueryInvocationCnt = [0], dynamicQueryInvocationTime = [0], alarmQueryInvocationCnt = [0], alarmQueryInvocationTime = [0]
2025-12-19 14:16:38,950 [TB-Scheduling-3] INFO  o.t.s.s.s.DefaultTbEntityDataSubscriptionService - Stats: regularQueryInvocationCnt = [1], regularQueryInvocationTime = [3], dynamicQueryCnt = [4] dynamicQueryInvocationCnt = [0], dynamicQueryInvocationTime = [0], alarmQueryInvocationCnt = [0], alarmQueryInvocationTime = [0]
2025-12-19 14:16:48,674 [subscription-scheduler-22-thread-1] INFO  o.t.s.s.s.DefaultSubscriptionManagerService - Removed -1 old entity update records.
2025-12-19 14:16:48,950 [TB-Scheduling-2] INFO  o.t.s.s.s.DefaultTbEntityDataSubscriptionService - Stats: regularQueryInvocationCnt = [3], regularQueryInvocationTime = [9], dynamicQueryCnt = [4] dynamicQueryInvocationCnt = [0], dynamicQueryInvocationTime = [0], alarmQueryInvocationCnt = [0], alarmQueryInvocationTime = [0]
2025-12-19 14:16:58,951 [TB-Scheduling-1] INFO  o.t.s.s.s.DefaultTbEntityDataSubscriptionService - Stats: regularQueryInvocationCnt = [0], regularQueryInvocationTime = [0], dynamicQueryCnt = [4] dynamicQueryInvocationCnt = [0], dynamicQueryInvocationTime = [0], alarmQueryInvocationCnt = [0], alarmQueryInvocationTime = [0]
2025-12-19 14:17:08,277 [sql-log-1-thread-1] INFO  o.t.s.dao.sql.TbSqlBlockingQueue - Queue-0 [TS Latest] queueSize [0] totalAdded [11] totalSaved [11] totalFailed [0]
2025-12-19 14:17:08,361 [TB-Scheduling-4] INFO  o.t.s.s.queue.TbCoreConsumerStats - Core Stats: totalMsgs = [1] sessionEvents = [0] getAttr = [0] subToAttr = [0] subToRpc = [0] toDevRpc = [0] subInfo = [0] claimDevice = [0] deviceState = [0] subMsgs = [0] edgeNfs = [1] deviceConnect = [0] deviceActivity = [0] deviceDisconnect = [0] deviceInactivity = [0] coreNfOther = [0] coreNfCompLfcl = [0] coreNfDevRpcRsp = [0] coreNfEdgeUpd = [0] coreNfEdgeSyncReq = [0] coreNfEdgeSyncResp = [0] coreNfNfRlProc = [0] coreNfQueueUpd = [0] coreNfQueueDel = [0] coreNfSubSvc = [0] coreNfSubMgr = [0] coreNfVCRsp = [0] 
2025-12-19 14:17:08,387 [TB-Scheduling-2] INFO  o.t.s.dao.aspect.SqlDaoCallsAspect - Total timing statistics below:
2025-12-19 14:17:08,388 [TB-Scheduling-2] INFO  o.t.s.dao.aspect.SqlDaoCallsAspect - [5c6c4190-f64c-11ee-8f58-c9c802dda3de]: calls: 5, failures: 0, exec time: 23 
2025-12-19 14:17:08,388 [TB-Scheduling-2] INFO  o.t.s.dao.aspect.SqlDaoCallsAspect - [5c6c4190-f64c-11ee-8f58-c9c802dda3de] Top 3 methods by timing:
2025-12-19 14:17:08,388 [TB-Scheduling-2] INFO  o.t.s.dao.aspect.SqlDaoCallsAspect - [5c6c4190-f64c-11ee-8f58-c9c802dda3de]: method: JpaAbstractDao.save(..), calls: 2, failures: 0, exec time: 14
2025-12-19 14:17:08,388 [TB-Scheduling-2] INFO  o.t.s.dao.aspect.SqlDaoCallsAspect - [5c6c4190-f64c-11ee-8f58-c9c802dda3de]: method: JpaAbstractDao.findById(..), calls: 1, failures: 0, exec time: 4
2025-12-19 14:17:08,388 [TB-Scheduling-2] INFO  o.t.s.dao.aspect.SqlDaoCallsAspect - [5c6c4190-f64c-11ee-8f58-c9c802dda3de]: method: JpaEdgeDao.findEdgesByTenantIdAndEntityId(..), calls: 1, failures: 0, exec time: 3
2025-12-19 14:17:08,452 [TB-Scheduling-1] INFO  o.t.s.s.q.TbRuleEngineConsumerStats - [Main] Stats: totalMsgs = [1] successfulMsgs = [1] timeoutMsgs = [0] failedMsgs = [0] tmpTimeout = [0] tmpFailed = [0] successfulIterations = [1] failedIterations = [0] 
2025-12-19 14:17:08,547 [TB-Scheduling-3] INFO  o.t.s.c.t.s.DefaultTransportService - Transport Stats: openConnections [0]
2025-12-19 14:17:08,951 [TB-Scheduling-1] INFO  o.t.s.s.s.DefaultTbEntityDataSubscriptionService - Stats: regularQueryInvocationCnt = [0], regularQueryInvocationTime = [0], dynamicQueryCnt = [4] dynamicQueryInvocationCnt = [2], dynamicQueryInvocationTime = [35], alarmQueryInvocationCnt = [0], alarmQueryInvocationTime = [0]
2025-12-19 14:17:09,100 [TB-Scheduling-4] INFO  o.t.s.d.u.AbstractBufferedRateExecutor - [Write] Permits queueSize = [0] totalAdded = [17] totalLaunched = [17] totalReleased = [17] totalFailed = [0] totalExpired = [0] totalRejected = [0] totalRateLimited = [0] totalRateLimitedTenants = [0] currBuffer = [0] 
2025-12-19 14:17:12,248 [sql-log-1-thread-1] INFO  o.t.s.dao.sql.TbSqlBlockingQueue - Queue-0 [Events] queueSize [0] totalAdded [2] totalSaved [2] totalFailed [0]
2025-12-19 14:17:12,248 [sql-log-1-thread-1] INFO  o.t.s.dao.sql.TbSqlBlockingQueue - Queue-1 [Events] queueSize [0] totalAdded [1] totalSaved [1] totalFailed [0]
2025-12-19 14:17:18,277 [sql-log-1-thread-1] INFO  o.t.s.dao.sql.TbSqlBlockingQueue - Queue-0 [TS Latest] queueSize [0] totalAdded [4] totalSaved [4] totalFailed [0]
2025-12-19 14:17:18,278 [sql-log-1-thread-1] INFO  o.t.s.dao.sql.TbSqlBlockingQueue - Queue-2 [TS Latest] queueSize [0] totalAdded [6] totalSaved [6] totalFailed [0]
2025-12-19 14:17:18,952 [TB-Scheduling-2] INFO  o.t.s.s.s.DefaultTbEntityDataSubscriptionService - Stats: regularQueryInvocationCnt = [1], regularQueryInvocationTime = [3], dynamicQueryCnt = [4] dynamicQueryInvocationCnt = [2], dynamicQueryInvocationTime = [34], alarmQueryInvocationCnt = [0], alarmQueryInvocationTime = [0]
2025-12-19 14:17:19,101 [TB-Scheduling-1] INFO  o.t.s.d.u.AbstractBufferedRateExecutor - [Write] Permits queueSize = [0] totalAdded = [4] totalLaunched = [4] totalReleased = [4] totalFailed = [0] totalExpired = [0] totalRejected = [0] totalRateLimited = [0] totalRateLimitedTenants = [0] currBuffer = [0] 
2025-12-19 14:17:28,953 [TB-Scheduling-3] INFO  o.t.s.s.s.DefaultTbEntityDataSubscriptionService - Stats: regularQueryInvocationCnt = [0], regularQueryInvocationTime = [0], dynamicQueryCnt = [4] dynamicQueryInvocationCnt = [0], dynamicQueryInvocationTime = [0], alarmQueryInvocationCnt = [0], alarmQueryInvocationTime = [0]
2025-12-19 14:17:38,954 [TB-Scheduling-4] INFO  o.t.s.s.s.DefaultTbEntityDataSubscriptionService - Stats: regularQueryInvocationCnt = [0], regularQueryInvocationTime = [0], dynamicQueryCnt = [4] dynamicQueryInvocationCnt = [0], dynamicQueryInvocationTime = [0], alarmQueryInvocationCnt = [0], alarmQueryInvocationTime = [0]
2025-12-19 14:17:48,955 [TB-Scheduling-3] INFO  o.t.s.s.s.DefaultTbEntityDataSubscriptionService - Stats: regularQueryInvocationCnt = [0], regularQueryInvocationTime = [0], dynamicQueryCnt = [4] dynamicQueryInvocationCnt = [0], dynamicQueryInvocationTime = [0], alarmQueryInvocationCnt = [0], alarmQueryInvocationTime = [0]
2025-12-19 14:17:58,956 [TB-Scheduling-4] INFO  o.t.s.s.s.DefaultTbEntityDataSubscriptionService - Stats: regularQueryInvocationCnt = [1], regularQueryInvocationTime = [7], dynamicQueryCnt = [4] dynamicQueryInvocationCnt = [0], dynamicQueryInvocationTime = [0], alarmQueryInvocationCnt = [0], alarmQueryInvocationTime = [0]
2025-12-19 14:18:08,277 [sql-log-1-thread-1] INFO  o.t.s.dao.sql.TbSqlBlockingQueue - Queue-0 [TS Latest] queueSize [0] totalAdded [7] totalSaved [7] totalFailed [0]
2025-12-19 14:18:08,548 [TB-Scheduling-2] INFO  o.t.s.c.t.s.DefaultTransportService - Transport Stats: openConnections [0]
2025-12-19 14:18:08,956 [TB-Scheduling-3] INFO  o.t.s.s.s.DefaultTbEntityDataSubscriptionService - Stats: regularQueryInvocationCnt = [0], regularQueryInvocationTime = [0], dynamicQueryCnt = [4] dynamicQueryInvocationCnt = [2], dynamicQueryInvocationTime = [51], alarmQueryInvocationCnt = [0], alarmQueryInvocationTime = [0]
2025-12-19 14:18:09,102 [TB-Scheduling-1] INFO  o.t.s.d.u.AbstractBufferedRateExecutor - [Write] Permits queueSize = [0] totalAdded = [7] totalLaunched = [7] totalReleased = [7] totalFailed = [0] totalExpired = [0] totalRejected = [0] totalRateLimited = [0] totalRateLimitedTenants = [0] currBuffer = [0] 
2025-12-19 14:18:18,277 [sql-log-1-thread-1] INFO  o.t.s.dao.sql.TbSqlBlockingQueue - Queue-0 [TS Latest] queueSize [0] totalAdded [4] totalSaved [4] totalFailed [0]
2025-12-19 14:18:18,957 [TB-Scheduling-2] INFO  o.t.s.s.s.DefaultTbEntityDataSubscriptionService - Stats: regularQueryInvocationCnt = [0], regularQueryInvocationTime = [0], dynamicQueryCnt = [4] dynamicQueryInvocationCnt = [2], dynamicQueryInvocationTime = [33], alarmQueryInvocationCnt = [0], alarmQueryInvocationTime = [0]
2025-12-19 14:18:19,103 [TB-Scheduling-3] INFO  o.t.s.d.u.AbstractBufferedRateExecutor - [Write] Permits queueSize = [0] totalAdded = [4] totalLaunched = [4] totalReleased = [4] totalFailed = [0] totalExpired = [0] totalRejected = [0] totalRateLimited = [0] totalRateLimitedTenants = [0] currBuffer = [0] 
2025-12-19 14:18:28,958 [TB-Scheduling-1] INFO  o.t.s.s.s.DefaultTbEntityDataSubscriptionService - Stats: regularQueryInvocationCnt = [0], regularQueryInvocationTime = [0], dynamicQueryCnt = [4] dynamicQueryInvocationCnt = [0], dynamicQueryInvocationTime = [0], alarmQueryInvocationCnt = [0], alarmQueryInvocationTime = [0]
2025-12-19 14:18:38,958 [TB-Scheduling-4] INFO  o.t.s.s.s.DefaultTbEntityDataSubscriptionService - Stats: regularQueryInvocationCnt = [0], regularQueryInvocationTime = [0], dynamicQueryCnt = [4] dynamicQueryInvocationCnt = [0], dynamicQueryInvocationTime = [0], alarmQueryInvocationCnt = [0], alarmQueryInvocationTime = [0]
2025-12-19 14:18:48,959 [TB-Scheduling-1] INFO  o.t.s.s.s.DefaultTbEntityDataSubscriptionService - Stats: regularQueryInvocationCnt = [0], regularQueryInvocationTime = [0], dynamicQueryCnt = [4] dynamicQueryInvocationCnt = [0], dynamicQueryInvocationTime = [0], alarmQueryInvocationCnt = [0], alarmQueryInvocationTime = [0]
2025-12-19 14:18:58,959 [TB-Scheduling-3] INFO  o.t.s.s.s.DefaultTbEntityDataSubscriptionService - Stats: regularQueryInvocationCnt = [0], regularQueryInvocationTime = [0], dynamicQueryCnt = [4] dynamicQueryInvocationCnt = [0], dynamicQueryInvocationTime = [0], alarmQueryInvocationCnt = [0], alarmQueryInvocationTime = [0]
2025-12-19 14:19:08,277 [sql-log-1-thread-1] INFO  o.t.s.dao.sql.TbSqlBlockingQueue - Queue-0 [TS Latest] queueSize [0] totalAdded [7] totalSaved [7] totalFailed [0]
2025-12-19 14:19:08,549 [TB-Scheduling-1] INFO  o.t.s.c.t.s.DefaultTransportService - Transport Stats: openConnections [0]
2025-12-19 14:19:08,960 [TB-Scheduling-2] INFO  o.t.s.s.s.DefaultTbEntityDataSubscriptionService - Stats: regularQueryInvocationCnt = [0], regularQueryInvocationTime = [0], dynamicQueryCnt = [4] dynamicQueryInvocationCnt = [2], dynamicQueryInvocationTime = [9], alarmQueryInvocationCnt = [0], alarmQueryInvocationTime = [0]
2025-12-19 14:19:09,104 [TB-Scheduling-4] INFO  o.t.s.d.u.AbstractBufferedRateExecutor - [Write] Permits queueSize = [0] totalAdded = [7] totalLaunched = [7] totalReleased = [7] totalFailed = [0] totalExpired = [0] totalRejected = [0] totalRateLimited = [0] totalRateLimitedTenants = [0] currBuffer = [0] 
2025-12-19 14:19:18,277 [sql-log-1-thread-1] INFO  o.t.s.dao.sql.TbSqlBlockingQueue - Queue-0 [TS Latest] queueSize [0] totalAdded [4] totalSaved [4] totalFailed [0]
2025-12-19 14:19:18,960 [TB-Scheduling-1] INFO  o.t.s.s.s.DefaultTbEntityDataSubscriptionService - Stats: regularQueryInvocationCnt = [0], regularQueryInvocationTime = [0], dynamicQueryCnt = [4] dynamicQueryInvocationCnt = [2], dynamicQueryInvocationTime = [10], alarmQueryInvocationCnt = [0], alarmQueryInvocationTime = [0]
2025-12-19 14:19:19,105 [TB-Scheduling-2] INFO  o.t.s.d.u.AbstractBufferedRateExecutor - [Write] Permits queueSize = [0] totalAdded = [4] totalLaunched = [4] totalReleased = [4] totalFailed = [0] totalExpired = [0] totalRejected = [0] totalRateLimited = [0] totalRateLimitedTenants = [0] currBuffer = [0] 
2025-12-19 14:19:28,961 [TB-Scheduling-4] INFO  o.t.s.s.s.DefaultTbEntityDataSubscriptionService - Stats: regularQueryInvocationCnt = [0], regularQueryInvocationTime = [0], dynamicQueryCnt = [4] dynamicQueryInvocationCnt = [0], dynamicQueryInvocationTime = [0], alarmQueryInvocationCnt = [0], alarmQueryInvocationTime = [0]
2025-12-19 14:19:38,961 [TB-Scheduling-3] INFO  o.t.s.s.s.DefaultTbEntityDataSubscriptionService - Stats: regularQueryInvocationCnt = [0], regularQueryInvocationTime = [0], dynamicQueryCnt = [4] dynamicQueryInvocationCnt = [0], dynamicQueryInvocationTime = [0], alarmQueryInvocationCnt = [0], alarmQueryInvocationTime = [0]
2025-12-19 14:19:48,962 [TB-Scheduling-4] INFO  o.t.s.s.s.DefaultTbEntityDataSubscriptionService - Stats: regularQueryInvocationCnt = [0], regularQueryInvocationTime = [0], dynamicQueryCnt = [4] dynamicQueryInvocationCnt = [0], dynamicQueryInvocationTime = [0], alarmQueryInvocationCnt = [0], alarmQueryInvocationTime = [0]
2025-12-19 14:19:58,962 [TB-Scheduling-1] INFO  o.t.s.s.s.DefaultTbEntityDataSubscriptionService - Stats: regularQueryInvocationCnt = [0], regularQueryInvocationTime = [0], dynamicQueryCnt = [4] dynamicQueryInvocationCnt = [0], dynamicQueryInvocationTime = [0], alarmQueryInvocationCnt = [0], alarmQueryInvocationTime = [0]
2025-12-19 14:20:08,277 [sql-log-1-thread-1] INFO  o.t.s.dao.sql.TbSqlBlockingQueue - Queue-0 [TS Latest] queueSize [0] totalAdded [7] totalSaved [7] totalFailed [0]
2025-12-19 14:20:08,549 [TB-Scheduling-3] INFO  o.t.s.c.t.s.DefaultTransportService - Transport Stats: openConnections [0]
2025-12-19 14:20:08,963 [TB-Scheduling-4] INFO  o.t.s.s.s.DefaultTbEntityDataSubscriptionService - Stats: regularQueryInvocationCnt = [0], regularQueryInvocationTime = [0], dynamicQueryCnt = [4] dynamicQueryInvocationCnt = [2], dynamicQueryInvocationTime = [13], alarmQueryInvocationCnt = [0], alarmQueryInvocationTime = [0]
2025-12-19 14:20:09,106 [TB-Scheduling-2] INFO  o.t.s.d.u.AbstractBufferedRateExecutor - [Write] Permits queueSize = [0] totalAdded = [7] totalLaunched = [7] totalReleased = [7] totalFailed = [0] totalExpired = [0] totalRejected = [0] totalRateLimited = [0] totalRateLimitedTenants = [0] currBuffer = [0] 
2025-12-19 14:20:18,277 [sql-log-1-thread-1] INFO  o.t.s.dao.sql.TbSqlBlockingQueue - Queue-0 [TS Latest] queueSize [0] totalAdded [4] totalSaved [4] totalFailed [0]
2025-12-19 14:20:18,963 [TB-Scheduling-3] INFO  o.t.s.s.s.DefaultTbEntityDataSubscriptionService - Stats: regularQueryInvocationCnt = [0], regularQueryInvocationTime = [0], dynamicQueryCnt = [4] dynamicQueryInvocationCnt = [2], dynamicQueryInvocationTime = [10], alarmQueryInvocationCnt = [0], alarmQueryInvocationTime = [0]
2025-12-19 14:20:19,107 [TB-Scheduling-4] INFO  o.t.s.d.u.AbstractBufferedRateExecutor - [Write] Permits queueSize = [0] totalAdded = [4] totalLaunched = [4] totalReleased = [4] totalFailed = [0] totalExpired = [0] totalRejected = [0] totalRateLimited = [0] totalRateLimitedTenants = [0] currBuffer = [0] 
2025-12-19 14:20:28,780 [TB-Scheduling-2] INFO  o.t.s.d.u.AbstractBufferedRateExecutor - [Read] Permits queueSize = [0] totalAdded = [150] totalLaunched = [150] totalReleased = [150] totalFailed = [0] totalExpired = [0] totalRejected = [0] totalRateLimited = [0] totalRateLimitedTenants = [0] currBuffer = [0] 
2025-12-19 14:20:28,964 [TB-Scheduling-1] INFO  o.t.s.s.s.DefaultTbEntityDataSubscriptionService - Stats: regularQueryInvocationCnt = [1], regularQueryInvocationTime = [3], dynamicQueryCnt = [4] dynamicQueryInvocationCnt = [0], dynamicQueryInvocationTime = [0], alarmQueryInvocationCnt = [0], alarmQueryInvocationTime = [0]
2025-12-19 14:20:38,964 [TB-Scheduling-2] INFO  o.t.s.s.s.DefaultTbEntityDataSubscriptionService - Stats: regularQueryInvocationCnt = [0], regularQueryInvocationTime = [0], dynamicQueryCnt = [4] dynamicQueryInvocationCnt = [0], dynamicQueryInvocationTime = [0], alarmQueryInvocationCnt = [0], alarmQueryInvocationTime = [0]
2025-12-19 14:20:48,965 [TB-Scheduling-3] INFO  o.t.s.s.s.DefaultTbEntityDataSubscriptionService - Stats: regularQueryInvocationCnt = [0], regularQueryInvocationTime = [0], dynamicQueryCnt = [4] dynamicQueryInvocationCnt = [0], dynamicQueryInvocationTime = [0], alarmQueryInvocationCnt = [0], alarmQueryInvocationTime = [0]
2025-12-19 14:20:58,966 [TB-Scheduling-1] INFO  o.t.s.s.s.DefaultTbEntityDataSubscriptionService - Stats: regularQueryInvocationCnt = [0], regularQueryInvocationTime = [0], dynamicQueryCnt = [4] dynamicQueryInvocationCnt = [0], dynamicQueryInvocationTime = [0], alarmQueryInvocationCnt = [0], alarmQueryInvocationTime = [0]
2025-12-19 14:21:08,549 [TB-Scheduling-2] INFO  o.t.s.c.t.s.DefaultTransportService - Transport Stats: openConnections [0]
2025-12-19 14:21:08,966 [TB-Scheduling-1] INFO  o.t.s.s.s.DefaultTbEntityDataSubscriptionService - Stats: regularQueryInvocationCnt = [0], regularQueryInvocationTime = [0], dynamicQueryCnt = [4] dynamicQueryInvocationCnt = [2], dynamicQueryInvocationTime = [9], alarmQueryInvocationCnt = [0], alarmQueryInvocationTime = [0]
2025-12-19 14:21:09,108 [TB-Scheduling-3] INFO  o.t.s.d.u.AbstractBufferedRateExecutor - [Write] Permits queueSize = [0] totalAdded = [7] totalLaunched = [7] totalReleased = [7] totalFailed = [0] totalExpired = [0] totalRejected = [0] totalRateLimited = [0] totalRateLimitedTenants = [0] currBuffer = [0] 
2025-12-19 14:21:18,277 [sql-log-1-thread-1] INFO  o.t.s.dao.sql.TbSqlBlockingQueue - Queue-0 [TS Latest] queueSize [0] totalAdded [11] totalSaved [11] totalFailed [0]
2025-12-19 14:21:18,782 [TB-Scheduling-2] INFO  o.t.s.d.u.AbstractBufferedRateExecutor - [Read] Permits queueSize = [0] totalAdded = [18] totalLaunched = [18] totalReleased = [18] totalFailed = [0] totalExpired = [0] totalRejected = [0] totalRateLimited = [0] totalRateLimitedTenants = [0] currBuffer = [0] 
2025-12-19 14:21:18,967 [TB-Scheduling-4] INFO  o.t.s.s.s.DefaultTbEntityDataSubscriptionService - Stats: regularQueryInvocationCnt = [1], regularQueryInvocationTime = [3], dynamicQueryCnt = [4] dynamicQueryInvocationCnt = [2], dynamicQueryInvocationTime = [9], alarmQueryInvocationCnt = [0], alarmQueryInvocationTime = [0]
2025-12-19 14:21:19,108 [TB-Scheduling-1] INFO  o.t.s.d.u.AbstractBufferedRateExecutor - [Write] Permits queueSize = [0] totalAdded = [4] totalLaunched = [4] totalReleased = [4] totalFailed = [0] totalExpired = [0] totalRejected = [0] totalRateLimited = [0] totalRateLimitedTenants = [0] currBuffer = [0] 
2025-12-19 14:21:28,967 [TB-Scheduling-3] INFO  o.t.s.s.s.DefaultTbEntityDataSubscriptionService - Stats: regularQueryInvocationCnt = [0], regularQueryInvocationTime = [0], dynamicQueryCnt = [4] dynamicQueryInvocationCnt = [0], dynamicQueryInvocationTime = [0], alarmQueryInvocationCnt = [0], alarmQueryInvocationTime = [0]
2025-12-19 14:21:38,968 [TB-Scheduling-4] INFO  o.t.s.s.s.DefaultTbEntityDataSubscriptionService - Stats: regularQueryInvocationCnt = [0], regularQueryInvocationTime = [0], dynamicQueryCnt = [4] dynamicQueryInvocationCnt = [0], dynamicQueryInvocationTime = [0], alarmQueryInvocationCnt = [0], alarmQueryInvocationTime = [0]
2025-12-19 14:21:48,969 [TB-Scheduling-3] INFO  o.t.s.s.s.DefaultTbEntityDataSubscriptionService - Stats: regularQueryInvocationCnt = [0], regularQueryInvocationTime = [0], dynamicQueryCnt = [4] dynamicQueryInvocationCnt = [0], dynamicQueryInvocationTime = [0], alarmQueryInvocationCnt = [0], alarmQueryInvocationTime = [0]
2025-12-19 14:21:58,783 [TB-Scheduling-4] INFO  o.t.s.d.u.AbstractBufferedRateExecutor - [Read] Permits queueSize = [0] totalAdded = [18] totalLaunched = [18] totalReleased = [18] totalFailed = [0] totalExpired = [0] totalRejected = [0] totalRateLimited = [0] totalRateLimitedTenants = [0] currBuffer = [0] 
2025-12-19 14:21:58,969 [TB-Scheduling-2] INFO  o.t.s.s.s.DefaultTbEntityDataSubscriptionService - Stats: regularQueryInvocationCnt = [1], regularQueryInvocationTime = [3], dynamicQueryCnt = [4] dynamicQueryInvocationCnt = [0], dynamicQueryInvocationTime = [0], alarmQueryInvocationCnt = [0], alarmQueryInvocationTime = [0]
2025-12-19 14:22:08,363 [TB-Scheduling-3] INFO  o.t.s.s.queue.TbCoreConsumerStats - Core Stats: totalMsgs = [1] sessionEvents = [0] getAttr = [0] subToAttr = [0] subToRpc = [0] toDevRpc = [0] subInfo = [0] claimDevice = [0] deviceState = [0] subMsgs = [0] edgeNfs = [1] deviceConnect = [0] deviceActivity = [0] deviceDisconnect = [0] deviceInactivity = [0] coreNfOther = [0] coreNfCompLfcl = [0] coreNfDevRpcRsp = [0] coreNfEdgeUpd = [0] coreNfEdgeSyncReq = [0] coreNfEdgeSyncResp = [0] coreNfNfRlProc = [0] coreNfQueueUpd = [0] coreNfQueueDel = [0] coreNfSubSvc = [0] coreNfSubMgr = [0] coreNfVCRsp = [0] 
2025-12-19 14:22:08,390 [TB-Scheduling-4] INFO  o.t.s.dao.aspect.SqlDaoCallsAspect - Total timing statistics below:
2025-12-19 14:22:08,390 [TB-Scheduling-4] INFO  o.t.s.dao.aspect.SqlDaoCallsAspect - [5c6c4190-f64c-11ee-8f58-c9c802dda3de]: calls: 5, failures: 0, exec time: 24 
2025-12-19 14:22:08,391 [TB-Scheduling-4] INFO  o.t.s.dao.aspect.SqlDaoCallsAspect - [5c6c4190-f64c-11ee-8f58-c9c802dda3de] Top 3 methods by timing:
2025-12-19 14:22:08,391 [TB-Scheduling-4] INFO  o.t.s.dao.aspect.SqlDaoCallsAspect - [5c6c4190-f64c-11ee-8f58-c9c802dda3de]: method: JpaAbstractDao.save(..), calls: 2, failures: 0, exec time: 14
2025-12-19 14:22:08,391 [TB-Scheduling-4] INFO  o.t.s.dao.aspect.SqlDaoCallsAspect - [5c6c4190-f64c-11ee-8f58-c9c802dda3de]: method: JpaAbstractDao.findById(..), calls: 1, failures: 0, exec time: 5
2025-12-19 14:22:08,391 [TB-Scheduling-4] INFO  o.t.s.dao.aspect.SqlDaoCallsAspect - [5c6c4190-f64c-11ee-8f58-c9c802dda3de]: method: JpaDashboardInfoDao.findDashboardsByTenantId(..), calls: 1, failures: 0, exec time: 4
2025-12-19 14:22:08,454 [TB-Scheduling-2] INFO  o.t.s.s.q.TbRuleEngineConsumerStats - [Main] Stats: totalMsgs = [1] successfulMsgs = [1] timeoutMsgs = [0] failedMsgs = [0] tmpTimeout = [0] tmpFailed = [0] successfulIterations = [1] failedIterations = [0] 
2025-12-19 14:22:08,550 [TB-Scheduling-1] INFO  o.t.s.c.t.s.DefaultTransportService - Transport Stats: openConnections [0]
2025-12-19 14:22:08,969 [TB-Scheduling-3] INFO  o.t.s.s.s.DefaultTbEntityDataSubscriptionService - Stats: regularQueryInvocationCnt = [0], regularQueryInvocationTime = [0], dynamicQueryCnt = [4] dynamicQueryInvocationCnt = [2], dynamicQueryInvocationTime = [10], alarmQueryInvocationCnt = [0], alarmQueryInvocationTime = [0]
2025-12-19 14:22:09,110 [TB-Scheduling-2] INFO  o.t.s.d.u.AbstractBufferedRateExecutor - [Write] Permits queueSize = [0] totalAdded = [6] totalLaunched = [6] totalReleased = [6] totalFailed = [0] totalExpired = [0] totalRejected = [0] totalRateLimited = [0] totalRateLimitedTenants = [0] currBuffer = [0] 
2025-12-19 14:22:18,277 [sql-log-1-thread-1] INFO  o.t.s.dao.sql.TbSqlBlockingQueue - Queue-0 [TS Latest] queueSize [0] totalAdded [11] totalSaved [11] totalFailed [0]
2025-12-19 14:22:18,278 [sql-log-1-thread-1] INFO  o.t.s.dao.sql.TbSqlBlockingQueue - Queue-2 [TS Latest] queueSize [0] totalAdded [6] totalSaved [6] totalFailed [0]
2025-12-19 14:22:18,970 [TB-Scheduling-1] INFO  o.t.s.s.s.DefaultTbEntityDataSubscriptionService - Stats: regularQueryInvocationCnt = [0], regularQueryInvocationTime = [0], dynamicQueryCnt = [4] dynamicQueryInvocationCnt = [2], dynamicQueryInvocationTime = [9], alarmQueryInvocationCnt = [0], alarmQueryInvocationTime = [0]
2025-12-19 14:22:19,111 [TB-Scheduling-3] INFO  o.t.s.d.u.AbstractBufferedRateExecutor - [Write] Permits queueSize = [0] totalAdded = [11] totalLaunched = [11] totalReleased = [11] totalFailed = [0] totalExpired = [0] totalRejected = [0] totalRateLimited = [0] totalRateLimitedTenants = [0] currBuffer = [0] 
2025-12-19 14:22:28,970 [TB-Scheduling-2] INFO  o.t.s.s.s.DefaultTbEntityDataSubscriptionService - Stats: regularQueryInvocationCnt = [0], regularQueryInvocationTime = [0], dynamicQueryCnt = [4] dynamicQueryInvocationCnt = [0], dynamicQueryInvocationTime = [0], alarmQueryInvocationCnt = [0], alarmQueryInvocationTime = [0]
2025-12-19 14:22:38,971 [TB-Scheduling-4] INFO  o.t.s.s.s.DefaultTbEntityDataSubscriptionService - Stats: regularQueryInvocationCnt = [0], regularQueryInvocationTime = [0], dynamicQueryCnt = [4] dynamicQueryInvocationCnt = [0], dynamicQueryInvocationTime = [0], alarmQueryInvocationCnt = [0], alarmQueryInvocationTime = [0]
2025-12-19 14:22:48,972 [TB-Scheduling-1] INFO  o.t.s.s.s.DefaultTbEntityDataSubscriptionService - Stats: regularQueryInvocationCnt = [0], regularQueryInvocationTime = [0], dynamicQueryCnt = [4] dynamicQueryInvocationCnt = [0], dynamicQueryInvocationTime = [0], alarmQueryInvocationCnt = [0], alarmQueryInvocationTime = [0]
2025-12-19 14:22:58,972 [TB-Scheduling-4] INFO  o.t.s.s.s.DefaultTbEntityDataSubscriptionService - Stats: regularQueryInvocationCnt = [0], regularQueryInvocationTime = [0], dynamicQueryCnt = [4] dynamicQueryInvocationCnt = [0], dynamicQueryInvocationTime = [0], alarmQueryInvocationCnt = [0], alarmQueryInvocationTime = [0]
2025-12-19 14:23:08,550 [TB-Scheduling-1] INFO  o.t.s.c.t.s.DefaultTransportService - Transport Stats: openConnections [0]
2025-12-19 14:23:08,973 [TB-Scheduling-2] INFO  o.t.s.s.s.DefaultTbEntityDataSubscriptionService - Stats: regularQueryInvocationCnt = [0], regularQueryInvocationTime = [0], dynamicQueryCnt = [4] dynamicQueryInvocationCnt = [2], dynamicQueryInvocationTime = [9], alarmQueryInvocationCnt = [0], alarmQueryInvocationTime = [0]
2025-12-19 14:23:18,277 [sql-log-1-thread-1] INFO  o.t.s.dao.sql.TbSqlBlockingQueue - Queue-0 [TS Latest] queueSize [0] totalAdded [11] totalSaved [11] totalFailed [0]
2025-12-19 14:23:18,973 [TB-Scheduling-3] INFO  o.t.s.s.s.DefaultTbEntityDataSubscriptionService - Stats: regularQueryInvocationCnt = [0], regularQueryInvocationTime = [0], dynamicQueryCnt = [4] dynamicQueryInvocationCnt = [2], dynamicQueryInvocationTime = [9], alarmQueryInvocationCnt = [0], alarmQueryInvocationTime = [0]
2025-12-19 14:23:19,112 [TB-Scheduling-2] INFO  o.t.s.d.u.AbstractBufferedRateExecutor - [Write] Permits queueSize = [0] totalAdded = [11] totalLaunched = [11] totalReleased = [11] totalFailed = [0] totalExpired = [0] totalRejected = [0] totalRateLimited = [0] totalRateLimitedTenants = [0] currBuffer = [0] 
2025-12-19 14:23:28,974 [TB-Scheduling-1] INFO  o.t.s.s.s.DefaultTbEntityDataSubscriptionService - Stats: regularQueryInvocationCnt = [0], regularQueryInvocationTime = [0], dynamicQueryCnt = [4] dynamicQueryInvocationCnt = [0], dynamicQueryInvocationTime = [0], alarmQueryInvocationCnt = [0], alarmQueryInvocationTime = [0]
2025-12-19 14:23:38,786 [TB-Scheduling-3] INFO  o.t.s.d.u.AbstractBufferedRateExecutor - [Read] Permits queueSize = [0] totalAdded = [150] totalLaunched = [150] totalReleased = [150] totalFailed = [0] totalExpired = [0] totalRejected = [0] totalRateLimited = [0] totalRateLimitedTenants = [0] currBuffer = [0] 
2025-12-19 14:23:38,974 [TB-Scheduling-4] INFO  o.t.s.s.s.DefaultTbEntityDataSubscriptionService - Stats: regularQueryInvocationCnt = [1], regularQueryInvocationTime = [3], dynamicQueryCnt = [4] dynamicQueryInvocationCnt = [0], dynamicQueryInvocationTime = [0], alarmQueryInvocationCnt = [0], alarmQueryInvocationTime = [0]
2025-12-19 14:23:48,975 [TB-Scheduling-2] INFO  o.t.s.s.s.DefaultTbEntityDataSubscriptionService - Stats: regularQueryInvocationCnt = [0], regularQueryInvocationTime = [0], dynamicQueryCnt = [4] dynamicQueryInvocationCnt = [0], dynamicQueryInvocationTime = [0], alarmQueryInvocationCnt = [0], alarmQueryInvocationTime = [0]
2025-12-19 14:23:58,786 [TB-Scheduling-4] INFO  o.t.s.d.u.AbstractBufferedRateExecutor - [Read] Permits queueSize = [0] totalAdded = [18] totalLaunched = [18] totalReleased = [18] totalFailed = [0] totalExpired = [0] totalRejected = [0] totalRateLimited = [0] totalRateLimitedTenants = [0] currBuffer = [0] 
2025-12-19 14:23:58,975 [TB-Scheduling-3] INFO  o.t.s.s.s.DefaultTbEntityDataSubscriptionService - Stats: regularQueryInvocationCnt = [1], regularQueryInvocationTime = [3], dynamicQueryCnt = [4] dynamicQueryInvocationCnt = [0], dynamicQueryInvocationTime = [0], alarmQueryInvocationCnt = [0], alarmQueryInvocationTime = [0]
2025-12-19 14:24:08,551 [TB-Scheduling-1] INFO  o.t.s.c.t.s.DefaultTransportService - Transport Stats: openConnections [0]
2025-12-19 14:24:08,787 [TB-Scheduling-4] INFO  o.t.s.d.u.AbstractBufferedRateExecutor - [Read] Permits queueSize = [0] totalAdded = [36] totalLaunched = [36] totalReleased = [36] totalFailed = [0] totalExpired = [0] totalRejected = [0] totalRateLimited = [0] totalRateLimitedTenants = [0] currBuffer = [0] 
2025-12-19 14:24:08,976 [TB-Scheduling-3] INFO  o.t.s.s.s.DefaultTbEntityDataSubscriptionService - Stats: regularQueryInvocationCnt = [2], regularQueryInvocationTime = [5], dynamicQueryCnt = [4] dynamicQueryInvocationCnt = [2], dynamicQueryInvocationTime = [36], alarmQueryInvocationCnt = [0], alarmQueryInvocationTime = [0]
2025-12-19 14:24:18,277 [sql-log-1-thread-1] INFO  o.t.s.dao.sql.TbSqlBlockingQueue - Queue-0 [TS Latest] queueSize [0] totalAdded [11] totalSaved [11] totalFailed [0]
2025-12-19 14:24:18,787 [TB-Scheduling-2] INFO  o.t.s.d.u.AbstractBufferedRateExecutor - [Read] Permits queueSize = [0] totalAdded = [18] totalLaunched = [18] totalReleased = [18] totalFailed = [0] totalExpired = [0] totalRejected = [0] totalRateLimited = [0] totalRateLimitedTenants = [0] currBuffer = [0] 
2025-12-19 14:24:18,976 [TB-Scheduling-4] INFO  o.t.s.s.s.DefaultTbEntityDataSubscriptionService - Stats: regularQueryInvocationCnt = [1], regularQueryInvocationTime = [2], dynamicQueryCnt = [4] dynamicQueryInvocationCnt = [2], dynamicQueryInvocationTime = [13], alarmQueryInvocationCnt = [0], alarmQueryInvocationTime = [0]
2025-12-19 14:24:19,114 [TB-Scheduling-3] INFO  o.t.s.d.u.AbstractBufferedRateExecutor - [Write] Permits queueSize = [0] totalAdded = [11] totalLaunched = [11] totalReleased = [11] totalFailed = [0] totalExpired = [0] totalRejected = [0] totalRateLimited = [0] totalRateLimitedTenants = [0] currBuffer = [0] 
2025-12-19 14:24:28,976 [TB-Scheduling-1] INFO  o.t.s.s.s.DefaultTbEntityDataSubscriptionService - Stats: regularQueryInvocationCnt = [0], regularQueryInvocationTime = [0], dynamicQueryCnt = [4] dynamicQueryInvocationCnt = [0], dynamicQueryInvocationTime = [0], alarmQueryInvocationCnt = [0], alarmQueryInvocationTime = [0]
2025-12-19 14:24:38,977 [TB-Scheduling-2] INFO  o.t.s.s.s.DefaultTbEntityDataSubscriptionService - Stats: regularQueryInvocationCnt = [0], regularQueryInvocationTime = [0], dynamicQueryCnt = [4] dynamicQueryInvocationCnt = [0], dynamicQueryInvocationTime = [0], alarmQueryInvocationCnt = [0], alarmQueryInvocationTime = [0]
2025-12-19 14:24:48,978 [TB-Scheduling-1] INFO  o.t.s.s.s.DefaultTbEntityDataSubscriptionService - Stats: regularQueryInvocationCnt = [0], regularQueryInvocationTime = [0], dynamicQueryCnt = [4] dynamicQueryInvocationCnt = [0], dynamicQueryInvocationTime = [0], alarmQueryInvocationCnt = [0], alarmQueryInvocationTime = [0]
2025-12-19 14:24:58,979 [TB-Scheduling-2] INFO  o.t.s.s.s.DefaultTbEntityDataSubscriptionService - Stats: regularQueryInvocationCnt = [0], regularQueryInvocationTime = [0], dynamicQueryCnt = [4] dynamicQueryInvocationCnt = [0], dynamicQueryInvocationTime = [0], alarmQueryInvocationCnt = [0], alarmQueryInvocationTime = [0]
2025-12-19 14:25:08,552 [TB-Scheduling-3] INFO  o.t.s.c.t.s.DefaultTransportService - Transport Stats: openConnections [0]
2025-12-19 14:25:08,980 [TB-Scheduling-2] INFO  o.t.s.s.s.DefaultTbEntityDataSubscriptionService - Stats: regularQueryInvocationCnt = [0], regularQueryInvocationTime = [0], dynamicQueryCnt = [4] dynamicQueryInvocationCnt = [2], dynamicQueryInvocationTime = [19], alarmQueryInvocationCnt = [0], alarmQueryInvocationTime = [0]
2025-12-19 14:25:18,277 [sql-log-1-thread-1] INFO  o.t.s.dao.sql.TbSqlBlockingQueue - Queue-0 [TS Latest] queueSize [0] totalAdded [11] totalSaved [11] totalFailed [0]
2025-12-19 14:25:18,980 [TB-Scheduling-2] INFO  o.t.s.s.s.DefaultTbEntityDataSubscriptionService - Stats: regularQueryInvocationCnt = [0], regularQueryInvocationTime = [0], dynamicQueryCnt = [4] dynamicQueryInvocationCnt = [2], dynamicQueryInvocationTime = [8], alarmQueryInvocationCnt = [0], alarmQueryInvocationTime = [0]
2025-12-19 14:25:19,115 [TB-Scheduling-4] INFO  o.t.s.d.u.AbstractBufferedRateExecutor - [Write] Permits queueSize = [0] totalAdded = [11] totalLaunched = [11] totalReleased = [11] totalFailed = [0] totalExpired = [0] totalRejected = [0] totalRateLimited = [0] totalRateLimitedTenants = [0] currBuffer = [0] 
2025-12-19 14:25:28,981 [TB-Scheduling-1] INFO  o.t.s.s.s.DefaultTbEntityDataSubscriptionService - Stats: regularQueryInvocationCnt = [0], regularQueryInvocationTime = [0], dynamicQueryCnt = [4] dynamicQueryInvocationCnt = [0], dynamicQueryInvocationTime = [0], alarmQueryInvocationCnt = [0], alarmQueryInvocationTime = [0]
2025-12-19 14:25:38,981 [TB-Scheduling-2] INFO  o.t.s.s.s.DefaultTbEntityDataSubscriptionService - Stats: regularQueryInvocationCnt = [0], regularQueryInvocationTime = [0], dynamicQueryCnt = [4] dynamicQueryInvocationCnt = [0], dynamicQueryInvocationTime = [0], alarmQueryInvocationCnt = [0], alarmQueryInvocationTime = [0]
2025-12-19 14:25:48,982 [TB-Scheduling-1] INFO  o.t.s.s.s.DefaultTbEntityDataSubscriptionService - Stats: regularQueryInvocationCnt = [0], regularQueryInvocationTime = [0], dynamicQueryCnt = [4] dynamicQueryInvocationCnt = [0], dynamicQueryInvocationTime = [0], alarmQueryInvocationCnt = [0], alarmQueryInvocationTime = [0]
2025-12-19 14:25:58,983 [TB-Scheduling-2] INFO  o.t.s.s.s.DefaultTbEntityDataSubscriptionService - Stats: regularQueryInvocationCnt = [0], regularQueryInvocationTime = [0], dynamicQueryCnt = [4] dynamicQueryInvocationCnt = [0], dynamicQueryInvocationTime = [0], alarmQueryInvocationCnt = [0], alarmQueryInvocationTime = [0]
2025-12-19 14:26:08,392 [TB-Scheduling-1] INFO  o.t.s.dao.aspect.SqlDaoCallsAspect - Total timing statistics below:
2025-12-19 14:26:08,393 [TB-Scheduling-1] INFO  o.t.s.dao.aspect.SqlDaoCallsAspect - [5c6c4190-f64c-11ee-8f58-c9c802dda3de]: calls: 2, failures: 0, exec time: 77 
2025-12-19 14:26:08,393 [TB-Scheduling-1] INFO  o.t.s.dao.aspect.SqlDaoCallsAspect - [5c6c4190-f64c-11ee-8f58-c9c802dda3de] Top 3 methods by timing:
2025-12-19 14:26:08,393 [TB-Scheduling-1] INFO  o.t.s.dao.aspect.SqlDaoCallsAspect - [5c6c4190-f64c-11ee-8f58-c9c802dda3de]: method: JpaWidgetTypeDao.findWidgetTypesInfosByWidgetsBundleId(..), calls: 1, failures: 0, exec time: 65
2025-12-19 14:26:08,393 [TB-Scheduling-1] INFO  o.t.s.dao.aspect.SqlDaoCallsAspect - [5c6c4190-f64c-11ee-8f58-c9c802dda3de]: method: JpaWidgetsBundleDao.findAllTenantWidgetsBundlesByTenantId(..), calls: 1, failures: 0, exec time: 12
2025-12-19 14:26:08,553 [TB-Scheduling-2] INFO  o.t.s.c.t.s.DefaultTransportService - Transport Stats: openConnections [0]
2025-12-19 14:26:08,983 [TB-Scheduling-1] INFO  o.t.s.s.s.DefaultTbEntityDataSubscriptionService - Stats: regularQueryInvocationCnt = [0], regularQueryInvocationTime = [0], dynamicQueryCnt = [4] dynamicQueryInvocationCnt = [2], dynamicQueryInvocationTime = [10], alarmQueryInvocationCnt = [0], alarmQueryInvocationTime = [0]
2025-12-19 14:26:18,277 [sql-log-1-thread-1] INFO  o.t.s.dao.sql.TbSqlBlockingQueue - Queue-0 [TS Latest] queueSize [0] totalAdded [11] totalSaved [11] totalFailed [0]
2025-12-19 14:26:18,984 [TB-Scheduling-4] INFO  o.t.s.s.s.DefaultTbEntityDataSubscriptionService - Stats: regularQueryInvocationCnt = [0], regularQueryInvocationTime = [0], dynamicQueryCnt = [4] dynamicQueryInvocationCnt = [2], dynamicQueryInvocationTime = [9], alarmQueryInvocationCnt = [0], alarmQueryInvocationTime = [0]
2025-12-19 14:26:19,117 [TB-Scheduling-3] INFO  o.t.s.d.u.AbstractBufferedRateExecutor - [Write] Permits queueSize = [0] totalAdded = [11] totalLaunched = [11] totalReleased = [11] totalFailed = [0] totalExpired = [0] totalRejected = [0] totalRateLimited = [0] totalRateLimitedTenants = [0] currBuffer = [0] 
2025-12-19 14:26:28,984 [TB-Scheduling-2] INFO  o.t.s.s.s.DefaultTbEntityDataSubscriptionService - Stats: regularQueryInvocationCnt = [0], regularQueryInvocationTime = [0], dynamicQueryCnt = [4] dynamicQueryInvocationCnt = [0], dynamicQueryInvocationTime = [0], alarmQueryInvocationCnt = [0], alarmQueryInvocationTime = [0]
2025-12-19 14:26:38,985 [TB-Scheduling-1] INFO  o.t.s.s.s.DefaultTbEntityDataSubscriptionService - Stats: regularQueryInvocationCnt = [0], regularQueryInvocationTime = [0], dynamicQueryCnt = [4] dynamicQueryInvocationCnt = [0], dynamicQueryInvocationTime = [0], alarmQueryInvocationCnt = [0], alarmQueryInvocationTime = [0]
2025-12-19 14:26:48,985 [TB-Scheduling-4] INFO  o.t.s.s.s.DefaultTbEntityDataSubscriptionService - Stats: regularQueryInvocationCnt = [0], regularQueryInvocationTime = [0], dynamicQueryCnt = [4] dynamicQueryInvocationCnt = [0], dynamicQueryInvocationTime = [0], alarmQueryInvocationCnt = [0], alarmQueryInvocationTime = [0]
2025-12-19 14:26:58,986 [TB-Scheduling-1] INFO  o.t.s.s.s.DefaultTbEntityDataSubscriptionService - Stats: regularQueryInvocationCnt = [0], regularQueryInvocationTime = [0], dynamicQueryCnt = [4] dynamicQueryInvocationCnt = [0], dynamicQueryInvocationTime = [0], alarmQueryInvocationCnt = [0], alarmQueryInvocationTime = [0]
2025-12-19 14:27:08,394 [TB-Scheduling-4] INFO  o.t.s.dao.aspect.SqlDaoCallsAspect - Total timing statistics below:
2025-12-19 14:27:08,394 [TB-Scheduling-4] INFO  o.t.s.dao.aspect.SqlDaoCallsAspect - [5c6c4190-f64c-11ee-8f58-c9c802dda3de]: calls: 2, failures: 0, exec time: 20 
2025-12-19 14:27:08,394 [TB-Scheduling-4] INFO  o.t.s.dao.aspect.SqlDaoCallsAspect - [5c6c4190-f64c-11ee-8f58-c9c802dda3de] Top 3 methods by timing:
2025-12-19 14:27:08,395 [TB-Scheduling-4] INFO  o.t.s.dao.aspect.SqlDaoCallsAspect - [5c6c4190-f64c-11ee-8f58-c9c802dda3de]: method: JpaWidgetTypeDao.findWidgetTypesInfosByWidgetsBundleId(..), calls: 1, failures: 0, exec time: 12
2025-12-19 14:27:08,395 [TB-Scheduling-4] INFO  o.t.s.dao.aspect.SqlDaoCallsAspect - [5c6c4190-f64c-11ee-8f58-c9c802dda3de]: method: JpaWidgetsBundleDao.findAllTenantWidgetsBundlesByTenantId(..), calls: 1, failures: 0, exec time: 8
2025-12-19 14:27:08,553 [TB-Scheduling-1] INFO  o.t.s.c.t.s.DefaultTransportService - Transport Stats: openConnections [0]
2025-12-19 14:27:08,986 [TB-Scheduling-2] INFO  o.t.s.s.s.DefaultTbEntityDataSubscriptionService - Stats: regularQueryInvocationCnt = [0], regularQueryInvocationTime = [0], dynamicQueryCnt = [4] dynamicQueryInvocationCnt = [2], dynamicQueryInvocationTime = [41], alarmQueryInvocationCnt = [0], alarmQueryInvocationTime = [0]
2025-12-19 14:27:18,277 [sql-log-1-thread-1] INFO  o.t.s.dao.sql.TbSqlBlockingQueue - Queue-0 [TS Latest] queueSize [0] totalAdded [11] totalSaved [11] totalFailed [0]
2025-12-19 14:27:18,987 [TB-Scheduling-1] INFO  o.t.s.s.s.DefaultTbEntityDataSubscriptionService - Stats: regularQueryInvocationCnt = [0], regularQueryInvocationTime = [0], dynamicQueryCnt = [4] dynamicQueryInvocationCnt = [2], dynamicQueryInvocationTime = [8], alarmQueryInvocationCnt = [0], alarmQueryInvocationTime = [0]
2025-12-19 14:27:19,118 [TB-Scheduling-2] INFO  o.t.s.d.u.AbstractBufferedRateExecutor - [Write] Permits queueSize = [0] totalAdded = [11] totalLaunched = [11] totalReleased = [11] totalFailed = [0] totalExpired = [0] totalRejected = [0] totalRateLimited = [0] totalRateLimitedTenants = [0] currBuffer = [0] 
2025-12-19 14:27:28,987 [TB-Scheduling-4] INFO  o.t.s.s.s.DefaultTbEntityDataSubscriptionService - Stats: regularQueryInvocationCnt = [0], regularQueryInvocationTime = [0], dynamicQueryCnt = [4] dynamicQueryInvocationCnt = [0], dynamicQueryInvocationTime = [0], alarmQueryInvocationCnt = [0], alarmQueryInvocationTime = [0]
2025-12-19 14:27:38,988 [TB-Scheduling-1] INFO  o.t.s.s.s.DefaultTbEntityDataSubscriptionService - Stats: regularQueryInvocationCnt = [0], regularQueryInvocationTime = [0], dynamicQueryCnt = [4] dynamicQueryInvocationCnt = [0], dynamicQueryInvocationTime = [0], alarmQueryInvocationCnt = [0], alarmQueryInvocationTime = [0]
2025-12-19 14:27:48,988 [TB-Scheduling-4] INFO  o.t.s.s.s.DefaultTbEntityDataSubscriptionService - Stats: regularQueryInvocationCnt = [0], regularQueryInvocationTime = [0], dynamicQueryCnt = [4] dynamicQueryInvocationCnt = [0], dynamicQueryInvocationTime = [0], alarmQueryInvocationCnt = [0], alarmQueryInvocationTime = [0]
2025-12-19 14:27:58,989 [TB-Scheduling-3] INFO  o.t.s.s.s.DefaultTbEntityDataSubscriptionService - Stats: regularQueryInvocationCnt = [0], regularQueryInvocationTime = [0], dynamicQueryCnt = [4] dynamicQueryInvocationCnt = [0], dynamicQueryInvocationTime = [0], alarmQueryInvocationCnt = [0], alarmQueryInvocationTime = [0]
2025-12-19 14:28:08,553 [TB-Scheduling-1] INFO  o.t.s.c.t.s.DefaultTransportService - Transport Stats: openConnections [0]
2025-12-19 14:28:08,990 [TB-Scheduling-2] INFO  o.t.s.s.s.DefaultTbEntityDataSubscriptionService - Stats: regularQueryInvocationCnt = [0], regularQueryInvocationTime = [0], dynamicQueryCnt = [4] dynamicQueryInvocationCnt = [2], dynamicQueryInvocationTime = [9], alarmQueryInvocationCnt = [0], alarmQueryInvocationTime = [0]
2025-12-19 14:28:18,277 [sql-log-1-thread-1] INFO  o.t.s.dao.sql.TbSqlBlockingQueue - Queue-0 [TS Latest] queueSize [0] totalAdded [11] totalSaved [11] totalFailed [0]
2025-12-19 14:28:18,990 [TB-Scheduling-1] INFO  o.t.s.s.s.DefaultTbEntityDataSubscriptionService - Stats: regularQueryInvocationCnt = [0], regularQueryInvocationTime = [0], dynamicQueryCnt = [4] dynamicQueryInvocationCnt = [2], dynamicQueryInvocationTime = [8], alarmQueryInvocationCnt = [0], alarmQueryInvocationTime = [0]
2025-12-19 14:28:19,120 [TB-Scheduling-2] INFO  o.t.s.d.u.AbstractBufferedRateExecutor - [Write] Permits queueSize = [0] totalAdded = [11] totalLaunched = [11] totalReleased = [11] totalFailed = [0] totalExpired = [0] totalRejected = [0] totalRateLimited = [0] totalRateLimitedTenants = [0] currBuffer = [0] 
2025-12-19 14:28:28,991 [TB-Scheduling-4] INFO  o.t.s.s.s.DefaultTbEntityDataSubscriptionService - Stats: regularQueryInvocationCnt = [0], regularQueryInvocationTime = [0], dynamicQueryCnt = [4] dynamicQueryInvocationCnt = [0], dynamicQueryInvocationTime = [0], alarmQueryInvocationCnt = [0], alarmQueryInvocationTime = [0]
2025-12-19 14:28:38,992 [TB-Scheduling-4] INFO  o.t.s.s.s.DefaultTbEntityDataSubscriptionService - Stats: regularQueryInvocationCnt = [0], regularQueryInvocationTime = [0], dynamicQueryCnt = [4] dynamicQueryInvocationCnt = [0], dynamicQueryInvocationTime = [0], alarmQueryInvocationCnt = [0], alarmQueryInvocationTime = [0]
2025-12-19 14:28:48,993 [TB-Scheduling-4] INFO  o.t.s.s.s.DefaultTbEntityDataSubscriptionService - Stats: regularQueryInvocationCnt = [0], regularQueryInvocationTime = [0], dynamicQueryCnt = [4] dynamicQueryInvocationCnt = [0], dynamicQueryInvocationTime = [0], alarmQueryInvocationCnt = [0], alarmQueryInvocationTime = [0]
2025-12-19 14:28:58,993 [TB-Scheduling-4] INFO  o.t.s.s.s.DefaultTbEntityDataSubscriptionService - Stats: regularQueryInvocationCnt = [0], regularQueryInvocationTime = [0], dynamicQueryCnt = [4] dynamicQueryInvocationCnt = [0], dynamicQueryInvocationTime = [0], alarmQueryInvocationCnt = [0], alarmQueryInvocationTime = [0]
2025-12-19 14:29:08,554 [TB-Scheduling-2] INFO  o.t.s.c.t.s.DefaultTransportService - Transport Stats: openConnections [0]
2025-12-19 14:29:08,994 [TB-Scheduling-1] INFO  o.t.s.s.s.DefaultTbEntityDataSubscriptionService - Stats: regularQueryInvocationCnt = [0], regularQueryInvocationTime = [0], dynamicQueryCnt = [4] dynamicQueryInvocationCnt = [2], dynamicQueryInvocationTime = [16], alarmQueryInvocationCnt = [0], alarmQueryInvocationTime = [0]
2025-12-19 14:29:18,277 [sql-log-1-thread-1] INFO  o.t.s.dao.sql.TbSqlBlockingQueue - Queue-0 [TS Latest] queueSize [0] totalAdded [11] totalSaved [11] totalFailed [0]
2025-12-19 14:29:18,795 [TB-Scheduling-2] INFO  o.t.s.d.u.AbstractBufferedRateExecutor - [Read] Permits queueSize = [0] totalAdded = [18] totalLaunched = [18] totalReleased = [18] totalFailed = [0] totalExpired = [0] totalRejected = [0] totalRateLimited = [0] totalRateLimitedTenants = [0] currBuffer = [0] 
2025-12-19 14:29:18,995 [TB-Scheduling-1] INFO  o.t.s.s.s.DefaultTbEntityDataSubscriptionService - Stats: regularQueryInvocationCnt = [1], regularQueryInvocationTime = [6], dynamicQueryCnt = [4] dynamicQueryInvocationCnt = [2], dynamicQueryInvocationTime = [9], alarmQueryInvocationCnt = [0], alarmQueryInvocationTime = [0]
2025-12-19 14:29:19,123 [TB-Scheduling-4] INFO  o.t.s.d.u.AbstractBufferedRateExecutor - [Write] Permits queueSize = [0] totalAdded = [11] totalLaunched = [11] totalReleased = [11] totalFailed = [0] totalExpired = [0] totalRejected = [0] totalRateLimited = [0] totalRateLimitedTenants = [0] currBuffer = [0] 
2025-12-19 14:29:28,995 [TB-Scheduling-1] INFO  o.t.s.s.s.DefaultTbEntityDataSubscriptionService - Stats: regularQueryInvocationCnt = [0], regularQueryInvocationTime = [0], dynamicQueryCnt = [4] dynamicQueryInvocationCnt = [0], dynamicQueryInvocationTime = [0], alarmQueryInvocationCnt = [0], alarmQueryInvocationTime = [0]
2025-12-19 14:29:38,996 [TB-Scheduling-1] INFO  o.t.s.s.s.DefaultTbEntityDataSubscriptionService - Stats: regularQueryInvocationCnt = [0], regularQueryInvocationTime = [0], dynamicQueryCnt = [4] dynamicQueryInvocationCnt = [0], dynamicQueryInvocationTime = [0], alarmQueryInvocationCnt = [0], alarmQueryInvocationTime = [0]
2025-12-19 14:29:48,997 [TB-Scheduling-4] INFO  o.t.s.s.s.DefaultTbEntityDataSubscriptionService - Stats: regularQueryInvocationCnt = [0], regularQueryInvocationTime = [0], dynamicQueryCnt = [4] dynamicQueryInvocationCnt = [0], dynamicQueryInvocationTime = [0], alarmQueryInvocationCnt = [0], alarmQueryInvocationTime = [0]
2025-12-19 14:29:58,797 [TB-Scheduling-1] INFO  o.t.s.d.u.AbstractBufferedRateExecutor - [Read] Permits queueSize = [0] totalAdded = [18] totalLaunched = [18] totalReleased = [18] totalFailed = [0] totalExpired = [0] totalRejected = [0] totalRateLimited = [0] totalRateLimitedTenants = [0] currBuffer = [0] 
2025-12-19 14:29:58,998 [TB-Scheduling-3] INFO  o.t.s.s.s.DefaultTbEntityDataSubscriptionService - Stats: regularQueryInvocationCnt = [1], regularQueryInvocationTime = [5], dynamicQueryCnt = [4] dynamicQueryInvocationCnt = [0], dynamicQueryInvocationTime = [0], alarmQueryInvocationCnt = [0], alarmQueryInvocationTime = [0]
2025-12-19 14:30:08,555 [TB-Scheduling-4] INFO  o.t.s.c.t.s.DefaultTransportService - Transport Stats: openConnections [0]
2025-12-19 14:30:08,999 [TB-Scheduling-2] INFO  o.t.s.s.s.DefaultTbEntityDataSubscriptionService - Stats: regularQueryInvocationCnt = [0], regularQueryInvocationTime = [0], dynamicQueryCnt = [4] dynamicQueryInvocationCnt = [2], dynamicQueryInvocationTime = [49], alarmQueryInvocationCnt = [0], alarmQueryInvocationTime = [0]
2025-12-19 14:30:18,277 [sql-log-1-thread-1] INFO  o.t.s.dao.sql.TbSqlBlockingQueue - Queue-0 [TS Latest] queueSize [0] totalAdded [11] totalSaved [11] totalFailed [0]
2025-12-19 14:30:19,000 [TB-Scheduling-3] INFO  o.t.s.s.s.DefaultTbEntityDataSubscriptionService - Stats: regularQueryInvocationCnt = [0], regularQueryInvocationTime = [0], dynamicQueryCnt = [4] dynamicQueryInvocationCnt = [2], dynamicQueryInvocationTime = [10], alarmQueryInvocationCnt = [0], alarmQueryInvocationTime = [0]
2025-12-19 14:30:19,125 [TB-Scheduling-2] INFO  o.t.s.d.u.AbstractBufferedRateExecutor - [Write] Permits queueSize = [0] totalAdded = [11] totalLaunched = [11] totalReleased = [11] totalFailed = [0] totalExpired = [0] totalRejected = [0] totalRateLimited = [0] totalRateLimitedTenants = [0] currBuffer = [0] 
2025-12-19 14:30:29,000 [TB-Scheduling-4] INFO  o.t.s.s.s.DefaultTbEntityDataSubscriptionService - Stats: regularQueryInvocationCnt = [0], regularQueryInvocationTime = [0], dynamicQueryCnt = [4] dynamicQueryInvocationCnt = [0], dynamicQueryInvocationTime = [0], alarmQueryInvocationCnt = [0], alarmQueryInvocationTime = [0]
2025-12-19 14:30:39,001 [TB-Scheduling-3] INFO  o.t.s.s.s.DefaultTbEntityDataSubscriptionService - Stats: regularQueryInvocationCnt = [0], regularQueryInvocationTime = [0], dynamicQueryCnt = [4] dynamicQueryInvocationCnt = [0], dynamicQueryInvocationTime = [0], alarmQueryInvocationCnt = [0], alarmQueryInvocationTime = [0]
2025-12-19 14:30:49,001 [TB-Scheduling-4] INFO  o.t.s.s.s.DefaultTbEntityDataSubscriptionService - Stats: regularQueryInvocationCnt = [0], regularQueryInvocationTime = [0], dynamicQueryCnt = [4] dynamicQueryInvocationCnt = [0], dynamicQueryInvocationTime = [0], alarmQueryInvocationCnt = [0], alarmQueryInvocationTime = [0]
2025-12-19 14:30:59,002 [TB-Scheduling-3] INFO  o.t.s.s.s.DefaultTbEntityDataSubscriptionService - Stats: regularQueryInvocationCnt = [0], regularQueryInvocationTime = [0], dynamicQueryCnt = [4] dynamicQueryInvocationCnt = [0], dynamicQueryInvocationTime = [0], alarmQueryInvocationCnt = [0], alarmQueryInvocationTime = [0]
2025-12-19 14:31:08,556 [TB-Scheduling-4] INFO  o.t.s.c.t.s.DefaultTransportService - Transport Stats: openConnections [0]
2025-12-19 14:31:09,002 [TB-Scheduling-1] INFO  o.t.s.s.s.DefaultTbEntityDataSubscriptionService - Stats: regularQueryInvocationCnt = [0], regularQueryInvocationTime = [0], dynamicQueryCnt = [4] dynamicQueryInvocationCnt = [2], dynamicQueryInvocationTime = [11], alarmQueryInvocationCnt = [0], alarmQueryInvocationTime = [0]
2025-12-19 14:31:18,277 [sql-log-1-thread-1] INFO  o.t.s.dao.sql.TbSqlBlockingQueue - Queue-0 [TS Latest] queueSize [0] totalAdded [4] totalSaved [4] totalFailed [0]
2025-12-19 14:31:18,799 [TB-Scheduling-4] INFO  o.t.s.d.u.AbstractBufferedRateExecutor - [Read] Permits queueSize = [0] totalAdded = [18] totalLaunched = [18] totalReleased = [18] totalFailed = [0] totalExpired = [0] totalRejected = [0] totalRateLimited = [0] totalRateLimitedTenants = [0] currBuffer = [0] 
2025-12-19 14:31:19,003 [TB-Scheduling-3] INFO  o.t.s.s.s.DefaultTbEntityDataSubscriptionService - Stats: regularQueryInvocationCnt = [1], regularQueryInvocationTime = [4], dynamicQueryCnt = [4] dynamicQueryInvocationCnt = [2], dynamicQueryInvocationTime = [9], alarmQueryInvocationCnt = [0], alarmQueryInvocationTime = [0]
2025-12-19 14:31:19,126 [TB-Scheduling-1] INFO  o.t.s.d.u.AbstractBufferedRateExecutor - [Write] Permits queueSize = [0] totalAdded = [11] totalLaunched = [11] totalReleased = [11] totalFailed = [0] totalExpired = [0] totalRejected = [0] totalRateLimited = [0] totalRateLimitedTenants = [0] currBuffer = [0] 
2025-12-19 14:31:28,277 [sql-log-1-thread-1] INFO  o.t.s.dao.sql.TbSqlBlockingQueue - Queue-0 [TS Latest] queueSize [0] totalAdded [7] totalSaved [7] totalFailed [0]
2025-12-19 14:31:29,003 [TB-Scheduling-4] INFO  o.t.s.s.s.DefaultTbEntityDataSubscriptionService - Stats: regularQueryInvocationCnt = [0], regularQueryInvocationTime = [0], dynamicQueryCnt = [4] dynamicQueryInvocationCnt = [0], dynamicQueryInvocationTime = [0], alarmQueryInvocationCnt = [0], alarmQueryInvocationTime = [0]
2025-12-19 14:31:39,004 [TB-Scheduling-3] INFO  o.t.s.s.s.DefaultTbEntityDataSubscriptionService - Stats: regularQueryInvocationCnt = [0], regularQueryInvocationTime = [0], dynamicQueryCnt = [4] dynamicQueryInvocationCnt = [0], dynamicQueryInvocationTime = [0], alarmQueryInvocationCnt = [0], alarmQueryInvocationTime = [0]
2025-12-19 14:31:48,800 [TB-Scheduling-4] INFO  o.t.s.d.u.AbstractBufferedRateExecutor - [Read] Permits queueSize = [0] totalAdded = [18] totalLaunched = [18] totalReleased = [18] totalFailed = [0] totalExpired = [0] totalRejected = [0] totalRateLimited = [0] totalRateLimitedTenants = [0] currBuffer = [0] 
2025-12-19 14:31:49,004 [TB-Scheduling-2] INFO  o.t.s.s.s.DefaultTbEntityDataSubscriptionService - Stats: regularQueryInvocationCnt = [1], regularQueryInvocationTime = [7], dynamicQueryCnt = [4] dynamicQueryInvocationCnt = [0], dynamicQueryInvocationTime = [0], alarmQueryInvocationCnt = [0], alarmQueryInvocationTime = [0]
2025-12-19 14:31:59,005 [TB-Scheduling-1] INFO  o.t.s.s.s.DefaultTbEntityDataSubscriptionService - Stats: regularQueryInvocationCnt = [0], regularQueryInvocationTime = [0], dynamicQueryCnt = [4] dynamicQueryInvocationCnt = [0], dynamicQueryInvocationTime = [0], alarmQueryInvocationCnt = [0], alarmQueryInvocationTime = [0]
2025-12-19 14:32:08,556 [TB-Scheduling-2] INFO  o.t.s.c.t.s.DefaultTransportService - Transport Stats: openConnections [0]
2025-12-19 14:32:09,005 [TB-Scheduling-1] INFO  o.t.s.s.s.DefaultTbEntityDataSubscriptionService - Stats: regularQueryInvocationCnt = [0], regularQueryInvocationTime = [0], dynamicQueryCnt = [4] dynamicQueryInvocationCnt = [2], dynamicQueryInvocationTime = [10], alarmQueryInvocationCnt = [0], alarmQueryInvocationTime = [0]
2025-12-19 14:32:18,277 [sql-log-1-thread-1] INFO  o.t.s.dao.sql.TbSqlBlockingQueue - Queue-0 [TS Latest] queueSize [0] totalAdded [4] totalSaved [4] totalFailed [0]
2025-12-19 14:32:19,006 [TB-Scheduling-3] INFO  o.t.s.s.s.DefaultTbEntityDataSubscriptionService - Stats: regularQueryInvocationCnt = [0], regularQueryInvocationTime = [0], dynamicQueryCnt = [4] dynamicQueryInvocationCnt = [2], dynamicQueryInvocationTime = [8], alarmQueryInvocationCnt = [0], alarmQueryInvocationTime = [0]
2025-12-19 14:32:19,128 [TB-Scheduling-1] INFO  o.t.s.d.u.AbstractBufferedRateExecutor - [Write] Permits queueSize = [0] totalAdded = [4] totalLaunched = [4] totalReleased = [4] totalFailed = [0] totalExpired = [0] totalRejected = [0] totalRateLimited = [0] totalRateLimitedTenants = [0] currBuffer = [0] 
2025-12-19 14:32:28,277 [sql-log-1-thread-1] INFO  o.t.s.dao.sql.TbSqlBlockingQueue - Queue-0 [TS Latest] queueSize [0] totalAdded [7] totalSaved [7] totalFailed [0]
2025-12-19 14:32:29,006 [TB-Scheduling-2] INFO  o.t.s.s.s.DefaultTbEntityDataSubscriptionService - Stats: regularQueryInvocationCnt = [0], regularQueryInvocationTime = [0], dynamicQueryCnt = [4] dynamicQueryInvocationCnt = [0], dynamicQueryInvocationTime = [0], alarmQueryInvocationCnt = [0], alarmQueryInvocationTime = [0]
2025-12-19 14:32:29,129 [TB-Scheduling-3] INFO  o.t.s.d.u.AbstractBufferedRateExecutor - [Write] Permits queueSize = [0] totalAdded = [7] totalLaunched = [7] totalReleased = [7] totalFailed = [0] totalExpired = [0] totalRejected = [0] totalRateLimited = [0] totalRateLimitedTenants = [0] currBuffer = [0] 
2025-12-19 14:32:39,007 [TB-Scheduling-1] INFO  o.t.s.s.s.DefaultTbEntityDataSubscriptionService - Stats: regularQueryInvocationCnt = [0], regularQueryInvocationTime = [0], dynamicQueryCnt = [4] dynamicQueryInvocationCnt = [0], dynamicQueryInvocationTime = [0], alarmQueryInvocationCnt = [0], alarmQueryInvocationTime = [0]
2025-12-19 14:32:49,007 [TB-Scheduling-4] INFO  o.t.s.s.s.DefaultTbEntityDataSubscriptionService - Stats: regularQueryInvocationCnt = [0], regularQueryInvocationTime = [0], dynamicQueryCnt = [4] dynamicQueryInvocationCnt = [0], dynamicQueryInvocationTime = [0], alarmQueryInvocationCnt = [0], alarmQueryInvocationTime = [0]
2025-12-19 14:32:58,802 [TB-Scheduling-1] INFO  o.t.s.d.u.AbstractBufferedRateExecutor - [Read] Permits queueSize = [0] totalAdded = [18] totalLaunched = [18] totalReleased = [18] totalFailed = [0] totalExpired = [0] totalRejected = [0] totalRateLimited = [0] totalRateLimitedTenants = [0] currBuffer = [0] 
2025-12-19 14:32:59,008 [TB-Scheduling-3] INFO  o.t.s.s.s.DefaultTbEntityDataSubscriptionService - Stats: regularQueryInvocationCnt = [1], regularQueryInvocationTime = [3], dynamicQueryCnt = [4] dynamicQueryInvocationCnt = [0], dynamicQueryInvocationTime = [0], alarmQueryInvocationCnt = [0], alarmQueryInvocationTime = [0]
2025-12-19 14:33:08,557 [TB-Scheduling-4] INFO  o.t.s.c.t.s.DefaultTransportService - Transport Stats: openConnections [0]
2025-12-19 14:33:09,008 [TB-Scheduling-1] INFO  o.t.s.s.s.DefaultTbEntityDataSubscriptionService - Stats: regularQueryInvocationCnt = [0], regularQueryInvocationTime = [0], dynamicQueryCnt = [4] dynamicQueryInvocationCnt = [2], dynamicQueryInvocationTime = [10], alarmQueryInvocationCnt = [0], alarmQueryInvocationTime = [0]
2025-12-19 14:33:18,277 [sql-log-1-thread-1] INFO  o.t.s.dao.sql.TbSqlBlockingQueue - Queue-0 [TS Latest] queueSize [0] totalAdded [4] totalSaved [4] totalFailed [0]
2025-12-19 14:33:19,009 [TB-Scheduling-3] INFO  o.t.s.s.s.DefaultTbEntityDataSubscriptionService - Stats: regularQueryInvocationCnt = [0], regularQueryInvocationTime = [0], dynamicQueryCnt = [4] dynamicQueryInvocationCnt = [2], dynamicQueryInvocationTime = [10], alarmQueryInvocationCnt = [0], alarmQueryInvocationTime = [0]
2025-12-19 14:33:19,130 [TB-Scheduling-1] INFO  o.t.s.d.u.AbstractBufferedRateExecutor - [Write] Permits queueSize = [0] totalAdded = [4] totalLaunched = [4] totalReleased = [4] totalFailed = [0] totalExpired = [0] totalRejected = [0] totalRateLimited = [0] totalRateLimitedTenants = [0] currBuffer = [0] 
2025-12-19 14:33:28,277 [sql-log-1-thread-1] INFO  o.t.s.dao.sql.TbSqlBlockingQueue - Queue-0 [TS Latest] queueSize [0] totalAdded [7] totalSaved [7] totalFailed [0]
2025-12-19 14:33:29,010 [TB-Scheduling-4] INFO  o.t.s.s.s.DefaultTbEntityDataSubscriptionService - Stats: regularQueryInvocationCnt = [0], regularQueryInvocationTime = [0], dynamicQueryCnt = [4] dynamicQueryInvocationCnt = [0], dynamicQueryInvocationTime = [0], alarmQueryInvocationCnt = [0], alarmQueryInvocationTime = [0]
2025-12-19 14:33:29,131 [TB-Scheduling-3] INFO  o.t.s.d.u.AbstractBufferedRateExecutor - [Write] Permits queueSize = [0] totalAdded = [7] totalLaunched = [7] totalReleased = [7] totalFailed = [0] totalExpired = [0] totalRejected = [0] totalRateLimited = [0] totalRateLimitedTenants = [0] currBuffer = [0] 
2025-12-19 14:33:39,010 [TB-Scheduling-2] INFO  o.t.s.s.s.DefaultTbEntityDataSubscriptionService - Stats: regularQueryInvocationCnt = [0], regularQueryInvocationTime = [0], dynamicQueryCnt = [4] dynamicQueryInvocationCnt = [0], dynamicQueryInvocationTime = [0], alarmQueryInvocationCnt = [0], alarmQueryInvocationTime = [0]
2025-12-19 14:33:49,011 [TB-Scheduling-4] INFO  o.t.s.s.s.DefaultTbEntityDataSubscriptionService - Stats: regularQueryInvocationCnt = [0], regularQueryInvocationTime = [0], dynamicQueryCnt = [4] dynamicQueryInvocationCnt = [0], dynamicQueryInvocationTime = [0], alarmQueryInvocationCnt = [0], alarmQueryInvocationTime = [0]
2025-12-19 14:33:59,011 [TB-Scheduling-3] INFO  o.t.s.s.s.DefaultTbEntityDataSubscriptionService - Stats: regularQueryInvocationCnt = [0], regularQueryInvocationTime = [0], dynamicQueryCnt = [4] dynamicQueryInvocationCnt = [0], dynamicQueryInvocationTime = [0], alarmQueryInvocationCnt = [0], alarmQueryInvocationTime = [0]
2025-12-19 14:34:08,558 [TB-Scheduling-4] INFO  o.t.s.c.t.s.DefaultTransportService - Transport Stats: openConnections [0]
2025-12-19 14:34:09,012 [TB-Scheduling-1] INFO  o.t.s.s.s.DefaultTbEntityDataSubscriptionService - Stats: regularQueryInvocationCnt = [0], regularQueryInvocationTime = [0], dynamicQueryCnt = [4] dynamicQueryInvocationCnt = [2], dynamicQueryInvocationTime = [9], alarmQueryInvocationCnt = [0], alarmQueryInvocationTime = [0]
2025-12-19 14:34:18,277 [sql-log-1-thread-1] INFO  o.t.s.dao.sql.TbSqlBlockingQueue - Queue-0 [TS Latest] queueSize [0] totalAdded [4] totalSaved [4] totalFailed [0]
2025-12-19 14:34:19,013 [TB-Scheduling-2] INFO  o.t.s.s.s.DefaultTbEntityDataSubscriptionService - Stats: regularQueryInvocationCnt = [0], regularQueryInvocationTime = [0], dynamicQueryCnt = [4] dynamicQueryInvocationCnt = [2], dynamicQueryInvocationTime = [11], alarmQueryInvocationCnt = [0], alarmQueryInvocationTime = [0]
2025-12-19 14:34:19,132 [TB-Scheduling-1] INFO  o.t.s.d.u.AbstractBufferedRateExecutor - [Write] Permits queueSize = [0] totalAdded = [4] totalLaunched = [4] totalReleased = [4] totalFailed = [0] totalExpired = [0] totalRejected = [0] totalRateLimited = [0] totalRateLimitedTenants = [0] currBuffer = [0] 
2025-12-19 14:34:28,277 [sql-log-1-thread-1] INFO  o.t.s.dao.sql.TbSqlBlockingQueue - Queue-0 [TS Latest] queueSize [0] totalAdded [7] totalSaved [7] totalFailed [0]
2025-12-19 14:34:29,013 [TB-Scheduling-4] INFO  o.t.s.s.s.DefaultTbEntityDataSubscriptionService - Stats: regularQueryInvocationCnt = [0], regularQueryInvocationTime = [0], dynamicQueryCnt = [4] dynamicQueryInvocationCnt = [0], dynamicQueryInvocationTime = [0], alarmQueryInvocationCnt = [0], alarmQueryInvocationTime = [0]
2025-12-19 14:34:29,133 [TB-Scheduling-2] INFO  o.t.s.d.u.AbstractBufferedRateExecutor - [Write] Permits queueSize = [0] totalAdded = [7] totalLaunched = [7] totalReleased = [7] totalFailed = [0] totalExpired = [0] totalRejected = [0] totalRateLimited = [0] totalRateLimitedTenants = [0] currBuffer = [0] 
2025-12-19 14:34:39,014 [TB-Scheduling-1] INFO  o.t.s.s.s.DefaultTbEntityDataSubscriptionService - Stats: regularQueryInvocationCnt = [0], regularQueryInvocationTime = [0], dynamicQueryCnt = [4] dynamicQueryInvocationCnt = [0], dynamicQueryInvocationTime = [0], alarmQueryInvocationCnt = [0], alarmQueryInvocationTime = [0]
2025-12-19 14:34:49,015 [TB-Scheduling-4] INFO  o.t.s.s.s.DefaultTbEntityDataSubscriptionService - Stats: regularQueryInvocationCnt = [0], regularQueryInvocationTime = [0], dynamicQueryCnt = [4] dynamicQueryInvocationCnt = [0], dynamicQueryInvocationTime = [0], alarmQueryInvocationCnt = [0], alarmQueryInvocationTime = [0]
2025-12-19 14:34:59,015 [TB-Scheduling-1] INFO  o.t.s.s.s.DefaultTbEntityDataSubscriptionService - Stats: regularQueryInvocationCnt = [0], regularQueryInvocationTime = [0], dynamicQueryCnt = [4] dynamicQueryInvocationCnt = [0], dynamicQueryInvocationTime = [0], alarmQueryInvocationCnt = [0], alarmQueryInvocationTime = [0]
2025-12-19 14:35:08,558 [TB-Scheduling-4] INFO  o.t.s.c.t.s.DefaultTransportService - Transport Stats: openConnections [0]
2025-12-19 14:35:09,016 [TB-Scheduling-3] INFO  o.t.s.s.s.DefaultTbEntityDataSubscriptionService - Stats: regularQueryInvocationCnt = [0], regularQueryInvocationTime = [0], dynamicQueryCnt = [4] dynamicQueryInvocationCnt = [2], dynamicQueryInvocationTime = [35], alarmQueryInvocationCnt = [0], alarmQueryInvocationTime = [0]
2025-12-19 14:35:18,277 [sql-log-1-thread-1] INFO  o.t.s.dao.sql.TbSqlBlockingQueue - Queue-0 [TS Latest] queueSize [0] totalAdded [4] totalSaved [4] totalFailed [0]
2025-12-19 14:35:19,017 [TB-Scheduling-1] INFO  o.t.s.s.s.DefaultTbEntityDataSubscriptionService - Stats: regularQueryInvocationCnt = [0], regularQueryInvocationTime = [0], dynamicQueryCnt = [4] dynamicQueryInvocationCnt = [2], dynamicQueryInvocationTime = [10], alarmQueryInvocationCnt = [0], alarmQueryInvocationTime = [0]
2025-12-19 14:35:19,134 [TB-Scheduling-4] INFO  o.t.s.d.u.AbstractBufferedRateExecutor - [Write] Permits queueSize = [0] totalAdded = [4] totalLaunched = [4] totalReleased = [4] totalFailed = [0] totalExpired = [0] totalRejected = [0] totalRateLimited = [0] totalRateLimitedTenants = [0] currBuffer = [0] 
2025-12-19 14:35:28,277 [sql-log-1-thread-1] INFO  o.t.s.dao.sql.TbSqlBlockingQueue - Queue-0 [TS Latest] queueSize [0] totalAdded [7] totalSaved [7] totalFailed [0]
2025-12-19 14:35:29,017 [TB-Scheduling-2] INFO  o.t.s.s.s.DefaultTbEntityDataSubscriptionService - Stats: regularQueryInvocationCnt = [0], regularQueryInvocationTime = [0], dynamicQueryCnt = [4] dynamicQueryInvocationCnt = [0], dynamicQueryInvocationTime = [0], alarmQueryInvocationCnt = [0], alarmQueryInvocationTime = [0]
2025-12-19 14:35:29,135 [TB-Scheduling-1] INFO  o.t.s.d.u.AbstractBufferedRateExecutor - [Write] Permits queueSize = [0] totalAdded = [7] totalLaunched = [7] totalReleased = [7] totalFailed = [0] totalExpired = [0] totalRejected = [0] totalRateLimited = [0] totalRateLimitedTenants = [0] currBuffer = [0] 
2025-12-19 14:35:38,806 [TB-Scheduling-4] INFO  o.t.s.d.u.AbstractBufferedRateExecutor - [Read] Permits queueSize = [0] totalAdded = [300] totalLaunched = [300] totalReleased = [300] totalFailed = [0] totalExpired = [0] totalRejected = [0] totalRateLimited = [0] totalRateLimitedTenants = [0] currBuffer = [0] 
2025-12-19 14:35:39,018 [TB-Scheduling-3] INFO  o.t.s.s.s.DefaultTbEntityDataSubscriptionService - Stats: regularQueryInvocationCnt = [2], regularQueryInvocationTime = [5], dynamicQueryCnt = [4] dynamicQueryInvocationCnt = [0], dynamicQueryInvocationTime = [0], alarmQueryInvocationCnt = [0], alarmQueryInvocationTime = [0]
2025-12-19 14:35:49,018 [TB-Scheduling-2] INFO  o.t.s.s.s.DefaultTbEntityDataSubscriptionService - Stats: regularQueryInvocationCnt = [0], regularQueryInvocationTime = [0], dynamicQueryCnt = [4] dynamicQueryInvocationCnt = [0], dynamicQueryInvocationTime = [0], alarmQueryInvocationCnt = [0], alarmQueryInvocationTime = [0]
2025-12-19 14:35:51,595 [http-nio-0.0.0.0-9090-exec-7] INFO  o.t.s.c.plugin.TbWebSocketHandler - [5c6c4190-f64c-11ee-8f58-c9c802dda3de][5cf87c00-f64c-11ee-8f58-c9c802dda3de][5a2ad240-02f5-4203-8d9c-b4718315e7aa][fefe6cf5-4f65-b822-6355-d120e6c55428] Session established from address: /172.19.0.1:50978
2025-12-19 14:35:58,807 [TB-Scheduling-4] INFO  o.t.s.d.u.AbstractBufferedRateExecutor - [Read] Permits queueSize = [0] totalAdded = [168] totalLaunched = [168] totalReleased = [168] totalFailed = [0] totalExpired = [0] totalRejected = [0] totalRateLimited = [0] totalRateLimitedTenants = [0] currBuffer = [0] 
2025-12-19 14:35:59,019 [TB-Scheduling-2] INFO  o.t.s.s.s.DefaultTbEntityDataSubscriptionService - Stats: regularQueryInvocationCnt = [16], regularQueryInvocationTime = [111], dynamicQueryCnt = [6] dynamicQueryInvocationCnt = [0], dynamicQueryInvocationTime = [0], alarmQueryInvocationCnt = [0], alarmQueryInvocationTime = [0]
2025-12-19 14:36:08,396 [TB-Scheduling-1] INFO  o.t.s.dao.aspect.SqlDaoCallsAspect - Total timing statistics below:
2025-12-19 14:36:08,397 [TB-Scheduling-1] INFO  o.t.s.dao.aspect.SqlDaoCallsAspect - [5c6c4190-f64c-11ee-8f58-c9c802dda3de]: calls: 9, failures: 0, exec time: 38 
2025-12-19 14:36:08,397 [TB-Scheduling-1] INFO  o.t.s.dao.aspect.SqlDaoCallsAspect - [5c6c4190-f64c-11ee-8f58-c9c802dda3de] Top 3 methods by timing:
2025-12-19 14:36:08,398 [TB-Scheduling-1] INFO  o.t.s.dao.aspect.SqlDaoCallsAspect - [5c6c4190-f64c-11ee-8f58-c9c802dda3de]: method: JpaAbstractDao.findById(..), calls: 3, failures: 0, exec time: 12
2025-12-19 14:36:08,398 [TB-Scheduling-1] INFO  o.t.s.dao.aspect.SqlDaoCallsAspect - [5c6c4190-f64c-11ee-8f58-c9c802dda3de]: method: JpaUserSettingsDao.save(..), calls: 1, failures: 0, exec time: 7
2025-12-19 14:36:08,398 [TB-Scheduling-1] INFO  o.t.s.dao.aspect.SqlDaoCallsAspect - [5c6c4190-f64c-11ee-8f58-c9c802dda3de]: method: JpaUserSettingsDao.findById(..), calls: 1, failures: 0, exec time: 6
2025-12-19 14:36:08,559 [TB-Scheduling-2] INFO  o.t.s.c.t.s.DefaultTransportService - Transport Stats: openConnections [0]
2025-12-19 14:36:09,020 [TB-Scheduling-4] INFO  o.t.s.s.s.DefaultTbEntityDataSubscriptionService - Stats: regularQueryInvocationCnt = [0], regularQueryInvocationTime = [0], dynamicQueryCnt = [6] dynamicQueryInvocationCnt = [2], dynamicQueryInvocationTime = [12], alarmQueryInvocationCnt = [0], alarmQueryInvocationTime = [0]
2025-12-19 14:36:18,277 [sql-log-1-thread-1] INFO  o.t.s.dao.sql.TbSqlBlockingQueue - Queue-0 [TS Latest] queueSize [0] totalAdded [4] totalSaved [4] totalFailed [0]
2025-12-19 14:36:19,020 [TB-Scheduling-2] INFO  o.t.s.s.s.DefaultTbEntityDataSubscriptionService - Stats: regularQueryInvocationCnt = [0], regularQueryInvocationTime = [0], dynamicQueryCnt = [6] dynamicQueryInvocationCnt = [2], dynamicQueryInvocationTime = [8], alarmQueryInvocationCnt = [0], alarmQueryInvocationTime = [0]
2025-12-19 14:36:19,136 [TB-Scheduling-4] INFO  o.t.s.d.u.AbstractBufferedRateExecutor - [Write] Permits queueSize = [0] totalAdded = [4] totalLaunched = [4] totalReleased = [4] totalFailed = [0] totalExpired = [0] totalRejected = [0] totalRateLimited = [0] totalRateLimitedTenants = [0] currBuffer = [0] 
2025-12-19 14:36:28,277 [sql-log-1-thread-1] INFO  o.t.s.dao.sql.TbSqlBlockingQueue - Queue-0 [TS Latest] queueSize [0] totalAdded [7] totalSaved [7] totalFailed [0]
2025-12-19 14:36:29,022 [TB-Scheduling-3] INFO  o.t.s.s.s.DefaultTbEntityDataSubscriptionService - Stats: regularQueryInvocationCnt = [0], regularQueryInvocationTime = [0], dynamicQueryCnt = [6] dynamicQueryInvocationCnt = [0], dynamicQueryInvocationTime = [0], alarmQueryInvocationCnt = [0], alarmQueryInvocationTime = [0]
2025-12-19 14:36:29,136 [TB-Scheduling-2] INFO  o.t.s.d.u.AbstractBufferedRateExecutor - [Write] Permits queueSize = [0] totalAdded = [7] totalLaunched = [7] totalReleased = [7] totalFailed = [0] totalExpired = [0] totalRejected = [0] totalRateLimited = [0] totalRateLimitedTenants = [0] currBuffer = [0] 
2025-12-19 14:36:39,022 [TB-Scheduling-1] INFO  o.t.s.s.s.DefaultTbEntityDataSubscriptionService - Stats: regularQueryInvocationCnt = [0], regularQueryInvocationTime = [0], dynamicQueryCnt = [6] dynamicQueryInvocationCnt = [0], dynamicQueryInvocationTime = [0], alarmQueryInvocationCnt = [0], alarmQueryInvocationTime = [0]
2025-12-19 14:36:49,023 [TB-Scheduling-3] INFO  o.t.s.s.s.DefaultTbEntityDataSubscriptionService - Stats: regularQueryInvocationCnt = [0], regularQueryInvocationTime = [0], dynamicQueryCnt = [6] dynamicQueryInvocationCnt = [0], dynamicQueryInvocationTime = [0], alarmQueryInvocationCnt = [0], alarmQueryInvocationTime = [0]
2025-12-19 14:36:59,025 [TB-Scheduling-1] INFO  o.t.s.s.s.DefaultTbEntityDataSubscriptionService - Stats: regularQueryInvocationCnt = [0], regularQueryInvocationTime = [0], dynamicQueryCnt = [6] dynamicQueryInvocationCnt = [2], dynamicQueryInvocationTime = [22], alarmQueryInvocationCnt = [0], alarmQueryInvocationTime = [0]
2025-12-19 14:37:08,559 [TB-Scheduling-2] INFO  o.t.s.c.t.s.DefaultTransportService - Transport Stats: openConnections [0]
2025-12-19 14:37:09,026 [TB-Scheduling-3] INFO  o.t.s.s.s.DefaultTbEntityDataSubscriptionService - Stats: regularQueryInvocationCnt = [0], regularQueryInvocationTime = [0], dynamicQueryCnt = [6] dynamicQueryInvocationCnt = [2], dynamicQueryInvocationTime = [10], alarmQueryInvocationCnt = [0], alarmQueryInvocationTime = [0]
2025-12-19 14:37:18,277 [sql-log-1-thread-1] INFO  o.t.s.dao.sql.TbSqlBlockingQueue - Queue-0 [TS Latest] queueSize [0] totalAdded [4] totalSaved [4] totalFailed [0]
2025-12-19 14:37:19,026 [TB-Scheduling-1] INFO  o.t.s.s.s.DefaultTbEntityDataSubscriptionService - Stats: regularQueryInvocationCnt = [0], regularQueryInvocationTime = [0], dynamicQueryCnt = [6] dynamicQueryInvocationCnt = [2], dynamicQueryInvocationTime = [11], alarmQueryInvocationCnt = [0], alarmQueryInvocationTime = [0]
2025-12-19 14:37:19,138 [TB-Scheduling-3] INFO  o.t.s.d.u.AbstractBufferedRateExecutor - [Write] Permits queueSize = [0] totalAdded = [4] totalLaunched = [4] totalReleased = [4] totalFailed = [0] totalExpired = [0] totalRejected = [0] totalRateLimited = [0] totalRateLimitedTenants = [0] currBuffer = [0] 
2025-12-19 14:37:28,277 [sql-log-1-thread-1] INFO  o.t.s.dao.sql.TbSqlBlockingQueue - Queue-0 [TS Latest] queueSize [0] totalAdded [7] totalSaved [7] totalFailed [0]
2025-12-19 14:37:29,027 [TB-Scheduling-2] INFO  o.t.s.s.s.DefaultTbEntityDataSubscriptionService - Stats: regularQueryInvocationCnt = [0], regularQueryInvocationTime = [0], dynamicQueryCnt = [6] dynamicQueryInvocationCnt = [0], dynamicQueryInvocationTime = [0], alarmQueryInvocationCnt = [0], alarmQueryInvocationTime = [0]
2025-12-19 14:37:29,138 [TB-Scheduling-1] INFO  o.t.s.d.u.AbstractBufferedRateExecutor - [Write] Permits queueSize = [0] totalAdded = [7] totalLaunched = [7] totalReleased = [7] totalFailed = [0] totalExpired = [0] totalRejected = [0] totalRateLimited = [0] totalRateLimitedTenants = [0] currBuffer = [0] 
2025-12-19 14:37:38,810 [TB-Scheduling-3] INFO  o.t.s.d.u.AbstractBufferedRateExecutor - [Read] Permits queueSize = [0] totalAdded = [18] totalLaunched = [18] totalReleased = [18] totalFailed = [0] totalExpired = [0] totalRejected = [0] totalRateLimited = [0] totalRateLimitedTenants = [0] currBuffer = [0] 
2025-12-19 14:37:39,028 [TB-Scheduling-4] INFO  o.t.s.s.s.DefaultTbEntityDataSubscriptionService - Stats: regularQueryInvocationCnt = [1], regularQueryInvocationTime = [4], dynamicQueryCnt = [6] dynamicQueryInvocationCnt = [0], dynamicQueryInvocationTime = [0], alarmQueryInvocationCnt = [0], alarmQueryInvocationTime = [0]
2025-12-19 14:37:49,028 [TB-Scheduling-2] INFO  o.t.s.s.s.DefaultTbEntityDataSubscriptionService - Stats: regularQueryInvocationCnt = [0], regularQueryInvocationTime = [0], dynamicQueryCnt = [6] dynamicQueryInvocationCnt = [0], dynamicQueryInvocationTime = [0], alarmQueryInvocationCnt = [0], alarmQueryInvocationTime = [0]
2025-12-19 14:37:59,029 [TB-Scheduling-3] INFO  o.t.s.s.s.DefaultTbEntityDataSubscriptionService - Stats: regularQueryInvocationCnt = [0], regularQueryInvocationTime = [0], dynamicQueryCnt = [6] dynamicQueryInvocationCnt = [2], dynamicQueryInvocationTime = [9], alarmQueryInvocationCnt = [0], alarmQueryInvocationTime = [0]
2025-12-19 14:38:08,561 [TB-Scheduling-2] INFO  o.t.s.c.t.s.DefaultTransportService - Transport Stats: openConnections [0]
2025-12-19 14:38:09,030 [TB-Scheduling-3] INFO  o.t.s.s.s.DefaultTbEntityDataSubscriptionService - Stats: regularQueryInvocationCnt = [0], regularQueryInvocationTime = [0], dynamicQueryCnt = [6] dynamicQueryInvocationCnt = [2], dynamicQueryInvocationTime = [11], alarmQueryInvocationCnt = [0], alarmQueryInvocationTime = [0]
2025-12-19 14:38:18,277 [sql-log-1-thread-1] INFO  o.t.s.dao.sql.TbSqlBlockingQueue - Queue-0 [TS Latest] queueSize [0] totalAdded [4] totalSaved [4] totalFailed [0]
2025-12-19 14:38:19,030 [TB-Scheduling-1] INFO  o.t.s.s.s.DefaultTbEntityDataSubscriptionService - Stats: regularQueryInvocationCnt = [0], regularQueryInvocationTime = [0], dynamicQueryCnt = [6] dynamicQueryInvocationCnt = [2], dynamicQueryInvocationTime = [8], alarmQueryInvocationCnt = [0], alarmQueryInvocationTime = [0]
2025-12-19 14:38:19,139 [TB-Scheduling-3] INFO  o.t.s.d.u.AbstractBufferedRateExecutor - [Write] Permits queueSize = [0] totalAdded = [4] totalLaunched = [4] totalReleased = [4] totalFailed = [0] totalExpired = [0] totalRejected = [0] totalRateLimited = [0] totalRateLimitedTenants = [0] currBuffer = [0] 
2025-12-19 14:38:28,277 [sql-log-1-thread-1] INFO  o.t.s.dao.sql.TbSqlBlockingQueue - Queue-0 [TS Latest] queueSize [0] totalAdded [7] totalSaved [7] totalFailed [0]
2025-12-19 14:38:28,811 [TB-Scheduling-2] INFO  o.t.s.d.u.AbstractBufferedRateExecutor - [Read] Permits queueSize = [0] totalAdded = [18] totalLaunched = [18] totalReleased = [18] totalFailed = [0] totalExpired = [0] totalRejected = [0] totalRateLimited = [0] totalRateLimitedTenants = [0] currBuffer = [0] 
2025-12-19 14:38:29,031 [TB-Scheduling-4] INFO  o.t.s.s.s.DefaultTbEntityDataSubscriptionService - Stats: regularQueryInvocationCnt = [1], regularQueryInvocationTime = [2], dynamicQueryCnt = [6] dynamicQueryInvocationCnt = [0], dynamicQueryInvocationTime = [0], alarmQueryInvocationCnt = [0], alarmQueryInvocationTime = [0]
2025-12-19 14:38:29,140 [TB-Scheduling-1] INFO  o.t.s.d.u.AbstractBufferedRateExecutor - [Write] Permits queueSize = [0] totalAdded = [7] totalLaunched = [7] totalReleased = [7] totalFailed = [0] totalExpired = [0] totalRejected = [0] totalRateLimited = [0] totalRateLimitedTenants = [0] currBuffer = [0] 
2025-12-19 14:38:39,031 [TB-Scheduling-3] INFO  o.t.s.s.s.DefaultTbEntityDataSubscriptionService - Stats: regularQueryInvocationCnt = [0], regularQueryInvocationTime = [0], dynamicQueryCnt = [6] dynamicQueryInvocationCnt = [0], dynamicQueryInvocationTime = [0], alarmQueryInvocationCnt = [0], alarmQueryInvocationTime = [0]
2025-12-19 14:38:49,032 [TB-Scheduling-2] INFO  o.t.s.s.s.DefaultTbEntityDataSubscriptionService - Stats: regularQueryInvocationCnt = [0], regularQueryInvocationTime = [0], dynamicQueryCnt = [6] dynamicQueryInvocationCnt = [0], dynamicQueryInvocationTime = [0], alarmQueryInvocationCnt = [0], alarmQueryInvocationTime = [0]
2025-12-19 14:38:58,812 [TB-Scheduling-4] INFO  o.t.s.d.u.AbstractBufferedRateExecutor - [Read] Permits queueSize = [0] totalAdded = [18] totalLaunched = [18] totalReleased = [18] totalFailed = [0] totalExpired = [0] totalRejected = [0] totalRateLimited = [0] totalRateLimitedTenants = [0] currBuffer = [0] 
2025-12-19 14:38:59,033 [TB-Scheduling-3] INFO  o.t.s.s.s.DefaultTbEntityDataSubscriptionService - Stats: regularQueryInvocationCnt = [1], regularQueryInvocationTime = [2], dynamicQueryCnt = [6] dynamicQueryInvocationCnt = [2], dynamicQueryInvocationTime = [8], alarmQueryInvocationCnt = [0], alarmQueryInvocationTime = [0]
2025-12-19 14:39:08,561 [TB-Scheduling-2] INFO  o.t.s.c.t.s.DefaultTransportService - Transport Stats: openConnections [0]
2025-12-19 14:39:09,033 [TB-Scheduling-4] INFO  o.t.s.s.s.DefaultTbEntityDataSubscriptionService - Stats: regularQueryInvocationCnt = [0], regularQueryInvocationTime = [0], dynamicQueryCnt = [6] dynamicQueryInvocationCnt = [2], dynamicQueryInvocationTime = [8], alarmQueryInvocationCnt = [0], alarmQueryInvocationTime = [0]
2025-12-19 14:39:18,277 [sql-log-1-thread-1] INFO  o.t.s.dao.sql.TbSqlBlockingQueue - Queue-0 [TS Latest] queueSize [0] totalAdded [4] totalSaved [4] totalFailed [0]
2025-12-19 14:39:19,034 [TB-Scheduling-3] INFO  o.t.s.s.s.DefaultTbEntityDataSubscriptionService - Stats: regularQueryInvocationCnt = [0], regularQueryInvocationTime = [0], dynamicQueryCnt = [6] dynamicQueryInvocationCnt = [2], dynamicQueryInvocationTime = [10], alarmQueryInvocationCnt = [0], alarmQueryInvocationTime = [0]
2025-12-19 14:39:19,150 [TB-Scheduling-4] INFO  o.t.s.d.u.AbstractBufferedRateExecutor - [Write] Permits queueSize = [0] totalAdded = [4] totalLaunched = [4] totalReleased = [4] totalFailed = [0] totalExpired = [0] totalRejected = [0] totalRateLimited = [0] totalRateLimitedTenants = [0] currBuffer = [0] 
2025-12-19 14:39:28,277 [sql-log-1-thread-1] INFO  o.t.s.dao.sql.TbSqlBlockingQueue - Queue-0 [TS Latest] queueSize [0] totalAdded [7] totalSaved [7] totalFailed [0]
2025-12-19 14:39:29,034 [TB-Scheduling-2] INFO  o.t.s.s.s.DefaultTbEntityDataSubscriptionService - Stats: regularQueryInvocationCnt = [0], regularQueryInvocationTime = [0], dynamicQueryCnt = [6] dynamicQueryInvocationCnt = [0], dynamicQueryInvocationTime = [0], alarmQueryInvocationCnt = [0], alarmQueryInvocationTime = [0]
2025-12-19 14:39:29,150 [TB-Scheduling-3] INFO  o.t.s.d.u.AbstractBufferedRateExecutor - [Write] Permits queueSize = [0] totalAdded = [7] totalLaunched = [7] totalReleased = [7] totalFailed = [0] totalExpired = [0] totalRejected = [0] totalRateLimited = [0] totalRateLimitedTenants = [0] currBuffer = [0] 
2025-12-19 14:39:39,035 [TB-Scheduling-4] INFO  o.t.s.s.s.DefaultTbEntityDataSubscriptionService - Stats: regularQueryInvocationCnt = [0], regularQueryInvocationTime = [0], dynamicQueryCnt = [6] dynamicQueryInvocationCnt = [0], dynamicQueryInvocationTime = [0], alarmQueryInvocationCnt = [0], alarmQueryInvocationTime = [0]
2025-12-19 14:39:49,035 [TB-Scheduling-2] INFO  o.t.s.s.s.DefaultTbEntityDataSubscriptionService - Stats: regularQueryInvocationCnt = [0], regularQueryInvocationTime = [0], dynamicQueryCnt = [6] dynamicQueryInvocationCnt = [0], dynamicQueryInvocationTime = [0], alarmQueryInvocationCnt = [0], alarmQueryInvocationTime = [0]
2025-12-19 14:39:59,036 [TB-Scheduling-4] INFO  o.t.s.s.s.DefaultTbEntityDataSubscriptionService - Stats: regularQueryInvocationCnt = [0], regularQueryInvocationTime = [0], dynamicQueryCnt = [6] dynamicQueryInvocationCnt = [2], dynamicQueryInvocationTime = [8], alarmQueryInvocationCnt = [0], alarmQueryInvocationTime = [0]
2025-12-19 14:40:08,366 [TB-Scheduling-2] INFO  o.t.s.s.queue.TbCoreConsumerStats - Core Stats: totalMsgs = [1] sessionEvents = [0] getAttr = [0] subToAttr = [0] subToRpc = [0] toDevRpc = [0] subInfo = [0] claimDevice = [0] deviceState = [0] subMsgs = [0] edgeNfs = [1] deviceConnect = [0] deviceActivity = [0] deviceDisconnect = [0] deviceInactivity = [0] coreNfOther = [0] coreNfCompLfcl = [0] coreNfDevRpcRsp = [0] coreNfEdgeUpd = [0] coreNfEdgeSyncReq = [0] coreNfEdgeSyncResp = [0] coreNfNfRlProc = [0] coreNfQueueUpd = [0] coreNfQueueDel = [0] coreNfSubSvc = [0] coreNfSubMgr = [0] coreNfVCRsp = [0] 
2025-12-19 14:40:08,399 [TB-Scheduling-1] INFO  o.t.s.dao.aspect.SqlDaoCallsAspect - Total timing statistics below:
2025-12-19 14:40:08,400 [TB-Scheduling-1] INFO  o.t.s.dao.aspect.SqlDaoCallsAspect - [5c6c4190-f64c-11ee-8f58-c9c802dda3de]: calls: 5, failures: 0, exec time: 23 
2025-12-19 14:40:08,400 [TB-Scheduling-1] INFO  o.t.s.dao.aspect.SqlDaoCallsAspect - [5c6c4190-f64c-11ee-8f58-c9c802dda3de] Top 3 methods by timing:
2025-12-19 14:40:08,400 [TB-Scheduling-1] INFO  o.t.s.dao.aspect.SqlDaoCallsAspect - [5c6c4190-f64c-11ee-8f58-c9c802dda3de]: method: JpaAbstractDao.save(..), calls: 2, failures: 0, exec time: 11
2025-12-19 14:40:08,400 [TB-Scheduling-1] INFO  o.t.s.dao.aspect.SqlDaoCallsAspect - [5c6c4190-f64c-11ee-8f58-c9c802dda3de]: method: JpaAbstractDao.findById(..), calls: 1, failures: 0, exec time: 6
2025-12-19 14:40:08,400 [TB-Scheduling-1] INFO  o.t.s.dao.aspect.SqlDaoCallsAspect - [5c6c4190-f64c-11ee-8f58-c9c802dda3de]: method: JpaDashboardInfoDao.findDashboardsByTenantId(..), calls: 1, failures: 0, exec time: 4
2025-12-19 14:40:08,460 [TB-Scheduling-4] INFO  o.t.s.s.q.TbRuleEngineConsumerStats - [Main] Stats: totalMsgs = [1] successfulMsgs = [1] timeoutMsgs = [0] failedMsgs = [0] tmpTimeout = [0] tmpFailed = [0] successfulIterations = [1] failedIterations = [0] 
2025-12-19 14:40:08,562 [TB-Scheduling-3] INFO  o.t.s.c.t.s.DefaultTransportService - Transport Stats: openConnections [0]
2025-12-19 14:40:09,036 [TB-Scheduling-2] INFO  o.t.s.s.s.DefaultTbEntityDataSubscriptionService - Stats: regularQueryInvocationCnt = [0], regularQueryInvocationTime = [0], dynamicQueryCnt = [6] dynamicQueryInvocationCnt = [2], dynamicQueryInvocationTime = [48], alarmQueryInvocationCnt = [0], alarmQueryInvocationTime = [0]
2025-12-19 14:40:09,152 [TB-Scheduling-4] INFO  o.t.s.d.u.AbstractBufferedRateExecutor - [Write] Permits queueSize = [0] totalAdded = [6] totalLaunched = [6] totalReleased = [6] totalFailed = [0] totalExpired = [0] totalRejected = [0] totalRateLimited = [0] totalRateLimitedTenants = [0] currBuffer = [0] 
2025-12-19 14:40:18,277 [sql-log-1-thread-1] INFO  o.t.s.dao.sql.TbSqlBlockingQueue - Queue-0 [TS Latest] queueSize [0] totalAdded [4] totalSaved [4] totalFailed [0]
2025-12-19 14:40:18,278 [sql-log-1-thread-1] INFO  o.t.s.dao.sql.TbSqlBlockingQueue - Queue-2 [TS Latest] queueSize [0] totalAdded [6] totalSaved [6] totalFailed [0]
2025-12-19 14:40:19,037 [TB-Scheduling-3] INFO  o.t.s.s.s.DefaultTbEntityDataSubscriptionService - Stats: regularQueryInvocationCnt = [0], regularQueryInvocationTime = [0], dynamicQueryCnt = [6] dynamicQueryInvocationCnt = [2], dynamicQueryInvocationTime = [52], alarmQueryInvocationCnt = [0], alarmQueryInvocationTime = [0]
2025-12-19 14:40:19,152 [TB-Scheduling-2] INFO  o.t.s.d.u.AbstractBufferedRateExecutor - [Write] Permits queueSize = [0] totalAdded = [4] totalLaunched = [4] totalReleased = [4] totalFailed = [0] totalExpired = [0] totalRejected = [0] totalRateLimited = [0] totalRateLimitedTenants = [0] currBuffer = [0] 
2025-12-19 14:40:28,277 [sql-log-1-thread-1] INFO  o.t.s.dao.sql.TbSqlBlockingQueue - Queue-0 [TS Latest] queueSize [0] totalAdded [7] totalSaved [7] totalFailed [0]
2025-12-19 14:40:29,037 [TB-Scheduling-1] INFO  o.t.s.s.s.DefaultTbEntityDataSubscriptionService - Stats: regularQueryInvocationCnt = [0], regularQueryInvocationTime = [0], dynamicQueryCnt = [6] dynamicQueryInvocationCnt = [0], dynamicQueryInvocationTime = [0], alarmQueryInvocationCnt = [0], alarmQueryInvocationTime = [0]
2025-12-19 14:40:29,152 [TB-Scheduling-3] INFO  o.t.s.d.u.AbstractBufferedRateExecutor - [Write] Permits queueSize = [0] totalAdded = [7] totalLaunched = [7] totalReleased = [7] totalFailed = [0] totalExpired = [0] totalRejected = [0] totalRateLimited = [0] totalRateLimitedTenants = [0] currBuffer = [0] 
2025-12-19 14:40:39,038 [TB-Scheduling-2] INFO  o.t.s.s.s.DefaultTbEntityDataSubscriptionService - Stats: regularQueryInvocationCnt = [0], regularQueryInvocationTime = [0], dynamicQueryCnt = [6] dynamicQueryInvocationCnt = [0], dynamicQueryInvocationTime = [0], alarmQueryInvocationCnt = [0], alarmQueryInvocationTime = [0]
2025-12-19 14:40:49,038 [TB-Scheduling-4] INFO  o.t.s.s.s.DefaultTbEntityDataSubscriptionService - Stats: regularQueryInvocationCnt = [0], regularQueryInvocationTime = [0], dynamicQueryCnt = [6] dynamicQueryInvocationCnt = [0], dynamicQueryInvocationTime = [0], alarmQueryInvocationCnt = [0], alarmQueryInvocationTime = [0]
2025-12-19 14:40:59,039 [TB-Scheduling-2] INFO  o.t.s.s.s.DefaultTbEntityDataSubscriptionService - Stats: regularQueryInvocationCnt = [0], regularQueryInvocationTime = [0], dynamicQueryCnt = [6] dynamicQueryInvocationCnt = [2], dynamicQueryInvocationTime = [43], alarmQueryInvocationCnt = [0], alarmQueryInvocationTime = [0]
2025-12-19 14:41:08,562 [TB-Scheduling-4] INFO  o.t.s.c.t.s.DefaultTransportService - Transport Stats: openConnections [0]
2025-12-19 14:41:09,040 [TB-Scheduling-2] INFO  o.t.s.s.s.DefaultTbEntityDataSubscriptionService - Stats: regularQueryInvocationCnt = [0], regularQueryInvocationTime = [0], dynamicQueryCnt = [6] dynamicQueryInvocationCnt = [2], dynamicQueryInvocationTime = [47], alarmQueryInvocationCnt = [0], alarmQueryInvocationTime = [0]
2025-12-19 14:41:18,277 [sql-log-1-thread-1] INFO  o.t.s.dao.sql.TbSqlBlockingQueue - Queue-0 [TS Latest] queueSize [0] totalAdded [4] totalSaved [4] totalFailed [0]
2025-12-19 14:41:19,040 [TB-Scheduling-3] INFO  o.t.s.s.s.DefaultTbEntityDataSubscriptionService - Stats: regularQueryInvocationCnt = [0], regularQueryInvocationTime = [0], dynamicQueryCnt = [6] dynamicQueryInvocationCnt = [2], dynamicQueryInvocationTime = [39], alarmQueryInvocationCnt = [0], alarmQueryInvocationTime = [0]
2025-12-19 14:41:19,154 [TB-Scheduling-3] INFO  o.t.s.d.u.AbstractBufferedRateExecutor - [Write] Permits queueSize = [0] totalAdded = [4] totalLaunched = [4] totalReleased = [4] totalFailed = [0] totalExpired = [0] totalRejected = [0] totalRateLimited = [0] totalRateLimitedTenants = [0] currBuffer = [0] 
2025-12-19 14:41:28,816 [TB-Scheduling-4] INFO  o.t.s.d.u.AbstractBufferedRateExecutor - [Read] Permits queueSize = [0] totalAdded = [150] totalLaunched = [150] totalReleased = [150] totalFailed = [0] totalExpired = [0] totalRejected = [0] totalRateLimited = [0] totalRateLimitedTenants = [0] currBuffer = [0] 
2025-12-19 14:41:29,040 [TB-Scheduling-1] INFO  o.t.s.s.s.DefaultTbEntityDataSubscriptionService - Stats: regularQueryInvocationCnt = [1], regularQueryInvocationTime = [3], dynamicQueryCnt = [6] dynamicQueryInvocationCnt = [0], dynamicQueryInvocationTime = [0], alarmQueryInvocationCnt = [0], alarmQueryInvocationTime = [0]
2025-12-19 14:41:29,155 [TB-Scheduling-2] INFO  o.t.s.d.u.AbstractBufferedRateExecutor - [Write] Permits queueSize = [0] totalAdded = [7] totalLaunched = [7] totalReleased = [7] totalFailed = [0] totalExpired = [0] totalRejected = [0] totalRateLimited = [0] totalRateLimitedTenants = [0] currBuffer = [0] 
2025-12-19 14:41:38,277 [sql-log-1-thread-1] INFO  o.t.s.dao.sql.TbSqlBlockingQueue - Queue-0 [TS Latest] queueSize [0] totalAdded [7] totalSaved [7] totalFailed [0]
2025-12-19 14:41:39,041 [TB-Scheduling-3] INFO  o.t.s.s.s.DefaultTbEntityDataSubscriptionService - Stats: regularQueryInvocationCnt = [0], regularQueryInvocationTime = [0], dynamicQueryCnt = [6] dynamicQueryInvocationCnt = [0], dynamicQueryInvocationTime = [0], alarmQueryInvocationCnt = [0], alarmQueryInvocationTime = [0]
2025-12-19 14:41:49,041 [TB-Scheduling-1] INFO  o.t.s.s.s.DefaultTbEntityDataSubscriptionService - Stats: regularQueryInvocationCnt = [0], regularQueryInvocationTime = [0], dynamicQueryCnt = [6] dynamicQueryInvocationCnt = [0], dynamicQueryInvocationTime = [0], alarmQueryInvocationCnt = [0], alarmQueryInvocationTime = [0]
2025-12-19 14:41:59,042 [TB-Scheduling-3] INFO  o.t.s.s.s.DefaultTbEntityDataSubscriptionService - Stats: regularQueryInvocationCnt = [0], regularQueryInvocationTime = [0], dynamicQueryCnt = [6] dynamicQueryInvocationCnt = [2], dynamicQueryInvocationTime = [48], alarmQueryInvocationCnt = [0], alarmQueryInvocationTime = [0]
2025-12-19 14:42:08,563 [TB-Scheduling-2] INFO  o.t.s.c.t.s.DefaultTransportService - Transport Stats: openConnections [0]
2025-12-19 14:42:09,042 [TB-Scheduling-4] INFO  o.t.s.s.s.DefaultTbEntityDataSubscriptionService - Stats: regularQueryInvocationCnt = [0], regularQueryInvocationTime = [0], dynamicQueryCnt = [6] dynamicQueryInvocationCnt = [2], dynamicQueryInvocationTime = [39], alarmQueryInvocationCnt = [0], alarmQueryInvocationTime = [0]
2025-12-19 14:42:18,277 [sql-log-1-thread-1] INFO  o.t.s.dao.sql.TbSqlBlockingQueue - Queue-0 [TS Latest] queueSize [0] totalAdded [4] totalSaved [4] totalFailed [0]
2025-12-19 14:42:19,043 [TB-Scheduling-1] INFO  o.t.s.s.s.DefaultTbEntityDataSubscriptionService - Stats: regularQueryInvocationCnt = [0], regularQueryInvocationTime = [0], dynamicQueryCnt = [6] dynamicQueryInvocationCnt = [2], dynamicQueryInvocationTime = [49], alarmQueryInvocationCnt = [0], alarmQueryInvocationTime = [0]
2025-12-19 14:42:19,156 [TB-Scheduling-4] INFO  o.t.s.d.u.AbstractBufferedRateExecutor - [Write] Permits queueSize = [0] totalAdded = [4] totalLaunched = [4] totalReleased = [4] totalFailed = [0] totalExpired = [0] totalRejected = [0] totalRateLimited = [0] totalRateLimitedTenants = [0] currBuffer = [0] 
2025-12-19 14:42:29,044 [TB-Scheduling-2] INFO  o.t.s.s.s.DefaultTbEntityDataSubscriptionService - Stats: regularQueryInvocationCnt = [0], regularQueryInvocationTime = [0], dynamicQueryCnt = [6] dynamicQueryInvocationCnt = [0], dynamicQueryInvocationTime = [0], alarmQueryInvocationCnt = [0], alarmQueryInvocationTime = [0]
2025-12-19 14:42:38,277 [sql-log-1-thread-1] INFO  o.t.s.dao.sql.TbSqlBlockingQueue - Queue-0 [TS Latest] queueSize [0] totalAdded [7] totalSaved [7] totalFailed [0]
2025-12-19 14:42:39,044 [TB-Scheduling-3] INFO  o.t.s.s.s.DefaultTbEntityDataSubscriptionService - Stats: regularQueryInvocationCnt = [0], regularQueryInvocationTime = [0], dynamicQueryCnt = [6] dynamicQueryInvocationCnt = [0], dynamicQueryInvocationTime = [0], alarmQueryInvocationCnt = [0], alarmQueryInvocationTime = [0]
2025-12-19 14:42:39,157 [TB-Scheduling-2] INFO  o.t.s.d.u.AbstractBufferedRateExecutor - [Write] Permits queueSize = [0] totalAdded = [7] totalLaunched = [7] totalReleased = [7] totalFailed = [0] totalExpired = [0] totalRejected = [0] totalRateLimited = [0] totalRateLimitedTenants = [0] currBuffer = [0] 
2025-12-19 14:42:49,045 [TB-Scheduling-4] INFO  o.t.s.s.s.DefaultTbEntityDataSubscriptionService - Stats: regularQueryInvocationCnt = [0], regularQueryInvocationTime = [0], dynamicQueryCnt = [6] dynamicQueryInvocationCnt = [0], dynamicQueryInvocationTime = [0], alarmQueryInvocationCnt = [0], alarmQueryInvocationTime = [0]
2025-12-19 14:42:59,045 [TB-Scheduling-1] INFO  o.t.s.s.s.DefaultTbEntityDataSubscriptionService - Stats: regularQueryInvocationCnt = [0], regularQueryInvocationTime = [0], dynamicQueryCnt = [6] dynamicQueryInvocationCnt = [2], dynamicQueryInvocationTime = [52], alarmQueryInvocationCnt = [0], alarmQueryInvocationTime = [0]
2025-12-19 14:43:08,564 [TB-Scheduling-4] INFO  o.t.s.c.t.s.DefaultTransportService - Transport Stats: openConnections [0]
2025-12-19 14:43:09,046 [TB-Scheduling-3] INFO  o.t.s.s.s.DefaultTbEntityDataSubscriptionService - Stats: regularQueryInvocationCnt = [0], regularQueryInvocationTime = [0], dynamicQueryCnt = [6] dynamicQueryInvocationCnt = [2], dynamicQueryInvocationTime = [50], alarmQueryInvocationCnt = [0], alarmQueryInvocationTime = [0]
2025-12-19 14:43:18,277 [sql-log-1-thread-1] INFO  o.t.s.dao.sql.TbSqlBlockingQueue - Queue-0 [TS Latest] queueSize [0] totalAdded [4] totalSaved [4] totalFailed [0]
2025-12-19 14:43:18,819 [TB-Scheduling-2] INFO  o.t.s.d.u.AbstractBufferedRateExecutor - [Read] Permits queueSize = [0] totalAdded = [18] totalLaunched = [18] totalReleased = [18] totalFailed = [0] totalExpired = [0] totalRejected = [0] totalRateLimited = [0] totalRateLimitedTenants = [0] currBuffer = [0] 
2025-12-19 14:43:19,046 [TB-Scheduling-1] INFO  o.t.s.s.s.DefaultTbEntityDataSubscriptionService - Stats: regularQueryInvocationCnt = [1], regularQueryInvocationTime = [3], dynamicQueryCnt = [6] dynamicQueryInvocationCnt = [2], dynamicQueryInvocationTime = [42], alarmQueryInvocationCnt = [0], alarmQueryInvocationTime = [0]
2025-12-19 14:43:19,158 [TB-Scheduling-3] INFO  o.t.s.d.u.AbstractBufferedRateExecutor - [Write] Permits queueSize = [0] totalAdded = [4] totalLaunched = [4] totalReleased = [4] totalFailed = [0] totalExpired = [0] totalRejected = [0] totalRateLimited = [0] totalRateLimitedTenants = [0] currBuffer = [0] 
2025-12-19 14:43:29,047 [TB-Scheduling-2] INFO  o.t.s.s.s.DefaultTbEntityDataSubscriptionService - Stats: regularQueryInvocationCnt = [0], regularQueryInvocationTime = [0], dynamicQueryCnt = [6] dynamicQueryInvocationCnt = [0], dynamicQueryInvocationTime = [0], alarmQueryInvocationCnt = [0], alarmQueryInvocationTime = [0]
2025-12-19 14:43:38,277 [sql-log-1-thread-1] INFO  o.t.s.dao.sql.TbSqlBlockingQueue - Queue-0 [TS Latest] queueSize [0] totalAdded [7] totalSaved [7] totalFailed [0]
2025-12-19 14:43:39,048 [TB-Scheduling-4] INFO  o.t.s.s.s.DefaultTbEntityDataSubscriptionService - Stats: regularQueryInvocationCnt = [0], regularQueryInvocationTime = [0], dynamicQueryCnt = [6] dynamicQueryInvocationCnt = [0], dynamicQueryInvocationTime = [0], alarmQueryInvocationCnt = [0], alarmQueryInvocationTime = [0]
2025-12-19 14:43:39,159 [TB-Scheduling-2] INFO  o.t.s.d.u.AbstractBufferedRateExecutor - [Write] Permits queueSize = [0] totalAdded = [7] totalLaunched = [7] totalReleased = [7] totalFailed = [0] totalExpired = [0] totalRejected = [0] totalRateLimited = [0] totalRateLimitedTenants = [0] currBuffer = [0] 
2025-12-19 14:43:48,277 [sql-log-1-thread-1] INFO  o.t.s.dao.sql.TbSqlBlockingQueue - Queue-0 [TS Latest] queueSize [0] totalAdded [4] totalSaved [4] totalFailed [0]
2025-12-19 14:43:49,048 [TB-Scheduling-3] INFO  o.t.s.s.s.DefaultTbEntityDataSubscriptionService - Stats: regularQueryInvocationCnt = [0], regularQueryInvocationTime = [0], dynamicQueryCnt = [6] dynamicQueryInvocationCnt = [0], dynamicQueryInvocationTime = [0], alarmQueryInvocationCnt = [0], alarmQueryInvocationTime = [0]
2025-12-19 14:43:49,159 [TB-Scheduling-4] INFO  o.t.s.d.u.AbstractBufferedRateExecutor - [Write] Permits queueSize = [0] totalAdded = [4] totalLaunched = [4] totalReleased = [4] totalFailed = [0] totalExpired = [0] totalRejected = [0] totalRateLimited = [0] totalRateLimitedTenants = [0] currBuffer = [0] 
2025-12-19 14:43:59,049 [TB-Scheduling-1] INFO  o.t.s.s.s.DefaultTbEntityDataSubscriptionService - Stats: regularQueryInvocationCnt = [0], regularQueryInvocationTime = [0], dynamicQueryCnt = [6] dynamicQueryInvocationCnt = [2], dynamicQueryInvocationTime = [58], alarmQueryInvocationCnt = [0], alarmQueryInvocationTime = [0]
2025-12-19 14:44:08,368 [TB-Scheduling-3] INFO  o.t.s.s.queue.TbCoreConsumerStats - Core Stats: totalMsgs = [1] sessionEvents = [0] getAttr = [0] subToAttr = [0] subToRpc = [0] toDevRpc = [0] subInfo = [0] claimDevice = [0] deviceState = [0] subMsgs = [0] edgeNfs = [1] deviceConnect = [0] deviceActivity = [0] deviceDisconnect = [0] deviceInactivity = [0] coreNfOther = [0] coreNfCompLfcl = [0] coreNfDevRpcRsp = [0] coreNfEdgeUpd = [0] coreNfEdgeSyncReq = [0] coreNfEdgeSyncResp = [0] coreNfNfRlProc = [0] coreNfQueueUpd = [0] coreNfQueueDel = [0] coreNfSubSvc = [0] coreNfSubMgr = [0] coreNfVCRsp = [0] 
2025-12-19 14:44:08,401 [TB-Scheduling-2] INFO  o.t.s.dao.aspect.SqlDaoCallsAspect - Total timing statistics below:
2025-12-19 14:44:08,401 [TB-Scheduling-2] INFO  o.t.s.dao.aspect.SqlDaoCallsAspect - [5c6c4190-f64c-11ee-8f58-c9c802dda3de]: calls: 5, failures: 0, exec time: 30 
2025-12-19 14:44:08,401 [TB-Scheduling-2] INFO  o.t.s.dao.aspect.SqlDaoCallsAspect - [5c6c4190-f64c-11ee-8f58-c9c802dda3de] Top 3 methods by timing:
2025-12-19 14:44:08,402 [TB-Scheduling-2] INFO  o.t.s.dao.aspect.SqlDaoCallsAspect - [5c6c4190-f64c-11ee-8f58-c9c802dda3de]: method: JpaAbstractDao.save(..), calls: 2, failures: 0, exec time: 13
2025-12-19 14:44:08,402 [TB-Scheduling-2] INFO  o.t.s.dao.aspect.SqlDaoCallsAspect - [5c6c4190-f64c-11ee-8f58-c9c802dda3de]: method: JpaAbstractDao.findById(..), calls: 1, failures: 0, exec time: 7
2025-12-19 14:44:08,402 [TB-Scheduling-2] INFO  o.t.s.dao.aspect.SqlDaoCallsAspect - [5c6c4190-f64c-11ee-8f58-c9c802dda3de]: method: JpaDashboardInfoDao.findDashboardsByTenantId(..), calls: 1, failures: 0, exec time: 7
2025-12-19 14:44:08,462 [TB-Scheduling-1] INFO  o.t.s.s.q.TbRuleEngineConsumerStats - [Main] Stats: totalMsgs = [1] successfulMsgs = [1] timeoutMsgs = [0] failedMsgs = [0] tmpTimeout = [0] tmpFailed = [0] successfulIterations = [1] failedIterations = [0] 
2025-12-19 14:44:08,564 [TB-Scheduling-4] INFO  o.t.s.c.t.s.DefaultTransportService - Transport Stats: openConnections [0]
2025-12-19 14:44:08,821 [TB-Scheduling-3] INFO  o.t.s.d.u.AbstractBufferedRateExecutor - [Read] Permits queueSize = [0] totalAdded = [150] totalLaunched = [150] totalReleased = [150] totalFailed = [0] totalExpired = [0] totalRejected = [0] totalRateLimited = [0] totalRateLimitedTenants = [0] currBuffer = [0] 
2025-12-19 14:44:09,050 [TB-Scheduling-2] INFO  o.t.s.s.s.DefaultTbEntityDataSubscriptionService - Stats: regularQueryInvocationCnt = [1], regularQueryInvocationTime = [6], dynamicQueryCnt = [6] dynamicQueryInvocationCnt = [2], dynamicQueryInvocationTime = [55], alarmQueryInvocationCnt = [0], alarmQueryInvocationTime = [0]
2025-12-19 14:44:09,160 [TB-Scheduling-1] INFO  o.t.s.d.u.AbstractBufferedRateExecutor - [Write] Permits queueSize = [0] totalAdded = [6] totalLaunched = [6] totalReleased = [6] totalFailed = [0] totalExpired = [0] totalRejected = [0] totalRateLimited = [0] totalRateLimitedTenants = [0] currBuffer = [0] 
2025-12-19 14:44:18,277 [sql-log-1-thread-1] INFO  o.t.s.dao.sql.TbSqlBlockingQueue - Queue-0 [TS Latest] queueSize [0] totalAdded [4] totalSaved [4] totalFailed [0]
2025-12-19 14:44:18,278 [sql-log-1-thread-1] INFO  o.t.s.dao.sql.TbSqlBlockingQueue - Queue-2 [TS Latest] queueSize [0] totalAdded [6] totalSaved [6] totalFailed [0]
2025-12-19 14:44:19,050 [TB-Scheduling-4] INFO  o.t.s.s.s.DefaultTbEntityDataSubscriptionService - Stats: regularQueryInvocationCnt = [1], regularQueryInvocationTime = [3], dynamicQueryCnt = [6] dynamicQueryInvocationCnt = [2], dynamicQueryInvocationTime = [48], alarmQueryInvocationCnt = [0], alarmQueryInvocationTime = [0]
2025-12-19 14:44:19,160 [TB-Scheduling-2] INFO  o.t.s.d.u.AbstractBufferedRateExecutor - [Write] Permits queueSize = [0] totalAdded = [4] totalLaunched = [4] totalReleased = [4] totalFailed = [0] totalExpired = [0] totalRejected = [0] totalRateLimited = [0] totalRateLimitedTenants = [0] currBuffer = [0] 
2025-12-19 14:44:29,051 [TB-Scheduling-3] INFO  o.t.s.s.s.DefaultTbEntityDataSubscriptionService - Stats: regularQueryInvocationCnt = [0], regularQueryInvocationTime = [0], dynamicQueryCnt = [6] dynamicQueryInvocationCnt = [0], dynamicQueryInvocationTime = [0], alarmQueryInvocationCnt = [0], alarmQueryInvocationTime = [0]
2025-12-19 14:44:38,277 [sql-log-1-thread-1] INFO  o.t.s.dao.sql.TbSqlBlockingQueue - Queue-0 [TS Latest] queueSize [0] totalAdded [7] totalSaved [7] totalFailed [0]
2025-12-19 14:44:39,051 [TB-Scheduling-3] INFO  o.t.s.s.s.DefaultTbEntityDataSubscriptionService - Stats: regularQueryInvocationCnt = [0], regularQueryInvocationTime = [0], dynamicQueryCnt = [6] dynamicQueryInvocationCnt = [0], dynamicQueryInvocationTime = [0], alarmQueryInvocationCnt = [0], alarmQueryInvocationTime = [0]
2025-12-19 14:44:39,161 [TB-Scheduling-1] INFO  o.t.s.d.u.AbstractBufferedRateExecutor - [Write] Permits queueSize = [0] totalAdded = [7] totalLaunched = [7] totalReleased = [7] totalFailed = [0] totalExpired = [0] totalRejected = [0] totalRateLimited = [0] totalRateLimitedTenants = [0] currBuffer = [0] 
2025-12-19 14:44:49,052 [TB-Scheduling-2] INFO  o.t.s.s.s.DefaultTbEntityDataSubscriptionService - Stats: regularQueryInvocationCnt = [0], regularQueryInvocationTime = [0], dynamicQueryCnt = [6] dynamicQueryInvocationCnt = [0], dynamicQueryInvocationTime = [0], alarmQueryInvocationCnt = [0], alarmQueryInvocationTime = [0]
2025-12-19 14:44:59,052 [TB-Scheduling-3] INFO  o.t.s.s.s.DefaultTbEntityDataSubscriptionService - Stats: regularQueryInvocationCnt = [0], regularQueryInvocationTime = [0], dynamicQueryCnt = [6] dynamicQueryInvocationCnt = [2], dynamicQueryInvocationTime = [52], alarmQueryInvocationCnt = [0], alarmQueryInvocationTime = [0]
2025-12-19 14:45:08,565 [TB-Scheduling-2] INFO  o.t.s.c.t.s.DefaultTransportService - Transport Stats: openConnections [0]
2025-12-19 14:45:09,052 [TB-Scheduling-4] INFO  o.t.s.s.s.DefaultTbEntityDataSubscriptionService - Stats: regularQueryInvocationCnt = [0], regularQueryInvocationTime = [0], dynamicQueryCnt = [6] dynamicQueryInvocationCnt = [2], dynamicQueryInvocationTime = [42], alarmQueryInvocationCnt = [0], alarmQueryInvocationTime = [0]
2025-12-19 14:45:18,277 [sql-log-1-thread-1] INFO  o.t.s.dao.sql.TbSqlBlockingQueue - Queue-0 [TS Latest] queueSize [0] totalAdded [4] totalSaved [4] totalFailed [0]
2025-12-19 14:45:19,053 [TB-Scheduling-1] INFO  o.t.s.s.s.DefaultTbEntityDataSubscriptionService - Stats: regularQueryInvocationCnt = [0], regularQueryInvocationTime = [0], dynamicQueryCnt = [6] dynamicQueryInvocationCnt = [2], dynamicQueryInvocationTime = [44], alarmQueryInvocationCnt = [0], alarmQueryInvocationTime = [0]
2025-12-19 14:45:19,162 [TB-Scheduling-4] INFO  o.t.s.d.u.AbstractBufferedRateExecutor - [Write] Permits queueSize = [0] totalAdded = [4] totalLaunched = [4] totalReleased = [4] totalFailed = [0] totalExpired = [0] totalRejected = [0] totalRateLimited = [0] totalRateLimitedTenants = [0] currBuffer = [0] 
2025-12-19 14:45:29,053 [TB-Scheduling-2] INFO  o.t.s.s.s.DefaultTbEntityDataSubscriptionService - Stats: regularQueryInvocationCnt = [0], regularQueryInvocationTime = [0], dynamicQueryCnt = [6] dynamicQueryInvocationCnt = [0], dynamicQueryInvocationTime = [0], alarmQueryInvocationCnt = [0], alarmQueryInvocationTime = [0]
2025-12-19 14:45:38,277 [sql-log-1-thread-1] INFO  o.t.s.dao.sql.TbSqlBlockingQueue - Queue-0 [TS Latest] queueSize [0] totalAdded [7] totalSaved [7] totalFailed [0]
2025-12-19 14:45:39,054 [TB-Scheduling-1] INFO  o.t.s.s.s.DefaultTbEntityDataSubscriptionService - Stats: regularQueryInvocationCnt = [0], regularQueryInvocationTime = [0], dynamicQueryCnt = [6] dynamicQueryInvocationCnt = [0], dynamicQueryInvocationTime = [0], alarmQueryInvocationCnt = [0], alarmQueryInvocationTime = [0]
2025-12-19 14:45:39,163 [TB-Scheduling-2] INFO  o.t.s.d.u.AbstractBufferedRateExecutor - [Write] Permits queueSize = [0] totalAdded = [7] totalLaunched = [7] totalReleased = [7] totalFailed = [0] totalExpired = [0] totalRejected = [0] totalRateLimited = [0] totalRateLimitedTenants = [0] currBuffer = [0] 
2025-12-19 14:45:49,054 [TB-Scheduling-4] INFO  o.t.s.s.s.DefaultTbEntityDataSubscriptionService - Stats: regularQueryInvocationCnt = [0], regularQueryInvocationTime = [0], dynamicQueryCnt = [6] dynamicQueryInvocationCnt = [0], dynamicQueryInvocationTime = [0], alarmQueryInvocationCnt = [0], alarmQueryInvocationTime = [0]
2025-12-19 14:45:59,055 [TB-Scheduling-2] INFO  o.t.s.s.s.DefaultTbEntityDataSubscriptionService - Stats: regularQueryInvocationCnt = [0], regularQueryInvocationTime = [0], dynamicQueryCnt = [6] dynamicQueryInvocationCnt = [2], dynamicQueryInvocationTime = [35], alarmQueryInvocationCnt = [0], alarmQueryInvocationTime = [0]
2025-12-19 14:46:08,565 [TB-Scheduling-4] INFO  o.t.s.c.t.s.DefaultTransportService - Transport Stats: openConnections [0]
2025-12-19 14:46:09,055 [TB-Scheduling-3] INFO  o.t.s.s.s.DefaultTbEntityDataSubscriptionService - Stats: regularQueryInvocationCnt = [0], regularQueryInvocationTime = [0], dynamicQueryCnt = [6] dynamicQueryInvocationCnt = [2], dynamicQueryInvocationTime = [36], alarmQueryInvocationCnt = [0], alarmQueryInvocationTime = [0]
2025-12-19 14:46:18,277 [sql-log-1-thread-1] INFO  o.t.s.dao.sql.TbSqlBlockingQueue - Queue-0 [TS Latest] queueSize [0] totalAdded [4] totalSaved [4] totalFailed [0]
2025-12-19 14:46:19,056 [TB-Scheduling-1] INFO  o.t.s.s.s.DefaultTbEntityDataSubscriptionService - Stats: regularQueryInvocationCnt = [0], regularQueryInvocationTime = [0], dynamicQueryCnt = [6] dynamicQueryInvocationCnt = [2], dynamicQueryInvocationTime = [38], alarmQueryInvocationCnt = [0], alarmQueryInvocationTime = [0]
2025-12-19 14:46:19,164 [TB-Scheduling-3] INFO  o.t.s.d.u.AbstractBufferedRateExecutor - [Write] Permits queueSize = [0] totalAdded = [4] totalLaunched = [4] totalReleased = [4] totalFailed = [0] totalExpired = [0] totalRejected = [0] totalRateLimited = [0] totalRateLimitedTenants = [0] currBuffer = [0] 
2025-12-19 14:46:29,057 [TB-Scheduling-4] INFO  o.t.s.s.s.DefaultTbEntityDataSubscriptionService - Stats: regularQueryInvocationCnt = [0], regularQueryInvocationTime = [0], dynamicQueryCnt = [6] dynamicQueryInvocationCnt = [0], dynamicQueryInvocationTime = [0], alarmQueryInvocationCnt = [0], alarmQueryInvocationTime = [0]
2025-12-19 14:46:38,277 [sql-log-1-thread-1] INFO  o.t.s.dao.sql.TbSqlBlockingQueue - Queue-0 [TS Latest] queueSize [0] totalAdded [7] totalSaved [7] totalFailed [0]
2025-12-19 14:46:39,057 [TB-Scheduling-1] INFO  o.t.s.s.s.DefaultTbEntityDataSubscriptionService - Stats: regularQueryInvocationCnt = [0], regularQueryInvocationTime = [0], dynamicQueryCnt = [6] dynamicQueryInvocationCnt = [0], dynamicQueryInvocationTime = [0], alarmQueryInvocationCnt = [0], alarmQueryInvocationTime = [0]
2025-12-19 14:46:39,164 [TB-Scheduling-4] INFO  o.t.s.d.u.AbstractBufferedRateExecutor - [Write] Permits queueSize = [0] totalAdded = [7] totalLaunched = [7] totalReleased = [7] totalFailed = [0] totalExpired = [0] totalRejected = [0] totalRateLimited = [0] totalRateLimitedTenants = [0] currBuffer = [0] 
2025-12-19 14:46:49,058 [TB-Scheduling-2] INFO  o.t.s.s.s.DefaultTbEntityDataSubscriptionService - Stats: regularQueryInvocationCnt = [0], regularQueryInvocationTime = [0], dynamicQueryCnt = [6] dynamicQueryInvocationCnt = [0], dynamicQueryInvocationTime = [0], alarmQueryInvocationCnt = [0], alarmQueryInvocationTime = [0]
2025-12-19 14:46:59,058 [TB-Scheduling-3] INFO  o.t.s.s.s.DefaultTbEntityDataSubscriptionService - Stats: regularQueryInvocationCnt = [0], regularQueryInvocationTime = [0], dynamicQueryCnt = [6] dynamicQueryInvocationCnt = [2], dynamicQueryInvocationTime = [37], alarmQueryInvocationCnt = [0], alarmQueryInvocationTime = [0]
2025-12-19 14:47:08,566 [TB-Scheduling-2] INFO  o.t.s.c.t.s.DefaultTransportService - Transport Stats: openConnections [0]
2025-12-19 14:47:09,059 [TB-Scheduling-1] INFO  o.t.s.s.s.DefaultTbEntityDataSubscriptionService - Stats: regularQueryInvocationCnt = [0], regularQueryInvocationTime = [0], dynamicQueryCnt = [6] dynamicQueryInvocationCnt = [2], dynamicQueryInvocationTime = [10], alarmQueryInvocationCnt = [0], alarmQueryInvocationTime = [0]
2025-12-19 14:47:18,277 [sql-log-1-thread-1] INFO  o.t.s.dao.sql.TbSqlBlockingQueue - Queue-0 [TS Latest] queueSize [0] totalAdded [4] totalSaved [4] totalFailed [0]
2025-12-19 14:47:19,059 [TB-Scheduling-1] INFO  o.t.s.s.s.DefaultTbEntityDataSubscriptionService - Stats: regularQueryInvocationCnt = [0], regularQueryInvocationTime = [0], dynamicQueryCnt = [6] dynamicQueryInvocationCnt = [2], dynamicQueryInvocationTime = [10], alarmQueryInvocationCnt = [0], alarmQueryInvocationTime = [0]
2025-12-19 14:47:19,166 [TB-Scheduling-2] INFO  o.t.s.d.u.AbstractBufferedRateExecutor - [Write] Permits queueSize = [0] totalAdded = [4] totalLaunched = [4] totalReleased = [4] totalFailed = [0] totalExpired = [0] totalRejected = [0] totalRateLimited = [0] totalRateLimitedTenants = [0] currBuffer = [0] 
2025-12-19 14:47:29,060 [TB-Scheduling-1] INFO  o.t.s.s.s.DefaultTbEntityDataSubscriptionService - Stats: regularQueryInvocationCnt = [0], regularQueryInvocationTime = [0], dynamicQueryCnt = [6] dynamicQueryInvocationCnt = [0], dynamicQueryInvocationTime = [0], alarmQueryInvocationCnt = [0], alarmQueryInvocationTime = [0]
2025-12-19 14:47:38,277 [sql-log-1-thread-1] INFO  o.t.s.dao.sql.TbSqlBlockingQueue - Queue-0 [TS Latest] queueSize [0] totalAdded [7] totalSaved [7] totalFailed [0]
2025-12-19 14:47:39,060 [TB-Scheduling-3] INFO  o.t.s.s.s.DefaultTbEntityDataSubscriptionService - Stats: regularQueryInvocationCnt = [0], regularQueryInvocationTime = [0], dynamicQueryCnt = [6] dynamicQueryInvocationCnt = [0], dynamicQueryInvocationTime = [0], alarmQueryInvocationCnt = [0], alarmQueryInvocationTime = [0]
2025-12-19 14:47:39,166 [TB-Scheduling-1] INFO  o.t.s.d.u.AbstractBufferedRateExecutor - [Write] Permits queueSize = [0] totalAdded = [7] totalLaunched = [7] totalReleased = [7] totalFailed = [0] totalExpired = [0] totalRejected = [0] totalRateLimited = [0] totalRateLimitedTenants = [0] currBuffer = [0] 
2025-12-19 14:47:49,061 [TB-Scheduling-2] INFO  o.t.s.s.s.DefaultTbEntityDataSubscriptionService - Stats: regularQueryInvocationCnt = [0], regularQueryInvocationTime = [0], dynamicQueryCnt = [6] dynamicQueryInvocationCnt = [0], dynamicQueryInvocationTime = [0], alarmQueryInvocationCnt = [0], alarmQueryInvocationTime = [0]
2025-12-19 14:47:59,062 [TB-Scheduling-1] INFO  o.t.s.s.s.DefaultTbEntityDataSubscriptionService - Stats: regularQueryInvocationCnt = [0], regularQueryInvocationTime = [0], dynamicQueryCnt = [6] dynamicQueryInvocationCnt = [2], dynamicQueryInvocationTime = [49], alarmQueryInvocationCnt = [0], alarmQueryInvocationTime = [0]
2025-12-19 14:48:08,566 [TB-Scheduling-2] INFO  o.t.s.c.t.s.DefaultTransportService - Transport Stats: openConnections [0]
2025-12-19 14:48:09,062 [TB-Scheduling-1] INFO  o.t.s.s.s.DefaultTbEntityDataSubscriptionService - Stats: regularQueryInvocationCnt = [0], regularQueryInvocationTime = [0], dynamicQueryCnt = [6] dynamicQueryInvocationCnt = [2], dynamicQueryInvocationTime = [9], alarmQueryInvocationCnt = [0], alarmQueryInvocationTime = [0]
2025-12-19 14:48:18,277 [sql-log-1-thread-1] INFO  o.t.s.dao.sql.TbSqlBlockingQueue - Queue-0 [TS Latest] queueSize [0] totalAdded [4] totalSaved [4] totalFailed [0]
2025-12-19 14:48:19,062 [TB-Scheduling-3] INFO  o.t.s.s.s.DefaultTbEntityDataSubscriptionService - Stats: regularQueryInvocationCnt = [0], regularQueryInvocationTime = [0], dynamicQueryCnt = [6] dynamicQueryInvocationCnt = [2], dynamicQueryInvocationTime = [9], alarmQueryInvocationCnt = [0], alarmQueryInvocationTime = [0]
2025-12-19 14:48:19,167 [TB-Scheduling-1] INFO  o.t.s.d.u.AbstractBufferedRateExecutor - [Write] Permits queueSize = [0] totalAdded = [4] totalLaunched = [4] totalReleased = [4] totalFailed = [0] totalExpired = [0] totalRejected = [0] totalRateLimited = [0] totalRateLimitedTenants = [0] currBuffer = [0] 
2025-12-19 14:48:29,063 [TB-Scheduling-2] INFO  o.t.s.s.s.DefaultTbEntityDataSubscriptionService - Stats: regularQueryInvocationCnt = [0], regularQueryInvocationTime = [0], dynamicQueryCnt = [6] dynamicQueryInvocationCnt = [0], dynamicQueryInvocationTime = [0], alarmQueryInvocationCnt = [0], alarmQueryInvocationTime = [0]
2025-12-19 14:48:38,277 [sql-log-1-thread-1] INFO  o.t.s.dao.sql.TbSqlBlockingQueue - Queue-0 [TS Latest] queueSize [0] totalAdded [7] totalSaved [7] totalFailed [0]
2025-12-19 14:48:39,063 [TB-Scheduling-3] INFO  o.t.s.s.s.DefaultTbEntityDataSubscriptionService - Stats: regularQueryInvocationCnt = [0], regularQueryInvocationTime = [0], dynamicQueryCnt = [6] dynamicQueryInvocationCnt = [0], dynamicQueryInvocationTime = [0], alarmQueryInvocationCnt = [0], alarmQueryInvocationTime = [0]
2025-12-19 14:48:39,168 [TB-Scheduling-2] INFO  o.t.s.d.u.AbstractBufferedRateExecutor - [Write] Permits queueSize = [0] totalAdded = [7] totalLaunched = [7] totalReleased = [7] totalFailed = [0] totalExpired = [0] totalRejected = [0] totalRateLimited = [0] totalRateLimitedTenants = [0] currBuffer = [0] 
2025-12-19 14:48:49,064 [TB-Scheduling-1] INFO  o.t.s.s.s.DefaultTbEntityDataSubscriptionService - Stats: regularQueryInvocationCnt = [1], regularQueryInvocationTime = [4], dynamicQueryCnt = [6] dynamicQueryInvocationCnt = [0], dynamicQueryInvocationTime = [0], alarmQueryInvocationCnt = [0], alarmQueryInvocationTime = [0]
2025-12-19 14:48:59,064 [TB-Scheduling-3] INFO  o.t.s.s.s.DefaultTbEntityDataSubscriptionService - Stats: regularQueryInvocationCnt = [0], regularQueryInvocationTime = [0], dynamicQueryCnt = [6] dynamicQueryInvocationCnt = [2], dynamicQueryInvocationTime = [9], alarmQueryInvocationCnt = [0], alarmQueryInvocationTime = [0]
2025-12-19 14:49:08,567 [TB-Scheduling-1] INFO  o.t.s.c.t.s.DefaultTransportService - Transport Stats: openConnections [0]
2025-12-19 14:49:09,065 [TB-Scheduling-4] INFO  o.t.s.s.s.DefaultTbEntityDataSubscriptionService - Stats: regularQueryInvocationCnt = [1], regularQueryInvocationTime = [3], dynamicQueryCnt = [6] dynamicQueryInvocationCnt = [2], dynamicQueryInvocationTime = [10], alarmQueryInvocationCnt = [0], alarmQueryInvocationTime = [0]
2025-12-19 14:49:18,277 [sql-log-1-thread-1] INFO  o.t.s.dao.sql.TbSqlBlockingQueue - Queue-0 [TS Latest] queueSize [0] totalAdded [4] totalSaved [4] totalFailed [0]
2025-12-19 14:49:19,065 [TB-Scheduling-2] INFO  o.t.s.s.s.DefaultTbEntityDataSubscriptionService - Stats: regularQueryInvocationCnt = [0], regularQueryInvocationTime = [0], dynamicQueryCnt = [6] dynamicQueryInvocationCnt = [2], dynamicQueryInvocationTime = [6], alarmQueryInvocationCnt = [0], alarmQueryInvocationTime = [0]
2025-12-19 14:49:19,169 [TB-Scheduling-4] INFO  o.t.s.d.u.AbstractBufferedRateExecutor - [Write] Permits queueSize = [0] totalAdded = [4] totalLaunched = [4] totalReleased = [4] totalFailed = [0] totalExpired = [0] totalRejected = [0] totalRateLimited = [0] totalRateLimitedTenants = [0] currBuffer = [0] 
2025-12-19 14:49:29,066 [TB-Scheduling-3] INFO  o.t.s.s.s.DefaultTbEntityDataSubscriptionService - Stats: regularQueryInvocationCnt = [0], regularQueryInvocationTime = [0], dynamicQueryCnt = [6] dynamicQueryInvocationCnt = [0], dynamicQueryInvocationTime = [0], alarmQueryInvocationCnt = [0], alarmQueryInvocationTime = [0]
2025-12-19 14:49:38,277 [sql-log-1-thread-1] INFO  o.t.s.dao.sql.TbSqlBlockingQueue - Queue-0 [TS Latest] queueSize [0] totalAdded [7] totalSaved [7] totalFailed [0]
2025-12-19 14:49:39,066 [TB-Scheduling-2] INFO  o.t.s.s.s.DefaultTbEntityDataSubscriptionService - Stats: regularQueryInvocationCnt = [0], regularQueryInvocationTime = [0], dynamicQueryCnt = [6] dynamicQueryInvocationCnt = [0], dynamicQueryInvocationTime = [0], alarmQueryInvocationCnt = [0], alarmQueryInvocationTime = [0]
2025-12-19 14:49:39,169 [TB-Scheduling-4] INFO  o.t.s.d.u.AbstractBufferedRateExecutor - [Write] Permits queueSize = [0] totalAdded = [7] totalLaunched = [7] totalReleased = [7] totalFailed = [0] totalExpired = [0] totalRejected = [0] totalRateLimited = [0] totalRateLimitedTenants = [0] currBuffer = [0] 
2025-12-19 14:49:49,067 [TB-Scheduling-1] INFO  o.t.s.s.s.DefaultTbEntityDataSubscriptionService - Stats: regularQueryInvocationCnt = [1], regularQueryInvocationTime = [4], dynamicQueryCnt = [6] dynamicQueryInvocationCnt = [0], dynamicQueryInvocationTime = [0], alarmQueryInvocationCnt = [0], alarmQueryInvocationTime = [0]
2025-12-19 14:49:59,067 [TB-Scheduling-3] INFO  o.t.s.s.s.DefaultTbEntityDataSubscriptionService - Stats: regularQueryInvocationCnt = [1], regularQueryInvocationTime = [3], dynamicQueryCnt = [6] dynamicQueryInvocationCnt = [2], dynamicQueryInvocationTime = [40], alarmQueryInvocationCnt = [0], alarmQueryInvocationTime = [0]
2025-12-19 14:50:08,567 [TB-Scheduling-1] INFO  o.t.s.c.t.s.DefaultTransportService - Transport Stats: openConnections [0]
2025-12-19 14:50:09,068 [TB-Scheduling-2] INFO  o.t.s.s.s.DefaultTbEntityDataSubscriptionService - Stats: regularQueryInvocationCnt = [0], regularQueryInvocationTime = [0], dynamicQueryCnt = [6] dynamicQueryInvocationCnt = [2], dynamicQueryInvocationTime = [7], alarmQueryInvocationCnt = [0], alarmQueryInvocationTime = [0]
2025-12-19 14:50:18,277 [sql-log-1-thread-1] INFO  o.t.s.dao.sql.TbSqlBlockingQueue - Queue-0 [TS Latest] queueSize [0] totalAdded [4] totalSaved [4] totalFailed [0]
2025-12-19 14:50:19,068 [TB-Scheduling-4] INFO  o.t.s.s.s.DefaultTbEntityDataSubscriptionService - Stats: regularQueryInvocationCnt = [1], regularQueryInvocationTime = [3], dynamicQueryCnt = [6] dynamicQueryInvocationCnt = [2], dynamicQueryInvocationTime = [9], alarmQueryInvocationCnt = [0], alarmQueryInvocationTime = [0]
2025-12-19 14:50:19,170 [TB-Scheduling-2] INFO  o.t.s.d.u.AbstractBufferedRateExecutor - [Write] Permits queueSize = [0] totalAdded = [4] totalLaunched = [4] totalReleased = [4] totalFailed = [0] totalExpired = [0] totalRejected = [0] totalRateLimited = [0] totalRateLimitedTenants = [0] currBuffer = [0] 
2025-12-19 14:50:29,069 [TB-Scheduling-1] INFO  o.t.s.s.s.DefaultTbEntityDataSubscriptionService - Stats: regularQueryInvocationCnt = [1], regularQueryInvocationTime = [3], dynamicQueryCnt = [6] dynamicQueryInvocationCnt = [0], dynamicQueryInvocationTime = [0], alarmQueryInvocationCnt = [0], alarmQueryInvocationTime = [0]
2025-12-19 14:50:38,277 [sql-log-1-thread-1] INFO  o.t.s.dao.sql.TbSqlBlockingQueue - Queue-0 [TS Latest] queueSize [0] totalAdded [7] totalSaved [7] totalFailed [0]
2025-12-19 14:50:39,069 [TB-Scheduling-2] INFO  o.t.s.s.s.DefaultTbEntityDataSubscriptionService - Stats: regularQueryInvocationCnt = [0], regularQueryInvocationTime = [0], dynamicQueryCnt = [6] dynamicQueryInvocationCnt = [0], dynamicQueryInvocationTime = [0], alarmQueryInvocationCnt = [0], alarmQueryInvocationTime = [0]
2025-12-19 14:50:39,171 [TB-Scheduling-1] INFO  o.t.s.d.u.AbstractBufferedRateExecutor - [Write] Permits queueSize = [0] totalAdded = [7] totalLaunched = [7] totalReleased = [7] totalFailed = [0] totalExpired = [0] totalRejected = [0] totalRateLimited = [0] totalRateLimitedTenants = [0] currBuffer = [0] 
2025-12-19 14:50:49,070 [TB-Scheduling-4] INFO  o.t.s.s.s.DefaultTbEntityDataSubscriptionService - Stats: regularQueryInvocationCnt = [1], regularQueryInvocationTime = [4], dynamicQueryCnt = [6] dynamicQueryInvocationCnt = [0], dynamicQueryInvocationTime = [0], alarmQueryInvocationCnt = [0], alarmQueryInvocationTime = [0]
2025-12-19 14:50:59,071 [TB-Scheduling-1] INFO  o.t.s.s.s.DefaultTbEntityDataSubscriptionService - Stats: regularQueryInvocationCnt = [0], regularQueryInvocationTime = [0], dynamicQueryCnt = [6] dynamicQueryInvocationCnt = [2], dynamicQueryInvocationTime = [9], alarmQueryInvocationCnt = [0], alarmQueryInvocationTime = [0]
2025-12-19 14:51:08,568 [TB-Scheduling-2] INFO  o.t.s.c.t.s.DefaultTransportService - Transport Stats: openConnections [0]
2025-12-19 14:51:09,071 [TB-Scheduling-3] INFO  o.t.s.s.s.DefaultTbEntityDataSubscriptionService - Stats: regularQueryInvocationCnt = [0], regularQueryInvocationTime = [0], dynamicQueryCnt = [6] dynamicQueryInvocationCnt = [2], dynamicQueryInvocationTime = [8], alarmQueryInvocationCnt = [0], alarmQueryInvocationTime = [0]
2025-12-19 14:51:18,277 [sql-log-1-thread-1] INFO  o.t.s.dao.sql.TbSqlBlockingQueue - Queue-0 [TS Latest] queueSize [0] totalAdded [4] totalSaved [4] totalFailed [0]
2025-12-19 14:51:19,072 [TB-Scheduling-4] INFO  o.t.s.s.s.DefaultTbEntityDataSubscriptionService - Stats: regularQueryInvocationCnt = [0], regularQueryInvocationTime = [0], dynamicQueryCnt = [6] dynamicQueryInvocationCnt = [2], dynamicQueryInvocationTime = [9], alarmQueryInvocationCnt = [0], alarmQueryInvocationTime = [0]
2025-12-19 14:51:19,172 [TB-Scheduling-3] INFO  o.t.s.d.u.AbstractBufferedRateExecutor - [Write] Permits queueSize = [0] totalAdded = [4] totalLaunched = [4] totalReleased = [4] totalFailed = [0] totalExpired = [0] totalRejected = [0] totalRateLimited = [0] totalRateLimitedTenants = [0] currBuffer = [0] 
2025-12-19 14:51:29,072 [TB-Scheduling-2] INFO  o.t.s.s.s.DefaultTbEntityDataSubscriptionService - Stats: regularQueryInvocationCnt = [0], regularQueryInvocationTime = [0], dynamicQueryCnt = [6] dynamicQueryInvocationCnt = [0], dynamicQueryInvocationTime = [0], alarmQueryInvocationCnt = [0], alarmQueryInvocationTime = [0]
2025-12-19 14:51:39,073 [TB-Scheduling-4] INFO  o.t.s.s.s.DefaultTbEntityDataSubscriptionService - Stats: regularQueryInvocationCnt = [0], regularQueryInvocationTime = [0], dynamicQueryCnt = [6] dynamicQueryInvocationCnt = [0], dynamicQueryInvocationTime = [0], alarmQueryInvocationCnt = [0], alarmQueryInvocationTime = [0]
2025-12-19 14:51:39,173 [TB-Scheduling-2] INFO  o.t.s.d.u.AbstractBufferedRateExecutor - [Write] Permits queueSize = [0] totalAdded = [7] totalLaunched = [7] totalReleased = [7] totalFailed = [0] totalExpired = [0] totalRejected = [0] totalRateLimited = [0] totalRateLimitedTenants = [0] currBuffer = [0] 
2025-12-19 14:51:48,277 [sql-log-1-thread-1] INFO  o.t.s.dao.sql.TbSqlBlockingQueue - Queue-0 [TS Latest] queueSize [0] totalAdded [7] totalSaved [7] totalFailed [0]
2025-12-19 14:51:49,073 [TB-Scheduling-3] INFO  o.t.s.s.s.DefaultTbEntityDataSubscriptionService - Stats: regularQueryInvocationCnt = [0], regularQueryInvocationTime = [0], dynamicQueryCnt = [6] dynamicQueryInvocationCnt = [0], dynamicQueryInvocationTime = [0], alarmQueryInvocationCnt = [0], alarmQueryInvocationTime = [0]
2025-12-19 14:51:59,074 [TB-Scheduling-1] INFO  o.t.s.s.s.DefaultTbEntityDataSubscriptionService - Stats: regularQueryInvocationCnt = [0], regularQueryInvocationTime = [0], dynamicQueryCnt = [6] dynamicQueryInvocationCnt = [2], dynamicQueryInvocationTime = [8], alarmQueryInvocationCnt = [0], alarmQueryInvocationTime = [0]
2025-12-19 14:52:08,369 [TB-Scheduling-3] INFO  o.t.s.s.queue.TbCoreConsumerStats - Core Stats: totalMsgs = [1] sessionEvents = [0] getAttr = [0] subToAttr = [0] subToRpc = [0] toDevRpc = [0] subInfo = [0] claimDevice = [0] deviceState = [0] subMsgs = [0] edgeNfs = [1] deviceConnect = [0] deviceActivity = [0] deviceDisconnect = [0] deviceInactivity = [0] coreNfOther = [0] coreNfCompLfcl = [0] coreNfDevRpcRsp = [0] coreNfEdgeUpd = [0] coreNfEdgeSyncReq = [0] coreNfEdgeSyncResp = [0] coreNfNfRlProc = [0] coreNfQueueUpd = [0] coreNfQueueDel = [0] coreNfSubSvc = [0] coreNfSubMgr = [0] coreNfVCRsp = [0] 
2025-12-19 14:52:08,403 [TB-Scheduling-3] INFO  o.t.s.dao.aspect.SqlDaoCallsAspect - Total timing statistics below:
2025-12-19 14:52:08,404 [TB-Scheduling-3] INFO  o.t.s.dao.aspect.SqlDaoCallsAspect - [5c6c4190-f64c-11ee-8f58-c9c802dda3de]: calls: 5, failures: 0, exec time: 28 
2025-12-19 14:52:08,404 [TB-Scheduling-3] INFO  o.t.s.dao.aspect.SqlDaoCallsAspect - [5c6c4190-f64c-11ee-8f58-c9c802dda3de] Top 3 methods by timing:
2025-12-19 14:52:08,404 [TB-Scheduling-3] INFO  o.t.s.dao.aspect.SqlDaoCallsAspect - [5c6c4190-f64c-11ee-8f58-c9c802dda3de]: method: JpaAbstractDao.save(..), calls: 2, failures: 0, exec time: 12
2025-12-19 14:52:08,404 [TB-Scheduling-3] INFO  o.t.s.dao.aspect.SqlDaoCallsAspect - [5c6c4190-f64c-11ee-8f58-c9c802dda3de]: method: JpaAbstractDao.findById(..), calls: 1, failures: 0, exec time: 7
2025-12-19 14:52:08,404 [TB-Scheduling-3] INFO  o.t.s.dao.aspect.SqlDaoCallsAspect - [5c6c4190-f64c-11ee-8f58-c9c802dda3de]: method: JpaDashboardInfoDao.findDashboardsByTenantId(..), calls: 1, failures: 0, exec time: 6
2025-12-19 14:52:08,465 [TB-Scheduling-1] INFO  o.t.s.s.q.TbRuleEngineConsumerStats - [Main] Stats: totalMsgs = [1] successfulMsgs = [1] timeoutMsgs = [0] failedMsgs = [0] tmpTimeout = [0] tmpFailed = [0] successfulIterations = [1] failedIterations = [0] 
2025-12-19 14:52:08,568 [TB-Scheduling-2] INFO  o.t.s.c.t.s.DefaultTransportService - Transport Stats: openConnections [0]
2025-12-19 14:52:09,074 [TB-Scheduling-3] INFO  o.t.s.s.s.DefaultTbEntityDataSubscriptionService - Stats: regularQueryInvocationCnt = [0], regularQueryInvocationTime = [0], dynamicQueryCnt = [6] dynamicQueryInvocationCnt = [2], dynamicQueryInvocationTime = [11], alarmQueryInvocationCnt = [0], alarmQueryInvocationTime = [0]
2025-12-19 14:52:09,173 [TB-Scheduling-1] INFO  o.t.s.d.u.AbstractBufferedRateExecutor - [Write] Permits queueSize = [0] totalAdded = [6] totalLaunched = [6] totalReleased = [6] totalFailed = [0] totalExpired = [0] totalRejected = [0] totalRateLimited = [0] totalRateLimitedTenants = [0] currBuffer = [0] 
2025-12-19 14:52:18,277 [sql-log-1-thread-1] INFO  o.t.s.dao.sql.TbSqlBlockingQueue - Queue-0 [TS Latest] queueSize [0] totalAdded [4] totalSaved [4] totalFailed [0]
2025-12-19 14:52:18,278 [sql-log-1-thread-1] INFO  o.t.s.dao.sql.TbSqlBlockingQueue - Queue-2 [TS Latest] queueSize [0] totalAdded [6] totalSaved [6] totalFailed [0]
2025-12-19 14:52:19,074 [TB-Scheduling-4] INFO  o.t.s.s.s.DefaultTbEntityDataSubscriptionService - Stats: regularQueryInvocationCnt = [0], regularQueryInvocationTime = [0], dynamicQueryCnt = [6] dynamicQueryInvocationCnt = [2], dynamicQueryInvocationTime = [8], alarmQueryInvocationCnt = [0], alarmQueryInvocationTime = [0]
2025-12-19 14:52:19,174 [TB-Scheduling-3] INFO  o.t.s.d.u.AbstractBufferedRateExecutor - [Write] Permits queueSize = [0] totalAdded = [4] totalLaunched = [4] totalReleased = [4] totalFailed = [0] totalExpired = [0] totalRejected = [0] totalRateLimited = [0] totalRateLimitedTenants = [0] currBuffer = [0] 
2025-12-19 14:52:29,075 [TB-Scheduling-1] INFO  o.t.s.s.s.DefaultTbEntityDataSubscriptionService - Stats: regularQueryInvocationCnt = [0], regularQueryInvocationTime = [0], dynamicQueryCnt = [6] dynamicQueryInvocationCnt = [0], dynamicQueryInvocationTime = [0], alarmQueryInvocationCnt = [0], alarmQueryInvocationTime = [0]
2025-12-19 14:52:39,075 [TB-Scheduling-4] INFO  o.t.s.s.s.DefaultTbEntityDataSubscriptionService - Stats: regularQueryInvocationCnt = [0], regularQueryInvocationTime = [0], dynamicQueryCnt = [6] dynamicQueryInvocationCnt = [0], dynamicQueryInvocationTime = [0], alarmQueryInvocationCnt = [0], alarmQueryInvocationTime = [0]
2025-12-19 14:52:48,277 [sql-log-1-thread-1] INFO  o.t.s.dao.sql.TbSqlBlockingQueue - Queue-0 [TS Latest] queueSize [0] totalAdded [7] totalSaved [7] totalFailed [0]
2025-12-19 14:52:49,076 [TB-Scheduling-2] INFO  o.t.s.s.s.DefaultTbEntityDataSubscriptionService - Stats: regularQueryInvocationCnt = [0], regularQueryInvocationTime = [0], dynamicQueryCnt = [6] dynamicQueryInvocationCnt = [0], dynamicQueryInvocationTime = [0], alarmQueryInvocationCnt = [0], alarmQueryInvocationTime = [0]
2025-12-19 14:52:49,175 [TB-Scheduling-4] INFO  o.t.s.d.u.AbstractBufferedRateExecutor - [Write] Permits queueSize = [0] totalAdded = [7] totalLaunched = [7] totalReleased = [7] totalFailed = [0] totalExpired = [0] totalRejected = [0] totalRateLimited = [0] totalRateLimitedTenants = [0] currBuffer = [0] 
2025-12-19 14:52:59,076 [TB-Scheduling-3] INFO  o.t.s.s.s.DefaultTbEntityDataSubscriptionService - Stats: regularQueryInvocationCnt = [0], regularQueryInvocationTime = [0], dynamicQueryCnt = [6] dynamicQueryInvocationCnt = [2], dynamicQueryInvocationTime = [8], alarmQueryInvocationCnt = [0], alarmQueryInvocationTime = [0]
2025-12-19 14:53:08,569 [TB-Scheduling-4] INFO  o.t.s.c.t.s.DefaultTransportService - Transport Stats: openConnections [0]
2025-12-19 14:53:09,077 [TB-Scheduling-3] INFO  o.t.s.s.s.DefaultTbEntityDataSubscriptionService - Stats: regularQueryInvocationCnt = [0], regularQueryInvocationTime = [0], dynamicQueryCnt = [6] dynamicQueryInvocationCnt = [2], dynamicQueryInvocationTime = [9], alarmQueryInvocationCnt = [0], alarmQueryInvocationTime = [0]
2025-12-19 14:53:18,277 [sql-log-1-thread-1] INFO  o.t.s.dao.sql.TbSqlBlockingQueue - Queue-0 [TS Latest] queueSize [0] totalAdded [4] totalSaved [4] totalFailed [0]
2025-12-19 14:53:19,078 [TB-Scheduling-2] INFO  o.t.s.s.s.DefaultTbEntityDataSubscriptionService - Stats: regularQueryInvocationCnt = [0], regularQueryInvocationTime = [0], dynamicQueryCnt = [6] dynamicQueryInvocationCnt = [2], dynamicQueryInvocationTime = [11], alarmQueryInvocationCnt = [0], alarmQueryInvocationTime = [0]
2025-12-19 14:53:19,176 [TB-Scheduling-3] INFO  o.t.s.d.u.AbstractBufferedRateExecutor - [Write] Permits queueSize = [0] totalAdded = [4] totalLaunched = [4] totalReleased = [4] totalFailed = [0] totalExpired = [0] totalRejected = [0] totalRateLimited = [0] totalRateLimitedTenants = [0] currBuffer = [0] 
2025-12-19 14:53:29,078 [TB-Scheduling-4] INFO  o.t.s.s.s.DefaultTbEntityDataSubscriptionService - Stats: regularQueryInvocationCnt = [0], regularQueryInvocationTime = [0], dynamicQueryCnt = [6] dynamicQueryInvocationCnt = [0], dynamicQueryInvocationTime = [0], alarmQueryInvocationCnt = [0], alarmQueryInvocationTime = [0]
2025-12-19 14:53:39,079 [TB-Scheduling-2] INFO  o.t.s.s.s.DefaultTbEntityDataSubscriptionService - Stats: regularQueryInvocationCnt = [0], regularQueryInvocationTime = [0], dynamicQueryCnt = [6] dynamicQueryInvocationCnt = [0], dynamicQueryInvocationTime = [0], alarmQueryInvocationCnt = [0], alarmQueryInvocationTime = [0]
2025-12-19 14:53:48,277 [sql-log-1-thread-1] INFO  o.t.s.dao.sql.TbSqlBlockingQueue - Queue-0 [TS Latest] queueSize [0] totalAdded [7] totalSaved [7] totalFailed [0]
2025-12-19 14:53:49,079 [TB-Scheduling-3] INFO  o.t.s.s.s.DefaultTbEntityDataSubscriptionService - Stats: regularQueryInvocationCnt = [0], regularQueryInvocationTime = [0], dynamicQueryCnt = [6] dynamicQueryInvocationCnt = [0], dynamicQueryInvocationTime = [0], alarmQueryInvocationCnt = [0], alarmQueryInvocationTime = [0]
2025-12-19 14:53:49,176 [TB-Scheduling-1] INFO  o.t.s.d.u.AbstractBufferedRateExecutor - [Write] Permits queueSize = [0] totalAdded = [7] totalLaunched = [7] totalReleased = [7] totalFailed = [0] totalExpired = [0] totalRejected = [0] totalRateLimited = [0] totalRateLimitedTenants = [0] currBuffer = [0] 
2025-12-19 14:53:59,080 [TB-Scheduling-4] INFO  o.t.s.s.s.DefaultTbEntityDataSubscriptionService - Stats: regularQueryInvocationCnt = [0], regularQueryInvocationTime = [0], dynamicQueryCnt = [6] dynamicQueryInvocationCnt = [2], dynamicQueryInvocationTime = [39], alarmQueryInvocationCnt = [0], alarmQueryInvocationTime = [0]
2025-12-19 14:54:08,569 [TB-Scheduling-3] INFO  o.t.s.c.t.s.DefaultTransportService - Transport Stats: openConnections [0]
2025-12-19 14:54:09,080 [TB-Scheduling-2] INFO  o.t.s.s.s.DefaultTbEntityDataSubscriptionService - Stats: regularQueryInvocationCnt = [0], regularQueryInvocationTime = [0], dynamicQueryCnt = [6] dynamicQueryInvocationCnt = [2], dynamicQueryInvocationTime = [12], alarmQueryInvocationCnt = [0], alarmQueryInvocationTime = [0]
2025-12-19 14:54:18,277 [sql-log-1-thread-1] INFO  o.t.s.dao.sql.TbSqlBlockingQueue - Queue-0 [TS Latest] queueSize [0] totalAdded [4] totalSaved [4] totalFailed [0]
2025-12-19 14:54:18,833 [TB-Scheduling-1] INFO  o.t.s.d.u.AbstractBufferedRateExecutor - [Read] Permits queueSize = [0] totalAdded = [18] totalLaunched = [18] totalReleased = [18] totalFailed = [0] totalExpired = [0] totalRejected = [0] totalRateLimited = [0] totalRateLimitedTenants = [0] currBuffer = [0] 
2025-12-19 14:54:19,081 [TB-Scheduling-4] INFO  o.t.s.s.s.DefaultTbEntityDataSubscriptionService - Stats: regularQueryInvocationCnt = [1], regularQueryInvocationTime = [3], dynamicQueryCnt = [6] dynamicQueryInvocationCnt = [2], dynamicQueryInvocationTime = [9], alarmQueryInvocationCnt = [0], alarmQueryInvocationTime = [0]
2025-12-19 14:54:19,177 [TB-Scheduling-2] INFO  o.t.s.d.u.AbstractBufferedRateExecutor - [Write] Permits queueSize = [0] totalAdded = [4] totalLaunched = [4] totalReleased = [4] totalFailed = [0] totalExpired = [0] totalRejected = [0] totalRateLimited = [0] totalRateLimitedTenants = [0] currBuffer = [0] 
2025-12-19 14:54:29,081 [TB-Scheduling-1] INFO  o.t.s.s.s.DefaultTbEntityDataSubscriptionService - Stats: regularQueryInvocationCnt = [0], regularQueryInvocationTime = [0], dynamicQueryCnt = [6] dynamicQueryInvocationCnt = [0], dynamicQueryInvocationTime = [0], alarmQueryInvocationCnt = [0], alarmQueryInvocationTime = [0]
2025-12-19 14:54:38,834 [TB-Scheduling-2] INFO  o.t.s.d.u.AbstractBufferedRateExecutor - [Read] Permits queueSize = [0] totalAdded = [18] totalLaunched = [18] totalReleased = [18] totalFailed = [0] totalExpired = [0] totalRejected = [0] totalRateLimited = [0] totalRateLimitedTenants = [0] currBuffer = [0] 
2025-12-19 14:54:39,082 [TB-Scheduling-3] INFO  o.t.s.s.s.DefaultTbEntityDataSubscriptionService - Stats: regularQueryInvocationCnt = [1], regularQueryInvocationTime = [3], dynamicQueryCnt = [6] dynamicQueryInvocationCnt = [0], dynamicQueryInvocationTime = [0], alarmQueryInvocationCnt = [0], alarmQueryInvocationTime = [0]
2025-12-19 14:54:48,278 [sql-log-1-thread-1] INFO  o.t.s.dao.sql.TbSqlBlockingQueue - Queue-0 [TS Latest] queueSize [0] totalAdded [7] totalSaved [7] totalFailed [0]
2025-12-19 14:54:49,082 [TB-Scheduling-2] INFO  o.t.s.s.s.DefaultTbEntityDataSubscriptionService - Stats: regularQueryInvocationCnt = [0], regularQueryInvocationTime = [0], dynamicQueryCnt = [6] dynamicQueryInvocationCnt = [0], dynamicQueryInvocationTime = [0], alarmQueryInvocationCnt = [0], alarmQueryInvocationTime = [0]
2025-12-19 14:54:49,178 [TB-Scheduling-3] INFO  o.t.s.d.u.AbstractBufferedRateExecutor - [Write] Permits queueSize = [0] totalAdded = [7] totalLaunched = [7] totalReleased = [7] totalFailed = [0] totalExpired = [0] totalRejected = [0] totalRateLimited = [0] totalRateLimitedTenants = [0] currBuffer = [0] 
2025-12-19 14:54:58,835 [TB-Scheduling-4] INFO  o.t.s.d.u.AbstractBufferedRateExecutor - [Read] Permits queueSize = [0] totalAdded = [18] totalLaunched = [18] totalReleased = [18] totalFailed = [0] totalExpired = [0] totalRejected = [0] totalRateLimited = [0] totalRateLimitedTenants = [0] currBuffer = [0] 
2025-12-19 14:54:59,083 [TB-Scheduling-1] INFO  o.t.s.s.s.DefaultTbEntityDataSubscriptionService - Stats: regularQueryInvocationCnt = [1], regularQueryInvocationTime = [4], dynamicQueryCnt = [6] dynamicQueryInvocationCnt = [2], dynamicQueryInvocationTime = [12], alarmQueryInvocationCnt = [0], alarmQueryInvocationTime = [0]
2025-12-19 14:55:08,277 [sql-log-1-thread-1] INFO  o.t.s.dao.sql.TbSqlBlockingQueue - Queue-0 [TS Latest] queueSize [0] totalAdded [4] totalSaved [4] totalFailed [0]
2025-12-19 14:55:08,370 [TB-Scheduling-2] INFO  o.t.s.s.queue.TbCoreConsumerStats - Core Stats: totalMsgs = [1] sessionEvents = [0] getAttr = [0] subToAttr = [0] subToRpc = [0] toDevRpc = [0] subInfo = [0] claimDevice = [0] deviceState = [0] subMsgs = [0] edgeNfs = [1] deviceConnect = [0] deviceActivity = [0] deviceDisconnect = [0] deviceInactivity = [0] coreNfOther = [0] coreNfCompLfcl = [0] coreNfDevRpcRsp = [0] coreNfEdgeUpd = [0] coreNfEdgeSyncReq = [0] coreNfEdgeSyncResp = [0] coreNfNfRlProc = [0] coreNfQueueUpd = [0] coreNfQueueDel = [0] coreNfSubSvc = [0] coreNfSubMgr = [0] coreNfVCRsp = [0] 
2025-12-19 14:55:08,405 [TB-Scheduling-4] INFO  o.t.s.dao.aspect.SqlDaoCallsAspect - Total timing statistics below:
2025-12-19 14:55:08,405 [TB-Scheduling-4] INFO  o.t.s.dao.aspect.SqlDaoCallsAspect - [5c6c4190-f64c-11ee-8f58-c9c802dda3de]: calls: 6, failures: 0, exec time: 28 
2025-12-19 14:55:08,406 [TB-Scheduling-4] INFO  o.t.s.dao.aspect.SqlDaoCallsAspect - [5c6c4190-f64c-11ee-8f58-c9c802dda3de] Top 3 methods by timing:
2025-12-19 14:55:08,406 [TB-Scheduling-4] INFO  o.t.s.dao.aspect.SqlDaoCallsAspect - [5c6c4190-f64c-11ee-8f58-c9c802dda3de]: method: JpaAbstractDao.save(..), calls: 2, failures: 0, exec time: 14
2025-12-19 14:55:08,406 [TB-Scheduling-4] INFO  o.t.s.dao.aspect.SqlDaoCallsAspect - [5c6c4190-f64c-11ee-8f58-c9c802dda3de]: method: JpaDashboardInfoDao.findDashboardsByTenantId(..), calls: 2, failures: 0, exec time: 6
2025-12-19 14:55:08,406 [TB-Scheduling-4] INFO  o.t.s.dao.aspect.SqlDaoCallsAspect - [5c6c4190-f64c-11ee-8f58-c9c802dda3de]: method: JpaAbstractDao.findById(..), calls: 1, failures: 0, exec time: 4
2025-12-19 14:55:08,467 [TB-Scheduling-1] INFO  o.t.s.s.q.TbRuleEngineConsumerStats - [Main] Stats: totalMsgs = [1] successfulMsgs = [1] timeoutMsgs = [0] failedMsgs = [0] tmpTimeout = [0] tmpFailed = [0] successfulIterations = [1] failedIterations = [0] 
2025-12-19 14:55:08,570 [TB-Scheduling-3] INFO  o.t.s.c.t.s.DefaultTransportService - Transport Stats: openConnections [0]
2025-12-19 14:55:09,083 [TB-Scheduling-4] INFO  o.t.s.s.s.DefaultTbEntityDataSubscriptionService - Stats: regularQueryInvocationCnt = [0], regularQueryInvocationTime = [0], dynamicQueryCnt = [6] dynamicQueryInvocationCnt = [2], dynamicQueryInvocationTime = [8], alarmQueryInvocationCnt = [0], alarmQueryInvocationTime = [0]
2025-12-19 14:55:09,178 [TB-Scheduling-1] INFO  o.t.s.d.u.AbstractBufferedRateExecutor - [Write] Permits queueSize = [0] totalAdded = [10] totalLaunched = [10] totalReleased = [10] totalFailed = [0] totalExpired = [0] totalRejected = [0] totalRateLimited = [0] totalRateLimitedTenants = [0] currBuffer = [0] 
2025-12-19 14:55:18,277 [sql-log-1-thread-1] INFO  o.t.s.dao.sql.TbSqlBlockingQueue - Queue-0 [TS Latest] queueSize [0] totalAdded [4] totalSaved [4] totalFailed [0]
2025-12-19 14:55:18,278 [sql-log-1-thread-1] INFO  o.t.s.dao.sql.TbSqlBlockingQueue - Queue-2 [TS Latest] queueSize [0] totalAdded [6] totalSaved [6] totalFailed [0]
2025-12-19 14:55:19,083 [TB-Scheduling-2] INFO  o.t.s.s.s.DefaultTbEntityDataSubscriptionService - Stats: regularQueryInvocationCnt = [0], regularQueryInvocationTime = [0], dynamicQueryCnt = [6] dynamicQueryInvocationCnt = [2], dynamicQueryInvocationTime = [10], alarmQueryInvocationCnt = [0], alarmQueryInvocationTime = [0]
2025-12-19 14:55:19,179 [TB-Scheduling-4] INFO  o.t.s.d.u.AbstractBufferedRateExecutor - [Write] Permits queueSize = [0] totalAdded = [4] totalLaunched = [4] totalReleased = [4] totalFailed = [0] totalExpired = [0] totalRejected = [0] totalRateLimited = [0] totalRateLimitedTenants = [0] currBuffer = [0] 
2025-12-19 14:55:29,084 [TB-Scheduling-1] INFO  o.t.s.s.s.DefaultTbEntityDataSubscriptionService - Stats: regularQueryInvocationCnt = [0], regularQueryInvocationTime = [0], dynamicQueryCnt = [6] dynamicQueryInvocationCnt = [0], dynamicQueryInvocationTime = [0], alarmQueryInvocationCnt = [0], alarmQueryInvocationTime = [0]
2025-12-19 14:55:39,084 [TB-Scheduling-2] INFO  o.t.s.s.s.DefaultTbEntityDataSubscriptionService - Stats: regularQueryInvocationCnt = [0], regularQueryInvocationTime = [0], dynamicQueryCnt = [6] dynamicQueryInvocationCnt = [0], dynamicQueryInvocationTime = [0], alarmQueryInvocationCnt = [0], alarmQueryInvocationTime = [0]
2025-12-19 14:55:48,277 [sql-log-1-thread-1] INFO  o.t.s.dao.sql.TbSqlBlockingQueue - Queue-0 [TS Latest] queueSize [0] totalAdded [7] totalSaved [7] totalFailed [0]
2025-12-19 14:55:49,085 [TB-Scheduling-3] INFO  o.t.s.s.s.DefaultTbEntityDataSubscriptionService - Stats: regularQueryInvocationCnt = [0], regularQueryInvocationTime = [0], dynamicQueryCnt = [6] dynamicQueryInvocationCnt = [0], dynamicQueryInvocationTime = [0], alarmQueryInvocationCnt = [0], alarmQueryInvocationTime = [0]
2025-12-19 14:55:49,180 [TB-Scheduling-2] INFO  o.t.s.d.u.AbstractBufferedRateExecutor - [Write] Permits queueSize = [0] totalAdded = [7] totalLaunched = [7] totalReleased = [7] totalFailed = [0] totalExpired = [0] totalRejected = [0] totalRateLimited = [0] totalRateLimitedTenants = [0] currBuffer = [0] 
2025-12-19 14:55:59,085 [TB-Scheduling-4] INFO  o.t.s.s.s.DefaultTbEntityDataSubscriptionService - Stats: regularQueryInvocationCnt = [0], regularQueryInvocationTime = [0], dynamicQueryCnt = [6] dynamicQueryInvocationCnt = [2], dynamicQueryInvocationTime = [8], alarmQueryInvocationCnt = [0], alarmQueryInvocationTime = [0]
2025-12-19 14:56:08,570 [TB-Scheduling-3] INFO  o.t.s.c.t.s.DefaultTransportService - Transport Stats: openConnections [0]
2025-12-19 14:56:09,086 [TB-Scheduling-4] INFO  o.t.s.s.s.DefaultTbEntityDataSubscriptionService - Stats: regularQueryInvocationCnt = [0], regularQueryInvocationTime = [0], dynamicQueryCnt = [6] dynamicQueryInvocationCnt = [2], dynamicQueryInvocationTime = [9], alarmQueryInvocationCnt = [0], alarmQueryInvocationTime = [0]
2025-12-19 14:56:18,277 [sql-log-1-thread-1] INFO  o.t.s.dao.sql.TbSqlBlockingQueue - Queue-0 [TS Latest] queueSize [0] totalAdded [4] totalSaved [4] totalFailed [0]
2025-12-19 14:56:19,086 [TB-Scheduling-1] INFO  o.t.s.s.s.DefaultTbEntityDataSubscriptionService - Stats: regularQueryInvocationCnt = [0], regularQueryInvocationTime = [0], dynamicQueryCnt = [6] dynamicQueryInvocationCnt = [2], dynamicQueryInvocationTime = [11], alarmQueryInvocationCnt = [0], alarmQueryInvocationTime = [0]
2025-12-19 14:56:19,180 [TB-Scheduling-4] INFO  o.t.s.d.u.AbstractBufferedRateExecutor - [Write] Permits queueSize = [0] totalAdded = [4] totalLaunched = [4] totalReleased = [4] totalFailed = [0] totalExpired = [0] totalRejected = [0] totalRateLimited = [0] totalRateLimitedTenants = [0] currBuffer = [0] 
2025-12-19 14:56:29,087 [TB-Scheduling-3] INFO  o.t.s.s.s.DefaultTbEntityDataSubscriptionService - Stats: regularQueryInvocationCnt = [0], regularQueryInvocationTime = [0], dynamicQueryCnt = [6] dynamicQueryInvocationCnt = [0], dynamicQueryInvocationTime = [0], alarmQueryInvocationCnt = [0], alarmQueryInvocationTime = [0]
2025-12-19 14:56:39,087 [TB-Scheduling-1] INFO  o.t.s.s.s.DefaultTbEntityDataSubscriptionService - Stats: regularQueryInvocationCnt = [0], regularQueryInvocationTime = [0], dynamicQueryCnt = [6] dynamicQueryInvocationCnt = [0], dynamicQueryInvocationTime = [0], alarmQueryInvocationCnt = [0], alarmQueryInvocationTime = [0]
2025-12-19 14:56:48,277 [sql-log-1-thread-1] INFO  o.t.s.dao.sql.TbSqlBlockingQueue - Queue-0 [TS Latest] queueSize [0] totalAdded [7] totalSaved [7] totalFailed [0]
2025-12-19 14:56:49,088 [TB-Scheduling-2] INFO  o.t.s.s.s.DefaultTbEntityDataSubscriptionService - Stats: regularQueryInvocationCnt = [0], regularQueryInvocationTime = [0], dynamicQueryCnt = [6] dynamicQueryInvocationCnt = [0], dynamicQueryInvocationTime = [0], alarmQueryInvocationCnt = [0], alarmQueryInvocationTime = [0]
2025-12-19 14:56:49,182 [TB-Scheduling-1] INFO  o.t.s.d.u.AbstractBufferedRateExecutor - [Write] Permits queueSize = [0] totalAdded = [7] totalLaunched = [7] totalReleased = [7] totalFailed = [0] totalExpired = [0] totalRejected = [0] totalRateLimited = [0] totalRateLimitedTenants = [0] currBuffer = [0] 
2025-12-19 14:56:59,088 [TB-Scheduling-4] INFO  o.t.s.s.s.DefaultTbEntityDataSubscriptionService - Stats: regularQueryInvocationCnt = [0], regularQueryInvocationTime = [0], dynamicQueryCnt = [6] dynamicQueryInvocationCnt = [2], dynamicQueryInvocationTime = [11], alarmQueryInvocationCnt = [0], alarmQueryInvocationTime = [0]
2025-12-19 14:57:03,085 [TB-Scheduling-2] INFO  o.t.s.dao.sql.event.JpaBaseEventDao - Going to cleanup debug events with exp time: 1765551423085
2025-12-19 14:57:08,570 [TB-Scheduling-3] INFO  o.t.s.c.t.s.DefaultTransportService - Transport Stats: openConnections [0]
2025-12-19 14:57:09,088 [TB-Scheduling-4] INFO  o.t.s.s.s.DefaultTbEntityDataSubscriptionService - Stats: regularQueryInvocationCnt = [0], regularQueryInvocationTime = [0], dynamicQueryCnt = [6] dynamicQueryInvocationCnt = [2], dynamicQueryInvocationTime = [9], alarmQueryInvocationCnt = [0], alarmQueryInvocationTime = [0]
2025-12-19 14:57:18,277 [sql-log-1-thread-1] INFO  o.t.s.dao.sql.TbSqlBlockingQueue - Queue-0 [TS Latest] queueSize [0] totalAdded [4] totalSaved [4] totalFailed [0]
2025-12-19 14:57:19,089 [TB-Scheduling-3] INFO  o.t.s.s.s.DefaultTbEntityDataSubscriptionService - Stats: regularQueryInvocationCnt = [0], regularQueryInvocationTime = [0], dynamicQueryCnt = [6] dynamicQueryInvocationCnt = [2], dynamicQueryInvocationTime = [9], alarmQueryInvocationCnt = [0], alarmQueryInvocationTime = [0]
2025-12-19 14:57:19,183 [TB-Scheduling-4] INFO  o.t.s.d.u.AbstractBufferedRateExecutor - [Write] Permits queueSize = [0] totalAdded = [4] totalLaunched = [4] totalReleased = [4] totalFailed = [0] totalExpired = [0] totalRejected = [0] totalRateLimited = [0] totalRateLimitedTenants = [0] currBuffer = [0] 
2025-12-19 14:57:29,089 [TB-Scheduling-1] INFO  o.t.s.s.s.DefaultTbEntityDataSubscriptionService - Stats: regularQueryInvocationCnt = [1], regularQueryInvocationTime = [4], dynamicQueryCnt = [6] dynamicQueryInvocationCnt = [0], dynamicQueryInvocationTime = [0], alarmQueryInvocationCnt = [0], alarmQueryInvocationTime = [0]
2025-12-19 14:57:39,090 [TB-Scheduling-3] INFO  o.t.s.s.s.DefaultTbEntityDataSubscriptionService - Stats: regularQueryInvocationCnt = [0], regularQueryInvocationTime = [0], dynamicQueryCnt = [6] dynamicQueryInvocationCnt = [0], dynamicQueryInvocationTime = [0], alarmQueryInvocationCnt = [0], alarmQueryInvocationTime = [0]
2025-12-19 14:57:48,277 [sql-log-1-thread-1] INFO  o.t.s.dao.sql.TbSqlBlockingQueue - Queue-0 [TS Latest] queueSize [0] totalAdded [7] totalSaved [7] totalFailed [0]
2025-12-19 14:57:49,090 [TB-Scheduling-4] INFO  o.t.s.s.s.DefaultTbEntityDataSubscriptionService - Stats: regularQueryInvocationCnt = [0], regularQueryInvocationTime = [0], dynamicQueryCnt = [6] dynamicQueryInvocationCnt = [0], dynamicQueryInvocationTime = [0], alarmQueryInvocationCnt = [0], alarmQueryInvocationTime = [0]
2025-12-19 14:57:49,184 [TB-Scheduling-3] INFO  o.t.s.d.u.AbstractBufferedRateExecutor - [Write] Permits queueSize = [0] totalAdded = [7] totalLaunched = [7] totalReleased = [7] totalFailed = [0] totalExpired = [0] totalRejected = [0] totalRateLimited = [0] totalRateLimitedTenants = [0] currBuffer = [0] 
2025-12-19 14:57:59,091 [TB-Scheduling-2] INFO  o.t.s.s.s.DefaultTbEntityDataSubscriptionService - Stats: regularQueryInvocationCnt = [0], regularQueryInvocationTime = [0], dynamicQueryCnt = [6] dynamicQueryInvocationCnt = [2], dynamicQueryInvocationTime = [39], alarmQueryInvocationCnt = [0], alarmQueryInvocationTime = [0]
2025-12-19 14:58:08,571 [TB-Scheduling-1] INFO  o.t.s.c.t.s.DefaultTransportService - Transport Stats: openConnections [0]
2025-12-19 14:58:09,092 [TB-Scheduling-4] INFO  o.t.s.s.s.DefaultTbEntityDataSubscriptionService - Stats: regularQueryInvocationCnt = [0], regularQueryInvocationTime = [0], dynamicQueryCnt = [6] dynamicQueryInvocationCnt = [2], dynamicQueryInvocationTime = [9], alarmQueryInvocationCnt = [0], alarmQueryInvocationTime = [0]
2025-12-19 14:58:18,277 [sql-log-1-thread-1] INFO  o.t.s.dao.sql.TbSqlBlockingQueue - Queue-0 [TS Latest] queueSize [0] totalAdded [4] totalSaved [4] totalFailed [0]
2025-12-19 14:58:19,092 [TB-Scheduling-1] INFO  o.t.s.s.s.DefaultTbEntityDataSubscriptionService - Stats: regularQueryInvocationCnt = [0], regularQueryInvocationTime = [0], dynamicQueryCnt = [6] dynamicQueryInvocationCnt = [2], dynamicQueryInvocationTime = [9], alarmQueryInvocationCnt = [0], alarmQueryInvocationTime = [0]
2025-12-19 14:58:19,184 [TB-Scheduling-4] INFO  o.t.s.d.u.AbstractBufferedRateExecutor - [Write] Permits queueSize = [0] totalAdded = [4] totalLaunched = [4] totalReleased = [4] totalFailed = [0] totalExpired = [0] totalRejected = [0] totalRateLimited = [0] totalRateLimitedTenants = [0] currBuffer = [0] 
2025-12-19 14:58:29,092 [TB-Scheduling-3] INFO  o.t.s.s.s.DefaultTbEntityDataSubscriptionService - Stats: regularQueryInvocationCnt = [0], regularQueryInvocationTime = [0], dynamicQueryCnt = [6] dynamicQueryInvocationCnt = [0], dynamicQueryInvocationTime = [0], alarmQueryInvocationCnt = [0], alarmQueryInvocationTime = [0]
2025-12-19 14:58:39,093 [TB-Scheduling-1] INFO  o.t.s.s.s.DefaultTbEntityDataSubscriptionService - Stats: regularQueryInvocationCnt = [0], regularQueryInvocationTime = [0], dynamicQueryCnt = [6] dynamicQueryInvocationCnt = [0], dynamicQueryInvocationTime = [0], alarmQueryInvocationCnt = [0], alarmQueryInvocationTime = [0]
2025-12-19 14:58:48,277 [sql-log-1-thread-1] INFO  o.t.s.dao.sql.TbSqlBlockingQueue - Queue-0 [TS Latest] queueSize [0] totalAdded [7] totalSaved [7] totalFailed [0]
2025-12-19 14:58:49,093 [TB-Scheduling-4] INFO  o.t.s.s.s.DefaultTbEntityDataSubscriptionService - Stats: regularQueryInvocationCnt = [1], regularQueryInvocationTime = [8], dynamicQueryCnt = [6] dynamicQueryInvocationCnt = [0], dynamicQueryInvocationTime = [0], alarmQueryInvocationCnt = [0], alarmQueryInvocationTime = [0]
2025-12-19 14:58:49,185 [TB-Scheduling-1] INFO  o.t.s.d.u.AbstractBufferedRateExecutor - [Write] Permits queueSize = [0] totalAdded = [7] totalLaunched = [7] totalReleased = [7] totalFailed = [0] totalExpired = [0] totalRejected = [0] totalRateLimited = [0] totalRateLimitedTenants = [0] currBuffer = [0] 
2025-12-19 14:58:59,094 [TB-Scheduling-3] INFO  o.t.s.s.s.DefaultTbEntityDataSubscriptionService - Stats: regularQueryInvocationCnt = [1], regularQueryInvocationTime = [3], dynamicQueryCnt = [6] dynamicQueryInvocationCnt = [2], dynamicQueryInvocationTime = [8], alarmQueryInvocationCnt = [0], alarmQueryInvocationTime = [0]
2025-12-19 14:59:08,571 [TB-Scheduling-1] INFO  o.t.s.c.t.s.DefaultTransportService - Transport Stats: openConnections [0]
2025-12-19 14:59:09,094 [TB-Scheduling-3] INFO  o.t.s.s.s.DefaultTbEntityDataSubscriptionService - Stats: regularQueryInvocationCnt = [0], regularQueryInvocationTime = [0], dynamicQueryCnt = [6] dynamicQueryInvocationCnt = [2], dynamicQueryInvocationTime = [11], alarmQueryInvocationCnt = [0], alarmQueryInvocationTime = [0]
2025-12-19 14:59:18,277 [sql-log-1-thread-1] INFO  o.t.s.dao.sql.TbSqlBlockingQueue - Queue-0 [TS Latest] queueSize [0] totalAdded [4] totalSaved [4] totalFailed [0]
2025-12-19 14:59:19,095 [TB-Scheduling-1] INFO  o.t.s.s.s.DefaultTbEntityDataSubscriptionService - Stats: regularQueryInvocationCnt = [1], regularQueryInvocationTime = [3], dynamicQueryCnt = [6] dynamicQueryInvocationCnt = [2], dynamicQueryInvocationTime = [11], alarmQueryInvocationCnt = [0], alarmQueryInvocationTime = [0]
2025-12-19 14:59:19,186 [TB-Scheduling-3] INFO  o.t.s.d.u.AbstractBufferedRateExecutor - [Write] Permits queueSize = [0] totalAdded = [4] totalLaunched = [4] totalReleased = [4] totalFailed = [0] totalExpired = [0] totalRejected = [0] totalRateLimited = [0] totalRateLimitedTenants = [0] currBuffer = [0] 
2025-12-19 14:59:29,096 [TB-Scheduling-2] INFO  o.t.s.s.s.DefaultTbEntityDataSubscriptionService - Stats: regularQueryInvocationCnt = [0], regularQueryInvocationTime = [0], dynamicQueryCnt = [6] dynamicQueryInvocationCnt = [0], dynamicQueryInvocationTime = [0], alarmQueryInvocationCnt = [0], alarmQueryInvocationTime = [0]
2025-12-19 14:59:39,096 [TB-Scheduling-1] INFO  o.t.s.s.s.DefaultTbEntityDataSubscriptionService - Stats: regularQueryInvocationCnt = [1], regularQueryInvocationTime = [3], dynamicQueryCnt = [6] dynamicQueryInvocationCnt = [0], dynamicQueryInvocationTime = [0], alarmQueryInvocationCnt = [0], alarmQueryInvocationTime = [0]
2025-12-19 14:59:48,277 [sql-log-1-thread-1] INFO  o.t.s.dao.sql.TbSqlBlockingQueue - Queue-0 [TS Latest] queueSize [0] totalAdded [7] totalSaved [7] totalFailed [0]
2025-12-19 14:59:49,097 [TB-Scheduling-3] INFO  o.t.s.s.s.DefaultTbEntityDataSubscriptionService - Stats: regularQueryInvocationCnt = [0], regularQueryInvocationTime = [0], dynamicQueryCnt = [6] dynamicQueryInvocationCnt = [0], dynamicQueryInvocationTime = [0], alarmQueryInvocationCnt = [0], alarmQueryInvocationTime = [0]
2025-12-19 14:59:49,187 [TB-Scheduling-1] INFO  o.t.s.d.u.AbstractBufferedRateExecutor - [Write] Permits queueSize = [0] totalAdded = [7] totalLaunched = [7] totalReleased = [7] totalFailed = [0] totalExpired = [0] totalRejected = [0] totalRateLimited = [0] totalRateLimitedTenants = [0] currBuffer = [0] 
2025-12-19 14:59:59,098 [TB-Scheduling-4] INFO  o.t.s.s.s.DefaultTbEntityDataSubscriptionService - Stats: regularQueryInvocationCnt = [0], regularQueryInvocationTime = [0], dynamicQueryCnt = [6] dynamicQueryInvocationCnt = [2], dynamicQueryInvocationTime = [45], alarmQueryInvocationCnt = [0], alarmQueryInvocationTime = [0]
2025-12-19 15:00:08,572 [TB-Scheduling-1] INFO  o.t.s.c.t.s.DefaultTransportService - Transport Stats: openConnections [0]
2025-12-19 15:00:09,098 [TB-Scheduling-3] INFO  o.t.s.s.s.DefaultTbEntityDataSubscriptionService - Stats: regularQueryInvocationCnt = [0], regularQueryInvocationTime = [0], dynamicQueryCnt = [6] dynamicQueryInvocationCnt = [2], dynamicQueryInvocationTime = [7], alarmQueryInvocationCnt = [0], alarmQueryInvocationTime = [0]
2025-12-19 15:00:18,277 [sql-log-1-thread-1] INFO  o.t.s.dao.sql.TbSqlBlockingQueue - Queue-0 [TS Latest] queueSize [0] totalAdded [4] totalSaved [4] totalFailed [0]
2025-12-19 15:00:19,098 [TB-Scheduling-2] INFO  o.t.s.s.s.DefaultTbEntityDataSubscriptionService - Stats: regularQueryInvocationCnt = [0], regularQueryInvocationTime = [0], dynamicQueryCnt = [6] dynamicQueryInvocationCnt = [2], dynamicQueryInvocationTime = [9], alarmQueryInvocationCnt = [0], alarmQueryInvocationTime = [0]
2025-12-19 15:00:19,188 [TB-Scheduling-3] INFO  o.t.s.d.u.AbstractBufferedRateExecutor - [Write] Permits queueSize = [0] totalAdded = [4] totalLaunched = [4] totalReleased = [4] totalFailed = [0] totalExpired = [0] totalRejected = [0] totalRateLimited = [0] totalRateLimitedTenants = [0] currBuffer = [0] 
2025-12-19 15:00:29,099 [TB-Scheduling-1] INFO  o.t.s.s.s.DefaultTbEntityDataSubscriptionService - Stats: regularQueryInvocationCnt = [1], regularQueryInvocationTime = [4], dynamicQueryCnt = [6] dynamicQueryInvocationCnt = [0], dynamicQueryInvocationTime = [0], alarmQueryInvocationCnt = [0], alarmQueryInvocationTime = [0]
2025-12-19 15:00:39,099 [TB-Scheduling-2] INFO  o.t.s.s.s.DefaultTbEntityDataSubscriptionService - Stats: regularQueryInvocationCnt = [1], regularQueryInvocationTime = [5], dynamicQueryCnt = [6] dynamicQueryInvocationCnt = [0], dynamicQueryInvocationTime = [0], alarmQueryInvocationCnt = [0], alarmQueryInvocationTime = [0]
2025-12-19 15:00:48,277 [sql-log-1-thread-1] INFO  o.t.s.dao.sql.TbSqlBlockingQueue - Queue-0 [TS Latest] queueSize [0] totalAdded [7] totalSaved [7] totalFailed [0]
2025-12-19 15:00:49,100 [TB-Scheduling-4] INFO  o.t.s.s.s.DefaultTbEntityDataSubscriptionService - Stats: regularQueryInvocationCnt = [0], regularQueryInvocationTime = [0], dynamicQueryCnt = [4] dynamicQueryInvocationCnt = [0], dynamicQueryInvocationTime = [0], alarmQueryInvocationCnt = [0], alarmQueryInvocationTime = [0]
2025-12-19 15:00:49,189 [TB-Scheduling-1] INFO  o.t.s.d.u.AbstractBufferedRateExecutor - [Write] Permits queueSize = [0] totalAdded = [7] totalLaunched = [7] totalReleased = [7] totalFailed = [0] totalExpired = [0] totalRejected = [0] totalRateLimited = [0] totalRateLimitedTenants = [0] currBuffer = [0] 
2025-12-19 15:00:58,277 [sql-log-1-thread-1] INFO  o.t.s.dao.sql.TbSqlBlockingQueue - Queue-0 [TS Latest] queueSize [0] totalAdded [2] totalSaved [2] totalFailed [0]
2025-12-19 15:00:58,843 [TB-Scheduling-2] INFO  o.t.s.d.u.AbstractBufferedRateExecutor - [Read] Permits queueSize = [0] totalAdded = [54] totalLaunched = [54] totalReleased = [54] totalFailed = [0] totalExpired = [0] totalRejected = [0] totalRateLimited = [0] totalRateLimitedTenants = [0] currBuffer = [0] 
2025-12-19 15:00:59,100 [TB-Scheduling-4] INFO  o.t.s.s.s.DefaultTbEntityDataSubscriptionService - Stats: regularQueryInvocationCnt = [12], regularQueryInvocationTime = [14], dynamicQueryCnt = [4] dynamicQueryInvocationCnt = [2], dynamicQueryInvocationTime = [10], alarmQueryInvocationCnt = [0], alarmQueryInvocationTime = [0]
2025-12-19 15:00:59,190 [TB-Scheduling-1] INFO  o.t.s.d.u.AbstractBufferedRateExecutor - [Write] Permits queueSize = [0] totalAdded = [2] totalLaunched = [2] totalReleased = [2] totalFailed = [0] totalExpired = [0] totalRejected = [0] totalRateLimited = [0] totalRateLimitedTenants = [0] currBuffer = [0] 
2025-12-19 15:01:08,277 [sql-log-1-thread-1] INFO  o.t.s.dao.sql.TbSqlBlockingQueue - Queue-0 [TS Latest] queueSize [0] totalAdded [4] totalSaved [4] totalFailed [0]
2025-12-19 15:01:08,372 [TB-Scheduling-3] INFO  o.t.s.s.queue.TbCoreConsumerStats - Core Stats: totalMsgs = [1] sessionEvents = [0] getAttr = [0] subToAttr = [0] subToRpc = [0] toDevRpc = [0] subInfo = [0] claimDevice = [0] deviceState = [0] subMsgs = [0] edgeNfs = [1] deviceConnect = [0] deviceActivity = [0] deviceDisconnect = [0] deviceInactivity = [0] coreNfOther = [0] coreNfCompLfcl = [0] coreNfDevRpcRsp = [0] coreNfEdgeUpd = [0] coreNfEdgeSyncReq = [0] coreNfEdgeSyncResp = [0] coreNfNfRlProc = [0] coreNfQueueUpd = [0] coreNfQueueDel = [0] coreNfSubSvc = [0] coreNfSubMgr = [0] coreNfVCRsp = [0] 
2025-12-19 15:01:08,407 [TB-Scheduling-2] INFO  o.t.s.dao.aspect.SqlDaoCallsAspect - Total timing statistics below:
2025-12-19 15:01:08,408 [TB-Scheduling-2] INFO  o.t.s.dao.aspect.SqlDaoCallsAspect - [5c6c4190-f64c-11ee-8f58-c9c802dda3de]: calls: 5, failures: 0, exec time: 23 
2025-12-19 15:01:08,408 [TB-Scheduling-2] INFO  o.t.s.dao.aspect.SqlDaoCallsAspect - [5c6c4190-f64c-11ee-8f58-c9c802dda3de] Top 3 methods by timing:
2025-12-19 15:01:08,408 [TB-Scheduling-2] INFO  o.t.s.dao.aspect.SqlDaoCallsAspect - [5c6c4190-f64c-11ee-8f58-c9c802dda3de]: method: JpaAbstractDao.save(..), calls: 2, failures: 0, exec time: 12
2025-12-19 15:01:08,408 [TB-Scheduling-2] INFO  o.t.s.dao.aspect.SqlDaoCallsAspect - [5c6c4190-f64c-11ee-8f58-c9c802dda3de]: method: JpaAbstractDao.findById(..), calls: 1, failures: 0, exec time: 5
2025-12-19 15:01:08,408 [TB-Scheduling-2] INFO  o.t.s.dao.aspect.SqlDaoCallsAspect - [5c6c4190-f64c-11ee-8f58-c9c802dda3de]: method: JpaDashboardInfoDao.findDashboardsByTenantId(..), calls: 1, failures: 0, exec time: 3
2025-12-19 15:01:08,469 [TB-Scheduling-4] INFO  o.t.s.s.q.TbRuleEngineConsumerStats - [Main] Stats: totalMsgs = [1] successfulMsgs = [1] timeoutMsgs = [0] failedMsgs = [0] tmpTimeout = [0] tmpFailed = [0] successfulIterations = [1] failedIterations = [0] 
2025-12-19 15:01:08,573 [TB-Scheduling-1] INFO  o.t.s.c.t.s.DefaultTransportService - Transport Stats: openConnections [0]
2025-12-19 15:01:09,101 [TB-Scheduling-3] INFO  o.t.s.s.s.DefaultTbEntityDataSubscriptionService - Stats: regularQueryInvocationCnt = [0], regularQueryInvocationTime = [0], dynamicQueryCnt = [4] dynamicQueryInvocationCnt = [2], dynamicQueryInvocationTime = [10], alarmQueryInvocationCnt = [0], alarmQueryInvocationTime = [0]
2025-12-19 15:01:09,190 [TB-Scheduling-4] INFO  o.t.s.d.u.AbstractBufferedRateExecutor - [Write] Permits queueSize = [0] totalAdded = [10] totalLaunched = [10] totalReleased = [10] totalFailed = [0] totalExpired = [0] totalRejected = [0] totalRateLimited = [0] totalRateLimitedTenants = [0] currBuffer = [0] 
2025-12-19 15:01:18,277 [sql-log-1-thread-1] INFO  o.t.s.dao.sql.TbSqlBlockingQueue - Queue-0 [TS Latest] queueSize [0] totalAdded [4] totalSaved [4] totalFailed [0]
2025-12-19 15:01:18,278 [sql-log-1-thread-1] INFO  o.t.s.dao.sql.TbSqlBlockingQueue - Queue-2 [TS Latest] queueSize [0] totalAdded [6] totalSaved [6] totalFailed [0]
2025-12-19 15:01:19,101 [TB-Scheduling-1] INFO  o.t.s.s.s.DefaultTbEntityDataSubscriptionService - Stats: regularQueryInvocationCnt = [0], regularQueryInvocationTime = [0], dynamicQueryCnt = [4] dynamicQueryInvocationCnt = [0], dynamicQueryInvocationTime = [0], alarmQueryInvocationCnt = [0], alarmQueryInvocationTime = [0]
2025-12-19 15:01:19,190 [TB-Scheduling-3] INFO  o.t.s.d.u.AbstractBufferedRateExecutor - [Write] Permits queueSize = [0] totalAdded = [4] totalLaunched = [4] totalReleased = [4] totalFailed = [0] totalExpired = [0] totalRejected = [0] totalRateLimited = [0] totalRateLimitedTenants = [0] currBuffer = [0] 
2025-12-19 15:01:29,102 [TB-Scheduling-4] INFO  o.t.s.s.s.DefaultTbEntityDataSubscriptionService - Stats: regularQueryInvocationCnt = [0], regularQueryInvocationTime = [0], dynamicQueryCnt = [4] dynamicQueryInvocationCnt = [0], dynamicQueryInvocationTime = [0], alarmQueryInvocationCnt = [0], alarmQueryInvocationTime = [0]
2025-12-19 15:01:39,103 [TB-Scheduling-3] INFO  o.t.s.s.s.DefaultTbEntityDataSubscriptionService - Stats: regularQueryInvocationCnt = [0], regularQueryInvocationTime = [0], dynamicQueryCnt = [4] dynamicQueryInvocationCnt = [0], dynamicQueryInvocationTime = [0], alarmQueryInvocationCnt = [0], alarmQueryInvocationTime = [0]
2025-12-19 15:01:49,103 [TB-Scheduling-4] INFO  o.t.s.s.s.DefaultTbEntityDataSubscriptionService - Stats: regularQueryInvocationCnt = [0], regularQueryInvocationTime = [0], dynamicQueryCnt = [4] dynamicQueryInvocationCnt = [0], dynamicQueryInvocationTime = [0], alarmQueryInvocationCnt = [0], alarmQueryInvocationTime = [0]
2025-12-19 15:01:49,191 [TB-Scheduling-3] INFO  o.t.s.d.u.AbstractBufferedRateExecutor - [Write] Permits queueSize = [0] totalAdded = [7] totalLaunched = [7] totalReleased = [7] totalFailed = [0] totalExpired = [0] totalRejected = [0] totalRateLimited = [0] totalRateLimitedTenants = [0] currBuffer = [0] 
2025-12-19 15:01:58,277 [sql-log-1-thread-1] INFO  o.t.s.dao.sql.TbSqlBlockingQueue - Queue-0 [TS Latest] queueSize [0] totalAdded [7] totalSaved [7] totalFailed [0]
2025-12-19 15:01:59,103 [TB-Scheduling-2] INFO  o.t.s.s.s.DefaultTbEntityDataSubscriptionService - Stats: regularQueryInvocationCnt = [0], regularQueryInvocationTime = [0], dynamicQueryCnt = [4] dynamicQueryInvocationCnt = [2], dynamicQueryInvocationTime = [8], alarmQueryInvocationCnt = [0], alarmQueryInvocationTime = [0]
2025-12-19 15:02:08,409 [TB-Scheduling-4] INFO  o.t.s.dao.aspect.SqlDaoCallsAspect - Total timing statistics below:
2025-12-19 15:02:08,409 [TB-Scheduling-4] INFO  o.t.s.dao.aspect.SqlDaoCallsAspect - [5c6c4190-f64c-11ee-8f58-c9c802dda3de]: calls: 16, failures: 0, exec time: 103 
2025-12-19 15:02:08,409 [TB-Scheduling-4] INFO  o.t.s.dao.aspect.SqlDaoCallsAspect - [5c6c4190-f64c-11ee-8f58-c9c802dda3de] Top 3 methods by timing:
2025-12-19 15:02:08,409 [TB-Scheduling-4] INFO  o.t.s.dao.aspect.SqlDaoCallsAspect - [5c6c4190-f64c-11ee-8f58-c9c802dda3de]: method: JpaAssetDao.findAssetInfosByTenantId(..), calls: 2, failures: 0, exec time: 41
2025-12-19 15:02:08,409 [TB-Scheduling-4] INFO  o.t.s.dao.aspect.SqlDaoCallsAspect - [5c6c4190-f64c-11ee-8f58-c9c802dda3de]: method: JpaAlarmDao.findAlarmsV2(..), calls: 1, failures: 0, exec time: 18
2025-12-19 15:02:08,409 [TB-Scheduling-4] INFO  o.t.s.dao.aspect.SqlDaoCallsAspect - [5c6c4190-f64c-11ee-8f58-c9c802dda3de]: method: JpaAbstractDao.findById(..), calls: 5, failures: 0, exec time: 10
2025-12-19 15:02:08,573 [TB-Scheduling-2] INFO  o.t.s.c.t.s.DefaultTransportService - Transport Stats: openConnections [0]
2025-12-19 15:02:09,104 [TB-Scheduling-1] INFO  o.t.s.s.s.DefaultTbEntityDataSubscriptionService - Stats: regularQueryInvocationCnt = [0], regularQueryInvocationTime = [0], dynamicQueryCnt = [4] dynamicQueryInvocationCnt = [2], dynamicQueryInvocationTime = [9], alarmQueryInvocationCnt = [0], alarmQueryInvocationTime = [0]
2025-12-19 15:02:18,277 [sql-log-1-thread-1] INFO  o.t.s.dao.sql.TbSqlBlockingQueue - Queue-0 [TS Latest] queueSize [0] totalAdded [4] totalSaved [4] totalFailed [0]
2025-12-19 15:02:19,105 [TB-Scheduling-3] INFO  o.t.s.s.s.DefaultTbEntityDataSubscriptionService - Stats: regularQueryInvocationCnt = [0], regularQueryInvocationTime = [0], dynamicQueryCnt = [4] dynamicQueryInvocationCnt = [0], dynamicQueryInvocationTime = [0], alarmQueryInvocationCnt = [0], alarmQueryInvocationTime = [0]
2025-12-19 15:02:19,192 [TB-Scheduling-1] INFO  o.t.s.d.u.AbstractBufferedRateExecutor - [Write] Permits queueSize = [0] totalAdded = [4] totalLaunched = [4] totalReleased = [4] totalFailed = [0] totalExpired = [0] totalRejected = [0] totalRateLimited = [0] totalRateLimitedTenants = [0] currBuffer = [0] 
2025-12-19 15:02:29,105 [TB-Scheduling-4] INFO  o.t.s.s.s.DefaultTbEntityDataSubscriptionService - Stats: regularQueryInvocationCnt = [0], regularQueryInvocationTime = [0], dynamicQueryCnt = [4] dynamicQueryInvocationCnt = [0], dynamicQueryInvocationTime = [0], alarmQueryInvocationCnt = [0], alarmQueryInvocationTime = [0]
2025-12-19 15:02:39,106 [TB-Scheduling-3] INFO  o.t.s.s.s.DefaultTbEntityDataSubscriptionService - Stats: regularQueryInvocationCnt = [21], regularQueryInvocationTime = [75], dynamicQueryCnt = [4] dynamicQueryInvocationCnt = [0], dynamicQueryInvocationTime = [0], alarmQueryInvocationCnt = [0], alarmQueryInvocationTime = [0]
2025-12-19 15:02:48,846 [TB-Scheduling-4] INFO  o.t.s.d.u.AbstractBufferedRateExecutor - [Read] Permits queueSize = [0] totalAdded = [54] totalLaunched = [54] totalReleased = [54] totalFailed = [0] totalExpired = [0] totalRejected = [0] totalRateLimited = [0] totalRateLimitedTenants = [0] currBuffer = [0] 
2025-12-19 15:02:49,107 [TB-Scheduling-2] INFO  o.t.s.s.s.DefaultTbEntityDataSubscriptionService - Stats: regularQueryInvocationCnt = [0], regularQueryInvocationTime = [0], dynamicQueryCnt = [4] dynamicQueryInvocationCnt = [0], dynamicQueryInvocationTime = [0], alarmQueryInvocationCnt = [0], alarmQueryInvocationTime = [0]
2025-12-19 15:02:58,277 [sql-log-1-thread-1] INFO  o.t.s.dao.sql.TbSqlBlockingQueue - Queue-0 [TS Latest] queueSize [0] totalAdded [7] totalSaved [7] totalFailed [0]
2025-12-19 15:02:59,108 [TB-Scheduling-4] INFO  o.t.s.s.s.DefaultTbEntityDataSubscriptionService - Stats: regularQueryInvocationCnt = [0], regularQueryInvocationTime = [0], dynamicQueryCnt = [4] dynamicQueryInvocationCnt = [2], dynamicQueryInvocationTime = [7], alarmQueryInvocationCnt = [0], alarmQueryInvocationTime = [0]
2025-12-19 15:02:59,193 [TB-Scheduling-2] INFO  o.t.s.d.u.AbstractBufferedRateExecutor - [Write] Permits queueSize = [0] totalAdded = [7] totalLaunched = [7] totalReleased = [7] totalFailed = [0] totalExpired = [0] totalRejected = [0] totalRateLimited = [0] totalRateLimitedTenants = [0] currBuffer = [0] 
2025-12-19 15:03:08,410 [TB-Scheduling-1] INFO  o.t.s.dao.aspect.SqlDaoCallsAspect - Total timing statistics below:
2025-12-19 15:03:08,411 [TB-Scheduling-1] INFO  o.t.s.dao.aspect.SqlDaoCallsAspect - [5c6c4190-f64c-11ee-8f58-c9c802dda3de]: calls: 17, failures: 0, exec time: 68 
2025-12-19 15:03:08,411 [TB-Scheduling-1] INFO  o.t.s.dao.aspect.SqlDaoCallsAspect - [5c6c4190-f64c-11ee-8f58-c9c802dda3de] Top 3 methods by timing:
2025-12-19 15:03:08,412 [TB-Scheduling-1] INFO  o.t.s.dao.aspect.SqlDaoCallsAspect - [5c6c4190-f64c-11ee-8f58-c9c802dda3de]: method: JpaUserSettingsDao.save(..), calls: 1, failures: 0, exec time: 18
2025-12-19 15:03:08,412 [TB-Scheduling-1] INFO  o.t.s.dao.aspect.SqlDaoCallsAspect - [5c6c4190-f64c-11ee-8f58-c9c802dda3de]: method: JpaAbstractDao.findById(..), calls: 7, failures: 0, exec time: 15
2025-12-19 15:03:08,412 [TB-Scheduling-1] INFO  o.t.s.dao.aspect.SqlDaoCallsAspect - [5c6c4190-f64c-11ee-8f58-c9c802dda3de]: method: JpaDashboardInfoDao.findDashboardsByTenantId(..), calls: 2, failures: 0, exec time: 10
2025-12-19 15:03:08,574 [TB-Scheduling-4] INFO  o.t.s.c.t.s.DefaultTransportService - Transport Stats: openConnections [0]
2025-12-19 15:03:09,109 [TB-Scheduling-1] INFO  o.t.s.s.s.DefaultTbEntityDataSubscriptionService - Stats: regularQueryInvocationCnt = [0], regularQueryInvocationTime = [0], dynamicQueryCnt = [4] dynamicQueryInvocationCnt = [2], dynamicQueryInvocationTime = [12], alarmQueryInvocationCnt = [0], alarmQueryInvocationTime = [0]
2025-12-19 15:03:18,277 [sql-log-1-thread-1] INFO  o.t.s.dao.sql.TbSqlBlockingQueue - Queue-0 [TS Latest] queueSize [0] totalAdded [4] totalSaved [4] totalFailed [0]
2025-12-19 15:03:19,109 [TB-Scheduling-3] INFO  o.t.s.s.s.DefaultTbEntityDataSubscriptionService - Stats: regularQueryInvocationCnt = [0], regularQueryInvocationTime = [0], dynamicQueryCnt = [4] dynamicQueryInvocationCnt = [0], dynamicQueryInvocationTime = [0], alarmQueryInvocationCnt = [0], alarmQueryInvocationTime = [0]
2025-12-19 15:03:19,194 [TB-Scheduling-1] INFO  o.t.s.d.u.AbstractBufferedRateExecutor - [Write] Permits queueSize = [0] totalAdded = [4] totalLaunched = [4] totalReleased = [4] totalFailed = [0] totalExpired = [0] totalRejected = [0] totalRateLimited = [0] totalRateLimitedTenants = [0] currBuffer = [0] 
2025-12-19 15:03:29,109 [TB-Scheduling-3] INFO  o.t.s.s.s.DefaultTbEntityDataSubscriptionService - Stats: regularQueryInvocationCnt = [0], regularQueryInvocationTime = [0], dynamicQueryCnt = [4] dynamicQueryInvocationCnt = [0], dynamicQueryInvocationTime = [0], alarmQueryInvocationCnt = [0], alarmQueryInvocationTime = [0]
2025-12-19 15:03:39,110 [TB-Scheduling-1] INFO  o.t.s.s.s.DefaultTbEntityDataSubscriptionService - Stats: regularQueryInvocationCnt = [0], regularQueryInvocationTime = [0], dynamicQueryCnt = [4] dynamicQueryInvocationCnt = [0], dynamicQueryInvocationTime = [0], alarmQueryInvocationCnt = [0], alarmQueryInvocationTime = [0]
2025-12-19 15:03:49,111 [TB-Scheduling-4] INFO  o.t.s.s.s.DefaultTbEntityDataSubscriptionService - Stats: regularQueryInvocationCnt = [0], regularQueryInvocationTime = [0], dynamicQueryCnt = [4] dynamicQueryInvocationCnt = [0], dynamicQueryInvocationTime = [0], alarmQueryInvocationCnt = [0], alarmQueryInvocationTime = [0]
2025-12-19 15:03:58,277 [sql-log-1-thread-1] INFO  o.t.s.dao.sql.TbSqlBlockingQueue - Queue-0 [TS Latest] queueSize [0] totalAdded [8] totalSaved [8] totalFailed [0]
2025-12-19 15:03:59,111 [TB-Scheduling-2] INFO  o.t.s.s.s.DefaultTbEntityDataSubscriptionService - Stats: regularQueryInvocationCnt = [0], regularQueryInvocationTime = [0], dynamicQueryCnt = [4] dynamicQueryInvocationCnt = [2], dynamicQueryInvocationTime = [12], alarmQueryInvocationCnt = [0], alarmQueryInvocationTime = [0]
2025-12-19 15:03:59,195 [TB-Scheduling-3] INFO  o.t.s.d.u.AbstractBufferedRateExecutor - [Write] Permits queueSize = [0] totalAdded = [8] totalLaunched = [8] totalReleased = [8] totalFailed = [0] totalExpired = [0] totalRejected = [0] totalRateLimited = [0] totalRateLimitedTenants = [0] currBuffer = [0] 
2025-12-19 15:04:08,574 [TB-Scheduling-3] INFO  o.t.s.c.t.s.DefaultTransportService - Transport Stats: openConnections [0]
2025-12-19 15:04:09,112 [TB-Scheduling-4] INFO  o.t.s.s.s.DefaultTbEntityDataSubscriptionService - Stats: regularQueryInvocationCnt = [0], regularQueryInvocationTime = [0], dynamicQueryCnt = [4] dynamicQueryInvocationCnt = [2], dynamicQueryInvocationTime = [10], alarmQueryInvocationCnt = [0], alarmQueryInvocationTime = [0]
2025-12-19 15:04:18,277 [sql-log-1-thread-1] INFO  o.t.s.dao.sql.TbSqlBlockingQueue - Queue-0 [TS Latest] queueSize [0] totalAdded [4] totalSaved [4] totalFailed [0]
2025-12-19 15:04:19,112 [TB-Scheduling-2] INFO  o.t.s.s.s.DefaultTbEntityDataSubscriptionService - Stats: regularQueryInvocationCnt = [0], regularQueryInvocationTime = [0], dynamicQueryCnt = [4] dynamicQueryInvocationCnt = [0], dynamicQueryInvocationTime = [0], alarmQueryInvocationCnt = [0], alarmQueryInvocationTime = [0]
2025-12-19 15:04:19,196 [TB-Scheduling-4] INFO  o.t.s.d.u.AbstractBufferedRateExecutor - [Write] Permits queueSize = [0] totalAdded = [4] totalLaunched = [4] totalReleased = [4] totalFailed = [0] totalExpired = [0] totalRejected = [0] totalRateLimited = [0] totalRateLimitedTenants = [0] currBuffer = [0] 
2025-12-19 15:04:29,113 [TB-Scheduling-3] INFO  o.t.s.s.s.DefaultTbEntityDataSubscriptionService - Stats: regularQueryInvocationCnt = [9], regularQueryInvocationTime = [27], dynamicQueryCnt = [4] dynamicQueryInvocationCnt = [0], dynamicQueryInvocationTime = [0], alarmQueryInvocationCnt = [0], alarmQueryInvocationTime = [0]
2025-12-19 15:04:38,277 [sql-log-1-thread-1] INFO  o.t.s.dao.sql.TbSqlBlockingQueue - Queue-0 [TS Latest] queueSize [0] totalAdded [4] totalSaved [4] totalFailed [0]
2025-12-19 15:04:39,113 [TB-Scheduling-4] INFO  o.t.s.s.s.DefaultTbEntityDataSubscriptionService - Stats: regularQueryInvocationCnt = [0], regularQueryInvocationTime = [0], dynamicQueryCnt = [4] dynamicQueryInvocationCnt = [0], dynamicQueryInvocationTime = [0], alarmQueryInvocationCnt = [0], alarmQueryInvocationTime = [0]
2025-12-19 15:04:39,196 [TB-Scheduling-3] INFO  o.t.s.d.u.AbstractBufferedRateExecutor - [Write] Permits queueSize = [0] totalAdded = [4] totalLaunched = [4] totalReleased = [4] totalFailed = [0] totalExpired = [0] totalRejected = [0] totalRateLimited = [0] totalRateLimitedTenants = [0] currBuffer = [0] 
2025-12-19 15:04:49,114 [TB-Scheduling-2] INFO  o.t.s.s.s.DefaultTbEntityDataSubscriptionService - Stats: regularQueryInvocationCnt = [0], regularQueryInvocationTime = [0], dynamicQueryCnt = [4] dynamicQueryInvocationCnt = [0], dynamicQueryInvocationTime = [0], alarmQueryInvocationCnt = [0], alarmQueryInvocationTime = [0]
2025-12-19 15:04:58,277 [sql-log-1-thread-1] INFO  o.t.s.dao.sql.TbSqlBlockingQueue - Queue-0 [TS Latest] queueSize [0] totalAdded [7] totalSaved [7] totalFailed [0]
2025-12-19 15:04:59,114 [TB-Scheduling-3] INFO  o.t.s.s.s.DefaultTbEntityDataSubscriptionService - Stats: regularQueryInvocationCnt = [0], regularQueryInvocationTime = [0], dynamicQueryCnt = [4] dynamicQueryInvocationCnt = [2], dynamicQueryInvocationTime = [9], alarmQueryInvocationCnt = [0], alarmQueryInvocationTime = [0]
2025-12-19 15:04:59,197 [TB-Scheduling-2] INFO  o.t.s.d.u.AbstractBufferedRateExecutor - [Write] Permits queueSize = [0] totalAdded = [7] totalLaunched = [7] totalReleased = [7] totalFailed = [0] totalExpired = [0] totalRejected = [0] totalRateLimited = [0] totalRateLimitedTenants = [0] currBuffer = [0] 
2025-12-19 15:05:08,372 [TB-Scheduling-4] INFO  o.t.s.s.queue.TbCoreConsumerStats - Core Stats: totalMsgs = [1] sessionEvents = [0] getAttr = [0] subToAttr = [0] subToRpc = [0] toDevRpc = [0] subInfo = [0] claimDevice = [0] deviceState = [0] subMsgs = [0] edgeNfs = [1] deviceConnect = [0] deviceActivity = [0] deviceDisconnect = [0] deviceInactivity = [0] coreNfOther = [0] coreNfCompLfcl = [0] coreNfDevRpcRsp = [0] coreNfEdgeUpd = [0] coreNfEdgeSyncReq = [0] coreNfEdgeSyncResp = [0] coreNfNfRlProc = [0] coreNfQueueUpd = [0] coreNfQueueDel = [0] coreNfSubSvc = [0] coreNfSubMgr = [0] coreNfVCRsp = [0] 
2025-12-19 15:05:08,413 [TB-Scheduling-1] INFO  o.t.s.dao.aspect.SqlDaoCallsAspect - Total timing statistics below:
2025-12-19 15:05:08,413 [TB-Scheduling-1] INFO  o.t.s.dao.aspect.SqlDaoCallsAspect - [5c6c4190-f64c-11ee-8f58-c9c802dda3de]: calls: 9, failures: 0, exec time: 31 
2025-12-19 15:05:08,413 [TB-Scheduling-1] INFO  o.t.s.dao.aspect.SqlDaoCallsAspect - [5c6c4190-f64c-11ee-8f58-c9c802dda3de] Top 3 methods by timing:
2025-12-19 15:05:08,413 [TB-Scheduling-1] INFO  o.t.s.dao.aspect.SqlDaoCallsAspect - [5c6c4190-f64c-11ee-8f58-c9c802dda3de]: method: JpaAbstractDao.findById(..), calls: 5, failures: 0, exec time: 15
2025-12-19 15:05:08,413 [TB-Scheduling-1] INFO  o.t.s.dao.aspect.SqlDaoCallsAspect - [5c6c4190-f64c-11ee-8f58-c9c802dda3de]: method: JpaAbstractDao.save(..), calls: 2, failures: 0, exec time: 8
2025-12-19 15:05:08,413 [TB-Scheduling-1] INFO  o.t.s.dao.aspect.SqlDaoCallsAspect - [5c6c4190-f64c-11ee-8f58-c9c802dda3de]: method: JpaDashboardInfoDao.findDashboardsByTenantId(..), calls: 1, failures: 0, exec time: 4
2025-12-19 15:05:08,472 [TB-Scheduling-3] INFO  o.t.s.s.q.TbRuleEngineConsumerStats - [Main] Stats: totalMsgs = [1] successfulMsgs = [1] timeoutMsgs = [0] failedMsgs = [0] tmpTimeout = [0] tmpFailed = [0] successfulIterations = [1] failedIterations = [0] 
2025-12-19 15:05:08,575 [TB-Scheduling-2] INFO  o.t.s.c.t.s.DefaultTransportService - Transport Stats: openConnections [0]
2025-12-19 15:05:09,115 [TB-Scheduling-4] INFO  o.t.s.s.s.DefaultTbEntityDataSubscriptionService - Stats: regularQueryInvocationCnt = [0], regularQueryInvocationTime = [0], dynamicQueryCnt = [4] dynamicQueryInvocationCnt = [2], dynamicQueryInvocationTime = [9], alarmQueryInvocationCnt = [0], alarmQueryInvocationTime = [0]
2025-12-19 15:05:09,198 [TB-Scheduling-3] INFO  o.t.s.d.u.AbstractBufferedRateExecutor - [Write] Permits queueSize = [0] totalAdded = [6] totalLaunched = [6] totalReleased = [6] totalFailed = [0] totalExpired = [0] totalRejected = [0] totalRateLimited = [0] totalRateLimitedTenants = [0] currBuffer = [0] 
2025-12-19 15:05:18,277 [sql-log-1-thread-1] INFO  o.t.s.dao.sql.TbSqlBlockingQueue - Queue-0 [TS Latest] queueSize [0] totalAdded [4] totalSaved [4] totalFailed [0]
2025-12-19 15:05:18,278 [sql-log-1-thread-1] INFO  o.t.s.dao.sql.TbSqlBlockingQueue - Queue-2 [TS Latest] queueSize [0] totalAdded [6] totalSaved [6] totalFailed [0]
2025-12-19 15:05:19,115 [TB-Scheduling-1] INFO  o.t.s.s.s.DefaultTbEntityDataSubscriptionService - Stats: regularQueryInvocationCnt = [0], regularQueryInvocationTime = [0], dynamicQueryCnt = [4] dynamicQueryInvocationCnt = [0], dynamicQueryInvocationTime = [0], alarmQueryInvocationCnt = [0], alarmQueryInvocationTime = [0]
2025-12-19 15:05:19,198 [TB-Scheduling-4] INFO  o.t.s.d.u.AbstractBufferedRateExecutor - [Write] Permits queueSize = [0] totalAdded = [4] totalLaunched = [4] totalReleased = [4] totalFailed = [0] totalExpired = [0] totalRejected = [0] totalRateLimited = [0] totalRateLimitedTenants = [0] currBuffer = [0] 
2025-12-19 15:05:29,116 [TB-Scheduling-3] INFO  o.t.s.s.s.DefaultTbEntityDataSubscriptionService - Stats: regularQueryInvocationCnt = [0], regularQueryInvocationTime = [0], dynamicQueryCnt = [4] dynamicQueryInvocationCnt = [0], dynamicQueryInvocationTime = [0], alarmQueryInvocationCnt = [0], alarmQueryInvocationTime = [0]
2025-12-19 15:05:39,116 [TB-Scheduling-2] INFO  o.t.s.s.s.DefaultTbEntityDataSubscriptionService - Stats: regularQueryInvocationCnt = [0], regularQueryInvocationTime = [0], dynamicQueryCnt = [4] dynamicQueryInvocationCnt = [0], dynamicQueryInvocationTime = [0], alarmQueryInvocationCnt = [0], alarmQueryInvocationTime = [0]
2025-12-19 15:05:49,117 [TB-Scheduling-3] INFO  o.t.s.s.s.DefaultTbEntityDataSubscriptionService - Stats: regularQueryInvocationCnt = [0], regularQueryInvocationTime = [0], dynamicQueryCnt = [4] dynamicQueryInvocationCnt = [0], dynamicQueryInvocationTime = [0], alarmQueryInvocationCnt = [0], alarmQueryInvocationTime = [0]
2025-12-19 15:05:58,277 [sql-log-1-thread-1] INFO  o.t.s.dao.sql.TbSqlBlockingQueue - Queue-0 [TS Latest] queueSize [0] totalAdded [7] totalSaved [7] totalFailed [0]
2025-12-19 15:05:59,117 [TB-Scheduling-4] INFO  o.t.s.s.s.DefaultTbEntityDataSubscriptionService - Stats: regularQueryInvocationCnt = [0], regularQueryInvocationTime = [0], dynamicQueryCnt = [4] dynamicQueryInvocationCnt = [2], dynamicQueryInvocationTime = [43], alarmQueryInvocationCnt = [0], alarmQueryInvocationTime = [0]
2025-12-19 15:05:59,199 [TB-Scheduling-3] INFO  o.t.s.d.u.AbstractBufferedRateExecutor - [Write] Permits queueSize = [0] totalAdded = [7] totalLaunched = [7] totalReleased = [7] totalFailed = [0] totalExpired = [0] totalRejected = [0] totalRateLimited = [0] totalRateLimitedTenants = [0] currBuffer = [0] 
2025-12-19 15:06:08,413 [TB-Scheduling-2] INFO  o.t.s.dao.aspect.SqlDaoCallsAspect - Total timing statistics below:
2025-12-19 15:06:08,414 [TB-Scheduling-2] INFO  o.t.s.dao.aspect.SqlDaoCallsAspect - [5c6c4190-f64c-11ee-8f58-c9c802dda3de]: calls: 1, failures: 0, exec time: 2 
2025-12-19 15:06:08,414 [TB-Scheduling-2] INFO  o.t.s.dao.aspect.SqlDaoCallsAspect - [5c6c4190-f64c-11ee-8f58-c9c802dda3de] Top 3 methods by timing:
2025-12-19 15:06:08,414 [TB-Scheduling-2] INFO  o.t.s.dao.aspect.SqlDaoCallsAspect - [5c6c4190-f64c-11ee-8f58-c9c802dda3de]: method: JpaAbstractDao.findById(..), calls: 1, failures: 0, exec time: 2
2025-12-19 15:06:08,575 [TB-Scheduling-4] INFO  o.t.s.c.t.s.DefaultTransportService - Transport Stats: openConnections [0]
2025-12-19 15:06:09,118 [TB-Scheduling-2] INFO  o.t.s.s.s.DefaultTbEntityDataSubscriptionService - Stats: regularQueryInvocationCnt = [0], regularQueryInvocationTime = [0], dynamicQueryCnt = [4] dynamicQueryInvocationCnt = [2], dynamicQueryInvocationTime = [10], alarmQueryInvocationCnt = [0], alarmQueryInvocationTime = [0]
2025-12-19 15:06:18,277 [sql-log-1-thread-1] INFO  o.t.s.dao.sql.TbSqlBlockingQueue - Queue-0 [TS Latest] queueSize [0] totalAdded [4] totalSaved [4] totalFailed [0]
2025-12-19 15:06:19,118 [TB-Scheduling-3] INFO  o.t.s.s.s.DefaultTbEntityDataSubscriptionService - Stats: regularQueryInvocationCnt = [0], regularQueryInvocationTime = [0], dynamicQueryCnt = [4] dynamicQueryInvocationCnt = [0], dynamicQueryInvocationTime = [0], alarmQueryInvocationCnt = [0], alarmQueryInvocationTime = [0]
2025-12-19 15:06:19,200 [TB-Scheduling-2] INFO  o.t.s.d.u.AbstractBufferedRateExecutor - [Write] Permits queueSize = [0] totalAdded = [4] totalLaunched = [4] totalReleased = [4] totalFailed = [0] totalExpired = [0] totalRejected = [0] totalRateLimited = [0] totalRateLimitedTenants = [0] currBuffer = [0] 
2025-12-19 15:06:29,119 [TB-Scheduling-4] INFO  o.t.s.s.s.DefaultTbEntityDataSubscriptionService - Stats: regularQueryInvocationCnt = [0], regularQueryInvocationTime = [0], dynamicQueryCnt = [4] dynamicQueryInvocationCnt = [0], dynamicQueryInvocationTime = [0], alarmQueryInvocationCnt = [0], alarmQueryInvocationTime = [0]
2025-12-19 15:06:39,120 [TB-Scheduling-3] INFO  o.t.s.s.s.DefaultTbEntityDataSubscriptionService - Stats: regularQueryInvocationCnt = [0], regularQueryInvocationTime = [0], dynamicQueryCnt = [4] dynamicQueryInvocationCnt = [0], dynamicQueryInvocationTime = [0], alarmQueryInvocationCnt = [0], alarmQueryInvocationTime = [0]
2025-12-19 15:06:49,120 [TB-Scheduling-2] INFO  o.t.s.s.s.DefaultTbEntityDataSubscriptionService - Stats: regularQueryInvocationCnt = [0], regularQueryInvocationTime = [0], dynamicQueryCnt = [4] dynamicQueryInvocationCnt = [0], dynamicQueryInvocationTime = [0], alarmQueryInvocationCnt = [0], alarmQueryInvocationTime = [0]
2025-12-19 15:06:58,277 [sql-log-1-thread-1] INFO  o.t.s.dao.sql.TbSqlBlockingQueue - Queue-0 [TS Latest] queueSize [0] totalAdded [7] totalSaved [7] totalFailed [0]
2025-12-19 15:06:59,120 [TB-Scheduling-3] INFO  o.t.s.s.s.DefaultTbEntityDataSubscriptionService - Stats: regularQueryInvocationCnt = [9], regularQueryInvocationTime = [44], dynamicQueryCnt = [4] dynamicQueryInvocationCnt = [2], dynamicQueryInvocationTime = [9], alarmQueryInvocationCnt = [0], alarmQueryInvocationTime = [0]
2025-12-19 15:06:59,201 [TB-Scheduling-2] INFO  o.t.s.d.u.AbstractBufferedRateExecutor - [Write] Permits queueSize = [0] totalAdded = [7] totalLaunched = [7] totalReleased = [7] totalFailed = [0] totalExpired = [0] totalRejected = [0] totalRateLimited = [0] totalRateLimitedTenants = [0] currBuffer = [0] 
2025-12-19 15:07:08,415 [TB-Scheduling-4] INFO  o.t.s.dao.aspect.SqlDaoCallsAspect - Total timing statistics below:
2025-12-19 15:07:08,415 [TB-Scheduling-4] INFO  o.t.s.dao.aspect.SqlDaoCallsAspect - [5c6c4190-f64c-11ee-8f58-c9c802dda3de]: calls: 2, failures: 0, exec time: 10 
2025-12-19 15:07:08,415 [TB-Scheduling-4] INFO  o.t.s.dao.aspect.SqlDaoCallsAspect - [5c6c4190-f64c-11ee-8f58-c9c802dda3de] Top 3 methods by timing:
2025-12-19 15:07:08,415 [TB-Scheduling-4] INFO  o.t.s.dao.aspect.SqlDaoCallsAspect - [5c6c4190-f64c-11ee-8f58-c9c802dda3de]: method: JpaCustomerDao.findCustomersByTenantId(..), calls: 2, failures: 0, exec time: 10
2025-12-19 15:07:08,575 [TB-Scheduling-3] INFO  o.t.s.c.t.s.DefaultTransportService - Transport Stats: openConnections [0]
2025-12-19 15:07:09,121 [TB-Scheduling-1] INFO  o.t.s.s.s.DefaultTbEntityDataSubscriptionService - Stats: regularQueryInvocationCnt = [0], regularQueryInvocationTime = [0], dynamicQueryCnt = [4] dynamicQueryInvocationCnt = [2], dynamicQueryInvocationTime = [9], alarmQueryInvocationCnt = [0], alarmQueryInvocationTime = [0]
2025-12-19 15:07:18,277 [sql-log-1-thread-1] INFO  o.t.s.dao.sql.TbSqlBlockingQueue - Queue-0 [TS Latest] queueSize [0] totalAdded [4] totalSaved [4] totalFailed [0]
2025-12-19 15:07:19,122 [TB-Scheduling-2] INFO  o.t.s.s.s.DefaultTbEntityDataSubscriptionService - Stats: regularQueryInvocationCnt = [9], regularQueryInvocationTime = [24], dynamicQueryCnt = [4] dynamicQueryInvocationCnt = [0], dynamicQueryInvocationTime = [0], alarmQueryInvocationCnt = [0], alarmQueryInvocationTime = [0]
2025-12-19 15:07:19,201 [TB-Scheduling-1] INFO  o.t.s.d.u.AbstractBufferedRateExecutor - [Write] Permits queueSize = [0] totalAdded = [4] totalLaunched = [4] totalReleased = [4] totalFailed = [0] totalExpired = [0] totalRejected = [0] totalRateLimited = [0] totalRateLimitedTenants = [0] currBuffer = [0] 
2025-12-19 15:07:29,122 [TB-Scheduling-4] INFO  o.t.s.s.s.DefaultTbEntityDataSubscriptionService - Stats: regularQueryInvocationCnt = [0], regularQueryInvocationTime = [0], dynamicQueryCnt = [4] dynamicQueryInvocationCnt = [0], dynamicQueryInvocationTime = [0], alarmQueryInvocationCnt = [0], alarmQueryInvocationTime = [0]
2025-12-19 15:07:39,123 [TB-Scheduling-2] INFO  o.t.s.s.s.DefaultTbEntityDataSubscriptionService - Stats: regularQueryInvocationCnt = [0], regularQueryInvocationTime = [0], dynamicQueryCnt = [4] dynamicQueryInvocationCnt = [0], dynamicQueryInvocationTime = [0], alarmQueryInvocationCnt = [0], alarmQueryInvocationTime = [0]
2025-12-19 15:07:49,123 [TB-Scheduling-3] INFO  o.t.s.s.s.DefaultTbEntityDataSubscriptionService - Stats: regularQueryInvocationCnt = [0], regularQueryInvocationTime = [0], dynamicQueryCnt = [4] dynamicQueryInvocationCnt = [0], dynamicQueryInvocationTime = [0], alarmQueryInvocationCnt = [0], alarmQueryInvocationTime = [0]
2025-12-19 15:07:58,277 [sql-log-1-thread-1] INFO  o.t.s.dao.sql.TbSqlBlockingQueue - Queue-0 [TS Latest] queueSize [0] totalAdded [7] totalSaved [7] totalFailed [0]
2025-12-19 15:07:59,124 [TB-Scheduling-4] INFO  o.t.s.s.s.DefaultTbEntityDataSubscriptionService - Stats: regularQueryInvocationCnt = [0], regularQueryInvocationTime = [0], dynamicQueryCnt = [4] dynamicQueryInvocationCnt = [2], dynamicQueryInvocationTime = [10], alarmQueryInvocationCnt = [0], alarmQueryInvocationTime = [0]
2025-12-19 15:07:59,202 [TB-Scheduling-3] INFO  o.t.s.d.u.AbstractBufferedRateExecutor - [Write] Permits queueSize = [0] totalAdded = [7] totalLaunched = [7] totalReleased = [7] totalFailed = [0] totalExpired = [0] totalRejected = [0] totalRateLimited = [0] totalRateLimitedTenants = [0] currBuffer = [0] 
2025-12-19 15:08:08,416 [TB-Scheduling-1] INFO  o.t.s.dao.aspect.SqlDaoCallsAspect - Total timing statistics below:
2025-12-19 15:08:08,416 [TB-Scheduling-1] INFO  o.t.s.dao.aspect.SqlDaoCallsAspect - [5c6c4190-f64c-11ee-8f58-c9c802dda3de]: calls: 2, failures: 0, exec time: 4 
2025-12-19 15:08:08,416 [TB-Scheduling-1] INFO  o.t.s.dao.aspect.SqlDaoCallsAspect - [5c6c4190-f64c-11ee-8f58-c9c802dda3de] Top 3 methods by timing:
2025-12-19 15:08:08,416 [TB-Scheduling-1] INFO  o.t.s.dao.aspect.SqlDaoCallsAspect - [5c6c4190-f64c-11ee-8f58-c9c802dda3de]: method: JpaAbstractDao.findById(..), calls: 2, failures: 0, exec time: 4
2025-12-19 15:08:08,576 [TB-Scheduling-4] INFO  o.t.s.c.t.s.DefaultTransportService - Transport Stats: openConnections [0]
2025-12-19 15:08:09,124 [TB-Scheduling-2] INFO  o.t.s.s.s.DefaultTbEntityDataSubscriptionService - Stats: regularQueryInvocationCnt = [0], regularQueryInvocationTime = [0], dynamicQueryCnt = [4] dynamicQueryInvocationCnt = [2], dynamicQueryInvocationTime = [10], alarmQueryInvocationCnt = [0], alarmQueryInvocationTime = [0]
2025-12-19 15:08:18,277 [sql-log-1-thread-1] INFO  o.t.s.dao.sql.TbSqlBlockingQueue - Queue-0 [TS Latest] queueSize [0] totalAdded [4] totalSaved [4] totalFailed [0]
2025-12-19 15:08:19,125 [TB-Scheduling-4] INFO  o.t.s.s.s.DefaultTbEntityDataSubscriptionService - Stats: regularQueryInvocationCnt = [0], regularQueryInvocationTime = [0], dynamicQueryCnt = [4] dynamicQueryInvocationCnt = [0], dynamicQueryInvocationTime = [0], alarmQueryInvocationCnt = [0], alarmQueryInvocationTime = [0]
2025-12-19 15:08:19,203 [TB-Scheduling-2] INFO  o.t.s.d.u.AbstractBufferedRateExecutor - [Write] Permits queueSize = [0] totalAdded = [4] totalLaunched = [4] totalReleased = [4] totalFailed = [0] totalExpired = [0] totalRejected = [0] totalRateLimited = [0] totalRateLimitedTenants = [0] currBuffer = [0] 
2025-12-19 15:08:29,126 [TB-Scheduling-3] INFO  o.t.s.s.s.DefaultTbEntityDataSubscriptionService - Stats: regularQueryInvocationCnt = [0], regularQueryInvocationTime = [0], dynamicQueryCnt = [4] dynamicQueryInvocationCnt = [0], dynamicQueryInvocationTime = [0], alarmQueryInvocationCnt = [0], alarmQueryInvocationTime = [0]
2025-12-19 15:08:39,126 [TB-Scheduling-1] INFO  o.t.s.s.s.DefaultTbEntityDataSubscriptionService - Stats: regularQueryInvocationCnt = [10], regularQueryInvocationTime = [23], dynamicQueryCnt = [4] dynamicQueryInvocationCnt = [0], dynamicQueryInvocationTime = [0], alarmQueryInvocationCnt = [0], alarmQueryInvocationTime = [0]
2025-12-19 15:08:49,127 [TB-Scheduling-3] INFO  o.t.s.s.s.DefaultTbEntityDataSubscriptionService - Stats: regularQueryInvocationCnt = [0], regularQueryInvocationTime = [0], dynamicQueryCnt = [4] dynamicQueryInvocationCnt = [0], dynamicQueryInvocationTime = [0], alarmQueryInvocationCnt = [0], alarmQueryInvocationTime = [0]
2025-12-19 15:08:58,277 [sql-log-1-thread-1] INFO  o.t.s.dao.sql.TbSqlBlockingQueue - Queue-0 [TS Latest] queueSize [0] totalAdded [7] totalSaved [7] totalFailed [0]
2025-12-19 15:08:59,128 [TB-Scheduling-2] INFO  o.t.s.s.s.DefaultTbEntityDataSubscriptionService - Stats: regularQueryInvocationCnt = [0], regularQueryInvocationTime = [0], dynamicQueryCnt = [4] dynamicQueryInvocationCnt = [2], dynamicQueryInvocationTime = [10], alarmQueryInvocationCnt = [0], alarmQueryInvocationTime = [0]
2025-12-19 15:08:59,204 [TB-Scheduling-3] INFO  o.t.s.d.u.AbstractBufferedRateExecutor - [Write] Permits queueSize = [0] totalAdded = [7] totalLaunched = [7] totalReleased = [7] totalFailed = [0] totalExpired = [0] totalRejected = [0] totalRateLimited = [0] totalRateLimitedTenants = [0] currBuffer = [0] 
2025-12-19 15:09:08,417 [TB-Scheduling-1] INFO  o.t.s.dao.aspect.SqlDaoCallsAspect - Total timing statistics below:
2025-12-19 15:09:08,417 [TB-Scheduling-1] INFO  o.t.s.dao.aspect.SqlDaoCallsAspect - [5c6c4190-f64c-11ee-8f58-c9c802dda3de]: calls: 1, failures: 0, exec time: 11 
2025-12-19 15:09:08,418 [TB-Scheduling-1] INFO  o.t.s.dao.aspect.SqlDaoCallsAspect - [5c6c4190-f64c-11ee-8f58-c9c802dda3de] Top 3 methods by timing:
2025-12-19 15:09:08,418 [TB-Scheduling-1] INFO  o.t.s.dao.aspect.SqlDaoCallsAspect - [5c6c4190-f64c-11ee-8f58-c9c802dda3de]: method: JpaAssetDao.findAssetInfosByTenantId(..), calls: 1, failures: 0, exec time: 11
2025-12-19 15:09:08,576 [TB-Scheduling-3] INFO  o.t.s.c.t.s.DefaultTransportService - Transport Stats: openConnections [0]
2025-12-19 15:09:09,128 [TB-Scheduling-1] INFO  o.t.s.s.s.DefaultTbEntityDataSubscriptionService - Stats: regularQueryInvocationCnt = [0], regularQueryInvocationTime = [0], dynamicQueryCnt = [2] dynamicQueryInvocationCnt = [0], dynamicQueryInvocationTime = [0], alarmQueryInvocationCnt = [0], alarmQueryInvocationTime = [0]
2025-12-19 15:09:18,277 [sql-log-1-thread-1] INFO  o.t.s.dao.sql.TbSqlBlockingQueue - Queue-0 [TS Latest] queueSize [0] totalAdded [4] totalSaved [4] totalFailed [0]
2025-12-19 15:09:19,128 [TB-Scheduling-4] INFO  o.t.s.s.s.DefaultTbEntityDataSubscriptionService - Stats: regularQueryInvocationCnt = [0], regularQueryInvocationTime = [0], dynamicQueryCnt = [2] dynamicQueryInvocationCnt = [0], dynamicQueryInvocationTime = [0], alarmQueryInvocationCnt = [0], alarmQueryInvocationTime = [0]
2025-12-19 15:09:19,205 [TB-Scheduling-1] INFO  o.t.s.d.u.AbstractBufferedRateExecutor - [Write] Permits queueSize = [0] totalAdded = [4] totalLaunched = [4] totalReleased = [4] totalFailed = [0] totalExpired = [0] totalRejected = [0] totalRateLimited = [0] totalRateLimitedTenants = [0] currBuffer = [0] 
2025-12-19 15:09:29,129 [TB-Scheduling-3] INFO  o.t.s.s.s.DefaultTbEntityDataSubscriptionService - Stats: regularQueryInvocationCnt = [0], regularQueryInvocationTime = [0], dynamicQueryCnt = [2] dynamicQueryInvocationCnt = [0], dynamicQueryInvocationTime = [0], alarmQueryInvocationCnt = [0], alarmQueryInvocationTime = [0]
2025-12-19 15:09:39,129 [TB-Scheduling-4] INFO  o.t.s.s.s.DefaultTbEntityDataSubscriptionService - Stats: regularQueryInvocationCnt = [0], regularQueryInvocationTime = [0], dynamicQueryCnt = [2] dynamicQueryInvocationCnt = [0], dynamicQueryInvocationTime = [0], alarmQueryInvocationCnt = [0], alarmQueryInvocationTime = [0]
2025-12-19 15:09:49,130 [TB-Scheduling-3] INFO  o.t.s.s.s.DefaultTbEntityDataSubscriptionService - Stats: regularQueryInvocationCnt = [0], regularQueryInvocationTime = [0], dynamicQueryCnt = [2] dynamicQueryInvocationCnt = [0], dynamicQueryInvocationTime = [0], alarmQueryInvocationCnt = [0], alarmQueryInvocationTime = [0]
2025-12-19 15:09:58,277 [sql-log-1-thread-1] INFO  o.t.s.dao.sql.TbSqlBlockingQueue - Queue-0 [TS Latest] queueSize [0] totalAdded [7] totalSaved [7] totalFailed [0]
2025-12-19 15:09:59,130 [TB-Scheduling-1] INFO  o.t.s.s.s.DefaultTbEntityDataSubscriptionService - Stats: regularQueryInvocationCnt = [0], regularQueryInvocationTime = [0], dynamicQueryCnt = [2] dynamicQueryInvocationCnt = [2], dynamicQueryInvocationTime = [44], alarmQueryInvocationCnt = [0], alarmQueryInvocationTime = [0]
2025-12-19 15:09:59,206 [TB-Scheduling-3] INFO  o.t.s.d.u.AbstractBufferedRateExecutor - [Write] Permits queueSize = [0] totalAdded = [7] totalLaunched = [7] totalReleased = [7] totalFailed = [0] totalExpired = [0] totalRejected = [0] totalRateLimited = [0] totalRateLimitedTenants = [0] currBuffer = [0] 
2025-12-19 15:10:08,277 [sql-log-1-thread-1] INFO  o.t.s.dao.sql.TbSqlBlockingQueue - Queue-0 [TS Latest] queueSize [0] totalAdded [4] totalSaved [4] totalFailed [0]
2025-12-19 15:10:08,374 [TB-Scheduling-4] INFO  o.t.s.s.queue.TbCoreConsumerStats - Core Stats: totalMsgs = [1] sessionEvents = [0] getAttr = [0] subToAttr = [0] subToRpc = [0] toDevRpc = [0] subInfo = [0] claimDevice = [0] deviceState = [0] subMsgs = [0] edgeNfs = [1] deviceConnect = [0] deviceActivity = [0] deviceDisconnect = [0] deviceInactivity = [0] coreNfOther = [0] coreNfCompLfcl = [0] coreNfDevRpcRsp = [0] coreNfEdgeUpd = [0] coreNfEdgeSyncReq = [0] coreNfEdgeSyncResp = [0] coreNfNfRlProc = [0] coreNfQueueUpd = [0] coreNfQueueDel = [0] coreNfSubSvc = [0] coreNfSubMgr = [0] coreNfVCRsp = [0] 
2025-12-19 15:10:08,418 [TB-Scheduling-2] INFO  o.t.s.dao.aspect.SqlDaoCallsAspect - Total timing statistics below:
2025-12-19 15:10:08,419 [TB-Scheduling-2] INFO  o.t.s.dao.aspect.SqlDaoCallsAspect - [5c6c4190-f64c-11ee-8f58-c9c802dda3de]: calls: 32, failures: 0, exec time: 117 
2025-12-19 15:10:08,419 [TB-Scheduling-2] INFO  o.t.s.dao.aspect.SqlDaoCallsAspect - [5c6c4190-f64c-11ee-8f58-c9c802dda3de] Top 3 methods by timing:
2025-12-19 15:10:08,419 [TB-Scheduling-2] INFO  o.t.s.dao.aspect.SqlDaoCallsAspect - [5c6c4190-f64c-11ee-8f58-c9c802dda3de]: method: JpaAbstractDao.findById(..), calls: 12, failures: 0, exec time: 35
2025-12-19 15:10:08,420 [TB-Scheduling-2] INFO  o.t.s.dao.aspect.SqlDaoCallsAspect - [5c6c4190-f64c-11ee-8f58-c9c802dda3de]: method: JpaAssetDao.findAssetInfosByTenantId(..), calls: 1, failures: 0, exec time: 17
2025-12-19 15:10:08,420 [TB-Scheduling-2] INFO  o.t.s.dao.aspect.SqlDaoCallsAspect - [5c6c4190-f64c-11ee-8f58-c9c802dda3de]: method: JpaAssetDao.findAssetInfoById(..), calls: 3, failures: 0, exec time: 13
2025-12-19 15:10:08,474 [TB-Scheduling-1] INFO  o.t.s.s.q.TbRuleEngineConsumerStats - [Main] Stats: totalMsgs = [2] successfulMsgs = [2] timeoutMsgs = [0] failedMsgs = [0] tmpTimeout = [0] tmpFailed = [0] successfulIterations = [2] failedIterations = [0] 
2025-12-19 15:10:08,577 [TB-Scheduling-3] INFO  o.t.s.c.t.s.DefaultTransportService - Transport Stats: openConnections [0]
2025-12-19 15:10:09,131 [TB-Scheduling-2] INFO  o.t.s.s.s.DefaultTbEntityDataSubscriptionService - Stats: regularQueryInvocationCnt = [0], regularQueryInvocationTime = [0], dynamicQueryCnt = [2] dynamicQueryInvocationCnt = [0], dynamicQueryInvocationTime = [0], alarmQueryInvocationCnt = [0], alarmQueryInvocationTime = [0]
2025-12-19 15:10:09,206 [TB-Scheduling-1] INFO  o.t.s.d.u.AbstractBufferedRateExecutor - [Write] Permits queueSize = [0] totalAdded = [10] totalLaunched = [10] totalReleased = [10] totalFailed = [0] totalExpired = [0] totalRejected = [0] totalRateLimited = [0] totalRateLimitedTenants = [0] currBuffer = [0] 
2025-12-19 15:10:18,277 [sql-log-1-thread-1] INFO  o.t.s.dao.sql.TbSqlBlockingQueue - Queue-0 [TS Latest] queueSize [0] totalAdded [4] totalSaved [4] totalFailed [0]
2025-12-19 15:10:18,278 [sql-log-1-thread-1] INFO  o.t.s.dao.sql.TbSqlBlockingQueue - Queue-2 [TS Latest] queueSize [0] totalAdded [6] totalSaved [6] totalFailed [0]
2025-12-19 15:10:19,131 [TB-Scheduling-3] INFO  o.t.s.s.s.DefaultTbEntityDataSubscriptionService - Stats: regularQueryInvocationCnt = [0], regularQueryInvocationTime = [0], dynamicQueryCnt = [2] dynamicQueryInvocationCnt = [0], dynamicQueryInvocationTime = [0], alarmQueryInvocationCnt = [0], alarmQueryInvocationTime = [0]
2025-12-19 15:10:19,207 [TB-Scheduling-2] INFO  o.t.s.d.u.AbstractBufferedRateExecutor - [Write] Permits queueSize = [0] totalAdded = [4] totalLaunched = [4] totalReleased = [4] totalFailed = [0] totalExpired = [0] totalRejected = [0] totalRateLimited = [0] totalRateLimitedTenants = [0] currBuffer = [0] 
2025-12-19 15:10:28,277 [sql-log-1-thread-1] INFO  o.t.s.dao.sql.TbSqlBlockingQueue - Queue-0 [TS Latest] queueSize [0] totalAdded [4] totalSaved [4] totalFailed [0]
2025-12-19 15:10:29,132 [TB-Scheduling-4] INFO  o.t.s.s.s.DefaultTbEntityDataSubscriptionService - Stats: regularQueryInvocationCnt = [0], regularQueryInvocationTime = [0], dynamicQueryCnt = [2] dynamicQueryInvocationCnt = [0], dynamicQueryInvocationTime = [0], alarmQueryInvocationCnt = [0], alarmQueryInvocationTime = [0]
2025-12-19 15:10:29,207 [TB-Scheduling-3] INFO  o.t.s.d.u.AbstractBufferedRateExecutor - [Write] Permits queueSize = [0] totalAdded = [4] totalLaunched = [4] totalReleased = [4] totalFailed = [0] totalExpired = [0] totalRejected = [0] totalRateLimited = [0] totalRateLimitedTenants = [0] currBuffer = [0] 
2025-12-19 15:10:38,277 [sql-log-1-thread-1] INFO  o.t.s.dao.sql.TbSqlBlockingQueue - Queue-0 [TS Latest] queueSize [0] totalAdded [4] totalSaved [4] totalFailed [0]
2025-12-19 15:10:39,132 [TB-Scheduling-2] INFO  o.t.s.s.s.DefaultTbEntityDataSubscriptionService - Stats: regularQueryInvocationCnt = [0], regularQueryInvocationTime = [0], dynamicQueryCnt = [2] dynamicQueryInvocationCnt = [0], dynamicQueryInvocationTime = [0], alarmQueryInvocationCnt = [0], alarmQueryInvocationTime = [0]
2025-12-19 15:10:39,207 [TB-Scheduling-4] INFO  o.t.s.d.u.AbstractBufferedRateExecutor - [Write] Permits queueSize = [0] totalAdded = [4] totalLaunched = [4] totalReleased = [4] totalFailed = [0] totalExpired = [0] totalRejected = [0] totalRateLimited = [0] totalRateLimitedTenants = [0] currBuffer = [0] 
2025-12-19 15:10:48,277 [sql-log-1-thread-1] INFO  o.t.s.dao.sql.TbSqlBlockingQueue - Queue-0 [TS Latest] queueSize [0] totalAdded [4] totalSaved [4] totalFailed [0]
2025-12-19 15:10:49,133 [TB-Scheduling-3] INFO  o.t.s.s.s.DefaultTbEntityDataSubscriptionService - Stats: regularQueryInvocationCnt = [0], regularQueryInvocationTime = [0], dynamicQueryCnt = [2] dynamicQueryInvocationCnt = [0], dynamicQueryInvocationTime = [0], alarmQueryInvocationCnt = [0], alarmQueryInvocationTime = [0]
2025-12-19 15:10:49,208 [TB-Scheduling-2] INFO  o.t.s.d.u.AbstractBufferedRateExecutor - [Write] Permits queueSize = [0] totalAdded = [4] totalLaunched = [4] totalReleased = [4] totalFailed = [0] totalExpired = [0] totalRejected = [0] totalRateLimited = [0] totalRateLimitedTenants = [0] currBuffer = [0] 
2025-12-19 15:10:58,277 [sql-log-1-thread-1] INFO  o.t.s.dao.sql.TbSqlBlockingQueue - Queue-0 [TS Latest] queueSize [0] totalAdded [11] totalSaved [11] totalFailed [0]
2025-12-19 15:10:59,133 [TB-Scheduling-1] INFO  o.t.s.s.s.DefaultTbEntityDataSubscriptionService - Stats: regularQueryInvocationCnt = [0], regularQueryInvocationTime = [0], dynamicQueryCnt = [2] dynamicQueryInvocationCnt = [2], dynamicQueryInvocationTime = [45], alarmQueryInvocationCnt = [0], alarmQueryInvocationTime = [0]
2025-12-19 15:10:59,208 [TB-Scheduling-3] INFO  o.t.s.d.u.AbstractBufferedRateExecutor - [Write] Permits queueSize = [0] totalAdded = [11] totalLaunched = [11] totalReleased = [11] totalFailed = [0] totalExpired = [0] totalRejected = [0] totalRateLimited = [0] totalRateLimitedTenants = [0] currBuffer = [0] 
2025-12-19 15:11:08,374 [TB-Scheduling-2] INFO  o.t.s.s.queue.TbCoreConsumerStats - Core Stats: totalMsgs = [5] sessionEvents = [0] getAttr = [0] subToAttr = [0] subToRpc = [0] toDevRpc = [0] subInfo = [0] claimDevice = [0] deviceState = [0] subMsgs = [0] edgeNfs = [5] deviceConnect = [0] deviceActivity = [0] deviceDisconnect = [0] deviceInactivity = [0] coreNfOther = [0] coreNfCompLfcl = [0] coreNfDevRpcRsp = [0] coreNfEdgeUpd = [0] coreNfEdgeSyncReq = [0] coreNfEdgeSyncResp = [0] coreNfNfRlProc = [0] coreNfQueueUpd = [0] coreNfQueueDel = [0] coreNfSubSvc = [0] coreNfSubMgr = [0] coreNfVCRsp = [0] 
2025-12-19 15:11:08,420 [TB-Scheduling-4] INFO  o.t.s.dao.aspect.SqlDaoCallsAspect - Total timing statistics below:
2025-12-19 15:11:08,421 [TB-Scheduling-4] INFO  o.t.s.dao.aspect.SqlDaoCallsAspect - [5c6c4190-f64c-11ee-8f58-c9c802dda3de]: calls: 82, failures: 0, exec time: 157 
2025-12-19 15:11:08,421 [TB-Scheduling-4] INFO  o.t.s.dao.aspect.SqlDaoCallsAspect - [5c6c4190-f64c-11ee-8f58-c9c802dda3de] Top 3 methods by timing:
2025-12-19 15:11:08,421 [TB-Scheduling-4] INFO  o.t.s.dao.aspect.SqlDaoCallsAspect - [5c6c4190-f64c-11ee-8f58-c9c802dda3de]: method: JpaAbstractDao.findById(..), calls: 34, failures: 0, exec time: 47
2025-12-19 15:11:08,421 [TB-Scheduling-4] INFO  o.t.s.dao.aspect.SqlDaoCallsAspect - [5c6c4190-f64c-11ee-8f58-c9c802dda3de]: method: JpaEdgeDao.findEdgesByTenantIdAndEntityId(..), calls: 10, failures: 0, exec time: 26
2025-12-19 15:11:08,421 [TB-Scheduling-4] INFO  o.t.s.dao.aspect.SqlDaoCallsAspect - [5c6c4190-f64c-11ee-8f58-c9c802dda3de]: method: JpaRelationDao.findAllByFrom(..), calls: 12, failures: 0, exec time: 25
2025-12-19 15:11:08,475 [TB-Scheduling-1] INFO  o.t.s.s.q.TbRuleEngineConsumerStats - [Main] Stats: totalMsgs = [10] successfulMsgs = [10] timeoutMsgs = [0] failedMsgs = [0] tmpTimeout = [0] tmpFailed = [0] successfulIterations = [10] failedIterations = [0] 
2025-12-19 15:11:08,577 [TB-Scheduling-3] INFO  o.t.s.c.t.s.DefaultTransportService - Transport Stats: openConnections [0]
2025-12-19 15:11:09,134 [TB-Scheduling-4] INFO  o.t.s.s.s.DefaultTbEntityDataSubscriptionService - Stats: regularQueryInvocationCnt = [0], regularQueryInvocationTime = [0], dynamicQueryCnt = [2] dynamicQueryInvocationCnt = [0], dynamicQueryInvocationTime = [0], alarmQueryInvocationCnt = [0], alarmQueryInvocationTime = [0]
2025-12-19 15:11:09,209 [TB-Scheduling-1] INFO  o.t.s.d.u.AbstractBufferedRateExecutor - [Write] Permits queueSize = [0] totalAdded = [6] totalLaunched = [6] totalReleased = [6] totalFailed = [0] totalExpired = [0] totalRejected = [0] totalRateLimited = [0] totalRateLimitedTenants = [0] currBuffer = [0] 
2025-12-19 15:11:18,277 [sql-log-1-thread-1] INFO  o.t.s.dao.sql.TbSqlBlockingQueue - Queue-0 [TS Latest] queueSize [0] totalAdded [4] totalSaved [4] totalFailed [0]
2025-12-19 15:11:18,278 [sql-log-1-thread-1] INFO  o.t.s.dao.sql.TbSqlBlockingQueue - Queue-2 [TS Latest] queueSize [0] totalAdded [6] totalSaved [6] totalFailed [0]
2025-12-19 15:11:19,135 [TB-Scheduling-1] INFO  o.t.s.s.s.DefaultTbEntityDataSubscriptionService - Stats: regularQueryInvocationCnt = [0], regularQueryInvocationTime = [0], dynamicQueryCnt = [2] dynamicQueryInvocationCnt = [0], dynamicQueryInvocationTime = [0], alarmQueryInvocationCnt = [0], alarmQueryInvocationTime = [0]
2025-12-19 15:11:19,209 [TB-Scheduling-4] INFO  o.t.s.d.u.AbstractBufferedRateExecutor - [Write] Permits queueSize = [0] totalAdded = [4] totalLaunched = [4] totalReleased = [4] totalFailed = [0] totalExpired = [0] totalRejected = [0] totalRateLimited = [0] totalRateLimitedTenants = [0] currBuffer = [0] 
2025-12-19 15:11:28,277 [sql-log-1-thread-1] INFO  o.t.s.dao.sql.TbSqlBlockingQueue - Queue-0 [TS Latest] queueSize [0] totalAdded [4] totalSaved [4] totalFailed [0]
2025-12-19 15:11:29,135 [TB-Scheduling-3] INFO  o.t.s.s.s.DefaultTbEntityDataSubscriptionService - Stats: regularQueryInvocationCnt = [0], regularQueryInvocationTime = [0], dynamicQueryCnt = [2] dynamicQueryInvocationCnt = [0], dynamicQueryInvocationTime = [0], alarmQueryInvocationCnt = [0], alarmQueryInvocationTime = [0]
2025-12-19 15:11:29,210 [TB-Scheduling-1] INFO  o.t.s.d.u.AbstractBufferedRateExecutor - [Write] Permits queueSize = [0] totalAdded = [4] totalLaunched = [4] totalReleased = [4] totalFailed = [0] totalExpired = [0] totalRejected = [0] totalRateLimited = [0] totalRateLimitedTenants = [0] currBuffer = [0] 
2025-12-19 15:11:38,093 [http-nio-0.0.0.0-9090-exec-8] INFO  o.t.s.c.plugin.TbWebSocketHandler - [5c6c4190-f64c-11ee-8f58-c9c802dda3de][5cf87c00-f64c-11ee-8f58-c9c802dda3de][ab46154e-7b65-4dc1-bb91-056694b30072] Session is closed
2025-12-19 15:11:38,277 [sql-log-1-thread-1] INFO  o.t.s.dao.sql.TbSqlBlockingQueue - Queue-0 [TS Latest] queueSize [0] totalAdded [4] totalSaved [4] totalFailed [0]
2025-12-19 15:11:38,731 [http-nio-0.0.0.0-9090-exec-6] INFO  o.t.s.c.plugin.TbWebSocketHandler - [5c6c4190-f64c-11ee-8f58-c9c802dda3de][5cf87c00-f64c-11ee-8f58-c9c802dda3de][b3247807-9305-4d3b-8e6a-a6c3584b84db][ddc0a6f0-79f0-3a84-c514-c631990a7043] Session established from address: /172.19.0.1:38064
2025-12-19 15:11:39,135 [TB-Scheduling-4] INFO  o.t.s.s.s.DefaultTbEntityDataSubscriptionService - Stats: regularQueryInvocationCnt = [16], regularQueryInvocationTime = [66], dynamicQueryCnt = [2] dynamicQueryInvocationCnt = [0], dynamicQueryInvocationTime = [0], alarmQueryInvocationCnt = [0], alarmQueryInvocationTime = [0]
2025-12-19 15:11:39,210 [TB-Scheduling-4] INFO  o.t.s.d.u.AbstractBufferedRateExecutor - [Write] Permits queueSize = [0] totalAdded = [4] totalLaunched = [4] totalReleased = [4] totalFailed = [0] totalExpired = [0] totalRejected = [0] totalRateLimited = [0] totalRateLimitedTenants = [0] currBuffer = [0] 
2025-12-19 15:11:48,859 [TB-Scheduling-1] INFO  o.t.s.d.u.AbstractBufferedRateExecutor - [Read] Permits queueSize = [0] totalAdded = [108] totalLaunched = [108] totalReleased = [108] totalFailed = [0] totalExpired = [0] totalRejected = [0] totalRateLimited = [0] totalRateLimitedTenants = [0] currBuffer = [0] 
2025-12-19 15:11:49,136 [TB-Scheduling-2] INFO  o.t.s.s.s.DefaultTbEntityDataSubscriptionService - Stats: regularQueryInvocationCnt = [34], regularQueryInvocationTime = [145], dynamicQueryCnt = [2] dynamicQueryInvocationCnt = [0], dynamicQueryInvocationTime = [0], alarmQueryInvocationCnt = [0], alarmQueryInvocationTime = [0]
2025-12-19 15:11:59,136 [TB-Scheduling-1] INFO  o.t.s.s.s.DefaultTbEntityDataSubscriptionService - Stats: regularQueryInvocationCnt = [0], regularQueryInvocationTime = [0], dynamicQueryCnt = [2] dynamicQueryInvocationCnt = [2], dynamicQueryInvocationTime = [52], alarmQueryInvocationCnt = [0], alarmQueryInvocationTime = [0]
2025-12-19 15:12:08,277 [sql-log-1-thread-1] INFO  o.t.s.dao.sql.TbSqlBlockingQueue - Queue-0 [TS Latest] queueSize [0] totalAdded [7] totalSaved [7] totalFailed [0]
2025-12-19 15:12:08,374 [TB-Scheduling-4] INFO  o.t.s.s.queue.TbCoreConsumerStats - Core Stats: totalMsgs = [2] sessionEvents = [0] getAttr = [0] subToAttr = [0] subToRpc = [0] toDevRpc = [0] subInfo = [0] claimDevice = [0] deviceState = [0] subMsgs = [0] edgeNfs = [2] deviceConnect = [0] deviceActivity = [0] deviceDisconnect = [0] deviceInactivity = [0] coreNfOther = [0] coreNfCompLfcl = [0] coreNfDevRpcRsp = [0] coreNfEdgeUpd = [0] coreNfEdgeSyncReq = [0] coreNfEdgeSyncResp = [0] coreNfNfRlProc = [0] coreNfQueueUpd = [0] coreNfQueueDel = [0] coreNfSubSvc = [0] coreNfSubMgr = [0] coreNfVCRsp = [0] 
2025-12-19 15:12:08,422 [TB-Scheduling-2] INFO  o.t.s.dao.aspect.SqlDaoCallsAspect - Total timing statistics below:
2025-12-19 15:12:08,422 [TB-Scheduling-2] INFO  o.t.s.dao.aspect.SqlDaoCallsAspect - [5c6c4190-f64c-11ee-8f58-c9c802dda3de]: calls: 26, failures: 0, exec time: 79 
2025-12-19 15:12:08,423 [TB-Scheduling-2] INFO  o.t.s.dao.aspect.SqlDaoCallsAspect - [5c6c4190-f64c-11ee-8f58-c9c802dda3de] Top 3 methods by timing:
2025-12-19 15:12:08,423 [TB-Scheduling-2] INFO  o.t.s.dao.aspect.SqlDaoCallsAspect - [5c6c4190-f64c-11ee-8f58-c9c802dda3de]: method: JpaAbstractDao.findById(..), calls: 9, failures: 0, exec time: 21
2025-12-19 15:12:08,423 [TB-Scheduling-2] INFO  o.t.s.dao.aspect.SqlDaoCallsAspect - [5c6c4190-f64c-11ee-8f58-c9c802dda3de]: method: JpaEdgeDao.findEdgesByTenantIdAndEntityId(..), calls: 3, failures: 0, exec time: 11
2025-12-19 15:12:08,423 [TB-Scheduling-2] INFO  o.t.s.dao.aspect.SqlDaoCallsAspect - [5c6c4190-f64c-11ee-8f58-c9c802dda3de]: method: JpaAbstractDao.save(..), calls: 4, failures: 0, exec time: 9
2025-12-19 15:12:08,477 [TB-Scheduling-1] INFO  o.t.s.s.q.TbRuleEngineConsumerStats - [Main] Stats: totalMsgs = [3] successfulMsgs = [3] timeoutMsgs = [0] failedMsgs = [0] tmpTimeout = [0] tmpFailed = [0] successfulIterations = [3] failedIterations = [0] 
2025-12-19 15:12:08,578 [TB-Scheduling-3] INFO  o.t.s.c.t.s.DefaultTransportService - Transport Stats: openConnections [0]
2025-12-19 15:12:09,137 [TB-Scheduling-4] INFO  o.t.s.s.s.DefaultTbEntityDataSubscriptionService - Stats: regularQueryInvocationCnt = [0], regularQueryInvocationTime = [0], dynamicQueryCnt = [2] dynamicQueryInvocationCnt = [0], dynamicQueryInvocationTime = [0], alarmQueryInvocationCnt = [0], alarmQueryInvocationTime = [0]
2025-12-19 15:12:09,211 [TB-Scheduling-1] INFO  o.t.s.d.u.AbstractBufferedRateExecutor - [Write] Permits queueSize = [0] totalAdded = [13] totalLaunched = [13] totalReleased = [13] totalFailed = [0] totalExpired = [0] totalRejected = [0] totalRateLimited = [0] totalRateLimitedTenants = [0] currBuffer = [0] 
2025-12-19 15:12:16,067 [http-nio-0.0.0.0-9090-exec-6] INFO  o.t.s.c.plugin.TbWebSocketHandler - [5c6c4190-f64c-11ee-8f58-c9c802dda3de][5d15c800-f64c-11ee-8f58-c9c802dda3de][b7933631-c4d0-4780-bc01-ef493fbb2d7d][7f73b3a0-1857-e590-184c-c6f9bf1c44e0] Session established from address: /172.19.0.1:54664
2025-12-19 15:12:18,277 [sql-log-1-thread-1] INFO  o.t.s.dao.sql.TbSqlBlockingQueue - Queue-0 [TS Latest] queueSize [0] totalAdded [4] totalSaved [4] totalFailed [0]
2025-12-19 15:12:18,278 [sql-log-1-thread-1] INFO  o.t.s.dao.sql.TbSqlBlockingQueue - Queue-2 [TS Latest] queueSize [0] totalAdded [6] totalSaved [6] totalFailed [0]
2025-12-19 15:12:19,137 [TB-Scheduling-2] INFO  o.t.s.s.s.DefaultTbEntityDataSubscriptionService - Stats: regularQueryInvocationCnt = [3], regularQueryInvocationTime = [4], dynamicQueryCnt = [8] dynamicQueryInvocationCnt = [0], dynamicQueryInvocationTime = [0], alarmQueryInvocationCnt = [3], alarmQueryInvocationTime = [8]
2025-12-19 15:12:19,211 [TB-Scheduling-4] INFO  o.t.s.d.u.AbstractBufferedRateExecutor - [Write] Permits queueSize = [0] totalAdded = [4] totalLaunched = [4] totalReleased = [4] totalFailed = [0] totalExpired = [0] totalRejected = [0] totalRateLimited = [0] totalRateLimitedTenants = [0] currBuffer = [0] 
2025-12-19 15:12:29,138 [TB-Scheduling-1] INFO  o.t.s.s.s.DefaultTbEntityDataSubscriptionService - Stats: regularQueryInvocationCnt = [0], regularQueryInvocationTime = [0], dynamicQueryCnt = [2] dynamicQueryInvocationCnt = [0], dynamicQueryInvocationTime = [0], alarmQueryInvocationCnt = [0], alarmQueryInvocationTime = [0]
2025-12-19 15:12:39,138 [TB-Scheduling-3] INFO  o.t.s.s.s.DefaultTbEntityDataSubscriptionService - Stats: regularQueryInvocationCnt = [0], regularQueryInvocationTime = [0], dynamicQueryCnt = [2] dynamicQueryInvocationCnt = [0], dynamicQueryInvocationTime = [0], alarmQueryInvocationCnt = [0], alarmQueryInvocationTime = [0]
2025-12-19 15:12:47,288 [http-nio-0.0.0.0-9090-exec-4] INFO  o.t.s.c.plugin.TbWebSocketHandler - [5c6c4190-f64c-11ee-8f58-c9c802dda3de][5d15c800-f64c-11ee-8f58-c9c802dda3de][b7933631-c4d0-4780-bc01-ef493fbb2d7d] Session is closed
2025-12-19 15:12:47,767 [http-nio-0.0.0.0-9090-exec-4] INFO  o.t.s.c.plugin.TbWebSocketHandler - [5c6c4190-f64c-11ee-8f58-c9c802dda3de][5d15c800-f64c-11ee-8f58-c9c802dda3de][c94dd657-91b0-43ea-921a-a87d89eca44f][fe9cd481-aa6e-beb9-fe87-c89a53f39063] Session established from address: /172.19.0.1:54850
2025-12-19 15:12:48,277 [sql-log-1-thread-1] INFO  o.t.s.dao.sql.TbSqlBlockingQueue - Queue-0 [TS Latest] queueSize [0] totalAdded [4] totalSaved [4] totalFailed [0]
2025-12-19 15:12:49,139 [TB-Scheduling-1] INFO  o.t.s.s.s.DefaultTbEntityDataSubscriptionService - Stats: regularQueryInvocationCnt = [6], regularQueryInvocationTime = [9], dynamicQueryCnt = [8] dynamicQueryInvocationCnt = [0], dynamicQueryInvocationTime = [0], alarmQueryInvocationCnt = [6], alarmQueryInvocationTime = [13]
2025-12-19 15:12:49,212 [TB-Scheduling-3] INFO  o.t.s.d.u.AbstractBufferedRateExecutor - [Write] Permits queueSize = [0] totalAdded = [4] totalLaunched = [4] totalReleased = [4] totalFailed = [0] totalExpired = [0] totalRejected = [0] totalRateLimited = [0] totalRateLimitedTenants = [0] currBuffer = [0] 
2025-12-19 15:12:58,861 [TB-Scheduling-4] INFO  o.t.s.d.u.AbstractBufferedRateExecutor - [Read] Permits queueSize = [0] totalAdded = [54] totalLaunched = [54] totalReleased = [54] totalFailed = [0] totalExpired = [0] totalRejected = [0] totalRateLimited = [0] totalRateLimitedTenants = [0] currBuffer = [0] 
2025-12-19 15:12:59,139 [TB-Scheduling-2] INFO  o.t.s.s.s.DefaultTbEntityDataSubscriptionService - Stats: regularQueryInvocationCnt = [38], regularQueryInvocationTime = [158], dynamicQueryCnt = [2] dynamicQueryInvocationCnt = [2], dynamicQueryInvocationTime = [41], alarmQueryInvocationCnt = [0], alarmQueryInvocationTime = [0]
2025-12-19 15:13:08,277 [sql-log-1-thread-1] INFO  o.t.s.dao.sql.TbSqlBlockingQueue - Queue-0 [TS Latest] queueSize [0] totalAdded [7] totalSaved [7] totalFailed [0]
2025-12-19 15:13:08,375 [TB-Scheduling-1] INFO  o.t.s.s.queue.TbCoreConsumerStats - Core Stats: totalMsgs = [1] sessionEvents = [0] getAttr = [0] subToAttr = [0] subToRpc = [0] toDevRpc = [0] subInfo = [0] claimDevice = [0] deviceState = [0] subMsgs = [0] edgeNfs = [1] deviceConnect = [0] deviceActivity = [0] deviceDisconnect = [0] deviceInactivity = [0] coreNfOther = [0] coreNfCompLfcl = [0] coreNfDevRpcRsp = [0] coreNfEdgeUpd = [0] coreNfEdgeSyncReq = [0] coreNfEdgeSyncResp = [0] coreNfNfRlProc = [0] coreNfQueueUpd = [0] coreNfQueueDel = [0] coreNfSubSvc = [0] coreNfSubMgr = [0] coreNfVCRsp = [0] 
2025-12-19 15:13:08,423 [TB-Scheduling-4] INFO  o.t.s.dao.aspect.SqlDaoCallsAspect - Total timing statistics below:
2025-12-19 15:13:08,423 [TB-Scheduling-4] INFO  o.t.s.dao.aspect.SqlDaoCallsAspect - [5c6c4190-f64c-11ee-8f58-c9c802dda3de]: calls: 60, failures: 0, exec time: 158 
2025-12-19 15:13:08,424 [TB-Scheduling-4] INFO  o.t.s.dao.aspect.SqlDaoCallsAspect - [5c6c4190-f64c-11ee-8f58-c9c802dda3de] Top 3 methods by timing:
2025-12-19 15:13:08,424 [TB-Scheduling-4] INFO  o.t.s.dao.aspect.SqlDaoCallsAspect - [5c6c4190-f64c-11ee-8f58-c9c802dda3de]: method: JpaAbstractDao.findById(..), calls: 25, failures: 0, exec time: 49
2025-12-19 15:13:08,424 [TB-Scheduling-4] INFO  o.t.s.dao.aspect.SqlDaoCallsAspect - [5c6c4190-f64c-11ee-8f58-c9c802dda3de]: method: JpaDashboardInfoDao.findDashboardsByTenantIdAndCustomerId(..), calls: 3, failures: 0, exec time: 25
2025-12-19 15:13:08,425 [TB-Scheduling-4] INFO  o.t.s.dao.aspect.SqlDaoCallsAspect - [5c6c4190-f64c-11ee-8f58-c9c802dda3de]: method: JpaAlarmDao.countAlarmsByQuery(..), calls: 9, failures: 0, exec time: 20
2025-12-19 15:13:08,479 [TB-Scheduling-2] INFO  o.t.s.s.q.TbRuleEngineConsumerStats - [Main] Stats: totalMsgs = [1] successfulMsgs = [1] timeoutMsgs = [0] failedMsgs = [0] tmpTimeout = [0] tmpFailed = [0] successfulIterations = [1] failedIterations = [0] 
2025-12-19 15:13:08,578 [TB-Scheduling-3] INFO  o.t.s.c.t.s.DefaultTransportService - Transport Stats: openConnections [0]
2025-12-19 15:13:09,140 [TB-Scheduling-1] INFO  o.t.s.s.s.DefaultTbEntityDataSubscriptionService - Stats: regularQueryInvocationCnt = [0], regularQueryInvocationTime = [0], dynamicQueryCnt = [2] dynamicQueryInvocationCnt = [0], dynamicQueryInvocationTime = [0], alarmQueryInvocationCnt = [0], alarmQueryInvocationTime = [0]
2025-12-19 15:13:09,212 [TB-Scheduling-2] INFO  o.t.s.d.u.AbstractBufferedRateExecutor - [Write] Permits queueSize = [0] totalAdded = [13] totalLaunched = [13] totalReleased = [13] totalFailed = [0] totalExpired = [0] totalRejected = [0] totalRateLimited = [0] totalRateLimitedTenants = [0] currBuffer = [0] 
2025-12-19 15:13:18,277 [sql-log-1-thread-1] INFO  o.t.s.dao.sql.TbSqlBlockingQueue - Queue-0 [TS Latest] queueSize [0] totalAdded [4] totalSaved [4] totalFailed [0]
2025-12-19 15:13:18,278 [sql-log-1-thread-1] INFO  o.t.s.dao.sql.TbSqlBlockingQueue - Queue-2 [TS Latest] queueSize [0] totalAdded [6] totalSaved [6] totalFailed [0]
2025-12-19 15:13:19,140 [TB-Scheduling-3] INFO  o.t.s.s.s.DefaultTbEntityDataSubscriptionService - Stats: regularQueryInvocationCnt = [0], regularQueryInvocationTime = [0], dynamicQueryCnt = [2] dynamicQueryInvocationCnt = [0], dynamicQueryInvocationTime = [0], alarmQueryInvocationCnt = [0], alarmQueryInvocationTime = [0]
2025-12-19 15:13:19,213 [TB-Scheduling-1] INFO  o.t.s.d.u.AbstractBufferedRateExecutor - [Write] Permits queueSize = [0] totalAdded = [4] totalLaunched = [4] totalReleased = [4] totalFailed = [0] totalExpired = [0] totalRejected = [0] totalRateLimited = [0] totalRateLimitedTenants = [0] currBuffer = [0] 
2025-12-19 15:13:29,141 [TB-Scheduling-2] INFO  o.t.s.s.s.DefaultTbEntityDataSubscriptionService - Stats: regularQueryInvocationCnt = [0], regularQueryInvocationTime = [0], dynamicQueryCnt = [2] dynamicQueryInvocationCnt = [0], dynamicQueryInvocationTime = [0], alarmQueryInvocationCnt = [0], alarmQueryInvocationTime = [0]
2025-12-19 15:13:39,141 [TB-Scheduling-1] INFO  o.t.s.s.s.DefaultTbEntityDataSubscriptionService - Stats: regularQueryInvocationCnt = [26], regularQueryInvocationTime = [135], dynamicQueryCnt = [2] dynamicQueryInvocationCnt = [0], dynamicQueryInvocationTime = [0], alarmQueryInvocationCnt = [0], alarmQueryInvocationTime = [0]
2025-12-19 15:13:49,142 [TB-Scheduling-2] INFO  o.t.s.s.s.DefaultTbEntityDataSubscriptionService - Stats: regularQueryInvocationCnt = [0], regularQueryInvocationTime = [0], dynamicQueryCnt = [2] dynamicQueryInvocationCnt = [0], dynamicQueryInvocationTime = [0], alarmQueryInvocationCnt = [0], alarmQueryInvocationTime = [0]
2025-12-19 15:13:59,142 [TB-Scheduling-4] INFO  o.t.s.s.s.DefaultTbEntityDataSubscriptionService - Stats: regularQueryInvocationCnt = [0], regularQueryInvocationTime = [0], dynamicQueryCnt = [2] dynamicQueryInvocationCnt = [2], dynamicQueryInvocationTime = [39], alarmQueryInvocationCnt = [0], alarmQueryInvocationTime = [0]
2025-12-19 15:14:08,277 [sql-log-1-thread-1] INFO  o.t.s.dao.sql.TbSqlBlockingQueue - Queue-0 [TS Latest] queueSize [0] totalAdded [7] totalSaved [7] totalFailed [0]
2025-12-19 15:14:08,425 [TB-Scheduling-2] INFO  o.t.s.dao.aspect.SqlDaoCallsAspect - Total timing statistics below:
2025-12-19 15:14:08,426 [TB-Scheduling-2] INFO  o.t.s.dao.aspect.SqlDaoCallsAspect - [5c6c4190-f64c-11ee-8f58-c9c802dda3de]: calls: 7, failures: 0, exec time: 31 
2025-12-19 15:14:08,426 [TB-Scheduling-2] INFO  o.t.s.dao.aspect.SqlDaoCallsAspect - [5c6c4190-f64c-11ee-8f58-c9c802dda3de] Top 3 methods by timing:
2025-12-19 15:14:08,426 [TB-Scheduling-2] INFO  o.t.s.dao.aspect.SqlDaoCallsAspect - [5c6c4190-f64c-11ee-8f58-c9c802dda3de]: method: JpaAbstractDao.findById(..), calls: 3, failures: 0, exec time: 9
2025-12-19 15:14:08,426 [TB-Scheduling-2] INFO  o.t.s.dao.aspect.SqlDaoCallsAspect - [5c6c4190-f64c-11ee-8f58-c9c802dda3de]: method: JpaUserSettingsDao.save(..), calls: 1, failures: 0, exec time: 9
2025-12-19 15:14:08,426 [TB-Scheduling-2] INFO  o.t.s.dao.aspect.SqlDaoCallsAspect - [5c6c4190-f64c-11ee-8f58-c9c802dda3de]: method: JpaDashboardInfoDao.findDashboardsByTenantId(..), calls: 2, failures: 0, exec time: 7
2025-12-19 15:14:08,579 [TB-Scheduling-4] INFO  o.t.s.c.t.s.DefaultTransportService - Transport Stats: openConnections [0]
2025-12-19 15:14:09,143 [TB-Scheduling-1] INFO  o.t.s.s.s.DefaultTbEntityDataSubscriptionService - Stats: regularQueryInvocationCnt = [0], regularQueryInvocationTime = [0], dynamicQueryCnt = [2] dynamicQueryInvocationCnt = [0], dynamicQueryInvocationTime = [0], alarmQueryInvocationCnt = [0], alarmQueryInvocationTime = [0]
2025-12-19 15:14:09,214 [TB-Scheduling-3] INFO  o.t.s.d.u.AbstractBufferedRateExecutor - [Write] Permits queueSize = [0] totalAdded = [7] totalLaunched = [7] totalReleased = [7] totalFailed = [0] totalExpired = [0] totalRejected = [0] totalRateLimited = [0] totalRateLimitedTenants = [0] currBuffer = [0] 
2025-12-19 15:14:18,277 [sql-log-1-thread-1] INFO  o.t.s.dao.sql.TbSqlBlockingQueue - Queue-0 [TS Latest] queueSize [0] totalAdded [4] totalSaved [4] totalFailed [0]
2025-12-19 15:14:19,143 [TB-Scheduling-2] INFO  o.t.s.s.s.DefaultTbEntityDataSubscriptionService - Stats: regularQueryInvocationCnt = [0], regularQueryInvocationTime = [0], dynamicQueryCnt = [2] dynamicQueryInvocationCnt = [0], dynamicQueryInvocationTime = [0], alarmQueryInvocationCnt = [0], alarmQueryInvocationTime = [0]
2025-12-19 15:14:19,214 [TB-Scheduling-1] INFO  o.t.s.d.u.AbstractBufferedRateExecutor - [Write] Permits queueSize = [0] totalAdded = [4] totalLaunched = [4] totalReleased = [4] totalFailed = [0] totalExpired = [0] totalRejected = [0] totalRateLimited = [0] totalRateLimitedTenants = [0] currBuffer = [0] 
2025-12-19 15:14:28,277 [sql-log-1-thread-1] INFO  o.t.s.dao.sql.TbSqlBlockingQueue - Queue-0 [TS Latest] queueSize [0] totalAdded [4] totalSaved [4] totalFailed [0]
2025-12-19 15:14:29,144 [TB-Scheduling-4] INFO  o.t.s.s.s.DefaultTbEntityDataSubscriptionService - Stats: regularQueryInvocationCnt = [0], regularQueryInvocationTime = [0], dynamicQueryCnt = [2] dynamicQueryInvocationCnt = [0], dynamicQueryInvocationTime = [0], alarmQueryInvocationCnt = [0], alarmQueryInvocationTime = [0]
2025-12-19 15:14:29,215 [TB-Scheduling-2] INFO  o.t.s.d.u.AbstractBufferedRateExecutor - [Write] Permits queueSize = [0] totalAdded = [4] totalLaunched = [4] totalReleased = [4] totalFailed = [0] totalExpired = [0] totalRejected = [0] totalRateLimited = [0] totalRateLimitedTenants = [0] currBuffer = [0] 
2025-12-19 15:14:38,277 [sql-log-1-thread-1] INFO  o.t.s.dao.sql.TbSqlBlockingQueue - Queue-0 [TS Latest] queueSize [0] totalAdded [4] totalSaved [4] totalFailed [0]
2025-12-19 15:14:39,144 [TB-Scheduling-3] INFO  o.t.s.s.s.DefaultTbEntityDataSubscriptionService - Stats: regularQueryInvocationCnt = [0], regularQueryInvocationTime = [0], dynamicQueryCnt = [2] dynamicQueryInvocationCnt = [0], dynamicQueryInvocationTime = [0], alarmQueryInvocationCnt = [0], alarmQueryInvocationTime = [0]
2025-12-19 15:14:39,215 [TB-Scheduling-4] INFO  o.t.s.d.u.AbstractBufferedRateExecutor - [Write] Permits queueSize = [0] totalAdded = [4] totalLaunched = [4] totalReleased = [4] totalFailed = [0] totalExpired = [0] totalRejected = [0] totalRateLimited = [0] totalRateLimitedTenants = [0] currBuffer = [0] 
2025-12-19 15:14:49,145 [TB-Scheduling-1] INFO  o.t.s.s.s.DefaultTbEntityDataSubscriptionService - Stats: regularQueryInvocationCnt = [26], regularQueryInvocationTime = [59], dynamicQueryCnt = [2] dynamicQueryInvocationCnt = [0], dynamicQueryInvocationTime = [0], alarmQueryInvocationCnt = [0], alarmQueryInvocationTime = [0]
2025-12-19 15:14:58,277 [sql-log-1-thread-1] INFO  o.t.s.dao.sql.TbSqlBlockingQueue - Queue-0 [TS Latest] queueSize [0] totalAdded [4] totalSaved [4] totalFailed [0]
2025-12-19 15:14:59,145 [TB-Scheduling-3] INFO  o.t.s.s.s.DefaultTbEntityDataSubscriptionService - Stats: regularQueryInvocationCnt = [0], regularQueryInvocationTime = [0], dynamicQueryCnt = [2] dynamicQueryInvocationCnt = [2], dynamicQueryInvocationTime = [34], alarmQueryInvocationCnt = [0], alarmQueryInvocationTime = [0]
2025-12-19 15:14:59,216 [TB-Scheduling-1] INFO  o.t.s.d.u.AbstractBufferedRateExecutor - [Write] Permits queueSize = [0] totalAdded = [4] totalLaunched = [4] totalReleased = [4] totalFailed = [0] totalExpired = [0] totalRejected = [0] totalRateLimited = [0] totalRateLimitedTenants = [0] currBuffer = [0] 
2025-12-19 15:15:08,277 [sql-log-1-thread-1] INFO  o.t.s.dao.sql.TbSqlBlockingQueue - Queue-0 [TS Latest] queueSize [0] totalAdded [7] totalSaved [7] totalFailed [0]
2025-12-19 15:15:08,375 [TB-Scheduling-4] INFO  o.t.s.s.queue.TbCoreConsumerStats - Core Stats: totalMsgs = [4] sessionEvents = [0] getAttr = [0] subToAttr = [0] subToRpc = [0] toDevRpc = [0] subInfo = [0] claimDevice = [0] deviceState = [0] subMsgs = [0] edgeNfs = [4] deviceConnect = [0] deviceActivity = [0] deviceDisconnect = [0] deviceInactivity = [0] coreNfOther = [0] coreNfCompLfcl = [0] coreNfDevRpcRsp = [0] coreNfEdgeUpd = [0] coreNfEdgeSyncReq = [0] coreNfEdgeSyncResp = [0] coreNfNfRlProc = [0] coreNfQueueUpd = [0] coreNfQueueDel = [0] coreNfSubSvc = [0] coreNfSubMgr = [0] coreNfVCRsp = [0] 
2025-12-19 15:15:08,426 [TB-Scheduling-2] INFO  o.t.s.dao.aspect.SqlDaoCallsAspect - Total timing statistics below:
2025-12-19 15:15:08,427 [TB-Scheduling-2] INFO  o.t.s.dao.aspect.SqlDaoCallsAspect - [5c6c4190-f64c-11ee-8f58-c9c802dda3de]: calls: 40, failures: 0, exec time: 151 
2025-12-19 15:15:08,427 [TB-Scheduling-2] INFO  o.t.s.dao.aspect.SqlDaoCallsAspect - [5c6c4190-f64c-11ee-8f58-c9c802dda3de] Top 3 methods by timing:
2025-12-19 15:15:08,427 [TB-Scheduling-2] INFO  o.t.s.dao.aspect.SqlDaoCallsAspect - [5c6c4190-f64c-11ee-8f58-c9c802dda3de]: method: JpaAbstractDao.findById(..), calls: 16, failures: 0, exec time: 49
2025-12-19 15:15:08,427 [TB-Scheduling-2] INFO  o.t.s.dao.aspect.SqlDaoCallsAspect - [5c6c4190-f64c-11ee-8f58-c9c802dda3de]: method: JpaRelationDao.deleteRelation(..), calls: 1, failures: 0, exec time: 40
2025-12-19 15:15:08,427 [TB-Scheduling-2] INFO  o.t.s.dao.aspect.SqlDaoCallsAspect - [5c6c4190-f64c-11ee-8f58-c9c802dda3de]: method: JpaAbstractDao.save(..), calls: 8, failures: 0, exec time: 24
2025-12-19 15:15:08,480 [TB-Scheduling-3] INFO  o.t.s.s.q.TbRuleEngineConsumerStats - [Main] Stats: totalMsgs = [4] successfulMsgs = [4] timeoutMsgs = [0] failedMsgs = [0] tmpTimeout = [0] tmpFailed = [0] successfulIterations = [4] failedIterations = [0] 
2025-12-19 15:15:08,579 [TB-Scheduling-1] INFO  o.t.s.c.t.s.DefaultTransportService - Transport Stats: openConnections [0]
2025-12-19 15:15:09,146 [TB-Scheduling-4] INFO  o.t.s.s.s.DefaultTbEntityDataSubscriptionService - Stats: regularQueryInvocationCnt = [0], regularQueryInvocationTime = [0], dynamicQueryCnt = [2] dynamicQueryInvocationCnt = [0], dynamicQueryInvocationTime = [0], alarmQueryInvocationCnt = [0], alarmQueryInvocationTime = [0]
2025-12-19 15:15:09,216 [TB-Scheduling-3] INFO  o.t.s.d.u.AbstractBufferedRateExecutor - [Write] Permits queueSize = [0] totalAdded = [13] totalLaunched = [13] totalReleased = [13] totalFailed = [0] totalExpired = [0] totalRejected = [0] totalRateLimited = [0] totalRateLimitedTenants = [0] currBuffer = [0] 
2025-12-19 15:15:18,277 [sql-log-1-thread-1] INFO  o.t.s.dao.sql.TbSqlBlockingQueue - Queue-0 [TS Latest] queueSize [0] totalAdded [4] totalSaved [4] totalFailed [0]
2025-12-19 15:15:18,278 [sql-log-1-thread-1] INFO  o.t.s.dao.sql.TbSqlBlockingQueue - Queue-2 [TS Latest] queueSize [0] totalAdded [6] totalSaved [6] totalFailed [0]
2025-12-19 15:15:19,146 [TB-Scheduling-2] INFO  o.t.s.s.s.DefaultTbEntityDataSubscriptionService - Stats: regularQueryInvocationCnt = [0], regularQueryInvocationTime = [0], dynamicQueryCnt = [2] dynamicQueryInvocationCnt = [0], dynamicQueryInvocationTime = [0], alarmQueryInvocationCnt = [0], alarmQueryInvocationTime = [0]
2025-12-19 15:15:19,217 [TB-Scheduling-4] INFO  o.t.s.d.u.AbstractBufferedRateExecutor - [Write] Permits queueSize = [0] totalAdded = [4] totalLaunched = [4] totalReleased = [4] totalFailed = [0] totalExpired = [0] totalRejected = [0] totalRateLimited = [0] totalRateLimitedTenants = [0] currBuffer = [0] 
2025-12-19 15:15:28,277 [sql-log-1-thread-1] INFO  o.t.s.dao.sql.TbSqlBlockingQueue - Queue-0 [TS Latest] queueSize [0] totalAdded [4] totalSaved [4] totalFailed [0]
2025-12-19 15:15:29,121 [http-nio-0.0.0.0-9090-exec-10] INFO  o.t.s.c.plugin.TbWebSocketHandler - [5c6c4190-f64c-11ee-8f58-c9c802dda3de][5d15c800-f64c-11ee-8f58-c9c802dda3de][c94dd657-91b0-43ea-921a-a87d89eca44f] Session is closed
2025-12-19 15:15:29,147 [TB-Scheduling-3] INFO  o.t.s.s.s.DefaultTbEntityDataSubscriptionService - Stats: regularQueryInvocationCnt = [0], regularQueryInvocationTime = [0], dynamicQueryCnt = [2] dynamicQueryInvocationCnt = [0], dynamicQueryInvocationTime = [0], alarmQueryInvocationCnt = [0], alarmQueryInvocationTime = [0]
2025-12-19 15:15:29,217 [TB-Scheduling-2] INFO  o.t.s.d.u.AbstractBufferedRateExecutor - [Write] Permits queueSize = [0] totalAdded = [4] totalLaunched = [4] totalReleased = [4] totalFailed = [0] totalExpired = [0] totalRejected = [0] totalRateLimited = [0] totalRateLimitedTenants = [0] currBuffer = [0] 
2025-12-19 15:15:33,655 [http-nio-0.0.0.0-9090-exec-10] INFO  o.t.s.c.plugin.TbWebSocketHandler - [5c6c4190-f64c-11ee-8f58-c9c802dda3de][5d15c800-f64c-11ee-8f58-c9c802dda3de][dfb36728-a060-4730-9635-94dbad61c458][dfc3dd8e-8fe2-ef87-5d92-c1480820f372] Session established from address: /172.19.0.1:43688
2025-12-19 15:15:39,148 [TB-Scheduling-1] INFO  o.t.s.s.s.DefaultTbEntityDataSubscriptionService - Stats: regularQueryInvocationCnt = [3], regularQueryInvocationTime = [4], dynamicQueryCnt = [8] dynamicQueryInvocationCnt = [0], dynamicQueryInvocationTime = [0], alarmQueryInvocationCnt = [3], alarmQueryInvocationTime = [8]
2025-12-19 15:15:49,149 [TB-Scheduling-2] INFO  o.t.s.s.s.DefaultTbEntityDataSubscriptionService - Stats: regularQueryInvocationCnt = [0], regularQueryInvocationTime = [0], dynamicQueryCnt = [8] dynamicQueryInvocationCnt = [0], dynamicQueryInvocationTime = [0], alarmQueryInvocationCnt = [0], alarmQueryInvocationTime = [0]
2025-12-19 15:15:59,149 [TB-Scheduling-3] INFO  o.t.s.s.s.DefaultTbEntityDataSubscriptionService - Stats: regularQueryInvocationCnt = [0], regularQueryInvocationTime = [0], dynamicQueryCnt = [8] dynamicQueryInvocationCnt = [2], dynamicQueryInvocationTime = [34], alarmQueryInvocationCnt = [0], alarmQueryInvocationTime = [0]
2025-12-19 15:16:08,277 [sql-log-1-thread-1] INFO  o.t.s.dao.sql.TbSqlBlockingQueue - Queue-0 [TS Latest] queueSize [0] totalAdded [7] totalSaved [7] totalFailed [0]
2025-12-19 15:16:08,376 [TB-Scheduling-2] INFO  o.t.s.s.queue.TbCoreConsumerStats - Core Stats: totalMsgs = [1] sessionEvents = [0] getAttr = [0] subToAttr = [0] subToRpc = [0] toDevRpc = [0] subInfo = [0] claimDevice = [0] deviceState = [0] subMsgs = [0] edgeNfs = [1] deviceConnect = [0] deviceActivity = [0] deviceDisconnect = [0] deviceInactivity = [0] coreNfOther = [0] coreNfCompLfcl = [0] coreNfDevRpcRsp = [0] coreNfEdgeUpd = [0] coreNfEdgeSyncReq = [0] coreNfEdgeSyncResp = [0] coreNfNfRlProc = [0] coreNfQueueUpd = [0] coreNfQueueDel = [0] coreNfSubSvc = [0] coreNfSubMgr = [0] coreNfVCRsp = [0] 
2025-12-19 15:16:08,428 [TB-Scheduling-4] INFO  o.t.s.dao.aspect.SqlDaoCallsAspect - Total timing statistics below:
2025-12-19 15:16:08,428 [TB-Scheduling-4] INFO  o.t.s.dao.aspect.SqlDaoCallsAspect - [5c6c4190-f64c-11ee-8f58-c9c802dda3de]: calls: 30, failures: 0, exec time: 82 
2025-12-19 15:16:08,428 [TB-Scheduling-4] INFO  o.t.s.dao.aspect.SqlDaoCallsAspect - [5c6c4190-f64c-11ee-8f58-c9c802dda3de] Top 3 methods by timing:
2025-12-19 15:16:08,428 [TB-Scheduling-4] INFO  o.t.s.dao.aspect.SqlDaoCallsAspect - [5c6c4190-f64c-11ee-8f58-c9c802dda3de]: method: JpaAbstractDao.findById(..), calls: 11, failures: 0, exec time: 26
2025-12-19 15:16:08,429 [TB-Scheduling-4] INFO  o.t.s.dao.aspect.SqlDaoCallsAspect - [5c6c4190-f64c-11ee-8f58-c9c802dda3de]: method: JpaUserSettingsDao.save(..), calls: 2, failures: 0, exec time: 12
2025-12-19 15:16:08,429 [TB-Scheduling-4] INFO  o.t.s.dao.aspect.SqlDaoCallsAspect - [5c6c4190-f64c-11ee-8f58-c9c802dda3de]: method: JpaAbstractDao.save(..), calls: 2, failures: 0, exec time: 8
2025-12-19 15:16:08,482 [TB-Scheduling-3] INFO  o.t.s.s.q.TbRuleEngineConsumerStats - [Main] Stats: totalMsgs = [1] successfulMsgs = [1] timeoutMsgs = [0] failedMsgs = [0] tmpTimeout = [0] tmpFailed = [0] successfulIterations = [1] failedIterations = [0] 
2025-12-19 15:16:08,579 [TB-Scheduling-1] INFO  o.t.s.c.t.s.DefaultTransportService - Transport Stats: openConnections [0]
2025-12-19 15:16:09,151 [TB-Scheduling-2] INFO  o.t.s.s.s.DefaultTbEntityDataSubscriptionService - Stats: regularQueryInvocationCnt = [0], regularQueryInvocationTime = [0], dynamicQueryCnt = [8] dynamicQueryInvocationCnt = [0], dynamicQueryInvocationTime = [0], alarmQueryInvocationCnt = [0], alarmQueryInvocationTime = [0]
2025-12-19 15:16:09,218 [TB-Scheduling-3] INFO  o.t.s.d.u.AbstractBufferedRateExecutor - [Write] Permits queueSize = [0] totalAdded = [13] totalLaunched = [13] totalReleased = [13] totalFailed = [0] totalExpired = [0] totalRejected = [0] totalRateLimited = [0] totalRateLimitedTenants = [0] currBuffer = [0] 
2025-12-19 15:16:18,277 [sql-log-1-thread-1] INFO  o.t.s.dao.sql.TbSqlBlockingQueue - Queue-0 [TS Latest] queueSize [0] totalAdded [4] totalSaved [4] totalFailed [0]
2025-12-19 15:16:18,278 [sql-log-1-thread-1] INFO  o.t.s.dao.sql.TbSqlBlockingQueue - Queue-2 [TS Latest] queueSize [0] totalAdded [6] totalSaved [6] totalFailed [0]
2025-12-19 15:16:19,151 [TB-Scheduling-1] INFO  o.t.s.s.s.DefaultTbEntityDataSubscriptionService - Stats: regularQueryInvocationCnt = [9], regularQueryInvocationTime = [14], dynamicQueryCnt = [8] dynamicQueryInvocationCnt = [0], dynamicQueryInvocationTime = [0], alarmQueryInvocationCnt = [0], alarmQueryInvocationTime = [0]
2025-12-19 15:16:19,219 [TB-Scheduling-2] INFO  o.t.s.d.u.AbstractBufferedRateExecutor - [Write] Permits queueSize = [0] totalAdded = [4] totalLaunched = [4] totalReleased = [4] totalFailed = [0] totalExpired = [0] totalRejected = [0] totalRateLimited = [0] totalRateLimitedTenants = [0] currBuffer = [0] 
2025-12-19 15:16:28,277 [sql-log-1-thread-1] INFO  o.t.s.dao.sql.TbSqlBlockingQueue - Queue-0 [TS Latest] queueSize [0] totalAdded [4] totalSaved [4] totalFailed [0]
2025-12-19 15:16:29,151 [TB-Scheduling-3] INFO  o.t.s.s.s.DefaultTbEntityDataSubscriptionService - Stats: regularQueryInvocationCnt = [0], regularQueryInvocationTime = [0], dynamicQueryCnt = [8] dynamicQueryInvocationCnt = [0], dynamicQueryInvocationTime = [0], alarmQueryInvocationCnt = [0], alarmQueryInvocationTime = [0]
2025-12-19 15:16:29,219 [TB-Scheduling-1] INFO  o.t.s.d.u.AbstractBufferedRateExecutor - [Write] Permits queueSize = [0] totalAdded = [4] totalLaunched = [4] totalReleased = [4] totalFailed = [0] totalExpired = [0] totalRejected = [0] totalRateLimited = [0] totalRateLimitedTenants = [0] currBuffer = [0] 
2025-12-19 15:16:38,277 [sql-log-1-thread-1] INFO  o.t.s.dao.sql.TbSqlBlockingQueue - Queue-0 [TS Latest] queueSize [0] totalAdded [4] totalSaved [4] totalFailed [0]
2025-12-19 15:16:39,152 [TB-Scheduling-4] INFO  o.t.s.s.s.DefaultTbEntityDataSubscriptionService - Stats: regularQueryInvocationCnt = [0], regularQueryInvocationTime = [0], dynamicQueryCnt = [8] dynamicQueryInvocationCnt = [6], dynamicQueryInvocationTime = [10], alarmQueryInvocationCnt = [0], alarmQueryInvocationTime = [0]
2025-12-19 15:16:39,220 [TB-Scheduling-3] INFO  o.t.s.d.u.AbstractBufferedRateExecutor - [Write] Permits queueSize = [0] totalAdded = [4] totalLaunched = [4] totalReleased = [4] totalFailed = [0] totalExpired = [0] totalRejected = [0] totalRateLimited = [0] totalRateLimitedTenants = [0] currBuffer = [0] 
2025-12-19 15:16:48,277 [sql-log-1-thread-1] INFO  o.t.s.dao.sql.TbSqlBlockingQueue - Queue-0 [TS Latest] queueSize [0] totalAdded [4] totalSaved [4] totalFailed [0]
2025-12-19 15:16:48,675 [subscription-scheduler-22-thread-1] INFO  o.t.s.s.s.DefaultSubscriptionManagerService - Removed -3 old entity update records.
2025-12-19 15:16:49,152 [TB-Scheduling-1] INFO  o.t.s.s.s.DefaultTbEntityDataSubscriptionService - Stats: regularQueryInvocationCnt = [26], regularQueryInvocationTime = [42], dynamicQueryCnt = [8] dynamicQueryInvocationCnt = [0], dynamicQueryInvocationTime = [0], alarmQueryInvocationCnt = [0], alarmQueryInvocationTime = [0]
2025-12-19 15:16:49,220 [TB-Scheduling-4] INFO  o.t.s.d.u.AbstractBufferedRateExecutor - [Write] Permits queueSize = [0] totalAdded = [4] totalLaunched = [4] totalReleased = [4] totalFailed = [0] totalExpired = [0] totalRejected = [0] totalRateLimited = [0] totalRateLimitedTenants = [0] currBuffer = [0] 
2025-12-19 15:16:58,277 [sql-log-1-thread-1] INFO  o.t.s.dao.sql.TbSqlBlockingQueue - Queue-0 [TS Latest] queueSize [0] totalAdded [4] totalSaved [4] totalFailed [0]
2025-12-19 15:16:59,153 [TB-Scheduling-2] INFO  o.t.s.s.s.DefaultTbEntityDataSubscriptionService - Stats: regularQueryInvocationCnt = [0], regularQueryInvocationTime = [0], dynamicQueryCnt = [8] dynamicQueryInvocationCnt = [2], dynamicQueryInvocationTime = [28], alarmQueryInvocationCnt = [0], alarmQueryInvocationTime = [0]
2025-12-19 15:16:59,221 [TB-Scheduling-1] INFO  o.t.s.d.u.AbstractBufferedRateExecutor - [Write] Permits queueSize = [0] totalAdded = [4] totalLaunched = [4] totalReleased = [4] totalFailed = [0] totalExpired = [0] totalRejected = [0] totalRateLimited = [0] totalRateLimitedTenants = [0] currBuffer = [0] 
2025-12-19 15:17:08,277 [sql-log-1-thread-1] INFO  o.t.s.dao.sql.TbSqlBlockingQueue - Queue-0 [TS Latest] queueSize [0] totalAdded [7] totalSaved [7] totalFailed [0]
2025-12-19 15:17:08,377 [TB-Scheduling-4] INFO  o.t.s.s.queue.TbCoreConsumerStats - Core Stats: totalMsgs = [4] sessionEvents = [0] getAttr = [0] subToAttr = [0] subToRpc = [0] toDevRpc = [0] subInfo = [0] claimDevice = [0] deviceState = [0] subMsgs = [0] edgeNfs = [4] deviceConnect = [0] deviceActivity = [0] deviceDisconnect = [0] deviceInactivity = [0] coreNfOther = [0] coreNfCompLfcl = [0] coreNfDevRpcRsp = [0] coreNfEdgeUpd = [0] coreNfEdgeSyncReq = [0] coreNfEdgeSyncResp = [0] coreNfNfRlProc = [0] coreNfQueueUpd = [0] coreNfQueueDel = [0] coreNfSubSvc = [0] coreNfSubMgr = [0] coreNfVCRsp = [0] 
2025-12-19 15:17:08,429 [TB-Scheduling-3] INFO  o.t.s.dao.aspect.SqlDaoCallsAspect - Total timing statistics below:
2025-12-19 15:17:08,430 [TB-Scheduling-3] INFO  o.t.s.dao.aspect.SqlDaoCallsAspect - [5c6c4190-f64c-11ee-8f58-c9c802dda3de]: calls: 46, failures: 0, exec time: 153 
2025-12-19 15:17:08,431 [TB-Scheduling-3] INFO  o.t.s.dao.aspect.SqlDaoCallsAspect - [5c6c4190-f64c-11ee-8f58-c9c802dda3de] Top 3 methods by timing:
2025-12-19 15:17:08,431 [TB-Scheduling-3] INFO  o.t.s.dao.aspect.SqlDaoCallsAspect - [5c6c4190-f64c-11ee-8f58-c9c802dda3de]: method: JpaAbstractDao.findById(..), calls: 12, failures: 0, exec time: 45
2025-12-19 15:17:08,431 [TB-Scheduling-3] INFO  o.t.s.dao.aspect.SqlDaoCallsAspect - [5c6c4190-f64c-11ee-8f58-c9c802dda3de]: method: JpaDashboardInfoDao.findDashboardsByTenantId(..), calls: 8, failures: 0, exec time: 23
2025-12-19 15:17:08,431 [TB-Scheduling-3] INFO  o.t.s.dao.aspect.SqlDaoCallsAspect - [5c6c4190-f64c-11ee-8f58-c9c802dda3de]: method: JpaAbstractDao.save(..), calls: 7, failures: 0, exec time: 22
2025-12-19 15:17:08,483 [TB-Scheduling-2] INFO  o.t.s.s.q.TbRuleEngineConsumerStats - [Main] Stats: totalMsgs = [4] successfulMsgs = [4] timeoutMsgs = [0] failedMsgs = [0] tmpTimeout = [0] tmpFailed = [0] successfulIterations = [4] failedIterations = [0] 
2025-12-19 15:17:08,580 [TB-Scheduling-1] INFO  o.t.s.c.t.s.DefaultTransportService - Transport Stats: openConnections [0]
2025-12-19 15:17:09,153 [TB-Scheduling-3] INFO  o.t.s.s.s.DefaultTbEntityDataSubscriptionService - Stats: regularQueryInvocationCnt = [0], regularQueryInvocationTime = [0], dynamicQueryCnt = [8] dynamicQueryInvocationCnt = [0], dynamicQueryInvocationTime = [0], alarmQueryInvocationCnt = [0], alarmQueryInvocationTime = [0]
2025-12-19 15:17:09,221 [TB-Scheduling-2] INFO  o.t.s.d.u.AbstractBufferedRateExecutor - [Write] Permits queueSize = [0] totalAdded = [13] totalLaunched = [13] totalReleased = [13] totalFailed = [0] totalExpired = [0] totalRejected = [0] totalRateLimited = [0] totalRateLimitedTenants = [0] currBuffer = [0] 
2025-12-19 15:17:12,248 [sql-log-1-thread-1] INFO  o.t.s.dao.sql.TbSqlBlockingQueue - Queue-0 [Events] queueSize [0] totalAdded [2] totalSaved [2] totalFailed [0]
2025-12-19 15:17:12,248 [sql-log-1-thread-1] INFO  o.t.s.dao.sql.TbSqlBlockingQueue - Queue-1 [Events] queueSize [0] totalAdded [1] totalSaved [1] totalFailed [0]
2025-12-19 15:17:17,409 [http-nio-0.0.0.0-9090-exec-3] INFO  o.t.s.c.plugin.TbWebSocketHandler - [5c6c4190-f64c-11ee-8f58-c9c802dda3de][5d15c800-f64c-11ee-8f58-c9c802dda3de][dfb36728-a060-4730-9635-94dbad61c458] Session is closed
2025-12-19 15:17:17,824 [http-nio-0.0.0.0-9090-exec-8] INFO  o.t.s.c.plugin.TbWebSocketHandler - [5c6c4190-f64c-11ee-8f58-c9c802dda3de][5d15c800-f64c-11ee-8f58-c9c802dda3de][60d38319-e185-49b1-b90d-760cdab5368e][502526a0-ffe6-2132-3fdc-66d558bdfd77] Session established from address: /172.19.0.1:59700
2025-12-19 15:17:18,277 [sql-log-1-thread-1] INFO  o.t.s.dao.sql.TbSqlBlockingQueue - Queue-0 [TS Latest] queueSize [0] totalAdded [4] totalSaved [4] totalFailed [0]
2025-12-19 15:17:18,278 [sql-log-1-thread-1] INFO  o.t.s.dao.sql.TbSqlBlockingQueue - Queue-2 [TS Latest] queueSize [0] totalAdded [6] totalSaved [6] totalFailed [0]
2025-12-19 15:17:19,154 [TB-Scheduling-4] INFO  o.t.s.s.s.DefaultTbEntityDataSubscriptionService - Stats: regularQueryInvocationCnt = [3], regularQueryInvocationTime = [6], dynamicQueryCnt = [8] dynamicQueryInvocationCnt = [0], dynamicQueryInvocationTime = [0], alarmQueryInvocationCnt = [3], alarmQueryInvocationTime = [12]
2025-12-19 15:17:19,221 [TB-Scheduling-3] INFO  o.t.s.d.u.AbstractBufferedRateExecutor - [Write] Permits queueSize = [0] totalAdded = [4] totalLaunched = [4] totalReleased = [4] totalFailed = [0] totalExpired = [0] totalRejected = [0] totalRateLimited = [0] totalRateLimitedTenants = [0] currBuffer = [0] 
2025-12-19 15:17:29,155 [TB-Scheduling-2] INFO  o.t.s.s.s.DefaultTbEntityDataSubscriptionService - Stats: regularQueryInvocationCnt = [0], regularQueryInvocationTime = [0], dynamicQueryCnt = [8] dynamicQueryInvocationCnt = [0], dynamicQueryInvocationTime = [0], alarmQueryInvocationCnt = [0], alarmQueryInvocationTime = [0]
2025-12-19 15:17:39,155 [TB-Scheduling-2] INFO  o.t.s.s.s.DefaultTbEntityDataSubscriptionService - Stats: regularQueryInvocationCnt = [0], regularQueryInvocationTime = [0], dynamicQueryCnt = [8] dynamicQueryInvocationCnt = [0], dynamicQueryInvocationTime = [0], alarmQueryInvocationCnt = [0], alarmQueryInvocationTime = [0]
2025-12-19 15:17:48,867 [TB-Scheduling-3] INFO  o.t.s.d.u.AbstractBufferedRateExecutor - [Read] Permits queueSize = [0] totalAdded = [108] totalLaunched = [108] totalReleased = [108] totalFailed = [0] totalExpired = [0] totalRejected = [0] totalRateLimited = [0] totalRateLimitedTenants = [0] currBuffer = [0] 
2025-12-19 15:17:49,156 [TB-Scheduling-1] INFO  o.t.s.s.s.DefaultTbEntityDataSubscriptionService - Stats: regularQueryInvocationCnt = [50], regularQueryInvocationTime = [218], dynamicQueryCnt = [8] dynamicQueryInvocationCnt = [0], dynamicQueryInvocationTime = [0], alarmQueryInvocationCnt = [0], alarmQueryInvocationTime = [0]
2025-12-19 15:17:51,189 [http-nio-0.0.0.0-9090-exec-9] INFO  o.t.s.c.plugin.TbWebSocketHandler - [5c6c4190-f64c-11ee-8f58-c9c802dda3de][5d15c800-f64c-11ee-8f58-c9c802dda3de][60d38319-e185-49b1-b90d-760cdab5368e] Session is closed
2025-12-19 15:17:51,597 [http-nio-0.0.0.0-9090-exec-6] INFO  o.t.s.c.plugin.TbWebSocketHandler - [5c6c4190-f64c-11ee-8f58-c9c802dda3de][5d15c800-f64c-11ee-8f58-c9c802dda3de][dcbc04d1-187e-4ef5-b5d1-79d20b5ff833][b10be95b-3da7-eabc-f921-934cdca9bc2b] Session established from address: /172.19.0.1:51590
2025-12-19 15:17:58,277 [sql-log-1-thread-1] INFO  o.t.s.dao.sql.TbSqlBlockingQueue - Queue-0 [TS Latest] queueSize [0] totalAdded [4] totalSaved [4] totalFailed [0]
2025-12-19 15:17:58,868 [TB-Scheduling-2] INFO  o.t.s.d.u.AbstractBufferedRateExecutor - [Read] Permits queueSize = [0] totalAdded = [162] totalLaunched = [162] totalReleased = [162] totalFailed = [0] totalExpired = [0] totalRejected = [0] totalRateLimited = [0] totalRateLimitedTenants = [0] currBuffer = [0] 
2025-12-19 15:17:59,156 [TB-Scheduling-3] INFO  o.t.s.s.s.DefaultTbEntityDataSubscriptionService - Stats: regularQueryInvocationCnt = [48], regularQueryInvocationTime = [105], dynamicQueryCnt = [2] dynamicQueryInvocationCnt = [2], dynamicQueryInvocationTime = [42], alarmQueryInvocationCnt = [3], alarmQueryInvocationTime = [3]
2025-12-19 15:17:59,223 [TB-Scheduling-1] INFO  o.t.s.d.u.AbstractBufferedRateExecutor - [Write] Permits queueSize = [0] totalAdded = [4] totalLaunched = [4] totalReleased = [4] totalFailed = [0] totalExpired = [0] totalRejected = [0] totalRateLimited = [0] totalRateLimitedTenants = [0] currBuffer = [0] 
2025-12-19 15:18:08,277 [sql-log-1-thread-1] INFO  o.t.s.dao.sql.TbSqlBlockingQueue - Queue-0 [TS Latest] queueSize [0] totalAdded [7] totalSaved [7] totalFailed [0]
2025-12-19 15:18:08,377 [TB-Scheduling-4] INFO  o.t.s.s.queue.TbCoreConsumerStats - Core Stats: totalMsgs = [2] sessionEvents = [0] getAttr = [0] subToAttr = [0] subToRpc = [0] toDevRpc = [0] subInfo = [0] claimDevice = [0] deviceState = [0] subMsgs = [0] edgeNfs = [2] deviceConnect = [0] deviceActivity = [0] deviceDisconnect = [0] deviceInactivity = [0] coreNfOther = [0] coreNfCompLfcl = [0] coreNfDevRpcRsp = [0] coreNfEdgeUpd = [0] coreNfEdgeSyncReq = [0] coreNfEdgeSyncResp = [0] coreNfNfRlProc = [0] coreNfQueueUpd = [0] coreNfQueueDel = [0] coreNfSubSvc = [0] coreNfSubMgr = [0] coreNfVCRsp = [0] 
2025-12-19 15:18:08,431 [TB-Scheduling-2] INFO  o.t.s.dao.aspect.SqlDaoCallsAspect - Total timing statistics below:
2025-12-19 15:18:08,432 [TB-Scheduling-2] INFO  o.t.s.dao.aspect.SqlDaoCallsAspect - [5c6c4190-f64c-11ee-8f58-c9c802dda3de]: calls: 47, failures: 0, exec time: 138 
2025-12-19 15:18:08,432 [TB-Scheduling-2] INFO  o.t.s.dao.aspect.SqlDaoCallsAspect - [5c6c4190-f64c-11ee-8f58-c9c802dda3de] Top 3 methods by timing:
2025-12-19 15:18:08,432 [TB-Scheduling-2] INFO  o.t.s.dao.aspect.SqlDaoCallsAspect - [5c6c4190-f64c-11ee-8f58-c9c802dda3de]: method: JpaAbstractDao.findById(..), calls: 16, failures: 0, exec time: 45
2025-12-19 15:18:08,433 [TB-Scheduling-2] INFO  o.t.s.dao.aspect.SqlDaoCallsAspect - [5c6c4190-f64c-11ee-8f58-c9c802dda3de]: method: JpaAbstractDao.save(..), calls: 4, failures: 0, exec time: 15
2025-12-19 15:18:08,433 [TB-Scheduling-2] INFO  o.t.s.dao.aspect.SqlDaoCallsAspect - [5c6c4190-f64c-11ee-8f58-c9c802dda3de]: method: JpaAlarmDao.countAlarmsByQuery(..), calls: 6, failures: 0, exec time: 14
2025-12-19 15:18:08,485 [TB-Scheduling-3] INFO  o.t.s.s.q.TbRuleEngineConsumerStats - [Main] Stats: totalMsgs = [2] successfulMsgs = [2] timeoutMsgs = [0] failedMsgs = [0] tmpTimeout = [0] tmpFailed = [0] successfulIterations = [2] failedIterations = [0] 
2025-12-19 15:18:08,581 [TB-Scheduling-1] INFO  o.t.s.c.t.s.DefaultTransportService - Transport Stats: openConnections [0]
2025-12-19 15:18:09,157 [TB-Scheduling-4] INFO  o.t.s.s.s.DefaultTbEntityDataSubscriptionService - Stats: regularQueryInvocationCnt = [0], regularQueryInvocationTime = [0], dynamicQueryCnt = [2] dynamicQueryInvocationCnt = [0], dynamicQueryInvocationTime = [0], alarmQueryInvocationCnt = [0], alarmQueryInvocationTime = [0]
2025-12-19 15:18:09,223 [TB-Scheduling-3] INFO  o.t.s.d.u.AbstractBufferedRateExecutor - [Write] Permits queueSize = [0] totalAdded = [13] totalLaunched = [13] totalReleased = [13] totalFailed = [0] totalExpired = [0] totalRejected = [0] totalRateLimited = [0] totalRateLimitedTenants = [0] currBuffer = [0] 
2025-12-19 15:18:18,277 [sql-log-1-thread-1] INFO  o.t.s.dao.sql.TbSqlBlockingQueue - Queue-0 [TS Latest] queueSize [0] totalAdded [4] totalSaved [4] totalFailed [0]
2025-12-19 15:18:18,278 [sql-log-1-thread-1] INFO  o.t.s.dao.sql.TbSqlBlockingQueue - Queue-2 [TS Latest] queueSize [0] totalAdded [6] totalSaved [6] totalFailed [0]
2025-12-19 15:18:19,157 [TB-Scheduling-2] INFO  o.t.s.s.s.DefaultTbEntityDataSubscriptionService - Stats: regularQueryInvocationCnt = [0], regularQueryInvocationTime = [0], dynamicQueryCnt = [2] dynamicQueryInvocationCnt = [0], dynamicQueryInvocationTime = [0], alarmQueryInvocationCnt = [0], alarmQueryInvocationTime = [0]
2025-12-19 15:18:19,223 [TB-Scheduling-4] INFO  o.t.s.d.u.AbstractBufferedRateExecutor - [Write] Permits queueSize = [0] totalAdded = [4] totalLaunched = [4] totalReleased = [4] totalFailed = [0] totalExpired = [0] totalRejected = [0] totalRateLimited = [0] totalRateLimitedTenants = [0] currBuffer = [0] 
2025-12-19 15:18:29,157 [TB-Scheduling-1] INFO  o.t.s.s.s.DefaultTbEntityDataSubscriptionService - Stats: regularQueryInvocationCnt = [0], regularQueryInvocationTime = [0], dynamicQueryCnt = [2] dynamicQueryInvocationCnt = [0], dynamicQueryInvocationTime = [0], alarmQueryInvocationCnt = [0], alarmQueryInvocationTime = [0]
2025-12-19 15:18:39,158 [TB-Scheduling-2] INFO  o.t.s.s.s.DefaultTbEntityDataSubscriptionService - Stats: regularQueryInvocationCnt = [0], regularQueryInvocationTime = [0], dynamicQueryCnt = [2] dynamicQueryInvocationCnt = [0], dynamicQueryInvocationTime = [0], alarmQueryInvocationCnt = [0], alarmQueryInvocationTime = [0]
2025-12-19 15:18:49,158 [TB-Scheduling-1] INFO  o.t.s.s.s.DefaultTbEntityDataSubscriptionService - Stats: regularQueryInvocationCnt = [0], regularQueryInvocationTime = [0], dynamicQueryCnt = [2] dynamicQueryInvocationCnt = [0], dynamicQueryInvocationTime = [0], alarmQueryInvocationCnt = [0], alarmQueryInvocationTime = [0]
2025-12-19 15:18:59,159 [TB-Scheduling-2] INFO  o.t.s.s.s.DefaultTbEntityDataSubscriptionService - Stats: regularQueryInvocationCnt = [0], regularQueryInvocationTime = [0], dynamicQueryCnt = [2] dynamicQueryInvocationCnt = [2], dynamicQueryInvocationTime = [28], alarmQueryInvocationCnt = [0], alarmQueryInvocationTime = [0]
2025-12-19 15:19:08,277 [sql-log-1-thread-1] INFO  o.t.s.dao.sql.TbSqlBlockingQueue - Queue-0 [TS Latest] queueSize [0] totalAdded [7] totalSaved [7] totalFailed [0]
2025-12-19 15:19:08,433 [TB-Scheduling-1] INFO  o.t.s.dao.aspect.SqlDaoCallsAspect - Total timing statistics below:
2025-12-19 15:19:08,434 [TB-Scheduling-1] INFO  o.t.s.dao.aspect.SqlDaoCallsAspect - [5c6c4190-f64c-11ee-8f58-c9c802dda3de]: calls: 1, failures: 0, exec time: 3 
2025-12-19 15:19:08,434 [TB-Scheduling-1] INFO  o.t.s.dao.aspect.SqlDaoCallsAspect - [5c6c4190-f64c-11ee-8f58-c9c802dda3de] Top 3 methods by timing:
2025-12-19 15:19:08,435 [TB-Scheduling-1] INFO  o.t.s.dao.aspect.SqlDaoCallsAspect - [5c6c4190-f64c-11ee-8f58-c9c802dda3de]: method: JpaAbstractDao.findById(..), calls: 1, failures: 0, exec time: 3
2025-12-19 15:19:08,581 [TB-Scheduling-2] INFO  o.t.s.c.t.s.DefaultTransportService - Transport Stats: openConnections [0]
2025-12-19 15:19:09,160 [TB-Scheduling-3] INFO  o.t.s.s.s.DefaultTbEntityDataSubscriptionService - Stats: regularQueryInvocationCnt = [0], regularQueryInvocationTime = [0], dynamicQueryCnt = [2] dynamicQueryInvocationCnt = [0], dynamicQueryInvocationTime = [0], alarmQueryInvocationCnt = [0], alarmQueryInvocationTime = [0]
2025-12-19 15:19:09,225 [TB-Scheduling-4] INFO  o.t.s.d.u.AbstractBufferedRateExecutor - [Write] Permits queueSize = [0] totalAdded = [7] totalLaunched = [7] totalReleased = [7] totalFailed = [0] totalExpired = [0] totalRejected = [0] totalRateLimited = [0] totalRateLimitedTenants = [0] currBuffer = [0] 
2025-12-19 15:19:18,277 [sql-log-1-thread-1] INFO  o.t.s.dao.sql.TbSqlBlockingQueue - Queue-0 [TS Latest] queueSize [0] totalAdded [4] totalSaved [4] totalFailed [0]
2025-12-19 15:19:19,160 [TB-Scheduling-2] INFO  o.t.s.s.s.DefaultTbEntityDataSubscriptionService - Stats: regularQueryInvocationCnt = [0], regularQueryInvocationTime = [0], dynamicQueryCnt = [2] dynamicQueryInvocationCnt = [0], dynamicQueryInvocationTime = [0], alarmQueryInvocationCnt = [0], alarmQueryInvocationTime = [0]
2025-12-19 15:19:19,225 [TB-Scheduling-3] INFO  o.t.s.d.u.AbstractBufferedRateExecutor - [Write] Permits queueSize = [0] totalAdded = [4] totalLaunched = [4] totalReleased = [4] totalFailed = [0] totalExpired = [0] totalRejected = [0] totalRateLimited = [0] totalRateLimitedTenants = [0] currBuffer = [0] 
2025-12-19 15:19:29,161 [TB-Scheduling-4] INFO  o.t.s.s.s.DefaultTbEntityDataSubscriptionService - Stats: regularQueryInvocationCnt = [0], regularQueryInvocationTime = [0], dynamicQueryCnt = [2] dynamicQueryInvocationCnt = [0], dynamicQueryInvocationTime = [0], alarmQueryInvocationCnt = [0], alarmQueryInvocationTime = [0]
2025-12-19 15:19:39,161 [TB-Scheduling-2] INFO  o.t.s.s.s.DefaultTbEntityDataSubscriptionService - Stats: regularQueryInvocationCnt = [0], regularQueryInvocationTime = [0], dynamicQueryCnt = [2] dynamicQueryInvocationCnt = [0], dynamicQueryInvocationTime = [0], alarmQueryInvocationCnt = [0], alarmQueryInvocationTime = [0]
2025-12-19 15:19:49,162 [TB-Scheduling-4] INFO  o.t.s.s.s.DefaultTbEntityDataSubscriptionService - Stats: regularQueryInvocationCnt = [0], regularQueryInvocationTime = [0], dynamicQueryCnt = [2] dynamicQueryInvocationCnt = [0], dynamicQueryInvocationTime = [0], alarmQueryInvocationCnt = [0], alarmQueryInvocationTime = [0]
2025-12-19 15:19:59,162 [TB-Scheduling-2] INFO  o.t.s.s.s.DefaultTbEntityDataSubscriptionService - Stats: regularQueryInvocationCnt = [1], regularQueryInvocationTime = [3], dynamicQueryCnt = [2] dynamicQueryInvocationCnt = [2], dynamicQueryInvocationTime = [36], alarmQueryInvocationCnt = [0], alarmQueryInvocationTime = [0]
2025-12-19 15:20:08,277 [sql-log-1-thread-1] INFO  o.t.s.dao.sql.TbSqlBlockingQueue - Queue-0 [TS Latest] queueSize [0] totalAdded [7] totalSaved [7] totalFailed [0]
2025-12-19 15:20:08,581 [TB-Scheduling-4] INFO  o.t.s.c.t.s.DefaultTransportService - Transport Stats: openConnections [0]
2025-12-19 15:20:09,163 [TB-Scheduling-1] INFO  o.t.s.s.s.DefaultTbEntityDataSubscriptionService - Stats: regularQueryInvocationCnt = [0], regularQueryInvocationTime = [0], dynamicQueryCnt = [2] dynamicQueryInvocationCnt = [0], dynamicQueryInvocationTime = [0], alarmQueryInvocationCnt = [0], alarmQueryInvocationTime = [0]
2025-12-19 15:20:09,226 [TB-Scheduling-3] INFO  o.t.s.d.u.AbstractBufferedRateExecutor - [Write] Permits queueSize = [0] totalAdded = [7] totalLaunched = [7] totalReleased = [7] totalFailed = [0] totalExpired = [0] totalRejected = [0] totalRateLimited = [0] totalRateLimitedTenants = [0] currBuffer = [0] 
2025-12-19 15:20:18,277 [sql-log-1-thread-1] INFO  o.t.s.dao.sql.TbSqlBlockingQueue - Queue-0 [TS Latest] queueSize [0] totalAdded [4] totalSaved [4] totalFailed [0]
2025-12-19 15:20:19,164 [TB-Scheduling-2] INFO  o.t.s.s.s.DefaultTbEntityDataSubscriptionService - Stats: regularQueryInvocationCnt = [0], regularQueryInvocationTime = [0], dynamicQueryCnt = [2] dynamicQueryInvocationCnt = [0], dynamicQueryInvocationTime = [0], alarmQueryInvocationCnt = [0], alarmQueryInvocationTime = [0]
2025-12-19 15:20:19,227 [TB-Scheduling-1] INFO  o.t.s.d.u.AbstractBufferedRateExecutor - [Write] Permits queueSize = [0] totalAdded = [4] totalLaunched = [4] totalReleased = [4] totalFailed = [0] totalExpired = [0] totalRejected = [0] totalRateLimited = [0] totalRateLimitedTenants = [0] currBuffer = [0] 
2025-12-19 15:20:29,164 [TB-Scheduling-3] INFO  o.t.s.s.s.DefaultTbEntityDataSubscriptionService - Stats: regularQueryInvocationCnt = [0], regularQueryInvocationTime = [0], dynamicQueryCnt = [2] dynamicQueryInvocationCnt = [0], dynamicQueryInvocationTime = [0], alarmQueryInvocationCnt = [0], alarmQueryInvocationTime = [0]
2025-12-19 15:20:39,165 [TB-Scheduling-2] INFO  o.t.s.s.s.DefaultTbEntityDataSubscriptionService - Stats: regularQueryInvocationCnt = [1], regularQueryInvocationTime = [3], dynamicQueryCnt = [2] dynamicQueryInvocationCnt = [0], dynamicQueryInvocationTime = [0], alarmQueryInvocationCnt = [0], alarmQueryInvocationTime = [0]
2025-12-19 15:20:49,165 [TB-Scheduling-3] INFO  o.t.s.s.s.DefaultTbEntityDataSubscriptionService - Stats: regularQueryInvocationCnt = [1], regularQueryInvocationTime = [4], dynamicQueryCnt = [2] dynamicQueryInvocationCnt = [0], dynamicQueryInvocationTime = [0], alarmQueryInvocationCnt = [0], alarmQueryInvocationTime = [0]
2025-12-19 15:20:59,166 [TB-Scheduling-1] INFO  o.t.s.s.s.DefaultTbEntityDataSubscriptionService - Stats: regularQueryInvocationCnt = [0], regularQueryInvocationTime = [0], dynamicQueryCnt = [2] dynamicQueryInvocationCnt = [2], dynamicQueryInvocationTime = [30], alarmQueryInvocationCnt = [0], alarmQueryInvocationTime = [0]
2025-12-19 15:21:08,277 [sql-log-1-thread-1] INFO  o.t.s.dao.sql.TbSqlBlockingQueue - Queue-0 [TS Latest] queueSize [0] totalAdded [11] totalSaved [11] totalFailed [0]
2025-12-19 15:21:08,378 [TB-Scheduling-3] INFO  o.t.s.s.queue.TbCoreConsumerStats - Core Stats: totalMsgs = [1] sessionEvents = [0] getAttr = [0] subToAttr = [0] subToRpc = [0] toDevRpc = [0] subInfo = [0] claimDevice = [0] deviceState = [0] subMsgs = [0] edgeNfs = [1] deviceConnect = [0] deviceActivity = [0] deviceDisconnect = [0] deviceInactivity = [0] coreNfOther = [0] coreNfCompLfcl = [0] coreNfDevRpcRsp = [0] coreNfEdgeUpd = [0] coreNfEdgeSyncReq = [0] coreNfEdgeSyncResp = [0] coreNfNfRlProc = [0] coreNfQueueUpd = [0] coreNfQueueDel = [0] coreNfSubSvc = [0] coreNfSubMgr = [0] coreNfVCRsp = [0] 
2025-12-19 15:21:08,435 [TB-Scheduling-4] INFO  o.t.s.dao.aspect.SqlDaoCallsAspect - Total timing statistics below:
2025-12-19 15:21:08,435 [TB-Scheduling-4] INFO  o.t.s.dao.aspect.SqlDaoCallsAspect - [5c6c4190-f64c-11ee-8f58-c9c802dda3de]: calls: 12, failures: 0, exec time: 38 
2025-12-19 15:21:08,436 [TB-Scheduling-4] INFO  o.t.s.dao.aspect.SqlDaoCallsAspect - [5c6c4190-f64c-11ee-8f58-c9c802dda3de] Top 3 methods by timing:
2025-12-19 15:21:08,436 [TB-Scheduling-4] INFO  o.t.s.dao.aspect.SqlDaoCallsAspect - [5c6c4190-f64c-11ee-8f58-c9c802dda3de]: method: JpaAbstractDao.findById(..), calls: 3, failures: 0, exec time: 10
2025-12-19 15:21:08,436 [TB-Scheduling-4] INFO  o.t.s.dao.aspect.SqlDaoCallsAspect - [5c6c4190-f64c-11ee-8f58-c9c802dda3de]: method: JpaDashboardInfoDao.findDashboardsByTenantId(..), calls: 3, failures: 0, exec time: 10
2025-12-19 15:21:08,436 [TB-Scheduling-4] INFO  o.t.s.dao.aspect.SqlDaoCallsAspect - [5c6c4190-f64c-11ee-8f58-c9c802dda3de]: method: JpaAbstractDao.save(..), calls: 2, failures: 0, exec time: 9
2025-12-19 15:21:08,487 [TB-Scheduling-1] INFO  o.t.s.s.q.TbRuleEngineConsumerStats - [Main] Stats: totalMsgs = [1] successfulMsgs = [1] timeoutMsgs = [0] failedMsgs = [0] tmpTimeout = [0] tmpFailed = [0] successfulIterations = [1] failedIterations = [0] 
2025-12-19 15:21:08,582 [TB-Scheduling-2] INFO  o.t.s.c.t.s.DefaultTransportService - Transport Stats: openConnections [0]
2025-12-19 15:21:09,166 [TB-Scheduling-4] INFO  o.t.s.s.s.DefaultTbEntityDataSubscriptionService - Stats: regularQueryInvocationCnt = [26], regularQueryInvocationTime = [109], dynamicQueryCnt = [2] dynamicQueryInvocationCnt = [0], dynamicQueryInvocationTime = [0], alarmQueryInvocationCnt = [0], alarmQueryInvocationTime = [0]
2025-12-19 15:21:09,228 [TB-Scheduling-1] INFO  o.t.s.d.u.AbstractBufferedRateExecutor - [Write] Permits queueSize = [0] totalAdded = [17] totalLaunched = [17] totalReleased = [17] totalFailed = [0] totalExpired = [0] totalRejected = [0] totalRateLimited = [0] totalRateLimitedTenants = [0] currBuffer = [0] 
2025-12-19 15:21:18,277 [sql-log-1-thread-1] INFO  o.t.s.dao.sql.TbSqlBlockingQueue - Queue-0 [TS Latest] queueSize [0] totalAdded [4] totalSaved [4] totalFailed [0]
2025-12-19 15:21:18,278 [sql-log-1-thread-1] INFO  o.t.s.dao.sql.TbSqlBlockingQueue - Queue-2 [TS Latest] queueSize [0] totalAdded [6] totalSaved [6] totalFailed [0]
2025-12-19 15:21:19,167 [TB-Scheduling-2] INFO  o.t.s.s.s.DefaultTbEntityDataSubscriptionService - Stats: regularQueryInvocationCnt = [0], regularQueryInvocationTime = [0], dynamicQueryCnt = [2] dynamicQueryInvocationCnt = [0], dynamicQueryInvocationTime = [0], alarmQueryInvocationCnt = [0], alarmQueryInvocationTime = [0]
2025-12-19 15:21:19,228 [TB-Scheduling-4] INFO  o.t.s.d.u.AbstractBufferedRateExecutor - [Write] Permits queueSize = [0] totalAdded = [4] totalLaunched = [4] totalReleased = [4] totalFailed = [0] totalExpired = [0] totalRejected = [0] totalRateLimited = [0] totalRateLimitedTenants = [0] currBuffer = [0] 
2025-12-19 15:21:29,167 [TB-Scheduling-1] INFO  o.t.s.s.s.DefaultTbEntityDataSubscriptionService - Stats: regularQueryInvocationCnt = [0], regularQueryInvocationTime = [0], dynamicQueryCnt = [2] dynamicQueryInvocationCnt = [0], dynamicQueryInvocationTime = [0], alarmQueryInvocationCnt = [0], alarmQueryInvocationTime = [0]
2025-12-19 15:21:39,168 [TB-Scheduling-2] INFO  o.t.s.s.s.DefaultTbEntityDataSubscriptionService - Stats: regularQueryInvocationCnt = [0], regularQueryInvocationTime = [0], dynamicQueryCnt = [2] dynamicQueryInvocationCnt = [0], dynamicQueryInvocationTime = [0], alarmQueryInvocationCnt = [0], alarmQueryInvocationTime = [0]
2025-12-19 15:21:49,168 [TB-Scheduling-1] INFO  o.t.s.s.s.DefaultTbEntityDataSubscriptionService - Stats: regularQueryInvocationCnt = [0], regularQueryInvocationTime = [0], dynamicQueryCnt = [2] dynamicQueryInvocationCnt = [0], dynamicQueryInvocationTime = [0], alarmQueryInvocationCnt = [0], alarmQueryInvocationTime = [0]
2025-12-19 15:21:59,169 [TB-Scheduling-2] INFO  o.t.s.s.s.DefaultTbEntityDataSubscriptionService - Stats: regularQueryInvocationCnt = [0], regularQueryInvocationTime = [0], dynamicQueryCnt = [2] dynamicQueryInvocationCnt = [2], dynamicQueryInvocationTime = [28], alarmQueryInvocationCnt = [0], alarmQueryInvocationTime = [0]
2025-12-19 15:22:08,582 [TB-Scheduling-1] INFO  o.t.s.c.t.s.DefaultTransportService - Transport Stats: openConnections [0]
2025-12-19 15:22:09,169 [TB-Scheduling-2] INFO  o.t.s.s.s.DefaultTbEntityDataSubscriptionService - Stats: regularQueryInvocationCnt = [0], regularQueryInvocationTime = [0], dynamicQueryCnt = [2] dynamicQueryInvocationCnt = [0], dynamicQueryInvocationTime = [0], alarmQueryInvocationCnt = [0], alarmQueryInvocationTime = [0]
2025-12-19 15:22:10,333 [http-nio-0.0.0.0-9090-exec-3] INFO  o.t.s.c.plugin.TbWebSocketHandler - [5c6c4190-f64c-11ee-8f58-c9c802dda3de][5d15c800-f64c-11ee-8f58-c9c802dda3de][dcbc04d1-187e-4ef5-b5d1-79d20b5ff833] Session is closed
2025-12-19 15:22:18,277 [sql-log-1-thread-1] INFO  o.t.s.dao.sql.TbSqlBlockingQueue - Queue-0 [TS Latest] queueSize [0] totalAdded [11] totalSaved [11] totalFailed [0]
2025-12-19 15:22:19,170 [TB-Scheduling-4] INFO  o.t.s.s.s.DefaultTbEntityDataSubscriptionService - Stats: regularQueryInvocationCnt = [0], regularQueryInvocationTime = [0], dynamicQueryCnt = [2] dynamicQueryInvocationCnt = [0], dynamicQueryInvocationTime = [0], alarmQueryInvocationCnt = [0], alarmQueryInvocationTime = [0]
2025-12-19 15:22:19,230 [TB-Scheduling-2] INFO  o.t.s.d.u.AbstractBufferedRateExecutor - [Write] Permits queueSize = [0] totalAdded = [11] totalLaunched = [11] totalReleased = [11] totalFailed = [0] totalExpired = [0] totalRejected = [0] totalRateLimited = [0] totalRateLimitedTenants = [0] currBuffer = [0] 
2025-12-19 15:22:28,277 [sql-log-1-thread-1] INFO  o.t.s.dao.sql.TbSqlBlockingQueue - Queue-0 [TS Latest] queueSize [0] totalAdded [4] totalSaved [4] totalFailed [0]
2025-12-19 15:22:29,170 [TB-Scheduling-1] INFO  o.t.s.s.s.DefaultTbEntityDataSubscriptionService - Stats: regularQueryInvocationCnt = [0], regularQueryInvocationTime = [0], dynamicQueryCnt = [2] dynamicQueryInvocationCnt = [0], dynamicQueryInvocationTime = [0], alarmQueryInvocationCnt = [0], alarmQueryInvocationTime = [0]
2025-12-19 15:22:29,230 [TB-Scheduling-4] INFO  o.t.s.d.u.AbstractBufferedRateExecutor - [Write] Permits queueSize = [0] totalAdded = [4] totalLaunched = [4] totalReleased = [4] totalFailed = [0] totalExpired = [0] totalRejected = [0] totalRateLimited = [0] totalRateLimitedTenants = [0] currBuffer = [0] 
2025-12-19 15:22:39,171 [TB-Scheduling-2] INFO  o.t.s.s.s.DefaultTbEntityDataSubscriptionService - Stats: regularQueryInvocationCnt = [0], regularQueryInvocationTime = [0], dynamicQueryCnt = [2] dynamicQueryInvocationCnt = [0], dynamicQueryInvocationTime = [0], alarmQueryInvocationCnt = [0], alarmQueryInvocationTime = [0]
2025-12-19 15:22:49,171 [TB-Scheduling-1] INFO  o.t.s.s.s.DefaultTbEntityDataSubscriptionService - Stats: regularQueryInvocationCnt = [0], regularQueryInvocationTime = [0], dynamicQueryCnt = [2] dynamicQueryInvocationCnt = [0], dynamicQueryInvocationTime = [0], alarmQueryInvocationCnt = [0], alarmQueryInvocationTime = [0]
2025-12-19 15:22:59,171 [TB-Scheduling-2] INFO  o.t.s.s.s.DefaultTbEntityDataSubscriptionService - Stats: regularQueryInvocationCnt = [0], regularQueryInvocationTime = [0], dynamicQueryCnt = [2] dynamicQueryInvocationCnt = [2], dynamicQueryInvocationTime = [29], alarmQueryInvocationCnt = [0], alarmQueryInvocationTime = [0]
2025-12-19 15:23:08,378 [TB-Scheduling-1] INFO  o.t.s.s.queue.TbCoreConsumerStats - Core Stats: totalMsgs = [1] sessionEvents = [0] getAttr = [0] subToAttr = [0] subToRpc = [0] toDevRpc = [0] subInfo = [0] claimDevice = [0] deviceState = [0] subMsgs = [0] edgeNfs = [1] deviceConnect = [0] deviceActivity = [0] deviceDisconnect = [0] deviceInactivity = [0] coreNfOther = [0] coreNfCompLfcl = [0] coreNfDevRpcRsp = [0] coreNfEdgeUpd = [0] coreNfEdgeSyncReq = [0] coreNfEdgeSyncResp = [0] coreNfNfRlProc = [0] coreNfQueueUpd = [0] coreNfQueueDel = [0] coreNfSubSvc = [0] coreNfSubMgr = [0] coreNfVCRsp = [0] 
2025-12-19 15:23:08,437 [TB-Scheduling-3] INFO  o.t.s.dao.aspect.SqlDaoCallsAspect - Total timing statistics below:
2025-12-19 15:23:08,437 [TB-Scheduling-3] INFO  o.t.s.dao.aspect.SqlDaoCallsAspect - [5c6c4190-f64c-11ee-8f58-c9c802dda3de]: calls: 8, failures: 0, exec time: 40 
2025-12-19 15:23:08,437 [TB-Scheduling-3] INFO  o.t.s.dao.aspect.SqlDaoCallsAspect - [5c6c4190-f64c-11ee-8f58-c9c802dda3de] Top 3 methods by timing:
2025-12-19 15:23:08,437 [TB-Scheduling-3] INFO  o.t.s.dao.aspect.SqlDaoCallsAspect - [5c6c4190-f64c-11ee-8f58-c9c802dda3de]: method: JpaAbstractDao.findById(..), calls: 3, failures: 0, exec time: 22
2025-12-19 15:23:08,438 [TB-Scheduling-3] INFO  o.t.s.dao.aspect.SqlDaoCallsAspect - [5c6c4190-f64c-11ee-8f58-c9c802dda3de]: method: JpaAbstractDao.save(..), calls: 2, failures: 0, exec time: 8
2025-12-19 15:23:08,438 [TB-Scheduling-3] INFO  o.t.s.dao.aspect.SqlDaoCallsAspect - [5c6c4190-f64c-11ee-8f58-c9c802dda3de]: method: JpaDashboardInfoDao.findDashboardsByTenantId(..), calls: 2, failures: 0, exec time: 6
2025-12-19 15:23:08,488 [TB-Scheduling-2] INFO  o.t.s.s.q.TbRuleEngineConsumerStats - [Main] Stats: totalMsgs = [1] successfulMsgs = [1] timeoutMsgs = [0] failedMsgs = [0] tmpTimeout = [0] tmpFailed = [0] successfulIterations = [1] failedIterations = [0] 
2025-12-19 15:23:08,583 [TB-Scheduling-4] INFO  o.t.s.c.t.s.DefaultTransportService - Transport Stats: openConnections [0]
2025-12-19 15:23:09,172 [TB-Scheduling-1] INFO  o.t.s.s.s.DefaultTbEntityDataSubscriptionService - Stats: regularQueryInvocationCnt = [0], regularQueryInvocationTime = [0], dynamicQueryCnt = [2] dynamicQueryInvocationCnt = [0], dynamicQueryInvocationTime = [0], alarmQueryInvocationCnt = [0], alarmQueryInvocationTime = [0]
2025-12-19 15:23:09,231 [TB-Scheduling-2] INFO  o.t.s.d.u.AbstractBufferedRateExecutor - [Write] Permits queueSize = [0] totalAdded = [6] totalLaunched = [6] totalReleased = [6] totalFailed = [0] totalExpired = [0] totalRejected = [0] totalRateLimited = [0] totalRateLimitedTenants = [0] currBuffer = [0] 
2025-12-19 15:23:18,277 [sql-log-1-thread-1] INFO  o.t.s.dao.sql.TbSqlBlockingQueue - Queue-0 [TS Latest] queueSize [0] totalAdded [11] totalSaved [11] totalFailed [0]
2025-12-19 15:23:18,278 [sql-log-1-thread-1] INFO  o.t.s.dao.sql.TbSqlBlockingQueue - Queue-2 [TS Latest] queueSize [0] totalAdded [6] totalSaved [6] totalFailed [0]
2025-12-19 15:23:19,173 [TB-Scheduling-1] INFO  o.t.s.s.s.DefaultTbEntityDataSubscriptionService - Stats: regularQueryInvocationCnt = [0], regularQueryInvocationTime = [0], dynamicQueryCnt = [2] dynamicQueryInvocationCnt = [0], dynamicQueryInvocationTime = [0], alarmQueryInvocationCnt = [0], alarmQueryInvocationTime = [0]
2025-12-19 15:23:19,231 [TB-Scheduling-2] INFO  o.t.s.d.u.AbstractBufferedRateExecutor - [Write] Permits queueSize = [0] totalAdded = [11] totalLaunched = [11] totalReleased = [11] totalFailed = [0] totalExpired = [0] totalRejected = [0] totalRateLimited = [0] totalRateLimitedTenants = [0] currBuffer = [0] 
2025-12-19 15:23:29,173 [TB-Scheduling-4] INFO  o.t.s.s.s.DefaultTbEntityDataSubscriptionService - Stats: regularQueryInvocationCnt = [0], regularQueryInvocationTime = [0], dynamicQueryCnt = [2] dynamicQueryInvocationCnt = [0], dynamicQueryInvocationTime = [0], alarmQueryInvocationCnt = [0], alarmQueryInvocationTime = [0]
2025-12-19 15:23:39,174 [TB-Scheduling-3] INFO  o.t.s.s.s.DefaultTbEntityDataSubscriptionService - Stats: regularQueryInvocationCnt = [0], regularQueryInvocationTime = [0], dynamicQueryCnt = [2] dynamicQueryInvocationCnt = [0], dynamicQueryInvocationTime = [0], alarmQueryInvocationCnt = [0], alarmQueryInvocationTime = [0]
2025-12-19 15:23:49,174 [TB-Scheduling-1] INFO  o.t.s.s.s.DefaultTbEntityDataSubscriptionService - Stats: regularQueryInvocationCnt = [0], regularQueryInvocationTime = [0], dynamicQueryCnt = [2] dynamicQueryInvocationCnt = [0], dynamicQueryInvocationTime = [0], alarmQueryInvocationCnt = [0], alarmQueryInvocationTime = [0]
2025-12-19 15:23:59,175 [TB-Scheduling-4] INFO  o.t.s.s.s.DefaultTbEntityDataSubscriptionService - Stats: regularQueryInvocationCnt = [0], regularQueryInvocationTime = [0], dynamicQueryCnt = [2] dynamicQueryInvocationCnt = [2], dynamicQueryInvocationTime = [40], alarmQueryInvocationCnt = [0], alarmQueryInvocationTime = [0]
2025-12-19 15:24:08,583 [TB-Scheduling-2] INFO  o.t.s.c.t.s.DefaultTransportService - Transport Stats: openConnections [0]
2025-12-19 15:24:09,176 [TB-Scheduling-4] INFO  o.t.s.s.s.DefaultTbEntityDataSubscriptionService - Stats: regularQueryInvocationCnt = [0], regularQueryInvocationTime = [0], dynamicQueryCnt = [2] dynamicQueryInvocationCnt = [0], dynamicQueryInvocationTime = [0], alarmQueryInvocationCnt = [0], alarmQueryInvocationTime = [0]
2025-12-19 15:24:18,277 [sql-log-1-thread-1] INFO  o.t.s.dao.sql.TbSqlBlockingQueue - Queue-0 [TS Latest] queueSize [0] totalAdded [11] totalSaved [11] totalFailed [0]
2025-12-19 15:24:19,176 [TB-Scheduling-1] INFO  o.t.s.s.s.DefaultTbEntityDataSubscriptionService - Stats: regularQueryInvocationCnt = [0], regularQueryInvocationTime = [0], dynamicQueryCnt = [2] dynamicQueryInvocationCnt = [0], dynamicQueryInvocationTime = [0], alarmQueryInvocationCnt = [0], alarmQueryInvocationTime = [0]
2025-12-19 15:24:19,233 [TB-Scheduling-4] INFO  o.t.s.d.u.AbstractBufferedRateExecutor - [Write] Permits queueSize = [0] totalAdded = [11] totalLaunched = [11] totalReleased = [11] totalFailed = [0] totalExpired = [0] totalRejected = [0] totalRateLimited = [0] totalRateLimitedTenants = [0] currBuffer = [0] 
2025-12-19 15:24:29,177 [TB-Scheduling-3] INFO  o.t.s.s.s.DefaultTbEntityDataSubscriptionService - Stats: regularQueryInvocationCnt = [0], regularQueryInvocationTime = [0], dynamicQueryCnt = [2] dynamicQueryInvocationCnt = [0], dynamicQueryInvocationTime = [0], alarmQueryInvocationCnt = [0], alarmQueryInvocationTime = [0]
2025-12-19 15:24:39,177 [TB-Scheduling-2] INFO  o.t.s.s.s.DefaultTbEntityDataSubscriptionService - Stats: regularQueryInvocationCnt = [0], regularQueryInvocationTime = [0], dynamicQueryCnt = [2] dynamicQueryInvocationCnt = [0], dynamicQueryInvocationTime = [0], alarmQueryInvocationCnt = [0], alarmQueryInvocationTime = [0]
2025-12-19 15:24:49,178 [TB-Scheduling-3] INFO  o.t.s.s.s.DefaultTbEntityDataSubscriptionService - Stats: regularQueryInvocationCnt = [0], regularQueryInvocationTime = [0], dynamicQueryCnt = [2] dynamicQueryInvocationCnt = [0], dynamicQueryInvocationTime = [0], alarmQueryInvocationCnt = [0], alarmQueryInvocationTime = [0]
2025-12-19 15:24:59,179 [TB-Scheduling-1] INFO  o.t.s.s.s.DefaultTbEntityDataSubscriptionService - Stats: regularQueryInvocationCnt = [0], regularQueryInvocationTime = [0], dynamicQueryCnt = [2] dynamicQueryInvocationCnt = [2], dynamicQueryInvocationTime = [10], alarmQueryInvocationCnt = [0], alarmQueryInvocationTime = [0]
2025-12-19 15:25:08,584 [TB-Scheduling-4] INFO  o.t.s.c.t.s.DefaultTransportService - Transport Stats: openConnections [0]
2025-12-19 15:25:09,179 [TB-Scheduling-1] INFO  o.t.s.s.s.DefaultTbEntityDataSubscriptionService - Stats: regularQueryInvocationCnt = [0], regularQueryInvocationTime = [0], dynamicQueryCnt = [2] dynamicQueryInvocationCnt = [0], dynamicQueryInvocationTime = [0], alarmQueryInvocationCnt = [0], alarmQueryInvocationTime = [0]
2025-12-19 15:25:18,277 [sql-log-1-thread-1] INFO  o.t.s.dao.sql.TbSqlBlockingQueue - Queue-0 [TS Latest] queueSize [0] totalAdded [11] totalSaved [11] totalFailed [0]
2025-12-19 15:25:19,179 [TB-Scheduling-2] INFO  o.t.s.s.s.DefaultTbEntityDataSubscriptionService - Stats: regularQueryInvocationCnt = [0], regularQueryInvocationTime = [0], dynamicQueryCnt = [2] dynamicQueryInvocationCnt = [0], dynamicQueryInvocationTime = [0], alarmQueryInvocationCnt = [0], alarmQueryInvocationTime = [0]
2025-12-19 15:25:19,235 [TB-Scheduling-1] INFO  o.t.s.d.u.AbstractBufferedRateExecutor - [Write] Permits queueSize = [0] totalAdded = [11] totalLaunched = [11] totalReleased = [11] totalFailed = [0] totalExpired = [0] totalRejected = [0] totalRateLimited = [0] totalRateLimitedTenants = [0] currBuffer = [0] 
2025-12-19 15:25:29,180 [TB-Scheduling-4] INFO  o.t.s.s.s.DefaultTbEntityDataSubscriptionService - Stats: regularQueryInvocationCnt = [0], regularQueryInvocationTime = [0], dynamicQueryCnt = [2] dynamicQueryInvocationCnt = [0], dynamicQueryInvocationTime = [0], alarmQueryInvocationCnt = [0], alarmQueryInvocationTime = [0]
2025-12-19 15:25:39,181 [TB-Scheduling-2] INFO  o.t.s.s.s.DefaultTbEntityDataSubscriptionService - Stats: regularQueryInvocationCnt = [0], regularQueryInvocationTime = [0], dynamicQueryCnt = [2] dynamicQueryInvocationCnt = [0], dynamicQueryInvocationTime = [0], alarmQueryInvocationCnt = [0], alarmQueryInvocationTime = [0]
2025-12-19 15:25:49,182 [TB-Scheduling-4] INFO  o.t.s.s.s.DefaultTbEntityDataSubscriptionService - Stats: regularQueryInvocationCnt = [0], regularQueryInvocationTime = [0], dynamicQueryCnt = [2] dynamicQueryInvocationCnt = [0], dynamicQueryInvocationTime = [0], alarmQueryInvocationCnt = [0], alarmQueryInvocationTime = [0]
2025-12-19 15:25:59,182 [TB-Scheduling-2] INFO  o.t.s.s.s.DefaultTbEntityDataSubscriptionService - Stats: regularQueryInvocationCnt = [0], regularQueryInvocationTime = [0], dynamicQueryCnt = [2] dynamicQueryInvocationCnt = [2], dynamicQueryInvocationTime = [37], alarmQueryInvocationCnt = [0], alarmQueryInvocationTime = [0]
2025-12-19 15:26:08,585 [TB-Scheduling-4] INFO  o.t.s.c.t.s.DefaultTransportService - Transport Stats: openConnections [0]
2025-12-19 15:26:09,182 [TB-Scheduling-3] INFO  o.t.s.s.s.DefaultTbEntityDataSubscriptionService - Stats: regularQueryInvocationCnt = [0], regularQueryInvocationTime = [0], dynamicQueryCnt = [2] dynamicQueryInvocationCnt = [0], dynamicQueryInvocationTime = [0], alarmQueryInvocationCnt = [0], alarmQueryInvocationTime = [0]
2025-12-19 15:26:18,277 [sql-log-1-thread-1] INFO  o.t.s.dao.sql.TbSqlBlockingQueue - Queue-0 [TS Latest] queueSize [0] totalAdded [11] totalSaved [11] totalFailed [0]
2025-12-19 15:26:19,183 [TB-Scheduling-2] INFO  o.t.s.s.s.DefaultTbEntityDataSubscriptionService - Stats: regularQueryInvocationCnt = [0], regularQueryInvocationTime = [0], dynamicQueryCnt = [2] dynamicQueryInvocationCnt = [0], dynamicQueryInvocationTime = [0], alarmQueryInvocationCnt = [0], alarmQueryInvocationTime = [0]
2025-12-19 15:26:19,238 [TB-Scheduling-3] INFO  o.t.s.d.u.AbstractBufferedRateExecutor - [Write] Permits queueSize = [0] totalAdded = [11] totalLaunched = [11] totalReleased = [11] totalFailed = [0] totalExpired = [0] totalRejected = [0] totalRateLimited = [0] totalRateLimitedTenants = [0] currBuffer = [0] 
2025-12-19 15:26:29,183 [TB-Scheduling-1] INFO  o.t.s.s.s.DefaultTbEntityDataSubscriptionService - Stats: regularQueryInvocationCnt = [0], regularQueryInvocationTime = [0], dynamicQueryCnt = [2] dynamicQueryInvocationCnt = [0], dynamicQueryInvocationTime = [0], alarmQueryInvocationCnt = [0], alarmQueryInvocationTime = [0]
2025-12-19 15:26:39,184 [TB-Scheduling-3] INFO  o.t.s.s.s.DefaultTbEntityDataSubscriptionService - Stats: regularQueryInvocationCnt = [0], regularQueryInvocationTime = [0], dynamicQueryCnt = [2] dynamicQueryInvocationCnt = [0], dynamicQueryInvocationTime = [0], alarmQueryInvocationCnt = [0], alarmQueryInvocationTime = [0]
2025-12-19 15:26:49,185 [TB-Scheduling-4] INFO  o.t.s.s.s.DefaultTbEntityDataSubscriptionService - Stats: regularQueryInvocationCnt = [0], regularQueryInvocationTime = [0], dynamicQueryCnt = [2] dynamicQueryInvocationCnt = [0], dynamicQueryInvocationTime = [0], alarmQueryInvocationCnt = [0], alarmQueryInvocationTime = [0]
2025-12-19 15:26:59,185 [TB-Scheduling-3] INFO  o.t.s.s.s.DefaultTbEntityDataSubscriptionService - Stats: regularQueryInvocationCnt = [0], regularQueryInvocationTime = [0], dynamicQueryCnt = [2] dynamicQueryInvocationCnt = [2], dynamicQueryInvocationTime = [7], alarmQueryInvocationCnt = [0], alarmQueryInvocationTime = [0]
2025-12-19 15:27:08,585 [TB-Scheduling-4] INFO  o.t.s.c.t.s.DefaultTransportService - Transport Stats: openConnections [0]
2025-12-19 15:27:09,186 [TB-Scheduling-2] INFO  o.t.s.s.s.DefaultTbEntityDataSubscriptionService - Stats: regularQueryInvocationCnt = [0], regularQueryInvocationTime = [0], dynamicQueryCnt = [2] dynamicQueryInvocationCnt = [0], dynamicQueryInvocationTime = [0], alarmQueryInvocationCnt = [0], alarmQueryInvocationTime = [0]
2025-12-19 15:27:18,277 [sql-log-1-thread-1] INFO  o.t.s.dao.sql.TbSqlBlockingQueue - Queue-0 [TS Latest] queueSize [0] totalAdded [11] totalSaved [11] totalFailed [0]
2025-12-19 15:27:19,186 [TB-Scheduling-4] INFO  o.t.s.s.s.DefaultTbEntityDataSubscriptionService - Stats: regularQueryInvocationCnt = [0], regularQueryInvocationTime = [0], dynamicQueryCnt = [2] dynamicQueryInvocationCnt = [0], dynamicQueryInvocationTime = [0], alarmQueryInvocationCnt = [0], alarmQueryInvocationTime = [0]
2025-12-19 15:27:19,239 [TB-Scheduling-2] INFO  o.t.s.d.u.AbstractBufferedRateExecutor - [Write] Permits queueSize = [0] totalAdded = [11] totalLaunched = [11] totalReleased = [11] totalFailed = [0] totalExpired = [0] totalRejected = [0] totalRateLimited = [0] totalRateLimitedTenants = [0] currBuffer = [0] 
2025-12-19 15:27:29,187 [TB-Scheduling-1] INFO  o.t.s.s.s.DefaultTbEntityDataSubscriptionService - Stats: regularQueryInvocationCnt = [0], regularQueryInvocationTime = [0], dynamicQueryCnt = [2] dynamicQueryInvocationCnt = [0], dynamicQueryInvocationTime = [0], alarmQueryInvocationCnt = [0], alarmQueryInvocationTime = [0]
2025-12-19 15:27:39,187 [TB-Scheduling-3] INFO  o.t.s.s.s.DefaultTbEntityDataSubscriptionService - Stats: regularQueryInvocationCnt = [0], regularQueryInvocationTime = [0], dynamicQueryCnt = [2] dynamicQueryInvocationCnt = [0], dynamicQueryInvocationTime = [0], alarmQueryInvocationCnt = [0], alarmQueryInvocationTime = [0]
2025-12-19 15:27:49,188 [TB-Scheduling-2] INFO  o.t.s.s.s.DefaultTbEntityDataSubscriptionService - Stats: regularQueryInvocationCnt = [0], regularQueryInvocationTime = [0], dynamicQueryCnt = [2] dynamicQueryInvocationCnt = [0], dynamicQueryInvocationTime = [0], alarmQueryInvocationCnt = [0], alarmQueryInvocationTime = [0]
2025-12-19 15:27:59,188 [TB-Scheduling-3] INFO  o.t.s.s.s.DefaultTbEntityDataSubscriptionService - Stats: regularQueryInvocationCnt = [0], regularQueryInvocationTime = [0], dynamicQueryCnt = [2] dynamicQueryInvocationCnt = [2], dynamicQueryInvocationTime = [9], alarmQueryInvocationCnt = [0], alarmQueryInvocationTime = [0]
2025-12-19 15:28:08,585 [TB-Scheduling-1] INFO  o.t.s.c.t.s.DefaultTransportService - Transport Stats: openConnections [0]
2025-12-19 15:28:09,189 [TB-Scheduling-4] INFO  o.t.s.s.s.DefaultTbEntityDataSubscriptionService - Stats: regularQueryInvocationCnt = [0], regularQueryInvocationTime = [0], dynamicQueryCnt = [2] dynamicQueryInvocationCnt = [0], dynamicQueryInvocationTime = [0], alarmQueryInvocationCnt = [0], alarmQueryInvocationTime = [0]
2025-12-19 15:28:18,277 [sql-log-1-thread-1] INFO  o.t.s.dao.sql.TbSqlBlockingQueue - Queue-0 [TS Latest] queueSize [0] totalAdded [11] totalSaved [11] totalFailed [0]
2025-12-19 15:28:19,189 [TB-Scheduling-3] INFO  o.t.s.s.s.DefaultTbEntityDataSubscriptionService - Stats: regularQueryInvocationCnt = [0], regularQueryInvocationTime = [0], dynamicQueryCnt = [2] dynamicQueryInvocationCnt = [0], dynamicQueryInvocationTime = [0], alarmQueryInvocationCnt = [0], alarmQueryInvocationTime = [0]
2025-12-19 15:28:19,241 [TB-Scheduling-4] INFO  o.t.s.d.u.AbstractBufferedRateExecutor - [Write] Permits queueSize = [0] totalAdded = [11] totalLaunched = [11] totalReleased = [11] totalFailed = [0] totalExpired = [0] totalRejected = [0] totalRateLimited = [0] totalRateLimitedTenants = [0] currBuffer = [0] 
2025-12-19 15:28:29,190 [TB-Scheduling-2] INFO  o.t.s.s.s.DefaultTbEntityDataSubscriptionService - Stats: regularQueryInvocationCnt = [0], regularQueryInvocationTime = [0], dynamicQueryCnt = [2] dynamicQueryInvocationCnt = [0], dynamicQueryInvocationTime = [0], alarmQueryInvocationCnt = [0], alarmQueryInvocationTime = [0]
2025-12-19 15:28:39,190 [TB-Scheduling-3] INFO  o.t.s.s.s.DefaultTbEntityDataSubscriptionService - Stats: regularQueryInvocationCnt = [0], regularQueryInvocationTime = [0], dynamicQueryCnt = [2] dynamicQueryInvocationCnt = [0], dynamicQueryInvocationTime = [0], alarmQueryInvocationCnt = [0], alarmQueryInvocationTime = [0]
2025-12-19 15:28:49,190 [TB-Scheduling-1] INFO  o.t.s.s.s.DefaultTbEntityDataSubscriptionService - Stats: regularQueryInvocationCnt = [0], regularQueryInvocationTime = [0], dynamicQueryCnt = [2] dynamicQueryInvocationCnt = [0], dynamicQueryInvocationTime = [0], alarmQueryInvocationCnt = [0], alarmQueryInvocationTime = [0]
2025-12-19 15:28:59,191 [TB-Scheduling-3] INFO  o.t.s.s.s.DefaultTbEntityDataSubscriptionService - Stats: regularQueryInvocationCnt = [0], regularQueryInvocationTime = [0], dynamicQueryCnt = [2] dynamicQueryInvocationCnt = [2], dynamicQueryInvocationTime = [8], alarmQueryInvocationCnt = [0], alarmQueryInvocationTime = [0]
2025-12-19 15:29:08,586 [TB-Scheduling-4] INFO  o.t.s.c.t.s.DefaultTransportService - Transport Stats: openConnections [0]
2025-12-19 15:29:09,191 [TB-Scheduling-3] INFO  o.t.s.s.s.DefaultTbEntityDataSubscriptionService - Stats: regularQueryInvocationCnt = [0], regularQueryInvocationTime = [0], dynamicQueryCnt = [2] dynamicQueryInvocationCnt = [0], dynamicQueryInvocationTime = [0], alarmQueryInvocationCnt = [0], alarmQueryInvocationTime = [0]
2025-12-19 15:29:18,277 [sql-log-1-thread-1] INFO  o.t.s.dao.sql.TbSqlBlockingQueue - Queue-0 [TS Latest] queueSize [0] totalAdded [11] totalSaved [11] totalFailed [0]
2025-12-19 15:29:19,192 [TB-Scheduling-2] INFO  o.t.s.s.s.DefaultTbEntityDataSubscriptionService - Stats: regularQueryInvocationCnt = [0], regularQueryInvocationTime = [0], dynamicQueryCnt = [2] dynamicQueryInvocationCnt = [0], dynamicQueryInvocationTime = [0], alarmQueryInvocationCnt = [0], alarmQueryInvocationTime = [0]
2025-12-19 15:29:19,242 [TB-Scheduling-3] INFO  o.t.s.d.u.AbstractBufferedRateExecutor - [Write] Permits queueSize = [0] totalAdded = [11] totalLaunched = [11] totalReleased = [11] totalFailed = [0] totalExpired = [0] totalRejected = [0] totalRateLimited = [0] totalRateLimitedTenants = [0] currBuffer = [0] 
2025-12-19 15:29:29,192 [TB-Scheduling-1] INFO  o.t.s.s.s.DefaultTbEntityDataSubscriptionService - Stats: regularQueryInvocationCnt = [0], regularQueryInvocationTime = [0], dynamicQueryCnt = [2] dynamicQueryInvocationCnt = [0], dynamicQueryInvocationTime = [0], alarmQueryInvocationCnt = [0], alarmQueryInvocationTime = [0]
2025-12-19 15:29:39,193 [TB-Scheduling-4] INFO  o.t.s.s.s.DefaultTbEntityDataSubscriptionService - Stats: regularQueryInvocationCnt = [0], regularQueryInvocationTime = [0], dynamicQueryCnt = [2] dynamicQueryInvocationCnt = [0], dynamicQueryInvocationTime = [0], alarmQueryInvocationCnt = [0], alarmQueryInvocationTime = [0]
2025-12-19 15:29:49,194 [TB-Scheduling-3] INFO  o.t.s.s.s.DefaultTbEntityDataSubscriptionService - Stats: regularQueryInvocationCnt = [0], regularQueryInvocationTime = [0], dynamicQueryCnt = [2] dynamicQueryInvocationCnt = [0], dynamicQueryInvocationTime = [0], alarmQueryInvocationCnt = [0], alarmQueryInvocationTime = [0]
2025-12-19 15:29:59,195 [TB-Scheduling-2] INFO  o.t.s.s.s.DefaultTbEntityDataSubscriptionService - Stats: regularQueryInvocationCnt = [0], regularQueryInvocationTime = [0], dynamicQueryCnt = [2] dynamicQueryInvocationCnt = [2], dynamicQueryInvocationTime = [14], alarmQueryInvocationCnt = [0], alarmQueryInvocationTime = [0]
2025-12-19 15:30:08,587 [TB-Scheduling-2] INFO  o.t.s.c.t.s.DefaultTransportService - Transport Stats: openConnections [0]
2025-12-19 15:30:09,195 [TB-Scheduling-3] INFO  o.t.s.s.s.DefaultTbEntityDataSubscriptionService - Stats: regularQueryInvocationCnt = [0], regularQueryInvocationTime = [0], dynamicQueryCnt = [2] dynamicQueryInvocationCnt = [0], dynamicQueryInvocationTime = [0], alarmQueryInvocationCnt = [0], alarmQueryInvocationTime = [0]
2025-12-19 15:30:18,277 [sql-log-1-thread-1] INFO  o.t.s.dao.sql.TbSqlBlockingQueue - Queue-0 [TS Latest] queueSize [0] totalAdded [11] totalSaved [11] totalFailed [0]
2025-12-19 15:30:19,196 [TB-Scheduling-4] INFO  o.t.s.s.s.DefaultTbEntityDataSubscriptionService - Stats: regularQueryInvocationCnt = [0], regularQueryInvocationTime = [0], dynamicQueryCnt = [2] dynamicQueryInvocationCnt = [0], dynamicQueryInvocationTime = [0], alarmQueryInvocationCnt = [0], alarmQueryInvocationTime = [0]
2025-12-19 15:30:19,243 [TB-Scheduling-3] INFO  o.t.s.d.u.AbstractBufferedRateExecutor - [Write] Permits queueSize = [0] totalAdded = [11] totalLaunched = [11] totalReleased = [11] totalFailed = [0] totalExpired = [0] totalRejected = [0] totalRateLimited = [0] totalRateLimitedTenants = [0] currBuffer = [0] 
2025-12-19 15:30:29,196 [TB-Scheduling-1] INFO  o.t.s.s.s.DefaultTbEntityDataSubscriptionService - Stats: regularQueryInvocationCnt = [0], regularQueryInvocationTime = [0], dynamicQueryCnt = [2] dynamicQueryInvocationCnt = [0], dynamicQueryInvocationTime = [0], alarmQueryInvocationCnt = [0], alarmQueryInvocationTime = [0]
2025-12-19 15:30:39,197 [TB-Scheduling-4] INFO  o.t.s.s.s.DefaultTbEntityDataSubscriptionService - Stats: regularQueryInvocationCnt = [0], regularQueryInvocationTime = [0], dynamicQueryCnt = [2] dynamicQueryInvocationCnt = [0], dynamicQueryInvocationTime = [0], alarmQueryInvocationCnt = [0], alarmQueryInvocationTime = [0]
2025-12-19 15:30:49,197 [TB-Scheduling-3] INFO  o.t.s.s.s.DefaultTbEntityDataSubscriptionService - Stats: regularQueryInvocationCnt = [0], regularQueryInvocationTime = [0], dynamicQueryCnt = [2] dynamicQueryInvocationCnt = [0], dynamicQueryInvocationTime = [0], alarmQueryInvocationCnt = [0], alarmQueryInvocationTime = [0]
